smiles,scaffold,y_true,y_pred,residual,abs_error,partition,split_method,model
B#N,<ACYCLIC>,-6.394784450531006,0.478399733255532,6.873184183786538,6.873184183786538,val,random,Random Forest
Br/C=C/Br,<ACYCLIC>,-1.7415000200271606,-1.6457821235572918,0.09571789646986884,0.09571789646986884,val,random,Random Forest
Brc1c(Br)c(Br)c(Oc2c(Br)c(Br)c(Br)c(Br)c2Br)c(Br)c1Br,c1ccc(Oc2ccccc2)cc1,-9.98189640045166,-8.513980814138733,1.4679155863129267,1.4679155863129267,val,random,Random Forest
Brc1cc(Br)c(OCCOc2c(Br)cc(Br)cc2Br)c(Br)c1,c1ccc(OCCOc2ccccc2)cc1,-6.536300182342529,-7.9657719477530975,-1.4294717654105682,1.4294717654105682,val,random,Random Forest
Brc1cc(Br)cc(Br)c1,c1ccccc1,-5.600399971008301,-5.320809947608861,0.2795900233994395,0.2795900233994395,val,random,Random Forest
Brc1ccc(Br)c(Br)c1,c1ccccc1,-4.808000087738037,-5.370517538082646,-0.5625174503446093,0.5625174503446093,val,random,Random Forest
Brc1ccc2c(c1)Sc1ccccc1N2,c1ccc2c(c1)Nc1ccccc1S2,-6.1118998527526855,-5.4475330871496555,0.6643667656030301,0.6643667656030301,val,random,Random Forest
Brc1cccc(Nc2ncnc3cc4[nH]ccc4cc23)c1,c1ccc(Nc2ncnc3cc4[nH]ccc4cc23)cc1,-2.819999933242798,-4.406552498403521,-1.5865525651607228,1.5865525651607228,val,random,Random Forest
Brc1ccccc1Br,c1ccccc1,-3.5,-3.829724483204063,-0.3297244832040631,0.3297244832040631,val,random,Random Forest
C#C,<ACYCLIC>,-1.3364263772964478,-2.5792760143071938,-1.242849637010746,1.242849637010746,val,random,Random Forest
C#CC(O)CCC,<ACYCLIC>,-0.4120999872684479,-0.20253698682156016,0.20956300044688772,0.20956300044688772,val,random,Random Forest
C#CC1(OC(=O)c2ccccc2)CCC2C3CCC4=CC(=O)CCC4C3CCC21C,O=C1C=C2CCC3C(CCC4C(OC(=O)c5ccccc5)CCC43)C2CC1,-7.75,-6.373226944397368,1.3767730556026319,1.3767730556026319,val,random,Random Forest
C#C[C@]1(O)CC[C@H]2[C@@H]3CCc4cc(O)ccc4[C@H]3CC[C@@]21C,c1ccc2c(c1)CCC1C2CCC2CCCC21,-4.4191999435424805,-4.6608936822149465,-0.24169373867246602,0.24169373867246602,val,random,Random Forest
C(=C/CSc1nnc(-c2ccccc2)c(-c2ccccc2)n1)\CSc1nnc(-c2ccccc2)c(-c2ccccc2)n1,C(=CCSc1nnc(-c2ccccc2)c(-c2ccccc2)n1)CSc1nnc(-c2ccccc2)c(-c2ccccc2)n1,-7.025125503540039,-7.021490033931171,0.0036354696088682914,0.0036354696088682914,val,random,Random Forest
C/C=C/C#N,<ACYCLIC>,-0.4287000000476837,-0.10826640046664357,0.3204335995810401,0.3204335995810401,val,random,Random Forest
C1=CCC(C2OCC3(CO2)COC(C2CC=CCC2)OC3)CC1,C1=CCC(C2OCC3(CO2)COC(C2CC=CCC2)OC3)CC1,-5.2397356033325195,-4.53646416156625,0.7032714417662698,0.7032714417662698,val,random,Random Forest
C1=C\CCCCCC/1,C1=CCCCCCC1,-3.7703399658203125,-3.9354478424880144,-0.16510787666770188,0.16510787666770188,val,random,Random Forest
C1CCC2CCCCC2C1,C1CCC2CCCCC2C1,-4.1406779289245605,-4.563255083013346,-0.4225771540887857,0.4225771540887857,val,random,Random Forest
C1CCCCC1,C1CCCCC1,-3.0999999046325684,-2.9803303830887202,0.11966952154384813,0.11966952154384813,val,random,Random Forest
C1CCNCC1,C1CCNCC1,1.0698153972625732,0.3171801263112127,-0.7526352709513606,0.7526352709513606,val,random,Random Forest
C1CCOCOC1,C1CCOCOC1,0.4107896685600281,0.11893264002328316,-0.2918570285367449,0.2918570285367449,val,random,Random Forest
C1O[C@@H]1[C@@H]1CO1,C1OC1C1CO1,1.065000057220459,1.014627624033393,-0.05037243318706608,0.05037243318706608,val,random,Random Forest
C=C(C)C(=O)NC(C)C,<ACYCLIC>,-0.6201428771018982,-0.5232124557774809,0.09693042132441732,0.09693042132441732,val,random,Random Forest
C=C(C)C(=O)OCCCCCCCCCCCCCCCCCC,<ACYCLIC>,-8.529656410217285,-6.680318101988898,1.8493383082283872,1.8493383082283872,val,random,Random Forest
C=C(C)CN(CC)c1c([N+](=O)[O-])cc(C(F)(F)F)cc1[N+](=O)[O-],c1ccccc1,-6.124000072479248,-5.553402075557481,0.5705979969217667,0.5705979969217667,val,random,Random Forest
C=C(C)OC(C)=O,<ACYCLIC>,-0.5277513861656189,-0.3958780410940704,0.13187334507154852,0.13187334507154852,val,random,Random Forest
C=C(C)[C@H]1CC=C(C)CC1,C1=CCCCC1,-4.346837997436523,-4.015806731491651,0.33103126594487264,0.33103126594487264,val,random,Random Forest
C=C(C)[C@H]1Cc2c(ccc3c2O[C@@H]2COc4cc(OC)c(OC)cc4[C@@H]2C3=O)O1,O=C1c2ccc3c(c2OC2COc4ccccc4C12)CCO3,-6.294899940490723,-4.55978905496474,1.735110885525983,1.735110885525983,val,random,Random Forest
C=C1C2CCC(C2)C1(C)C,C=C1CC2CCC1C2,-4.471540451049805,-4.315611349325175,0.15592910172463004,0.15592910172463004,val,random,Random Forest
C=C1C2CCC3C2C(C)(C)CCCC13C,C=C1C2CCC3C1CCCCC23,-4.412762641906738,-5.875332501559966,-1.462569859653228,1.462569859653228,val,random,Random Forest
C=C1CCC(C)=CCCC=C(C)CC[C@@H]1C(C)=O,C=C1CCC=CCCC=CCCC1,-5.449126243591309,-5.562317914190748,-0.11319167059943958,0.11319167059943958,val,random,Random Forest
C=C1c2cccc(O)c2C(O)=C2C(=O)[C@]3(O)C(=O)/C(=C(/N)O)C(=O)[C@@H](N(C)C)[C@@H]3[C@@H](O)[C@H]12,C=C1C(=O)CC2CC3C(=C)c4ccccc4C=C3C(=O)C2C1=O,-1.7680000066757202,-2.6771116921023257,-0.9091116854266055,0.9091116854266055,val,random,Random Forest
C=CC(=O)NC(C)(C)CS(=O)(=O)O,<ACYCLIC>,0.33869287371635437,-0.470011998249147,-0.8087048719655014,0.8087048719655014,val,random,Random Forest
C=CC(=O)OC(C)(C)C,<ACYCLIC>,-1.8045936822891235,-1.3911043894082789,0.4134892928808447,0.4134892928808447,val,random,Random Forest
C=CC(=O)OCC(CC)(COCC(CC)(COC(=O)C=C)COC(=O)C=C)COC(=O)C=C,<ACYCLIC>,-4.492785453796387,-3.938314403487062,0.5544710503093246,0.5544710503093246,val,random,Random Forest
C=CC(=O)OCCC(C)CCOC(=O)C=C,<ACYCLIC>,-2.6214334964752197,-2.6545877504037168,-0.033154253928497024,0.033154253928497024,val,random,Random Forest
C=CC(=O)OCCCO,<ACYCLIC>,0.8855791687965393,0.640461974333405,-0.2451171944631343,0.2451171944631343,val,random,Random Forest
C=CC(=O)OCCCS(=O)(=O)O,<ACYCLIC>,1.1562683582305908,-0.46750444482527076,-1.6237728030558616,1.6237728030558616,val,random,Random Forest
C=CC(=O)O[Si](C(C)C)(C(C)C)C(C)C,<ACYCLIC>,-4.943737983703613,-4.4266819119192276,0.5170560717843857,0.5170560717843857,val,random,Random Forest
C=CC1(C)OC(=O)N(c2cc(Cl)cc(Cl)c2)C1=O,O=C1COC(=O)N1c1ccccc1,-4.925000190734863,-4.536634578307628,0.38836561242723544,0.38836561242723544,val,random,Random Forest
C=CCC,<ACYCLIC>,-1.940000057220459,-2.263047273026862,-0.32304721580640283,0.32304721580640283,val,random,Random Forest
C=CCC1(C(C)CCC)C(=O)NC(=O)NC1=O,O=C1CC(=O)NC(=O)N1,-2.359999895095825,-2.556831431611663,-0.19683153651583796,0.19683153651583796,val,random,Random Forest
C=CCC1(CC)C(=O)NC(=O)NC1=O,O=C1CC(=O)NC(=O)N1,-1.6100000143051147,-1.8608986578995277,-0.25089864359441294,0.25089864359441294,val,random,Random Forest
C=CCC1(c2ccccc2)C(=O)NC(=O)NC1=O,O=C1NC(=O)C(c2ccccc2)C(=O)N1,-2.180000066757202,-2.7760015461307455,-0.5960014793735433,0.5960014793735433,val,random,Random Forest
C=CCCCCCCC,<ACYCLIC>,-5.052000045776367,-5.056998426825652,-0.004998381049285072,0.004998381049285072,val,random,Random Forest
C=CCCCCCCCCC(=O)O,<ACYCLIC>,-3.552826166152954,-3.0542225844676776,0.4986035816852765,0.4986035816852765,val,random,Random Forest
C=CCOC(=O)CCC1CCCCC1,C1CCCCC1,-4.0624494552612305,-3.893766052271876,0.16868340298935447,0.16868340298935447,val,random,Random Forest
C=CCOC(=O)COc1ccccc1,c1ccccc1,-2.5363731384277344,-2.336687316763771,0.1996858216639632,0.1996858216639632,val,random,Random Forest
C=CCOCC(O)CS(=O)(=O)O,<ACYCLIC>,0.553839921951294,-0.3588315754101665,-0.9126714973614605,0.9126714973614605,val,random,Random Forest
C=CCOCC1CO1,C1CO1,0.04975688084959984,0.018912957437623598,-0.03084392341197624,0.03084392341197624,val,random,Random Forest
C=CCS(=O)(=O)O,<ACYCLIC>,0.6949528455734253,0.34348794528504756,-0.35146490028837774,0.35146490028837774,val,random,Random Forest
C=CN1CCCCCC1=O,O=C1CCCCCN1,-0.4507860839366913,-0.9666831484353219,-0.5158970644986306,0.5158970644986306,val,random,Random Forest
C=COC(=O)CCCCCC(C)(C)C,<ACYCLIC>,-4.581332683563232,-4.79268889888916,-0.2113562153259272,0.2113562153259272,val,random,Random Forest
C=COCCCCO,<ACYCLIC>,-0.18999533355236053,-0.1617114379854427,0.02828389556691782,0.02828389556691782,val,random,Random Forest
C=C[C@@](C)(/C=C/c1ccc(O)cc1)CCC=C(C)C,c1ccccc1,-6.33701753616333,-5.141589584785558,1.1954279513777717,1.1954279513777717,val,random,Random Forest
C=C[C@H]1CN2CC[C@H]1C[C@@H]2[C@@H](O)c1ccnc2ccc(OC)cc12,c1ccc2c(CC3CC4CCN3CC4)ccnc2c1,-2.812143087387085,-3.124558203130086,-0.31241511574300107,0.31241511574300107,val,random,Random Forest
C=C[Si](C)(OC)OC,<ACYCLIC>,0.5776236057281494,-0.5843456607573747,-1.1619692664855241,1.1619692664855241,val,random,Random Forest
C=Cc1ccc(C)cc1,c1ccccc1,-3.123199939727783,-3.1021440950715,0.021055844656283185,0.021055844656283185,val,random,Random Forest
C=Cn1cc[n+](C)c1,c1c[nH+]c[nH]1,0.6570841073989868,0.23593753301196518,-0.42114657438702163,0.42114657438702163,val,random,Random Forest
C=NO,<ACYCLIC>,0.5767999887466431,0.6650569647750649,0.08825697602842186,0.08825697602842186,val,random,Random Forest
CC(/C=N/O)=N\O,<ACYCLIC>,-0.3499999940395355,-0.4026985179651724,-0.0526985239256369,0.0526985239256369,val,random,Random Forest
CC(=NNc1nc(C)cc(C)n1)c1ccccc1C,C(=NNc1ncccn1)c1ccccc1,-3.200000047683716,-3.487125916463831,-0.28712586878011503,0.28712586878011503,val,random,Random Forest
CC(=O)/C=C/c1ccccc1,c1ccccc1,-2.050971269607544,-2.311217228150558,-0.26024595854301413,0.26024595854301413,val,random,Random Forest
CC(=O)C(N=Nc1ccc(Cl)cc1[N+](=O)[O-])C(=O)Nc1ccc2[nH]c(=O)[nH]c2c1,O=C(CN=Nc1ccccc1)Nc1ccc2[nH]c(=O)[nH]c2c1,-7.473779678344727,-6.550910928183942,0.9228687501607844,0.9228687501607844,val,random,Random Forest
CC(=O)C1=C(C)C2CC3(C1)C(C)CCC3C2(C)C,C1=CC2CC3CCCC3(C1)C2,-4.613478660583496,-4.831892270200866,-0.21841360961736989,0.21841360961736989,val,random,Random Forest
CC(=O)C=C(C)NC1CCCCC1NC(C)=CC(C)=O,C1CCCCC1,-2.109999895095825,-2.5162525557852775,-0.4062526606894523,0.4062526606894523,val,random,Random Forest
CC(=O)CC(=O)c1ccccc1,c1ccccc1,-2.626800060272217,-1.8472943462615774,0.7795057140106394,0.7795057140106394,val,random,Random Forest
CC(=O)CC(C)=Nc1ccc(O)cc1,c1ccccc1,-3.5899999141693115,-3.019622925526565,0.5703769886427463,0.5703769886427463,val,random,Random Forest
CC(=O)CC(N)=O,<ACYCLIC>,0.9952273368835449,-0.12784753817138786,-1.1230748750549329,1.1230748750549329,val,random,Random Forest
CC(=O)CC(c1ccc(Cl)cc1)c1c(O)oc2ccccc2c1=O,O=c1c(Cc2ccccc2)coc2ccccc12,-5.835999965667725,-5.303095561873032,0.5329044037946922,0.5329044037946922,val,random,Random Forest
CC(=O)CO,<ACYCLIC>,1.1303000450134277,0.9487195521285873,-0.18158049288484046,0.18158049288484046,val,random,Random Forest
CC(=O)N(C)C(=O)COC(=O)c1ccccc1,c1ccccc1,-2.8664000034332275,-1.7400917156169964,1.1263082878162312,1.1263082878162312,val,random,Random Forest
CC(=O)N(C)c1ccc(S(=O)(=O)N(C)C)cc1,c1ccccc1,-2.299999952316284,-2.0922245213800967,0.20777543093618744,0.20777543093618744,val,random,Random Forest
CC(=O)N(CCN(C(C)=O)C(C)=O)C(C)=O,<ACYCLIC>,-2.2792258262634277,-1.0101638101689077,1.26906201609452,1.26906201609452,val,random,Random Forest
CC(=O)NC(C(=O)O)C(C)C,<ACYCLIC>,-0.6324999928474426,-0.4164104877809829,0.21608950506645974,0.21608950506645974,val,random,Random Forest
CC(=O)NCC(=O)Nc1ccccc1,c1ccccc1,-1.5678000450134277,-1.5003589067309602,0.06744113828246756,0.06744113828246756,val,random,Random Forest
CC(=O)Nc1ccc(NC(=O)c2cc3ccccc3cc2O)cc1,O=C(Nc1ccccc1)c1ccc2ccccc2c1,-5.250349521636963,-4.634784576195022,0.6155649454419407,0.6155649454419407,val,random,Random Forest
CC(=O)Nc1ccc(OC(C)=O)cc1,c1ccccc1,-1.9076000452041626,-2.0607126000623497,-0.1531125548581871,0.1531125548581871,val,random,Random Forest
CC(=O)Nc1ccncc1NS(=O)(=O)c1ccc([N+](=O)[O-])cc1,O=S(=O)(Nc1cccnc1)c1ccccc1,-3.390000104904175,-3.688500324633561,-0.298500219729386,0.298500219729386,val,random,Random Forest
CC(=O)Nc1nc2c(ncn2COCCOC(C)=O)c(=O)[nH]1,O=c1[nH]cnc2[nH]cnc12,-2.140000104904175,-2.108490691135011,0.03150941376916361,0.03150941376916361,val,random,Random Forest
CC(=O)OC(C)(C)Cc1ccccc1,c1ccccc1,-2.3946499824523926,-2.9001911077667146,-0.505541125314322,0.505541125314322,val,random,Random Forest
CC(=O)OC(C)C,<ACYCLIC>,-0.546768069267273,-0.42007580442724646,0.1266922648400265,0.1266922648400265,val,random,Random Forest
CC(=O)OC1C2(C)CCC(C2)C1(C)C,C1CC2CCC1C2,-3.8745968341827393,-3.4788800593601983,0.395716774822541,0.395716774822541,val,random,Random Forest
CC(=O)OC1CCC2(C)C(=CCC3C4CCC(=O)C4(C)CCC32)C1,O=C1CCC2C1CCC1C3CCCCC3=CCC21,-4.53000020980835,-4.644569078813156,-0.11456886900480612,0.11456886900480612,val,random,Random Forest
CC(=O)OC1CCC2CCCCC2C1,C1CCC2CCCCC2C1,-3.56050443649292,-3.572394795991598,-0.011890359498678116,0.011890359498678116,val,random,Random Forest
CC(=O)OCC(=O)[C@@]1(O)CC[C@H]2[C@@H]3CCC4=CC(=O)CC[C@]4(C)[C@H]3[C@@H](O)C[C@@]21C,O=C1C=C2CCC3C4CCCC4CCC3C2CC1,-4.457699775695801,-4.40315958203809,0.05454019365771057,0.05454019365771057,val,random,Random Forest
CC(=O)OCC(COC(C)=O)(COC(C)=O)COC(C)=O,<ACYCLIC>,-1.568600058555603,-1.818090878912627,-0.24949082035702408,0.24949082035702408,val,random,Random Forest
CC(=O)OCC1=C(C(=O)O)N2C(=O)[C@@H](NC(=O)Cc3cccs3)[C@H]2SC1,O=C(Cc1cccs1)NC1C(=O)N2C=CCSC12,-2.940000057220459,-2.705285274293411,0.23471478292704795,0.23471478292704795,val,random,Random Forest
CC(=O)OCCN(CCOC(C)=O)c1ccc(N=Nc2ccc([N+](=O)[O-])cc2C#N)cc1,c1ccc(N=Nc2ccccc2)cc1,-7.300465106964111,-5.77671654420413,1.5237485627599812,1.5237485627599812,val,random,Random Forest
CC(=O)OCCS,<ACYCLIC>,-1.5,-0.07900316836959277,1.4209968316304071,1.4209968316304071,val,random,Random Forest
CC(=O)OCn1cnc2c1c(=O)n(C)c(=O)n2C,O=c1[nH]c(=O)c2[nH]cnc2[nH]1,-1.8300000429153442,-1.6502133828023857,0.17978666011295852,0.17978666011295852,val,random,Random Forest
CC(=O)O[C@@H]1C[C@H](C)CC[C@H]1C(C)C,C1CCCCC1,-3.975116491317749,-3.931233897962268,0.04388259335548117,0.04388259335548117,val,random,Random Forest
CC(=O)O[C@H]1CC[C@H]2[C@@H]3CC[C@H]4CC(=O)C[C@H](C)[C@]4(C)[C@H]3CC[C@]12C,O=C1CCC2C(CCC3C4CCCC4CCC23)C1,-5.092558860778809,-5.434496992468362,-0.34193813168955334,0.34193813168955334,val,random,Random Forest
CC(=O)Oc1ccc(NC(=O)c2ccccc2)cc1,O=C(Nc1ccccc1)c1ccccc1,-4.139999866485596,-3.7569379575639648,0.38306190892163094,0.38306190892163094,val,random,Random Forest
CC(=O)Oc1ccccc1/C=C/C(=O)O,c1ccccc1,-3.155900001525879,-2.1940160727718134,0.9618839287540655,0.9618839287540655,val,random,Random Forest
CC(=O)Oc1ccccc1C(=O)OCS(C)(=O)=O,c1ccccc1,-3.3935999870300293,-2.425232012259108,0.9683679747709215,0.9683679747709215,val,random,Random Forest
CC(=O)[C@H]1CC[C@H]2[C@@H]3CCC4=CC(=O)CC[C@]4(C)[C@H]3CC[C@]12C,O=C1C=C2CCC3C4CCCC4CCC3C2CC1,-4.552599906921387,-5.097197519883276,-0.5445976129618897,0.5445976129618897,val,random,Random Forest
CC(=O)c1c(O)c(C)c(O)c2c1OC1=CC(=O)C(C(C)=O)C(=O)C12C,O=C1C=C2Oc3ccccc3C2C(=O)C1,-3.5369999408721924,-3.0186712685884936,0.5183286722836988,0.5183286722836988,val,random,Random Forest
CC(=O)c1cc(Nc2nc(Nc3cc(C(C)=O)c(N)c4c3C(=O)c3ccccc3C4=O)nc(-c3ccccc3)n2)c2c(c1N)C(=O)c1ccccc1C2=O,O=C1c2ccccc2C(=O)c2c(Nc3nc(Nc4cccc5c4C(=O)c4ccccc4C5=O)nc(-c4ccccc4)n3)cccc21,-4.950431823730469,-6.6646377412180104,-1.7142059174875417,1.7142059174875417,val,random,Random Forest
CC(Br)(CBr)COc1c(Br)cc(C(C)(C)c2cc(Br)c(OCC(C)(Br)CBr)c(Br)c2)cc1Br,c1ccc(Cc2ccccc2)cc1,-7.686491012573242,-8.275303957569788,-0.5888129449965458,0.5888129449965458,val,random,Random Forest
CC(C(=O)O)N(C(=O)c1ccccc1)c1ccc(F)c(Cl)c1,O=C(Nc1ccccc1)c1ccccc1,-4.247399806976318,-3.917717863598683,0.32968194337763546,0.32968194337763546,val,random,Random Forest
CC(C)(C)C(O)C(Oc1ccc(Cl)cc1)n1cncn1,c1ccc(OCn2cncn2)cc1,-3.3917999267578125,-3.720425022839554,-0.3286250960817414,0.3286250960817414,val,random,Random Forest
CC(C)(C)CC(=O)OCC(=O)C12OC(C)(C)OC1CC1C3CCC4=CC(=O)C=CC4(C)C3(F)C(O)CC12C,O=C1C=CC2C(=C1)CCC1C2CCC2C1CC1OCOC12,-5.119999885559082,-5.354027461057736,-0.23402757549865427,0.23402757549865427,val,random,Random Forest
CC(C)(C)CO,<ACYCLIC>,-0.40119999647140503,-0.004460673911058451,0.39673932256034655,0.39673932256034655,val,random,Random Forest
CC(C)(C)N,<ACYCLIC>,1.1358510255813599,0.6571152645565211,-0.4787357610248387,0.4787357610248387,val,random,Random Forest
CC(C)(C)NC(=O)COC(=O)c1ccccc1,c1ccccc1,-2.866499900817871,-2.1016486595860084,0.7648512412318627,0.7648512412318627,val,random,Random Forest
CC(C)(C)NC(=O)[C@@H]1C[C@@H]2CCCC[C@H]2CN1,C1CCC2CNCCC2C1,-2.161609411239624,-1.758506877810169,0.4031025334294551,0.4031025334294551,val,random,Random Forest
CC(C)(C)NC[C@@H](O)COc1ccccc1C1CCCC1,c1ccc(C2CCCC2)cc1,-1.6195000410079956,-2.684540874395893,-1.0650408333878976,1.0650408333878976,val,random,Random Forest
CC(C)(C)OOC(C)(C)C,<ACYCLIC>,-2.9320404529571533,-2.3067205509416944,0.625319902015459,0.625319902015459,val,random,Random Forest
CC(C)(C)OOC(C)(C)c1ccccc1,c1ccccc1,-4.290934085845947,-4.081910752998005,0.20902333284794228,0.20902333284794228,val,random,Random Forest
CC(C)(C)[C@@H](O)[C@H](Oc1ccc(Cl)cc1)n1cncn1,c1ccc(OCn2cncn2)cc1,-3.6786000728607178,-3.720425022839554,-0.04182494997883612,0.04182494997883612,val,random,Random Forest
CC(C)(C)c1cc(CCC(=O)OCCCCCCOC(=O)CCc2cc(C(C)(C)C)c(O)c(C(C)(C)C)c2)cc(C(C)(C)C)c1O,O=C(CCc1ccccc1)OCCCCCCOC(=O)CCc1ccccc1,-8.106483459472656,-7.049188477115025,1.0572949823576314,1.0572949823576314,val,random,Random Forest
CC(C)(C)c1cc(Cc2cc(C(C)(C)C)c(O)c(C(C)(C)C)c2)cc(C(C)(C)C)c1O,c1ccc(Cc2ccccc2)cc1,-8.628050804138184,-7.271536730955516,1.3565140731826677,1.3565140731826677,val,random,Random Forest
CC(C)(C)c1ccc(CSc2cnn(C(C)(C)C)c(=O)c2Cl)cc1,O=c1cc(SCc2ccccc2)cn[nH]1,-7.482999801635742,-5.936396316009538,1.5466034856262043,1.5466034856262043,val,random,Random Forest
CC(C)(C)c1ccccc1O,c1ccccc1,-2.1899588108062744,-2.1474144818520267,0.042544328954247757,0.042544328954247757,val,random,Random Forest
CC(C)(CCC(C)(C)CC(=O)O)CC(=O)O,<ACYCLIC>,-3.1319000720977783,-2.7438120921348563,0.388087979962922,0.388087979962922,val,random,Random Forest
CC(C)(CO)C(O)C(=O)NCCCO,<ACYCLIC>,0.43767645955085754,0.27135684458557097,-0.16631961496528658,0.16631961496528658,val,random,Random Forest
CC(C)(COCc1cccc(Oc2ccccc2)c1)c1ccc(OC(F)(F)Br)cc1,c1ccc(CCOCc2cccc(Oc3ccccc3)c2)cc1,-9.979900360107422,-7.061185419294623,2.918714940812799,2.918714940812799,val,random,Random Forest
CC(C)(O)CC(C)(O)c1cccc2ccccc12,c1ccc2ccccc2c1,-3.2418999671936035,-3.2543702770588245,-0.012470309865221019,0.012470309865221019,val,random,Random Forest
CC(C)(OO)c1ccccc1,c1ccccc1,-1.0393798351287842,-2.2766287807885295,-1.2372489456597453,1.2372489456597453,val,random,Random Forest
CC(C)(SC(=O)N1CCCCC1)c1ccccc1,O=C(SCc1ccccc1)N1CCCCC1,-4.11959981918335,-4.136587864198927,-0.01698804501557749,0.01698804501557749,val,random,Random Forest
CC(C)(c1ccc(OC#N)cc1)c1ccc(OC#N)cc1,c1ccc(Cc2ccccc2)cc1,-5.469558238983154,-4.853230650371817,0.6163275886113375,0.6163275886113375,val,random,Random Forest
CC(C)=CC1CC(C)CCO1,C1CCOCC1,-2.2244458198547363,-3.041153829110009,-0.8167080092552728,0.8167080092552728,val,random,Random Forest
CC(C)=CCC[C@@H](C)CCO,<ACYCLIC>,-2.7067344188690186,-2.6254021320984804,0.08133228677053816,0.08133228677053816,val,random,Random Forest
CC(C)C1(C)CCCC(O)C1,C1CCCCC1,-0.6000000238418579,-1.9981244152793973,-1.3981243914375394,1.3981243914375394,val,random,Random Forest
CC(C)C1(NC(=O)C2CC3c4cccc5[nH]cc(c45)CC3N(C)C2)OC2(O)C3CCCN3C(=O)C(Cc3ccccc3)N2C1=O,O=C(NC1OC2C3CCCN3C(=O)C(Cc3ccccc3)N2C1=O)C1CNC2Cc3c[nH]c4cccc(c34)C2C1,-5.269999980926514,-3.673251593891591,1.5967483870349226,1.5967483870349226,val,random,Random Forest
CC(C)C1CCC(Cc2ccc(Cl)cc2)C1(O)Cn1cncn1,c1ccc(CC2CCCC2Cn2cncn2)cc1,-4.682799816131592,-4.257138848935368,0.42566096719622415,0.42566096719622415,val,random,Random Forest
CC(C)C1OCC2(CO1)COC(C(C)C)OC2,C1OCC2(CO1)COCOC2,-3.109999895095825,-1.8672869520852051,1.24271294301062,1.24271294301062,val,random,Random Forest
CC(C)CC(C)O,<ACYCLIC>,-0.7944999933242798,-0.6537316831013356,0.14076831022294423,0.14076831022294423,val,random,Random Forest
CC(C)CC(C)OC(=O)CC(C(=O)OC(C)CC(C)C)S(=O)(=O)O,<ACYCLIC>,0.1096259355545044,-1.921608764891823,-2.031234700446327,2.031234700446327,val,random,Random Forest
CC(C)CC(CC(C)C)(CC(C)C)C(=O)NO,<ACYCLIC>,-4.0,-3.826841143768901,0.17315885623109883,0.17315885623109883,val,random,Random Forest
CC(C)CC(N)C(=O)NC(C(=O)O)C(C)C,<ACYCLIC>,-0.17000000178813934,-0.9027034911573918,-0.7327034893692524,0.7327034893692524,val,random,Random Forest
CC(C)CC(N)C(=O)NC(Cc1c[nH]c2ccccc12)C(=O)O,c1ccc2[nH]ccc2c1,-1.1200000047683716,-2.061133934600368,-0.9411339298319965,0.9411339298319965,val,random,Random Forest
CC(C)CC(O)CC(C)C,<ACYCLIC>,-2.1589999198913574,-2.2294893935189606,-0.07048947362760316,0.07048947362760316,val,random,Random Forest
CC(C)CC1(CCO)C(=O)NC(=S)NC1=O,O=C1CC(=O)NC(=S)N1,-2.619999885559082,-1.9495692948675036,0.6704305906915784,0.6704305906915784,val,random,Random Forest
CC(C)CCC1(CCO)C(=O)NC(=S)NC1=O,O=C1CC(=O)NC(=S)N1,-2.559999942779541,-2.059811892305899,0.5001880504736422,0.5001880504736422,val,random,Random Forest
CC(C)CCCCCC(=O)NCCCCCC(=O)O,<ACYCLIC>,-2.7708535194396973,-2.686839588424442,0.08401393101525523,0.08401393101525523,val,random,Random Forest
CC(C)CCCCCCCCCCCCCCC(=O)OC(CO)CO,<ACYCLIC>,-6.855595588684082,-5.224911303131382,1.6306842855527002,1.6306842855527002,val,random,Random Forest
CC(C)CCCCCCCCCCCCCCC(=O)OCC(COC(=O)CCCCCCCCCCCCCCC(C)C)(COC(=O)CCCCCCCCCCCCCCC(C)C)COC(=O)CCCCCCCCCCCCCCC(C)C,<ACYCLIC>,-7.3809428215026855,-7.005582941863584,0.37535987963910156,0.37535987963910156,val,random,Random Forest
CC(C)CCCCCOC(=O)CCS,<ACYCLIC>,-4.454381465911865,-3.704191689484592,0.7501897764272734,0.7501897764272734,val,random,Random Forest
CC(C)CN1CCOCC1,C1COCCN1,-0.708899974822998,-0.26057806465232103,0.448321910170677,0.448321910170677,val,random,Random Forest
CC(C)CNC(=O)N1CCNC1=O,O=C1NCCN1,-2.1538000106811523,-0.9874617215201512,1.166338289161001,1.166338289161001,val,random,Random Forest
CC(C)CNC(=O)c1cc(N2CC2)c([N+](=O)[O-])cc1[N+](=O)[O-],c1ccc(N2CC2)cc1,-3.8499999046325684,-3.079277489367263,0.7707224152653054,0.7707224152653054,val,random,Random Forest
CC(C)COC(=O)C(C)(C)O,<ACYCLIC>,-0.7275999784469604,-0.6346683762256481,0.09293160222131236,0.09293160222131236,val,random,Random Forest
CC(C)COC(=O)n1c(-c2cscn2)nc2ccccc21,c1ccc2[nH]c(-c3cscn3)nc2c1,-4.170000076293945,-4.306145415205331,-0.13614533891138603,0.13614533891138603,val,random,Random Forest
CC(C)C[C@H](N)C(=O)N[C@H](CCC(N)=O)C(=O)O,<ACYCLIC>,-1.5686999559402466,-1.0529670288399868,0.5157329271002598,0.5157329271002598,val,random,Random Forest
CC(C)Cc1ccc(C(C)C(=O)NO)cc1,c1ccccc1,-3.0439999103546143,-2.623840120235457,0.42015979011915716,0.42015979011915716,val,random,Random Forest
CC(C)N=c1cc2n(-c3ccc(Cl)cc3)c3ccccc3nc-2cc1Nc1ccc(Cl)cc1,N=c1cc2n(-c3ccccc3)c3ccccc3nc-2cc1Nc1ccccc1,-6.239999771118164,-6.836094477279555,-0.5960947061613906,0.5960947061613906,val,random,Random Forest
CC(C)NC(=O)COC(=O)c1ccccc1,c1ccccc1,-2.732100009918213,-1.9717248952067872,0.7603751147114257,0.7603751147114257,val,random,Random Forest
CC(C)NC(=O)c1cc(N2CC2)c([N+](=O)[O-])cc1[N+](=O)[O-],c1ccc(N2CC2)cc1,-3.5,-3.101064217579878,0.39893578242012184,0.39893578242012184,val,random,Random Forest
CC(C)Nc1nc(N)nc(Cl)n1,c1ncncn1,-2.7063000202178955,-2.5850934409147386,0.12120657930315692,0.12120657930315692,val,random,Random Forest
CC(C)OC(=O)C(F)(F)F,<ACYCLIC>,-1.3360787630081177,-1.316652863740593,0.019425899267524693,0.019425899267524693,val,random,Random Forest
CC(C)OC(=O)C(O)(c1ccc(Cl)cc1)c1cccc(Cl)c1,c1ccc(Cc2ccccc2)cc1,-4.53000020980835,-4.124263825317973,0.4057363844903765,0.4057363844903765,val,random,Random Forest
CC(C)OC(=O)C1(S(=O)(=O)c2ccc(Cl)cc2)CC1,O=S(=O)(c1ccccc1)C1CC1,-3.54010009765625,-3.741320272100057,-0.20122017444380713,0.20122017444380713,val,random,Random Forest
CC(C)OC(=O)C1(S(=O)(=O)c2ccc([N+](=O)[O-])cc2)CCC1,O=S(=O)(c1ccccc1)C1CCC1,-3.7599000930786133,-4.146081349096916,-0.3861812560183031,0.3861812560183031,val,random,Random Forest
CC(C)OC(=O)CCCCC(=O)OC(C)C,<ACYCLIC>,-3.1070289611816406,-2.9102448071443012,0.1967841540373394,0.1967841540373394,val,random,Random Forest
CC(C)OC(=O)Nc1ccccc1,c1ccccc1,-3.000499963760376,-2.9068796610029324,0.0936203027574436,0.0936203027574436,val,random,Random Forest
CC(C)OP(=O)(F)OC(C)C,<ACYCLIC>,-1.0777000188827515,-1.7456354791133806,-0.6679354602306291,0.6679354602306291,val,random,Random Forest
CC(C)O[N+](=O)[O-],<ACYCLIC>,-1.4593000411987305,-0.9908132575478003,0.4684867836509302,0.4684867836509302,val,random,Random Forest
CC(C)Oc1cccc(NC(=O)c2ccccc2C(F)(F)F)c1,O=C(Nc1ccccc1)c1ccccc1,-4.694699764251709,-4.933536076744396,-0.2388363124926869,0.2388363124926869,val,random,Random Forest
CC(C)[C@@H](C(=O)O[C@@H](C#N)c1cccc(Oc2ccccc2)c1)c1ccc(Cl)cc1,O=C(Cc1ccccc1)OCc1cccc(Oc2ccccc2)c1,-8.322099685668945,-7.0697984670589875,1.2523012186099578,1.2523012186099578,val,random,Random Forest
CC(C)[C@@]12CC[C@@](C)(O1)[C@@H](O)C2,C1CC2CCC1O2,-0.28809264302253723,-1.0558285949614254,-0.7677359519388882,0.7677359519388882,val,random,Random Forest
CC(C)c1cc(OP(=O)(Oc2ccccc2)Oc2ccccc2)cc(-c2ccccc2)c1,O=P(Oc1ccccc1)(Oc1ccccc1)Oc1cccc(-c2ccccc2)c1,-6.848499774932861,-6.3734647809229195,0.47503499400994187,0.47503499400994187,val,random,Random Forest
CC(C)c1ccc(-c2ccccc2)cc1,c1ccc(-c2ccccc2)cc1,-5.609857559204102,-5.865279112811871,-0.2554215536077695,0.2554215536077695,val,random,Random Forest
CC(C)c1cccc2ccccc12,c1ccc2ccccc2c1,-4.782393455505371,-5.356142828931375,-0.5737493734260042,0.5737493734260042,val,random,Random Forest
CC(C)c1nn(C(=O)NC(C)(C)C)c(=O)n1N,O=c1[nH]cn[nH]1,-1.718847393989563,-1.9780720781150167,-0.25922468412545374,0.25922468412545374,val,random,Random Forest
CC(C=NNC(N)=O)=NNC(N)=O,<ACYCLIC>,-1.9500000476837158,-0.7475430130272973,1.2024570346564185,1.2024570346564185,val,random,Random Forest
CC(CCC(=O)O)C1CCC2C3C(O)CC4CCCCC4(C)C3CCC12C,C1CCC2C(C1)CCC1C3CCCC3CCC21,-6.460000038146973,-6.106328780909851,0.3536712572371217,0.3536712572371217,val,random,Random Forest
CC(CCC(=O)O)NC(=O)c1ccccc1,c1ccccc1,-1.6916999816894531,-1.5496972564478153,0.14200272524163782,0.14200272524163782,val,random,Random Forest
CC(CCCCO[N+](=O)O)O[N+](=O)O,<ACYCLIC>,-2.8399999141693115,-2.5276727486382864,0.31232716553102513,0.31232716553102513,val,random,Random Forest
CC(CCNCCNCCC(C)CC(C)(C)C)CC(C)(C)C,<ACYCLIC>,-2.240000009536743,-5.06904764409584,-2.829047634559097,2.829047634559097,val,random,Random Forest
CC(CCOS(=O)(=O)c1ccccc1)Nc1ccc(NC(C)CCOS(=O)(=O)c2ccccc2)c2c1C(=O)c1ccccc1C2=O,O=C1c2ccccc2C(=O)c2c(NCCCOS(=O)(=O)c3ccccc3)ccc(NCCCOS(=O)(=O)c3ccccc3)c21,-0.43764612078666687,-6.0834746480225235,-5.645828527235857,5.645828527235857,val,random,Random Forest
CC(O)(C(=O)O)c1ccccc1,c1ccccc1,-0.8949000239372253,-1.4150624531160059,-0.5201624291787805,0.5201624291787805,val,random,Random Forest
CC(O)C(=O)NCCCCCCNC(=O)C(C)O,<ACYCLIC>,-0.699999988079071,-1.2748159046687242,-0.5748159165896531,0.5748159165896531,val,random,Random Forest
CC(O)C(F)(F)F,<ACYCLIC>,0.3093999922275543,-0.17882053792434888,-0.4882205301519032,0.4882205301519032,val,random,Random Forest
CC(O)C(O)C(O)C(O)C=NNC(N)=O,<ACYCLIC>,-0.699999988079071,-0.5331577915350598,0.16684219654401122,0.16684219654401122,val,random,Random Forest
CC(O)COc1ccc(C(C)(C)c2ccc(OCC(C)O)cc2)cc1,c1ccc(Cc2ccccc2)cc1,-3.4997010231018066,-3.96696278351569,-0.46726176041388356,0.46726176041388356,val,random,Random Forest
CC(Oc1ccc(Oc2ccc(Cl)cc2Cl)cc1)C(=O)O,c1ccc(Oc2ccccc2)cc1,-5.039999961853027,-4.6438336148498545,0.3961663470031729,0.3961663470031729,val,random,Random Forest
CC(Oc1ccc(Oc2cnc3cc(Cl)ccc3n2)cc1)C(=O)OCC1CCCO1,O=C(COc1ccc(Oc2cnc3ccccc3n2)cc1)OCC1CCCO1,-5.030300140380859,-5.449821004122181,-0.41952086374132147,0.41952086374132147,val,random,Random Forest
CC(Oc1ccccc1Cl)C(=O)O,c1ccccc1,-2.2232000827789307,-2.1952962845928927,0.027903798186037942,0.027903798186037942,val,random,Random Forest
CC(c1ccc(O)cc1)(c1ccc(O)cc1)c1ccc(O)cc1,c1ccc(C(c2ccccc2)c2ccccc2)cc1,-4.086559772491455,-4.203173296086292,-0.1166135235948369,0.1166135235948369,val,random,Random Forest
CC(c1ccccc1)c1ccc(Nc2ccc(C(C)c3ccccc3)cc2)cc1,c1ccc(Cc2ccc(Nc3ccc(Cc4ccccc4)cc3)cc2)cc1,-5.964168548583984,-6.839897432231083,-0.8757288836470982,0.8757288836470982,val,random,Random Forest
CC/C(=C(/CC)c1ccc(O)cc1)c1ccc(O)cc1,C(=Cc1ccccc1)c1ccccc1,-4.3495001792907715,-4.554271177641853,-0.2047709983510817,0.2047709983510817,val,random,Random Forest
CC/C=C/CCOC(=O)OC,<ACYCLIC>,-3.0698306560516357,-1.9918811138164998,1.077949542235136,1.077949542235136,val,random,Random Forest
CC/C=C/CCOC(=O)c1ccccc1O,c1ccccc1,-4.643981456756592,-3.9519073041674337,0.692074152589158,0.692074152589158,val,random,Random Forest
CC1(C(=O)O)NCCc2cc(O)c(O)cc21,c1ccc2c(c1)CCNC2,-0.75,-1.769314630837251,-1.019314630837251,1.019314630837251,val,random,Random Forest
CC1(C)C(C=C(Cl)Cl)C1C(=O)OC(C#N)c1ccc(F)c(Oc2ccccc2)c1,O=C(OCc1cccc(Oc2ccccc2)c1)C1CC1,-7.336999893188477,-7.333518307604486,0.0034815855839909204,0.0034815855839909204,val,random,Random Forest
CC1(C)C2CCC1(C)[C@@H](O)C2,C1CC2CCC1C2,-2.319000005722046,-2.2480796053124354,0.07092040040961045,0.07092040040961045,val,random,Random Forest
CC1(C)CC(=O)CC(=O)C1,O=C1CCCC(=O)C1,-1.5276000499725342,-0.9311967465948788,0.5964033033776553,0.5964033033776553,val,random,Random Forest
CC1(C)CC(O)CC(C)(C)N1,C1CCNCC1,-0.1966099888086319,-0.4673336042638372,-0.2707236154552053,0.2707236154552053,val,random,Random Forest
CC1(C)CCCC2(C)C1CCC1(C)OCCC12,C1CCC2C(C1)CCC1OCCC12,-5.099487781524658,-5.094379449898722,0.00510833162593638,0.00510833162593638,val,random,Random Forest
CC1(C)CON(Cc2ccccc2Cl)C1=O,O=C1CCON1Cc1ccccc1,-2.3382999897003174,-3.1810524687870307,-0.8427524790867134,0.8427524790867134,val,random,Random Forest
CC1(C)O[C@@H]2C[C@H]3[C@@H]4CCC5=CC(=O)C=C[C@]5(C)[C@@]4(F)[C@@H](O)C[C@]3(C)[C@]2(C(=O)CO)O1,O=C1C=CC2C(=C1)CCC1C2CCC2C1CC1OCOC12,-4.315800189971924,-4.106311690740562,0.20948849923136148,0.20948849923136148,val,random,Random Forest
CC1(C)SC2C(NC(=O)C(N)c3ccc(N)cc3)C(=O)N2C1c1nnn[nH]1,O=C(Cc1ccccc1)NC1C(=O)N2C(c3nnn[nH]3)CSC12,-1.5700000524520874,-2.0556732301091154,-0.485673177657028,0.485673177657028,val,random,Random Forest
CC1(C)[C@H](C(=O)O[C@H](C#N)c2cccc(Oc3ccccc3)c2)[C@@H]1/C=C\C(=O)OC(C(F)(F)F)C(F)(F)F,O=C(OCc1cccc(Oc2ccccc2)c1)C1CC1,-7.432499885559082,-7.1754133064049075,0.25708657915417454,0.25708657915417454,val,random,Random Forest
CC1(C)[C@H](C(=O)O[C@H](C#N)c2cccc(Oc3ccccc3)c2)[C@@H]1C(Br)C(Br)(Br)Br,O=C(OCc1cccc(Oc2ccccc2)c1)C1CC1,-6.9197001457214355,-7.779727729678784,-0.8600275839573488,0.8600275839573488,val,random,Random Forest
CC1(C)[C@H](C=C(Cl)Cl)[C@H]1C(=O)OCc1c(F)c(F)cc(F)c1F,O=C(OCc1ccccc1)C1CC1,-6.813700199127197,-6.282917318830576,0.5307828802966217,0.5307828802966217,val,random,Random Forest
CC1(C)[C@H]2C[C@@H]3O[C@]3(C)[C@@H]1C2,C1C2CC1C1OC1C2,-2.593688488006592,-2.2210195426102426,0.3726689453963492,0.3726689453963492,val,random,Random Forest
CC1(N)CN(c2cc3c(cc2F)c(=O)c(C(=O)O)cn3C2CC2)C1,O=c1ccn(C2CC2)c2cc(N3CCC3)ccc12,-5.619999885559082,-4.824945570680511,0.7950543148785707,0.7950543148785707,val,random,Random Forest
CC1(O)CC(c2ccccc2)c2c(c3ccccc3oc2=O)O1,O=c1oc2ccccc2c2c1C(c1ccccc1)CCO2,-4.739999771118164,-3.9003406896070842,0.8396590815110798,0.8396590815110798,val,random,Random Forest
CC12CC(=O)C3C(CCC4=CC(=O)CCC43C)C1CCC2=O,O=C1C=C2CCC3C4CCC(=O)C4CC(=O)C3C2CC1,-3.4800000190734863,-3.548270830753777,-0.06827081168029059,0.06827081168029059,val,random,Random Forest
CC12CCC(=O)C=C1CCC1C2C2CC3(C(O)O2)C(C(=O)CO)CCC13,O=C1C=C2CCC3C(C4CC5(CCCC35)CO4)C2CC1,-3.8499999046325684,-3.2358846496087375,0.6141152550238309,0.6141152550238309,val,random,Random Forest
CC12CCC(=O)C=C1CCC1C2CCC2(C)C(C(=O)CO)CCC12,O=C1C=C2CCC3C4CCCC4CCC3C2CC1,-3.75,-3.937225744047335,-0.18722574404733505,0.18722574404733505,val,random,Random Forest
CC12CCC(=O)C=C1CCC1C2CCC2(C)C(OC(=O)CCC(=O)O)CCC12,O=C1C=C2CCC3C4CCCC4CCC3C2CC1,-5.079999923706055,-5.012490441126976,0.0675094825790783,0.0675094825790783,val,random,Random Forest
CC12CCC(=O)C=C1CCC1C3CCC(O)(C(=O)CO)C3(C)CC(O)C12F,O=C1C=C2CCC3C4CCCC4CCC3C2CC1,-3.430000066757202,-3.3826689508257526,0.04733111593144956,0.04733111593144956,val,random,Random Forest
CC12CCC3C(CC=C4CC(OC=O)CCC43C)C1CCC2=O,O=C1CCC2C1CCC1C3CCCCC3=CCC21,-4.409999847412109,-4.551626735137251,-0.14162688772514187,0.14162688772514187,val,random,Random Forest
CC1=C(C(=O)Nc2ccccc2)S(=O)(=O)CCO1,O=C(Nc1ccccc1)C1=COCCS1(=O)=O,-2.430000066757202,-2.534870438425946,-0.1048703716687438,0.1048703716687438,val,random,Random Forest
CC1=C(C(=O)O)N2C(=O)C(N)C2SC1,O=C1CC2SCC=CN12,-3.0453553199768066,-1.6473754984406637,1.397979821536143,1.397979821536143,val,random,Random Forest
CC1=CCCN1C,C1=CNCC1,0.1264999955892563,-0.49512319280872497,-0.6216231883979813,0.6216231883979813,val,random,Random Forest
CC1CC(=O)CC(C)(C)C1,O=C1CCCCC1,-1.647141456604004,-2.0873458122621873,-0.4402043556581834,0.4402043556581834,val,random,Random Forest
CC1CC(C)C(=O)C(C(O)CC2CC(=O)NC(=O)C2)C1,O=C1CC(CCC2CCCCC2=O)CC(=O)N1,-1.1299999952316284,-1.497874351754188,-0.3678743565225595,0.3678743565225595,val,random,Random Forest
CC1CC(CC2CCC(N)C(C)C2)CCC1N,C1CCC(CC2CCCCC2)CC1,-1.8210383653640747,-2.6798815986795566,-0.8588432333154818,0.8588432333154818,val,random,Random Forest
CC1CCC(C(C)C)C(O)C1,C1CCCCC1,-2.488009214401245,-2.534434439853307,-0.04642522545206207,0.04642522545206207,val,random,Random Forest
CC1CCC(C(C)C)c2nc(NS(=O)(=O)c3ccc(N)cc3)ncc21,O=S(=O)(Nc1ncc2c(n1)CCCC2)c1ccccc1,-4.179999828338623,-4.077842827325581,0.10215700101304215,0.10215700101304215,val,random,Random Forest
CC1CCCCC1=O,O=C1CCCCC1,-0.9399999976158142,-1.2267509768910108,-0.28675097927519655,0.28675097927519655,val,random,Random Forest
CC1CN(c2c(F)c(N)c3c(=O)c(C(=O)O)cn(C4CC4)c3c2F)CC(C)N1,O=c1ccn(C2CC2)c2cc(N3CCNCC3)ccc12,-3.369999885559082,-4.264615782944297,-0.894615897385215,0.894615897385215,val,random,Random Forest
CC1CNC(C)CN1,C1CNCCN1,0.49000000953674316,0.6152961787525573,0.1252961692158141,0.1252961692158141,val,random,Random Forest
CC1OC(C)OC(C)O1,C1OCOCO1,-0.07190000265836716,-0.2278106440581055,-0.15591064139973834,0.15591064139973834,val,random,Random Forest
CC1OC(OC2C(O)CC(OC3C(O)CC(OC4CCC5(C)C(CCC6C5CC(O)C5(C)C(C7=CC(=O)OC7)CCC65O)C4)OC3C)OC2C)CC(O)C1O,O=C1C=C(C2CCC3C2CCC2C4CCC(OC5CCC(OC6CCC(OC7CCCCO7)CO6)CO5)CC4CCC23)CO1,-4.159999847412109,-3.621729082148452,0.5382707652636576,0.5382707652636576,val,random,Random Forest
CC=CC(=O)Nc1ccc(O)cc1,c1ccccc1,-2.646399974822998,-2.0455960676531375,0.6008039071698605,0.6008039071698605,val,random,Random Forest
CC=CC=O,<ACYCLIC>,0.3199999928474426,0.23773660719337922,-0.08226338565406341,0.08226338565406341,val,random,Random Forest
CC=CCC1(C)C(=O)NC(=O)N(C)C1=O,O=C1CC(=O)NC(=O)N1,-1.5444999933242798,-2.032774721107873,-0.48827472778359304,0.48827472778359304,val,random,Random Forest
CCC#CC(C)C,<ACYCLIC>,-2.744800090789795,-2.532643477882004,0.21215661290779098,0.21215661290779098,val,random,Random Forest
CCC(=O)Nc1cccc(Nc2cc(S(=O)(=O)O)c(N)c3c2C(=O)c2ccccc2C3=O)c1,O=C1c2ccccc2C(=O)c2c(Nc3ccccc3)cccc21,-2.6879470348358154,-2.5043094404081985,0.18363759442761696,0.18363759442761696,val,random,Random Forest
CCC(Br)(Br)C(=O)O,<ACYCLIC>,-0.8722000122070312,-1.5856440678831807,-0.7134440556761494,0.7134440556761494,val,random,Random Forest
CCC(Br)(CC)C(=O)NC(N)=O,<ACYCLIC>,-2.680000066757202,-1.8972905339569215,0.7827095328002807,0.7827095328002807,val,random,Random Forest
CCC(C(=O)O)C(C(=O)O)c1ccccc1,c1ccccc1,-2.3255999088287354,-2.001866830028003,0.32373307880073243,0.32373307880073243,val,random,Random Forest
CCC(C)(C)C1CCCCC1OC(C)=O,C1CCCCC1,-4.446203708648682,-4.125124150452158,0.3210795581965238,0.3210795581965238,val,random,Random Forest
CCC(C)(C)c1cc(O)c(C(C)(C)CC)cc1O,c1ccccc1,-6.495512962341309,-4.54453225097076,1.9509807113705486,1.9509807113705486,val,random,Random Forest
CCC(C)(CC)OC(N)=O,<ACYCLIC>,-1.5599000453948975,-1.472954519921115,0.08694552547378254,0.08694552547378254,val,random,Random Forest
CCC(C)C(C)(C)C,<ACYCLIC>,-4.677599906921387,-4.485043330716331,0.19255657620505584,0.19255657620505584,val,random,Random Forest
CCC(C)C(N)C(=O)OCCCCOC(=O)C(C)c1ccc2cc(OC)ccc2c1,c1ccc2ccccc2c1,-4.519999980926514,-5.014916445461215,-0.4949164645347013,0.4949164645347013,val,random,Random Forest
CCC(C)CC(O)CC,<ACYCLIC>,-1.860200047492981,-1.8591965481497346,0.0010034993432463946,0.0010034993432463946,val,random,Random Forest
CCC(C)CCCC(C)(C)O,<ACYCLIC>,-2.74934458732605,-2.6852499161234906,0.06409467120255918,0.06409467120255918,val,random,Random Forest
CCC(C)Nc1c([N+](=O)[O-])cc(C(C)(C)C)cc1[N+](=O)[O-],c1ccccc1,-5.470300197601318,-5.197867978330015,0.27243221927130357,0.27243221927130357,val,random,Random Forest
CCC(C)OC,<ACYCLIC>,-0.7305999994277954,-0.6735132262611971,0.05708677316659827,0.05708677316659827,val,random,Random Forest
CCC(C)c1cc([N+](=O)[O-])cc([N+](=O)[O-])c1OC(C)=O,c1ccccc1,-2.25,-4.426945517615589,-2.1769455176155894,2.1769455176155894,val,random,Random Forest
CCC(C=O)CC,<ACYCLIC>,-1.5199999809265137,-1.03921569983443,0.4807842810920837,0.4807842810920837,val,random,Random Forest
CCC(CC)(C(=O)NC(N)=O)C(=O)OCC(=O)OC,<ACYCLIC>,-2.009999990463257,-1.97375883313159,0.03624115733166677,0.03624115733166677,val,random,Random Forest
CCC(CC)(S(=O)(=O)CC)S(=O)(=O)CC,<ACYCLIC>,-2.0625,-2.0494049021124483,0.013095097887551699,0.013095097887551699,val,random,Random Forest
CCC(CO)(CO)[N+](=O)[O-],<ACYCLIC>,0.8263999819755554,-0.2283260931947231,-1.0547260751702785,1.0547260751702785,val,random,Random Forest
CCC(CO)[N+](=O)[O-],<ACYCLIC>,-0.34360000491142273,0.3649813416236272,0.7085813465350499,0.7085813465350499,val,random,Random Forest
CCC(O)C(C)(C)C,<ACYCLIC>,-1.1513999700546265,-0.98958281540987,0.16181715464475643,0.16181715464475643,val,random,Random Forest
CCC(O)CO,<ACYCLIC>,1.0451692342758179,0.8738501597616469,-0.17131907451417094,0.17131907451417094,val,random,Random Forest
CCC(SC(CC)C(=O)O)C(=O)O,<ACYCLIC>,-0.7099999785423279,-1.3308373896610828,-0.6208374111187549,0.6208374111187549,val,random,Random Forest
CCC1(CC)C(=O)N(C)N(c2ccccc2)C1=O,O=C1CC(=O)N(c2ccccc2)N1,-2.690000057220459,-2.8142440016126895,-0.12424394439223052,0.12424394439223052,val,random,Random Forest
CCC1(CCO)C(=O)NC(=S)NC1=O,O=C1CC(=O)NC(=S)N1,-1.4700000286102295,-1.4388890897395785,0.031110938870650973,0.031110938870650973,val,random,Random Forest
CCC1(c2ccccc2)NC(=O)NC1=O,O=C1NC(=O)C(c2ccccc2)N1,-2.640000104904175,-2.1347350901546798,0.505265014749495,0.505265014749495,val,random,Random Forest
CCC1=C(C2(CC)C(=O)NC(=O)NC2=O)CCCC1,O=C1NC(=O)C(C2=CCCCC2)C(=O)N1,-3.5299999713897705,-3.3375595906056748,0.19244038078409575,0.19244038078409575,val,random,Random Forest
CCC1CN2CCC1CC2C(O)c1ccnc2ccc(OC)cc12,c1ccc2c(CC3CC4CCN3CC4)ccnc2c1,-3.0513999462127686,-3.2608131155311355,-0.20941316931836695,0.20941316931836695,val,random,Random Forest
CCCC(=O)OC(C)(C)Cc1ccccc1,c1ccccc1,-4.135942459106445,-3.9261450630271884,0.20979739607925696,0.20979739607925696,val,random,Random Forest
CCCC(=O)OCCC(C)C,<ACYCLIC>,-2.932852029800415,-2.573738502481451,0.35911352731896384,0.35911352731896384,val,random,Random Forest
CCCC(=O)OCCOC(=O)CCC,<ACYCLIC>,-2.6068999767303467,-1.8751283303541462,0.7317716463762005,0.7317716463762005,val,random,Random Forest
CCCC(C)(C)C(=O)Nc1ccc(Cl)cc1,c1ccccc1,-4.0218000411987305,-4.336784285421093,-0.31498424422236226,0.31498424422236226,val,random,Random Forest
CCCC(C)(COC(N)=O)COC(N)=O,<ACYCLIC>,-1.7400000095367432,-1.627693651108958,0.11230635842778525,0.11230635842778525,val,random,Random Forest
CCCC(C)(O)CC,<ACYCLIC>,-1.0010000467300415,-1.0740787670388208,-0.07307872030877927,0.07307872030877927,val,random,Random Forest
CCCC(C)(O)CCC,<ACYCLIC>,-1.5866999626159668,-1.866781341183624,-0.28008137856765725,0.28008137856765725,val,random,Random Forest
CCCC(C)C(=O)OCC,<ACYCLIC>,-2.4896905422210693,-2.0181423502288087,0.4715481919922606,0.4715481919922606,val,random,Random Forest
CCCC(C)CO,<ACYCLIC>,-1.1100000143051147,-0.8763026885633959,0.23369732574171886,0.23369732574171886,val,random,Random Forest
CCCC(CCC)CCCC1COCCN1CCO,C1COCCN1,0.9642581343650818,-3.1358269005076633,-4.100085034872745,4.100085034872745,val,random,Random Forest
CCCC1(CC)C(=O)NC(=O)NC1=O,O=C1CC(=O)NC(=O)N1,-1.4900000095367432,-2.057993168678678,-0.5679931591419347,0.5679931591419347,val,random,Random Forest
CCCC1C(=O)N2C(N(C)C)=Nc3ccc(C)cc3N2C1=O,O=C1CC(=O)N2c3ccccc3N=CN12,-3.5380001068115234,-2.722644214476587,0.8153558923349364,0.8153558923349364,val,random,Random Forest
CCCC1OC1(CC)C(N)=O,C1CO1,-1.1744999885559082,-0.7908657218652303,0.3836342666906779,0.3836342666906779,val,random,Random Forest
CCCCBr,<ACYCLIC>,-2.1977641582489014,-2.640135109695852,-0.4423709514469505,0.4423709514469505,val,random,Random Forest
CCCCC(=O)OCC(CO)(CO)COCC(CO)(CO)CO,<ACYCLIC>,-6.830456733703613,-1.7713744979699535,5.05908223573366,5.05908223573366,val,random,Random Forest
CCCCC(=O)OCN1C(=O)NC(c2ccccc2)(c2ccccc2)C1=O,O=C1NC(=O)C(c2ccccc2)(c2ccccc2)N1,-4.679999828338623,-4.721924184952382,-0.04192435661375882,0.04192435661375882,val,random,Random Forest
CCCCC(C)(C)O,<ACYCLIC>,-1.0784000158309937,-1.260670701415923,-0.18227068558492943,0.18227068558492943,val,random,Random Forest
CCCCC(C)CCC,<ACYCLIC>,-6.047399997711182,-5.001170389940153,1.0462296077710285,1.0462296077710285,val,random,Random Forest
CCCCC(CC)C(=O)OCC(COC(=O)C(CC)CCCC)(COC(=O)C(CC)CCCC)COC(=O)C(CC)CCCC,<ACYCLIC>,-9.20475959777832,-6.799706778238052,2.405052819540268,2.405052819540268,val,random,Random Forest
CCCCC(CC)CN,<ACYCLIC>,-1.7134804725646973,-1.7996788427509416,-0.08619837018624432,0.08619837018624432,val,random,Random Forest
CCCCC(CC)COC(=O)C(C)O,<ACYCLIC>,-2.673525810241699,-2.287186619183324,0.38633919105837533,0.38633919105837533,val,random,Random Forest
CCCCC(CC)COC(=O)CC(CC(=O)OCC(CC)CCCC)(OC(C)=O)C(=O)OCC(CC)CCCC,<ACYCLIC>,-7.057519912719727,-6.286241610833437,0.7712783018862899,0.7712783018862899,val,random,Random Forest
CCCCC(CC)COC(C)=O,<ACYCLIC>,-4.645140171051025,-3.628130995338162,1.0170091757128632,1.0170091757128632,val,random,Random Forest
CCCCC(CCC(=O)O)CC(=O)O,<ACYCLIC>,-1.3974000215530396,-1.7177893721381572,-0.32038935058511764,0.32038935058511764,val,random,Random Forest
CCCCC/C(C=O)=C/c1ccccc1,c1ccccc1,-3.046658515930176,-3.889055877171779,-0.8423973612416034,0.8423973612416034,val,random,Random Forest
CCCCC1C(=O)N(c2ccccc2)N(c2ccccc2)C1=O,O=C1CC(=O)N(c2ccccc2)N1c1ccccc1,-3.8124001026153564,-4.1339316987413035,-0.32153159612594706,0.32153159612594706,val,random,Random Forest
CCCCCC#CC(=O)OC,<ACYCLIC>,-3.0091328620910645,-2.0642928907809757,0.9448399713100888,0.9448399713100888,val,random,Random Forest
CCCCCC(O)C=CC1C(O)CC(=O)C1CC=CCCCC(=O)O,O=C1CCCC1,-2.4700000286102295,-2.9569777707114184,-0.48697774210118894,0.48697774210118894,val,random,Random Forest
CCCCCCC(C(C)O)n1cnc2c(N)ncnc21,c1ncc2nc[nH]c2n1,-2.25,-3.1457821461945357,-0.8957821461945357,0.8957821461945357,val,random,Random Forest
CCCCCCC(C)O,<ACYCLIC>,-2.065500020980835,-2.1507911511394746,-0.08529113015863965,0.08529113015863965,val,random,Random Forest
CCCCCCCC(=O)OCN1C(=O)NC(c2ccccc2)(c2ccccc2)C1=O,O=C1NC(=O)C(c2ccccc2)(c2ccccc2)N1,-6.519999980926514,-5.448010973154652,1.0719890077718617,1.0719890077718617,val,random,Random Forest
CCCCCCCC(CC)CCCC(CC)CCCC,<ACYCLIC>,-6.269131183624268,-6.356682682019903,-0.08755149839563536,0.08755149839563536,val,random,Random Forest
CCCCCCCC/C=C/CCCCCCCC(=O)NCCCN(C)C,<ACYCLIC>,-4.149259567260742,-4.630953523840283,-0.48169395657954084,0.48169395657954084,val,random,Random Forest
CCCCCCCC/C=C/CCCCCCCC(=O)OCCC(C)C,<ACYCLIC>,-8.070164680480957,-6.513663540225653,1.5565011402553042,1.5565011402553042,val,random,Random Forest
CCCCCCCC/C=C/CCCCCCCCN(CCO)CCO,<ACYCLIC>,-4.780118465423584,-4.822162758607122,-0.04204429318353764,0.04204429318353764,val,random,Random Forest
CCCCCCCC/C=C/CCCCCCCCOC(=O)C(CC(=O)O)S(=O)(=O)O,<ACYCLIC>,-0.9624269008636475,-2.8515488963011255,-1.889121995437478,1.889121995437478,val,random,Random Forest
CCCCCCCC/C=C\CCCCCCCCCCCC(=O)OCCCCCCCC/C=C\CCCCCCCC,<ACYCLIC>,-7.071179389953613,-7.701920524924521,-0.6307411349709078,0.6307411349709078,val,random,Random Forest
CCCCCCCC/C=C\CCCCCCCCNC(=O)CC(C(=O)O)S(=O)(=O)O,<ACYCLIC>,-0.019515782594680786,-2.7395631729023804,-2.7200473903076996,2.7200473903076996,val,random,Random Forest
CCCCCCCC1CCCC1=O,O=C1CCCC1,-3.769441604614258,-3.705426057992789,0.06401554662146891,0.06401554662146891,val,random,Random Forest
CCCCCCCCC(=O)NNC(=O)c1ccncc1,c1ccncc1,-3.5199999809265137,-3.191881803152737,0.3281181777737765,0.3281181777737765,val,random,Random Forest
CCCCCCCCCC(=O)OC,<ACYCLIC>,-4.626748561859131,-4.134879949497799,0.4918686123613316,0.4918686123613316,val,random,Random Forest
CCCCCCCCCC(=O)Oc1ccc(C(=O)O)cc1,c1ccccc1,-5.4245476722717285,-4.29449799459526,1.1300496776764684,1.1300496776764684,val,random,Random Forest
CCCCCCCCCC(C)C=O,<ACYCLIC>,-5.151636123657227,-4.543611604926292,0.608024518730935,0.608024518730935,val,random,Random Forest
CCCCCCCCCC1(CC)C(=O)NC(=O)NC1=O,O=C1CC(=O)NC(=O)N1,-4.460000038146973,-3.689446998316342,0.7705530398306308,0.7705530398306308,val,random,Random Forest
CCCCCCCCCCCC(=O)N(C)C,<ACYCLIC>,-3.9093070030212402,-3.8907519401906736,0.018555062830566627,0.018555062830566627,val,random,Random Forest
CCCCCCCCCCCC(=O)OCC[N+](C)(C)C,<ACYCLIC>,-2.2111003398895264,-4.502280540920344,-2.2911802010308175,2.2911802010308175,val,random,Random Forest
CCCCCCCCCCCC(CC)CCCCCCC(CC)CCCCCCC,<ACYCLIC>,-5.40505313873291,-7.0281670357286234,-1.6231138969957133,1.6231138969957133,val,random,Random Forest
CCCCCCCCCCCCC(CO)CCCCCCCCCC,<ACYCLIC>,-5.549815654754639,-6.008944144492427,-0.45912848973778875,0.45912848973778875,val,random,Random Forest
CCCCCCCCCCCCC1CO1,C1CO1,-5.984684944152832,-5.267554327524013,0.7171306166288192,0.7171306166288192,val,random,Random Forest
CCCCCCCCCCCCCCCCC(CO)CCCCCCCCCCCCCC,<ACYCLIC>,-5.669204235076904,-7.000518376447284,-1.3313141413703793,1.3313141413703793,val,random,Random Forest
CCCCCCCCCCCCCCCCCC(=O)OC(CCCCCC)CCCCCCCCCCC(=O)OCCCCCCCCCCCCCC(C)C,<ACYCLIC>,-8.755372047424316,-6.905154003350111,1.8502180440742055,1.8502180440742055,val,random,Random Forest
CCCCCCCCCCCCCCCCCCCC,<ACYCLIC>,-8.17240047454834,-6.617150723509178,1.5552497510391614,1.5552497510391614,val,random,Random Forest
CCCCCCCCCCCCCCCCCCCCCC(=O)NCCCN(C)C,<ACYCLIC>,-6.628141403198242,-5.938851793403428,0.6892896097948142,0.6892896097948142,val,random,Random Forest
CCCCCCCCCCCCCCCCCCCN,<ACYCLIC>,-5.857124328613281,-4.676618769554395,1.1805055590588864,1.1805055590588864,val,random,Random Forest
CCCCCCCCCCCCCCCCCCOCCCCCCCCCCCCCCCCCC,<ACYCLIC>,-7.0195207595825195,-7.631808892446562,-0.6122881328640428,0.6122881328640428,val,random,Random Forest
CCCCCCCCCCCCCCCCN(C)C,<ACYCLIC>,-4.652434825897217,-4.865343021048309,-0.21290819515109227,0.21290819515109227,val,random,Random Forest
CCCCCCCCCCCCN,<ACYCLIC>,-3.3759000301361084,-3.779472894874988,-0.40357286473887966,0.40357286473887966,val,random,Random Forest
CCCCCCCCCCCCN=C(N)N,<ACYCLIC>,-2.6591999530792236,-3.014120669417655,-0.3549207163384316,0.3549207163384316,val,random,Random Forest
CCCCCCCCCCCCOP(=O)(O)O,<ACYCLIC>,-3.7844860553741455,-2.9178226891853023,0.8666633661888432,0.8666633661888432,val,random,Random Forest
CCCCCCCCCCN,<ACYCLIC>,-2.456399917602539,-3.022300262812504,-0.5659003452099651,0.5659003452099651,val,random,Random Forest
CCCCCCCCCCNC(=O)c1cccnc1,c1ccncc1,-3.0764999389648438,-3.4691864658260063,-0.39268652686116257,0.39268652686116257,val,random,Random Forest
CCCCCCCCCO,<ACYCLIC>,-3.013011932373047,-2.807320372027063,0.20569156034598368,0.20569156034598368,val,random,Random Forest
CCCCCCCCCOC(=O)c1cccnc1,c1ccncc1,-3.0957999229431152,-4.055009495884654,-0.9592095729415391,0.9592095729415391,val,random,Random Forest
CCCCCCCCNC(=O)C(C)O,<ACYCLIC>,-2.2827000617980957,-1.874125644463398,0.4085744173346977,0.4085744173346977,val,random,Random Forest
CCCCCCCCO,<ACYCLIC>,-2.6375930309295654,-2.229992321907801,0.4076007090217644,0.4076007090217644,val,random,Random Forest
CCCCCCCCOCC(O)CO,<ACYCLIC>,-1.920799970626831,-1.7696240759016144,0.15117589472521664,0.15117589472521664,val,random,Random Forest
CCCCCCCOC(=O)C(C)c1ccc2cc(OC)ccc2c1,c1ccc2ccccc2c1,-7.119999885559082,-6.896586384903271,0.2234135006558109,0.2234135006558109,val,random,Random Forest
CCCCCCCOC(=O)c1ccc(O)cc1,c1ccccc1,-4.072500228881836,-4.005274867548621,0.06722536133321455,0.06722536133321455,val,random,Random Forest
CCCCCCCc1ccccc1,c1ccccc1,-5.595900058746338,-5.511436493725685,0.08446356502065289,0.08446356502065289,val,random,Random Forest
CCCCCCOC(=O)Oc1ccc(NC(C)=O)cc1,c1ccccc1,-4.320000171661377,-4.47117753393538,-0.15117736227400336,0.15117736227400336,val,random,Random Forest
CCCCCCP(=O)(OCC)OCC,<ACYCLIC>,-2.568700075149536,-2.1407671758203937,0.42793289932914247,0.42793289932914247,val,random,Random Forest
CCCCCCc1ccc(O)cc1O,c1ccccc1,-2.5894999504089355,-2.8423638063218113,-0.25286385591287575,0.25286385591287575,val,random,Random Forest
CCCCCOC(=O)CCC,<ACYCLIC>,-2.4670000076293945,-2.815305374305085,-0.34830536667569056,0.34830536667569056,val,random,Random Forest
CCCCCOC(=O)CCOCC,<ACYCLIC>,-2.1956000328063965,-2.1204920749975362,0.07510795780886026,0.07510795780886026,val,random,Random Forest
CCCCCOP(=O)(OCC)OCC,<ACYCLIC>,-1.4757000207901,-1.528942984126902,-0.053242963336801896,0.053242963336801896,val,random,Random Forest
CCCCCc1c2ccccc2cc2c1ccc1ccccc12,c1ccc2cc3c(ccc4ccccc43)cc2c1,-8.569999694824219,-7.439557679335905,1.1304420154883141,1.1304420154883141,val,random,Random Forest
CCCCN(CCCC)C(=S)S,<ACYCLIC>,-5.675922870635986,-3.5768865252927577,2.0990363453432286,2.0990363453432286,val,random,Random Forest
CCCCNC(=O)n1c(NC(=O)OC)nc2ccccc21,c1ccc2[nH]cnc2c1,-4.860000133514404,-3.5217029831130358,1.3382971504013685,1.3382971504013685,val,random,Random Forest
CCCCNC1(P(=O)(OCCCC)OCCCC)CCCCC1,C1CCCCC1,-3.310499906539917,-4.600035977790217,-1.2895360712503,1.2895360712503,val,random,Random Forest
CCCCNc1cc(C(=O)O)cc(S(N)(=O)=O)c1Oc1ccccc1,c1ccc(Oc2ccccc2)cc1,-3.559999942779541,-4.172782574971161,-0.6127826321916201,0.6127826321916201,val,random,Random Forest
CCCCOC(=O)/C=C/c1ccccc1,c1ccccc1,-1.611199975013733,-4.118119604407796,-2.506919629394063,2.506919629394063,val,random,Random Forest
CCCCOC(=O)/C=C\C(=O)OCCCC,<ACYCLIC>,-3.1280341148376465,-2.6148367328864377,0.5131973819512088,0.5131973819512088,val,random,Random Forest
CCCCOC(=O)CC(O)(CC(=O)OCCCC)C(=O)OCCCC,<ACYCLIC>,-3.5452709197998047,-3.1191979635034213,0.4260729562963834,0.4260729562963834,val,random,Random Forest
CCCCOC(=O)Oc1ccc(NC(C)=O)cc1,c1ccccc1,-3.369999885559082,-3.760008263335579,-0.3900083777764971,0.3900083777764971,val,random,Random Forest
CCCCOC(=O)c1ccc(N)cc1,c1ccccc1,-3.059999942779541,-2.932919898746032,0.12708004403350914,0.12708004403350914,val,random,Random Forest
CCCCOCC(C)O,<ACYCLIC>,-0.40523797273635864,-0.4218551736931521,-0.016617200956793476,0.016617200956793476,val,random,Random Forest
CCCCOCCOC(=O)c1ccccc1,c1ccccc1,-3.322422504425049,-3.108017909797411,0.21440459462763783,0.21440459462763783,val,random,Random Forest
CCCCOP(=S)(S)OCCCC,<ACYCLIC>,-2.5083839893341064,-2.8789580883033445,-0.3705740989692381,0.3705740989692381,val,random,Random Forest
CCCCOP(C)(=O)OCCCC,<ACYCLIC>,-1.4155000448226929,-1.7004432454246765,-0.28494320060198364,0.28494320060198364,val,random,Random Forest
CCCC[C@H](N)C(=O)O,<ACYCLIC>,-1.038699984550476,-0.7257967514626114,0.3129032330878647,0.3129032330878647,val,random,Random Forest
CCCC[N+](=O)[O-],<ACYCLIC>,-1.350600004196167,-0.9319927730507966,0.41860723114537035,0.41860723114537035,val,random,Random Forest
CCCC[Sn](CCCC)(CCCC)CCCC,<ACYCLIC>,-4.596065998077393,-6.139277908638267,-1.5432119105608741,1.5432119105608741,val,random,Random Forest
CCCCn1ccc(NS(=O)(=O)c2ccc(N)cc2)nc1=O,O=c1nc(NS(=O)(=O)c2ccccc2)cc[nH]1,-3.0899999141693115,-3.1306818882918863,-0.04068197412257479,0.04068197412257479,val,random,Random Forest
CCCN(CCC)c1c([N+](=O)[O-])cc(S(C)(=O)=O)cc1[N+](=O)[O-],c1ccccc1,-5.7600998878479,-4.086524205948664,1.6735756818992362,1.6735756818992362,val,random,Random Forest
CCCN(CCOc1c(Cl)cc(Cl)cc1Cl)C(=O)n1ccnc1,O=C(NCCOc1ccccc1)n1ccnc1,-4.04449987411499,-4.822901263593526,-0.7784013894785353,0.7784013894785353,val,random,Random Forest
CCCOC(=O)n1cnc2c1c(=O)n(C)c(=O)n2C,O=c1[nH]c(=O)c2[nH]cnc2[nH]1,-1.4500000476837158,-1.8500306663529054,-0.40003061866918954,0.40003061866918954,val,random,Random Forest
CCCOC(N)=O,<ACYCLIC>,-0.13019999861717224,-0.3549368964326346,-0.22473689781546236,0.22473689781546236,val,random,Random Forest
CCCOP(=O)(OCC)OCC,<ACYCLIC>,0.40630000829696655,-1.0865657666903177,-1.4928657749872842,1.4928657749872842,val,random,Random Forest
CCCSC(=O)N(CCC)CCC,<ACYCLIC>,-3.299999952316284,-3.2620175460570304,0.037982406259253754,0.037982406259253754,val,random,Random Forest
CCCSP(=S)(OCC)Oc1ccc(Cl)cc1Cl,c1ccccc1,-6.692999839782715,-5.853496911895417,0.8395029278872981,0.8395029278872981,val,random,Random Forest
CCCc1c2c(c(O)c3c(=O)cc(C(=O)O)oc13)CCCC2,O=c1ccoc2cc3c(cc12)CCCC3,-2.680000066757202,-3.8125896426443235,-1.1325895758871214,1.1325895758871214,val,random,Random Forest
CCCc1c2c(cc3c(=O)cc(C(=O)O)oc13)CCCC2,O=c1ccoc2cc3c(cc12)CCCC3,-1.899999976158142,-3.7218003739137497,-1.8218003977556076,1.8218003977556076,val,random,Random Forest
CCCc1ccccc1,c1ccccc1,-3.3622000217437744,-3.0893698721058596,0.27283014963791485,0.27283014963791485,val,random,Random Forest
CCN(C#N)CCCN(C)C,<ACYCLIC>,0.7173643112182617,-0.4655846450227836,-1.1829489562410453,1.1829489562410453,val,random,Random Forest
CCN(CC)C(=O)C(C)OC(=O)c1ccccc1,c1ccccc1,-2.2799999713897705,-2.405329487744148,-0.12532951635437728,0.12532951635437728,val,random,Random Forest
CCN(CC)C(=O)CCC(=O)OCn1ncc2c(=O)[nH]cnc21,O=c1[nH]cnc2[nH]ncc12,-0.9900000095367432,-2.204462602834772,-1.2144625932980286,1.2144625932980286,val,random,Random Forest
CCN(CC)C(=O)SCc1ccc(Cl)cc1,c1ccccc1,-3.964099884033203,-4.0920461156959576,-0.12794623166275443,0.12794623166275443,val,random,Random Forest
CCN(CC)C(=O)SCc1ccccc1Cl,c1ccccc1,-4.031000137329102,-3.9457717310887572,0.08522840624034433,0.08522840624034433,val,random,Random Forest
CCN(CC)C(=S)SSC(=S)N(CC)CC,<ACYCLIC>,-4.860377311706543,-3.929147493138061,0.931229818568482,0.931229818568482,val,random,Random Forest
CCN(CC)CCOC(=O)c1ccc(NC(C)=O)cc1,c1ccccc1,-1.649999976158142,-2.843702979447152,-1.1937030032890097,1.1937030032890097,val,random,Random Forest
CCN(CC)c1c([N+](=O)[O-])cc(C(F)(F)F)c(N)c1[N+](=O)[O-],c1ccccc1,-5.466800212860107,-4.559948431831663,0.9068517810284442,0.9068517810284442,val,random,Random Forest
CCN(CC)c1ccc2c(C#N)c(-c3nc4ccccc4s3)c(=O)oc2c1,O=c1oc2ccccc2cc1-c1nc2ccccc2s1,-8.097434043884277,-6.047937515281024,2.049496528603253,2.049496528603253,val,random,Random Forest
CCN(CC)c1ccc2c(C)cc(=O)oc2c1,O=c1ccc2ccccc2o1,-4.0,-3.6390991973056193,0.36090080269438074,0.36090080269438074,val,random,Random Forest
CCN(CC)c1nc(Cl)nc(NC(C)C)n1,c1ncncn1,-3.784899950027466,-3.9059460345629677,-0.12104608453550192,0.12104608453550192,val,random,Random Forest
CCN(CCC(=O)OC)c1ccc(N=Nc2snc3ccc([N+](=O)[O-])cc23)cc1,c1ccc(N=Nc2snc3ccccc23)cc1,-7.315402507781982,-5.529058045913265,1.7863444618687172,1.7863444618687172,val,random,Random Forest
CCN(CCCl)CCCl,<ACYCLIC>,-3.0264999866485596,-1.2918377474650906,1.734662239183469,1.734662239183469,val,random,Random Forest
CCN(CCO)C(=O)COC(=O)c1ccccc1,c1ccccc1,-1.3700000047683716,-1.5512144990676928,-0.18121449429932124,0.18121449429932124,val,random,Random Forest
CCN(CCO)c1ccc(N=Nc2ccc([N+](=O)[O-])cc2)cc1,c1ccc(N=Nc2ccccc2)cc1,-6.293000221252441,-5.103786685048743,1.189213536203698,1.189213536203698,val,random,Random Forest
CCN(CCO)c1ccccc1,c1ccccc1,-1.917099952697754,-1.3333069399647421,0.5837930127330118,0.5837930127330118,val,random,Random Forest
CCN(Cc1cccc(S(=O)(=O)O)c1)c1ccc(N=Nc2ccc(N=Nc3cccc(S(=O)(=O)O)c3)c3ccccc23)cc1,c1ccc(CNc2ccc(N=Nc3ccc(N=Nc4ccccc4)c4ccccc34)cc2)cc1,0.17154376208782196,-1.0907971814292723,-1.2623409435170942,1.2623409435170942,val,random,Random Forest
CCN1C=CC(=CC=Cc2cc[n+](CC)c3ccccc23)c2ccccc21,C(=Cc1cc[nH+]c2ccccc12)C=C1C=CNc2ccccc21,-2.6816000938415527,-5.870190596542307,-3.1885905027007544,3.1885905027007544,val,random,Random Forest
CCN1CC(=O)N=C1N,O=C1CNC=N1,-0.16500000655651093,-0.324638736039785,-0.15963872948327407,0.15963872948327407,val,random,Random Forest
CCN1CCn2c(nc3ccccc3c2=O)C1C,O=c1c2ccccc2nc2n1CCNC2,-2.5,-2.388299392302908,0.11170060769709211,0.11170060769709211,val,random,Random Forest
CCN1c2cc(Cl)ccc2NC(=O)c2cccnc21,O=C1Nc2ccccc2Nc2ncccc21,-5.360000133514404,-4.427720900485127,0.9322792330292771,0.9322792330292771,val,random,Random Forest
CCN1c2ccccc2C(=O)N(C)c2ccccc21,O=C1Nc2ccccc2Nc2ccccc21,-4.749000072479248,-3.9761669061105107,0.7728331663687373,0.7728331663687373,val,random,Random Forest
CCNC(=O)C(C)OC(=O)Nc1ccccc1,c1ccccc1,-1.8300000429153442,-2.0369897280950395,-0.2069896851796953,0.2069896851796953,val,random,Random Forest
CCNC(CC)C(=O)O,<ACYCLIC>,-0.4189000129699707,-0.18870090246665275,0.23019911050331796,0.23019911050331796,val,random,Random Forest
CCNCNC(=O)c1ccccc1,c1ccccc1,-0.07490000128746033,-1.5091873238357085,-1.4342873225482482,1.4342873225482482,val,random,Random Forest
CCNc1c([N+](=O)[O-])cc([N+](=O)[O-])cc1[N+](=O)[O-],c1ccccc1,-3.4084999561309814,-3.2358351072838905,0.172664848847091,0.172664848847091,val,random,Random Forest
CCOC(=O)C(=O)OCC,<ACYCLIC>,-0.6085000038146973,-0.23495148659254939,0.3735485172221479,0.3735485172221479,val,random,Random Forest
CCOC(=O)C(C)C1CCCCC1,C1CCCCC1,-3.3274567127227783,-3.416730437807148,-0.08927372508436981,0.08927372508436981,val,random,Random Forest
CCOC(=O)C(C)Oc1ccc(Oc2cnc3cc(Cl)ccc3n2)cc1,c1ccc(Oc2cnc3ccccc3n2)cc1,-5.96999979019165,-5.718546675669629,0.2514531145220218,0.2514531145220218,val,random,Random Forest
CCOC(=O)C1=NN(c2ccc(Cl)cc2Cl)C(C)(C(=O)OCC)C1,C1=NN(c2ccccc2)CC1,-4.270999908447266,-4.665124755089362,-0.39412484664209657,0.39412484664209657,val,random,Random Forest
CCOC(=O)C1=NN(c2ccccc2)C(=O)C1N=Nc1ccc(-c2ccc(N=NC3C(=O)N(c4ccccc4)N=C3C(=O)OCC)c(Cl)c2)cc1Cl,O=C1C(N=Nc2ccc(-c3ccc(N=NC4C=NN(c5ccccc5)C4=O)cc3)cc2)C=NN1c1ccccc1,-8.526559829711914,-7.140946565869624,1.3856132638422904,1.3856132638422904,val,random,Random Forest
CCOC(=O)CC(SP(=S)(OC)OC)C(=O)OCC,<ACYCLIC>,-3.3636999130249023,-2.2623294296403493,1.101370483384553,1.101370483384553,val,random,Random Forest
CCOC(=O)CCCOc1ccc(Cl)cc1C,c1ccccc1,-4.4095001220703125,-4.098495171407543,0.31100495066276945,0.31100495066276945,val,random,Random Forest
CCOC(=O)CN(C(=O)CCl)c1c(CC)cccc1CC,c1ccccc1,-3.4727001190185547,-3.6034916117333258,-0.13079149271477108,0.13079149271477108,val,random,Random Forest
CCOC(=O)Cc1[nH]nc2ccc(Cl)cc12,c1ccc2n[nH]cc2c1,-3.025599956512451,-2.891228052982099,0.1343719035303521,0.1343719035303521,val,random,Random Forest
CCOC(=O)N(CC)CC,<ACYCLIC>,-1.0650999546051025,-1.3710183980649326,-0.3059184434598301,0.3059184434598301,val,random,Random Forest
CCOC(=O)NCC(C)C,<ACYCLIC>,-0.7680000066757202,-1.0488917669215154,-0.2808917602457952,0.2808917602457952,val,random,Random Forest
CCOC(=O)OCCOc1cc(O)c2c(c1N)C(=O)c1ccccc1C2=O,O=C1c2ccccc2C(=O)c2ccccc21,-9.219529151916504,-4.048377768813498,5.171151383103006,5.171151383103006,val,random,Random Forest
CCOC(=O)[C@H](CCc1ccccc1)N[C@@H](C)C(=O)N1CCC[C@H]1C(=O)O,O=C(CNCCCc1ccccc1)N1CCCC1,-1.3609000444412231,-1.7964998654042659,-0.4355998209630427,0.4355998209630427,val,random,Random Forest
CCOC(=O)[C@H](Cc1ccc(O)cc1)NC(C)=O,c1ccccc1,-1.8586000204086304,-2.0324744943926083,-0.17387447398397793,0.17387447398397793,val,random,Random Forest
CCOC(=O)c1ccc(O)c(Br)c1,c1ccccc1,-3.390000104904175,-3.2437574783779923,0.14624262652618247,0.14624262652618247,val,random,Random Forest
CCOC(=O)c1ccc(O)c(Cl)c1,c1ccccc1,-3.2232000827789307,-2.836465156921013,0.3867349258579176,0.3867349258579176,val,random,Random Forest
CCOC(=O)c1ccc2sc3ccccc3c(=O)c2c1,O=c1c2ccccc2sc2ccccc12,-6.7566022872924805,-4.6281314573423575,2.128470829950123,2.128470829950123,val,random,Random Forest
CCOC(=O)n1cc(F)c(=O)[nH]c1=O,O=c1cc[nH]c(=O)[nH]1,-1.4700000286102295,-1.2745609429206441,0.19543908568958535,0.19543908568958535,val,random,Random Forest
CCOC(C)C(=O)C(O)O,<ACYCLIC>,-0.17069999873638153,0.16103630505445793,0.33173630379083946,0.33173630379083946,val,random,Random Forest
CCOCCCC(C)OCCOCC(C)CO,<ACYCLIC>,-0.7908608317375183,-1.980320377198304,-1.1894595454607857,1.1894595454607857,val,random,Random Forest
CCOCCOC(=O)CCCCC(=O)OCCOCC,<ACYCLIC>,-2.065000057220459,-2.1651982144728015,-0.10019815725234249,0.10019815725234249,val,random,Random Forest
CCOCOC1CCCCCCCCCCC1,C1CCCCCCCCCCC1,-5.335319995880127,-4.981502220378122,0.3538177755020051,0.3538177755020051,val,random,Random Forest
CCOP(=O)(Cc1ccc(-c2nc3ccccc3s2)cc1)OCC,c1ccc(-c2nc3ccccc3s2)cc1,-4.001699924468994,-4.798796504140944,-0.7970965796719502,0.7970965796719502,val,random,Random Forest
CCOP(=S)(OCC)O/N=C(\C#N)c1ccccc1,c1ccccc1,-4.630000114440918,-4.4092772732899785,0.22072284115093943,0.22072284115093943,val,random,Random Forest
CCOP(=S)(OCC)SCC[S+]([O-])CC,<ACYCLIC>,-1.8609000444412231,-2.500764551798976,-0.6398645073577529,0.6398645073577529,val,random,Random Forest
CCOP(=S)(OCC)SCSc1ccc(Cl)cc1,c1ccccc1,-6.050000190734863,-5.5159324154204965,0.5340677753143668,0.5340677753143668,val,random,Random Forest
CCOP(=S)(Oc1ccc(C#N)cc1)c1ccccc1,S=[PH](Oc1ccccc1)c1ccccc1,-5.703700065612793,-4.062505712563155,1.641194353049638,1.641194353049638,val,random,Random Forest
CCOc1cc(Oc2ccc(C(F)(F)F)cc2Cl)ccc1[N+](=O)[O-],c1ccc(Oc2ccccc2)cc1,-6.493899822235107,-5.802573264495406,0.6913265577397016,0.6913265577397016,val,random,Random Forest
CCOc1ccc(C(C)(C)COCc2cccc(Oc3ccccc3)c2)cc1,c1ccc(CCOCc2cccc(Oc3ccccc3)c2)cc1,-8.575799942016602,-6.711885741551813,1.8639142004647882,1.8639142004647882,val,random,Random Forest
CCOc1ccc(NC(=O)NN)cc1,c1ccccc1,-1.6470999717712402,-2.031735864102305,-0.3846358923310649,0.3846358923310649,val,random,Random Forest
CCOc1ccc(NC(C)=O)c2cccnc12,c1ccc2ncccc2c1,-1.5170999765396118,-2.963239793127647,-1.446139816588035,1.446139816588035,val,random,Random Forest
CCOc1ccc([N+](=O)[O-])cc1N,c1ccccc1,-3.2112998962402344,-2.703406905503266,0.5078929907369685,0.5078929907369685,val,random,Random Forest
CCOc1ccc2c(c1)C(C)=CC(C)(C)N2,C1=Cc2ccccc2NC1,-3.3327622413635254,-3.895065938475509,-0.5623036971119837,0.5623036971119837,val,random,Random Forest
CCOc1ccc2c3c1O[C@H]1[C@@H](O)C=C[C@H]4[C@@H](C2)N(C)CC[C@@]341,C1=CC2C3Cc4cccc5c4C2(CCN3)C(C1)O5,-2.0789999961853027,-1.4053327509509415,0.6736672452343613,0.6736672452343613,val,random,Random Forest
CCOc1ccccc1NC(=O)C1=Cc2ccccc2/C(=N\Nc2ccc(C(N)=O)cc2)C1=O,O=C(Nc1ccccc1)C1=Cc2ccccc2C(=NNc2ccccc2)C1=O,-7.581973552703857,-6.933938212192481,0.6480353405113766,0.6480353405113766,val,random,Random Forest
CCSC(=O)N(CC(C)C)CC(C)C,<ACYCLIC>,-3.684000015258789,-2.992975866297014,0.691024148961775,0.691024148961775,val,random,Random Forest
CCSC(=O)N(CC)CC,<ACYCLIC>,-1.6916999816894531,-1.4363030723649213,0.25539690932453185,0.25539690932453185,val,random,Random Forest
CCSC(=O)N1CCCCCC1,C1CCCNCC1,-2.285799980163574,-2.741642932055825,-0.4558429518922509,0.4558429518922509,val,random,Random Forest
CCSC(=S)NC(C)C(=O)O,<ACYCLIC>,-1.2343000173568726,-0.9406728003984972,0.29362721695837535,0.29362721695837535,val,random,Random Forest
CCSC(=S)OC(CC(=O)O)C(=O)O,<ACYCLIC>,-1.2899999618530273,-1.3191069903045247,-0.029107028451497374,0.029107028451497374,val,random,Random Forest
CC[C@@H]1C(=O)O[C@H]1C,O=C1CCO1,-0.6664999723434448,-0.26906904816979466,0.39743092417365017,0.39743092417365017,val,random,Random Forest
CC[C@]12CC[C@@H]3C4=C(CC[C@H]3[C@@H]1CCC2=O)CC(OC)=CC4,O=C1CCC2C1CCC1C3=C(CC=CC3)CCC12,-5.36381721496582,-5.18921679619065,0.17460041877516996,0.17460041877516996,val,random,Random Forest
CC[n+]1c(-c2ccccc2)c2cc(N)ccc2c2ccc(N)cc21,c1ccc(-c2[nH+]c3ccccc3c3ccccc23)cc1,-1.294800043106079,-4.619903573177063,-3.325103530070984,3.325103530070984,val,random,Random Forest
CCc1[nH]c(=O)[nH]c1C(=O)c1ccncc1,O=C(c1ccncc1)c1c[nH]c(=O)[nH]1,-1.9900000095367432,-2.369522177260642,-0.3795221677238989,0.3795221677238989,val,random,Random Forest
CCc1cc(CC)c(CC)cc1CC,c1ccccc1,-4.588176727294922,-5.658269433779198,-1.0700927064842762,1.0700927064842762,val,random,Random Forest
CCc1cc(Cc2cc(CC)cc(C(C)(C)C)c2O)c(O)c(C(C)(C)C)c1,c1ccc(Cc2ccccc2)cc1,-5.566509246826172,-6.697828782753494,-1.1313195359273225,1.1313195359273225,val,random,Random Forest
CCc1ccc(NS(=O)(=O)c2ccc(N)cc2)cc1,O=S(=O)(Nc1ccccc1)c1ccccc1,-4.519999980926514,-3.6857810463758693,0.8342189345506443,0.8342189345506443,val,random,Random Forest
CCc1cccc(CC)c1N(COC)C(=O)CCl,c1ccccc1,-3.1700000762939453,-3.1127153227074165,0.05728475358652885,0.05728475358652885,val,random,Random Forest
CCc1cccs1,c1ccsc1,-2.5845999717712402,-2.3091477051942846,0.27545226657695565,0.27545226657695565,val,random,Random Forest
CCc1nc2cnc(N)nc2nc1CC,c1cnc2ncncc2n1,-3.0399999618530273,-2.325443730075228,0.7145562317777991,0.7145562317777991,val,random,Random Forest
CCc1nc2ncnc(O)c2nc1CC,c1cnc2ncncc2n1,-1.9121999740600586,-2.349910743342981,-0.4377107692829223,0.4377107692829223,val,random,Random Forest
CCn1c(O)c(N=Nc2ccc(S(=O)(=O)c3ccc(N=Nc4c(C)c(CS(=O)(=O)O)c(=O)n(CC)c4O)cc3)cc2)c(C)c(CS(=O)(=O)O)c1=O,O=c1ccc(N=Nc2ccc(S(=O)(=O)c3ccc(N=Nc4ccc(=O)[nH]c4)cc3)cc2)c[nH]1,-2.102187395095825,-3.269125585391407,-1.166938190295582,1.166938190295582,val,random,Random Forest
CN(C)C(=O)CCC(=O)N(C)C,<ACYCLIC>,0.5034999847412109,-0.25120756158410806,-0.754707546325319,0.754707546325319,val,random,Random Forest
CN(C)C(=O)COC(=O)c1ccccc1,c1ccccc1,-1.371999979019165,-1.2334348686733352,0.13856511034582986,0.13856511034582986,val,random,Random Forest
CN(C)C(=O)Nc1cc(C(C)(C)C)on1,c1cnoc1,-2.4272000789642334,-2.339927782061157,0.08727229690307636,0.08727229690307636,val,random,Random Forest
CN(C)C(=O)Nc1ccc(Oc2ccc(Cl)cc2)cc1,c1ccc(Oc2ccccc2)cc1,-4.895299911499023,-4.461740112451175,0.43355979904784814,0.43355979904784814,val,random,Random Forest
CN(C)C(=O)SCCCCOc1ccccc1,c1ccccc1,-3.9265999794006348,-3.496063951637239,0.4305360277633956,0.4305360277633956,val,random,Random Forest
CN(C)C(=O)c1ccccc1C(=O)N(C)C,c1ccccc1,0.5083000063896179,-0.6639319636941022,-1.17223197008372,1.17223197008372,val,random,Random Forest
CN(C)C1C(O)=C(C(N)=O)C(=O)C2(O)C(O)=C3C(=O)c4c(O)ccc(Cl)c4C(C)(O)C3CC12,O=C1C2=CC3C(=O)C=CCC3CC2Cc2ccccc21,-2.880000114440918,-2.7215559154396876,0.1584441990012304,0.1584441990012304,val,random,Random Forest
CN(C)C1C(O)=C(C(N)=O)C(=O)C2(O)C(O)=C3C(=O)c4c(O)cccc4C(C)(O)C3C(O)C12,O=C1C2=CC3C(=O)C=CCC3CC2Cc2ccccc21,-3.1500000953674316,-2.4809837218970303,0.6690163734704013,0.6690163734704013,val,random,Random Forest
CN(C)C1C(O)=C(C(N)=O)C(=O)C2(O)C(O)=C3C(=O)c4c(O)cccc4C(C)(O)C3CC12,O=C1C2=CC3C(=O)C=CCC3CC2Cc2ccccc21,-3.119999885559082,-2.9052141867984047,0.21478569876067732,0.21478569876067732,val,random,Random Forest
CN(C)C1CSSC1,C1CSSC1,-1.8730000257492065,-1.0746623906170472,0.7983376351321594,0.7983376351321594,val,random,Random Forest
CN(C)CCCN1c2ccccc2CCc2ccccc21,c1ccc2c(c1)CCc1ccccc1N2,-4.186999797821045,-3.9935822420337854,0.1934175557872595,0.1934175557872595,val,random,Random Forest
CN(C)CCOCCN(C)CCO,<ACYCLIC>,0.47646573185920715,0.24496344858252267,-0.23150228327668448,0.23150228327668448,val,random,Random Forest
CN(C)CCOCCO,<ACYCLIC>,-0.12447488307952881,0.7496546464663931,0.8741295295459219,0.8741295295459219,val,random,Random Forest
CN(C)Cc1cc(CN(C)C)c(O)c(CN(C)C)c1,c1ccccc1,0.5055163502693176,-2.133409260406372,-2.6389256106756895,2.6389256106756895,val,random,Random Forest
CN(C)Cc1ccccc1,c1ccccc1,-1.2279188632965088,-1.662796129065841,-0.4348772657693323,0.4348772657693323,val,random,Random Forest
CN(C)NC(=O)CCC(=O)O,<ACYCLIC>,-0.2046000063419342,-0.037076752529090304,0.1675232538128439,0.1675232538128439,val,random,Random Forest
CN(C)[C@@H]1C(=O)/C(=C(\N)O)C(=O)[C@@]2(O)C(=O)C3=C(O)c4c(O)ccc(Cl)c4[C@@H](O)[C@H]3C[C@@H]12,C=C1C(=O)CC2CC3Cc4ccccc4C=C3C(=O)C2C1=O,-1.0469017028808594,-2.5661037062405425,-1.5192020033596831,1.5192020033596831,val,random,Random Forest
CN(C)c1ccc(N=Nc2ccc(N)cc2)cc1,c1ccc(N=Nc2ccccc2)cc1,-4.593999862670898,-3.9584536690395007,0.6355461936313977,0.6355461936313977,val,random,Random Forest
CN(C)c1nc(=O)n(C2CCCCC2)c(=O)n1C,O=c1nc[nH]c(=O)n1C1CCCCC1,-0.883400022983551,-2.396466452178116,-1.513066429194565,1.513066429194565,val,random,Random Forest
CN(C)c1nc2ncncc2[nH]1,c1ncc2[nH]cnc2n1,-1.3884999752044678,-1.5575356967678078,-0.16903572156334,0.16903572156334,val,random,Random Forest
CN(CC(=O)O)C(=S)SCc1ccccc1,c1ccccc1,-3.2300000190734863,-2.623954875008455,0.6060451440650314,0.6060451440650314,val,random,Random Forest
CN(CC(=O)O)C(N)=NP(=O)(O)O,<ACYCLIC>,0.31265828013420105,-0.43204559308916307,-0.7447038732233642,0.7447038732233642,val,random,Random Forest
CN(CCCN)CCCN,<ACYCLIC>,0.8378838300704956,0.2807414659228311,-0.5571423641476645,0.5571423641476645,val,random,Random Forest
CN(CCO)c1nc(Nc2ccccc2)nc(Nc2ccc(/C=C/c3ccc(Nc4nc(Nc5ccccc5)nc(N(C)CCO)n4)cc3S(=O)(=O)O)c(S(=O)(=O)O)c2)n1,C(=Cc1ccc(Nc2ncnc(Nc3ccccc3)n2)cc1)c1ccc(Nc2ncnc(Nc3ccccc3)n2)cc1,-3.0693211555480957,-1.5433432757968581,1.5259778797512376,1.5259778797512376,val,random,Random Forest
CN(c1ccccc1)S(=O)(=O)C1=CC(=O)C2=C(NNc3ccc(NC(=O)CCl)cc3S(=O)(=O)O)C(=N)C=CC2=C1,N=C1C=CC2=CC(S(=O)(=O)Nc3ccccc3)=CC(=O)C2=C1NNc1ccccc1,-4.358857154846191,-1.7256904296041242,2.6331667252420674,2.6331667252420674,val,random,Random Forest
CN1C(=O)C(Cc2ccc(O)cc2)N(CC(=O)O)C1=O,O=C1NC(=O)C(Cc2ccccc2)N1,-0.05000000074505806,-1.7954765764868652,-1.7454765757418071,1.7454765757418071,val,random,Random Forest
CN1C(=O)C23CC4=CC=CC(O)C4N2C(=O)C1(CO)SS3,O=C1C2NC(=O)C3(CC4=CC=CCC4N13)SS2,-3.6700000762939453,-2.1307241114546023,1.539275964839343,1.539275964839343,val,random,Random Forest
CN1C(=O)[C@]23CC4=CC=C[C@H](O)[C@H]4N2C(=O)[C@@]1(CO)SS3,O=C1C2NC(=O)C3(CC4=CC=CCC4N13)SS2,-3.6686999797821045,-2.1307241114546023,1.5379758683275022,1.5379758683275022,val,random,Random Forest
CN1CC(O)C2=CC(=NNC(N)=O)C(=O)C=C21,N=C1C=C2CCNC2=CC1=O,-2.7200000286102295,-1.7917305832388002,0.9282694453714293,0.9282694453714293,val,random,Random Forest
CN1CC(O)N(c2nnc(C(C)(C)C)s2)C1=O,O=C1NCCN1c1nncs1,-1.8773000240325928,-2.067219093423517,-0.1899190693909243,0.1899190693909243,val,random,Random Forest
CN1CCOCC1,C1COCCN1,0.9950000047683716,0.6657035528821763,-0.3292964518861953,0.3292964518861953,val,random,Random Forest
CNC,<ACYCLIC>,1.5618592500686646,0.9589070568007583,-0.6029521932679063,0.6029521932679063,val,random,Random Forest
CNC(=O)C(C)SCCSP(=O)(OC)OC,<ACYCLIC>,0.5400000214576721,-0.53904839480858,-1.0790484162662521,1.0790484162662521,val,random,Random Forest
CNC(=O)Oc1cc(C)cc(C(C)C)c1,c1ccccc1,-3.3575000762939453,-3.0781775047065625,0.27932257158738283,0.27932257158738283,val,random,Random Forest
CNC(=O)Oc1cccc2ccccc12,c1ccc2ccccc2c1,-3.2239999771118164,-2.779496868204791,0.44450310890702527,0.44450310890702527,val,random,Random Forest
CNC(C)=O,<ACYCLIC>,1.1361123323440552,0.9011116771207403,-0.23500065522331492,0.23500065522331492,val,random,Random Forest
CNC(Cc1ccc(O)c(O)c1)C(=O)O,c1ccccc1,-1.0199999809265137,-1.172388392812067,-0.1523884118855534,0.1523884118855534,val,random,Random Forest
CNC1=Nc2ccc(Cl)cc2C(c2ccccc2)=[N+]([O-])C1,C1=Nc2ccccc2C(c2ccccc2)=[NH+]C1,-4.480000019073486,-3.598517270822667,0.8814827482508192,0.8814827482508192,val,random,Random Forest
CNc1ccc(S(=O)(=O)N(C)C)cc1,c1ccccc1,-3.0799999237060547,-1.8655474440379454,1.2144524796681093,1.2144524796681093,val,random,Random Forest
CNc1cccc(C)c1,c1ccccc1,-2.049999952316284,-1.4690159720795883,0.5809839802366958,0.5809839802366958,val,random,Random Forest
CNc1cccc2c1C(=O)c1ccccc1C2=O,O=C1c2ccccc2C(=O)c2ccccc21,-6.300000190734863,-4.475038462156933,1.8249617285779305,1.8249617285779305,val,random,Random Forest
CNc1nc(Cl)nc(NC(C)C)n1,c1ncncn1,-2.8896000385284424,-3.158418048193271,-0.2688180096648285,0.2688180096648285,val,random,Random Forest
COC(=O)/C=C(\C)N,<ACYCLIC>,-0.8059235215187073,-0.16009934020691008,0.6458241813117972,0.6458241813117972,val,random,Random Forest
COC(=O)/C=C(\C)OP(=O)(OC)OC,<ACYCLIC>,0.4275999963283539,-0.7694293270644311,-1.1970293233927851,1.1970293233927851,val,random,Random Forest
COC(=O)C(=O)c1ccccc1,c1ccccc1,-1.914237380027771,-1.5529317634388564,0.3613056165889146,0.3613056165889146,val,random,Random Forest
COC(=O)C(C)N(C(=O)Cc1ccccc1)c1c(C)cccc1C,O=C(Cc1ccccc1)Nc1ccccc1,-3.944200038909912,-3.669924683286722,0.2742753556231903,0.2742753556231903,val,random,Random Forest
COC(=O)C(C)N(C(=O)c1ccccc1)c1ccc(F)c(Cl)c1,O=C(Nc1ccccc1)c1ccccc1,-3.9820001125335693,-4.289248859925876,-0.3072487473923067,0.3072487473923067,val,random,Random Forest
COC(=O)C(Cc1ccccc1)NC(=O)C(CC(=O)O)NC(=O)C(F)(F)F,c1ccccc1,-2.6600000858306885,-2.13214586310604,0.5278542227246485,0.5278542227246485,val,random,Random Forest
COC(=O)C1(O)c2ccccc2-c2ccc(Cl)cc21,c1ccc2c(c1)Cc1ccccc1-2,-4.183599948883057,-3.839484098323124,0.34411585055993266,0.34411585055993266,val,random,Random Forest
COC(=O)C1(S(=O)(=O)c2ccc(Cl)cc2)CC1,O=S(=O)(c1ccccc1)C1CC1,-3.3085999488830566,-2.953712535155305,0.3548874137277518,0.3548874137277518,val,random,Random Forest
COC(=O)C1(S(=O)(=O)c2ccc([N+](=O)[O-])cc2)CC1,O=S(=O)(c1ccccc1)C1CC1,-3.379699945449829,-3.05104990269299,0.32865004275683907,0.32865004275683907,val,random,Random Forest
COC(=O)C1C2C=CC(C2)C1C(=O)OC,C1=CC2CCC1C2,-1.2000000476837158,-1.2932574029828583,-0.09325735529914247,0.09325735529914247,val,random,Random Forest
COC(=O)C1CC2(C(C)C)C=CC1(C)CC2,C1=CC2CCC1CC2,-4.200866222381592,-4.034029423777941,0.16683679860365075,0.16683679860365075,val,random,Random Forest
COC(=O)C=C(C)C,<ACYCLIC>,-1.414000391960144,-0.46914140664099413,0.9448589853191499,0.9448589853191499,val,random,Random Forest
COC(=O)CCN(CCC(=O)OC)c1ccc(N=Nc2ccc([N+](=O)[O-])cc2[N+](=O)[O-])c(NC(C)=O)c1,c1ccc(N=Nc2ccccc2)cc1,-7.332831382751465,-6.019696976197116,1.313134406554349,1.313134406554349,val,random,Random Forest
COC(=O)CCc1cc(C(C)(C)C)c(O)c(C(C)(C)C)c1,c1ccccc1,-5.12358283996582,-4.597091667699179,0.526491172266641,0.526491172266641,val,random,Random Forest
COC(=O)CCl,<ACYCLIC>,-0.37276795506477356,0.09011267081434499,0.46288062587911855,0.46288062587911855,val,random,Random Forest
COC(=O)NS(=O)(=O)c1ccc(N)cc1,c1ccccc1,-1.7599999904632568,-2.136342866015431,-0.37634287555217405,0.37634287555217405,val,random,Random Forest
COC(=O)c1cc(C)ccc1C1=NC(C)(C(C)C)C(=O)N1,O=C1CN=C(c2ccccc2)N1,-2.326200008392334,-2.871616674187068,-0.5454166657947339,0.5454166657947339,val,random,Random Forest
COC(=O)c1ccc(C(=O)OC)c(N)c1,c1ccccc1,-3.718503713607788,-2.0055231270347558,1.7129805865730323,1.7129805865730323,val,random,Random Forest
COC(=O)c1ccccc1,c1ccccc1,-1.811798334121704,-1.5235777722740889,0.28822056184761524,0.28822056184761524,val,random,Random Forest
COC(=O)n1c(-c2cscn2)nc2ccccc21,c1ccc2[nH]c(-c3cscn3)nc2c1,-3.109999895095825,-3.67844162958411,-0.5684417344882848,0.5684417344882848,val,random,Random Forest
COC(C)(C)CCCC(C)C/C=C/C(C)=C/C(=O)OC(C)C,<ACYCLIC>,-5.345900058746338,-5.451699932721027,-0.10579987397468926,0.10579987397468926,val,random,Random Forest
COC(C)(C)CCO,<ACYCLIC>,-0.07252928614616394,0.11042116286172124,0.18295044900788518,0.18295044900788518,val,random,Random Forest
COC(N)=O,<ACYCLIC>,0.9639999866485596,0.5448647422623122,-0.4191352443862474,0.4191352443862474,val,random,Random Forest
COC(OC)C(C)(C)CC=C(C)C,<ACYCLIC>,-3.33976149559021,-3.536946518275335,-0.19718502268512506,0.19718502268512506,val,random,Random Forest
COC1=C(OC)C2C(=O)OCC2C=C1,O=C1OCC2C=CC=CC12,-1.8990000486373901,-1.779392775123074,0.1196072735143161,0.1196072735143161,val,random,Random Forest
COC1=C/C(=N/N(O)c2ccc(N/N=C3/C(=O)c4c(O)cc(S(=O)(=O)O)cc4C=C3S(=O)(=O)O)c(OC)c2)C=C/C1=N/N=C1\C(=O)c2c(O)cc(S(=O)(=O)O)cc2C=C1S(=O)(=O)O,O=C1C(=NN=C2C=CC(=NNc3ccc(NN=C4C=Cc5ccccc5C4=O)cc3)C=C2)C=Cc2ccccc21,-0.9094796776771545,-1.1835178732124487,-0.2740381955352942,0.2740381955352942,val,random,Random Forest
COC1CCCCCCCCCCC1,C1CCCCCCCCCCC1,-4.683590412139893,-4.8215570835729755,-0.13796667143308294,0.13796667143308294,val,random,Random Forest
COCCCNc1nc(NC(C)C)nc(SC)n1,c1ncncn1,-2.9284000396728516,-3.0370106219803064,-0.1086105823074548,0.1086105823074548,val,random,Random Forest
COCCCn1c(=O)c2c(N)c3c(=O)c4ccccc4c(=O)c3c(N)c2c1=O,O=c1[nH]c(=O)c2cc3c(=O)c4ccccc4c(=O)c3cc12,-7.323792934417725,-4.329124557268792,2.9946683771489324,2.9946683771489324,val,random,Random Forest
COCCOCCOC,<ACYCLIC>,0.8454562425613403,0.2651639767154354,-0.5802922658459049,0.5802922658459049,val,random,Random Forest
COCCOCCO[Si](CCCOCC1CO1)(OCCOCCOC)OCCOCCOC,C1CO1,1.5823132991790771,-2.4624223598295014,-4.044735659008579,4.044735659008579,val,random,Random Forest
CON(C)C(=O)Nc1ccc(Br)cc1,c1ccccc1,-2.8949999809265137,-2.938630290373924,-0.0436303094474102,0.0436303094474102,val,random,Random Forest
COP(=O)(OC)OC1=C(Cl)C2C=CCC12,C1=CC2C=CC2C1,-2.0011000633239746,-2.670193298642874,-0.6690932353188992,0.6690932353188992,val,random,Random Forest
COP(=S)(NC(C)C)Oc1ccc(Cl)cc1Cl,c1ccccc1,-4.7982001304626465,-4.449340808769542,0.3488593216931042,0.3488593216931042,val,random,Random Forest
COP(=S)(OC)Oc1ccc([N+](=O)[O-])c(C)c1,c1ccccc1,-4.039999961853027,-3.960004176141014,0.07999578571201349,0.07999578571201349,val,random,Random Forest
COc1c(Cl)cc(Cl)c(OC)c1O,c1ccccc1,-2.9600000381469727,-3.0477592194115344,-0.08775918126456173,0.08775918126456173,val,random,Random Forest
COc1c(O)c(OC)c(Cl)c(Cl)c1Cl,c1ccccc1,-3.4100000858306885,-3.7861167182647986,-0.3761166324341101,0.3761166324341101,val,random,Random Forest
COc1c2occc2c(CN)c2ccc(=O)oc12,O=c1ccc2cc3ccoc3cc2o1,-0.8999999761581421,-3.284229300020223,-2.384229323862081,2.384229323862081,val,random,Random Forest
COc1c2occc2cc2ccc(=O)oc12,O=c1ccc2cc3ccoc3cc2o1,-3.5199999809265137,-3.5911505054002872,-0.07115052447377357,0.07115052447377357,val,random,Random Forest
COc1cc(C(=O)CO)ccc1O,c1ccccc1,-1.7799999713897705,-1.3053895348269888,0.4746104365627817,0.4746104365627817,val,random,Random Forest
COc1cc(C(=O)O)ccc1O,c1ccccc1,-2.0495998859405518,-1.913495569538045,0.13610431640250686,0.13610431640250686,val,random,Random Forest
COc1cc(NC(=O)C2=Cc3ccccc3/C(=N/Nc3cc(C(=O)Nc4ccccc4)ccc3OC)C2=O)c(OC)cc1Cl,O=C(Nc1ccccc1)C1=Cc2ccccc2C(=NNc2cccc(C(=O)Nc3ccccc3)c2)C1=O,-7.846560478210449,-7.886284257329483,-0.039723779119033686,0.039723779119033686,val,random,Random Forest
COc1cc(NC(=O)CC(C)=O)c(OC)cc1Cl,c1ccccc1,-2.9792447090148926,-3.126617009141059,-0.14737230012616642,0.14737230012616642,val,random,Random Forest
COc1cc(NC(=O)c2cccnc2)c2ncccc2c1,O=C(Nc1cccc2cccnc12)c1cccnc1,-4.446100234985352,-3.839101212360791,0.6069990226245605,0.6069990226245605,val,random,Random Forest
COc1cc([C@@H]2c3cc4c(c(O)c3C[C@H]3COC(=O)[C@@H]32)OCO4)cc(OC)c1O,O=C1OCC2Cc3cc4c(cc3C(c3ccccc3)C12)OCO4,-4.125400066375732,-3.526034420775975,0.5993656455997574,0.5993656455997574,val,random,Random Forest
COc1cc([C@@H]2c3cc4c(c(O)c3C[C@H]3COC(=O)[C@@H]32)OCO4)cc(OC)c1OC,O=C1OCC2Cc3cc4c(cc3C(c3ccccc3)C12)OCO4,-4.503499984741211,-3.7161435799496196,0.7873564047915913,0.7873564047915913,val,random,Random Forest
COc1cc2c(c3c1c(=O)c1cccnc1n3C)C=CC(C)(C)O2,O=c1c2cccnc2[nH]c2c3c(ccc12)OCC=C3,-3.9600000381469727,-4.4190275908534735,-0.45902755270650086,0.45902755270650086,val,random,Random Forest
COc1cc2ncnc(N3CCN(C(=O)Nc4ccsc4)CC3)c2cc1OC,O=C(Nc1ccsc1)N1CCN(c2ncnc3ccccc23)CC1,-5.300000190734863,-4.426532796113161,0.8734673946217022,0.8734673946217022,val,random,Random Forest
COc1ccc(C(=O)NC(Cc2ccccc2)C(O)C(=O)N2CSC(C)(C)C2C(=O)NC(C)(C)C)cc1,O=C(NC(CC(=O)N1CCSC1)Cc1ccccc1)c1ccccc1,-4.110000133514404,-4.0411511587649604,0.06884897474944385,0.06884897474944385,val,random,Random Forest
COc1ccc(C(=O)Nc2ccccc2)cc1N/N=C1\C(=O)C(C(=O)Nc2cc(Cl)ccc2C)=Cc2ccccc21,O=C(Nc1ccccc1)C1=Cc2ccccc2C(=NNc2cccc(C(=O)Nc3ccccc3)c2)C1=O,-7.752070903778076,-7.910804543700401,-0.1587336399223247,0.1587336399223247,val,random,Random Forest
COc1ccc(C=O)cc1O,c1ccccc1,-1.826243281364441,-1.5435930572652241,0.2826502240992168,0.2826502240992168,val,random,Random Forest
COc1ccc(COC(C)=O)cc1,c1ccccc1,-2.4740066528320312,-2.129737578676097,0.34426907415593444,0.34426907415593444,val,random,Random Forest
COc1ccc(Cn2cc(F)c(=O)[nH]c2=O)cc1,O=c1ccn(Cc2ccccc2)c(=O)[nH]1,-2.75,-2.4662950905319794,0.2837049094680206,0.2837049094680206,val,random,Random Forest
COc1ccc(N)cc1,c1ccccc1,-0.748029351234436,-0.983153353856039,-0.23512400262160293,0.23512400262160293,val,random,Random Forest
COc1ccc(NS(=O)(=O)c2ccc(N)cc2)nn1,O=S(=O)(Nc1cccnn1)c1ccccc1,-2.680000066757202,-2.8496831413907993,-0.1696830746335971,0.1696830746335971,val,random,Random Forest
COc1ccc(Oc2ccc(NC(=O)N(C)C)cc2)cc1,c1ccc(Oc2ccccc2)cc1,-4.155799865722656,-3.713095910437492,0.44270395528516415,0.44270395528516415,val,random,Random Forest
COc1ccc(S(=O)(=O)c2coc(S(N)(=O)=O)c2)cc1,O=S(=O)(c1ccccc1)c1ccoc1,-3.0199999809265137,-3.146294182247271,-0.12629420132075753,0.12629420132075753,val,random,Random Forest
COc1ccc2[nH]cc(CCNC(C)=O)c2c1,c1ccc2[nH]ccc2c1,-5.090000152587891,-2.404353481966607,2.6856466706212836,2.6856466706212836,val,random,Random Forest
COc1ccc2c3c1OC1C(O)C=CC4C(C2)N(C)CCC341,C1=CC2C3Cc4cccc5c4C2(CCN3)C(C1)O5,-1.5199999809265137,-1.444468093893388,0.07553188703312563,0.07553188703312563,val,random,Random Forest
COc1ccc2cc(C(C)C(=O)OCC(=O)N(C)C)ccc2c1,c1ccc2ccccc2c1,-4.900000095367432,-3.3144332290058403,1.5855668663615914,1.5855668663615914,val,random,Random Forest
COc1ccc2cc(C(C)C(=O)OCC(=O)N(C)CCO)ccc2c1,c1ccc2ccccc2c1,-3.390000104904175,-2.990475777774971,0.3995243271292037,0.3995243271292037,val,random,Random Forest
COc1ccc2cc(C(C)C(=O)OCC(=O)N(CCO)CCO)ccc2c1,c1ccc2ccccc2c1,-2.9600000381469727,-2.8325580419649667,0.1274419961820059,0.1274419961820059,val,random,Random Forest
COc1ccc2cc(C(C)C(=O)OCCCCN3CCOCC3)ccc2c1,O=C(Cc1ccc2ccccc2c1)OCCCCN1CCOCC1,-3.700000047683716,-3.309933543902816,0.3900665037808997,0.3900665037808997,val,random,Random Forest
COc1ccc2cc(C(C)C(=O)OCCOC(=O)CN)ccc2c1,c1ccc2ccccc2c1,-1.9800000190734863,-3.1466181660435653,-1.166618146970079,1.166618146970079,val,random,Random Forest
COc1cccc(C(=O)O)c1OC,c1ccccc1,-2.140000104904175,-1.9792507784585243,0.16074932644565054,0.16074932644565054,val,random,Random Forest
COc1cccc(OC)c1O,c1ccccc1,-0.9524999856948853,-1.6433110659495154,-0.6908110802546301,0.6908110802546301,val,random,Random Forest
COc1nc(C)nc(NC(=O)NS(=O)(=O)c2ccccc2Cl)n1,O=C(Nc1ncncn1)NS(=O)(=O)c1ccccc1,-1.7100000381469727,-3.5651590158636606,-1.855158977716688,1.855158977716688,val,random,Random Forest
CP(=O)(O)CCC(N)C(=O)O,<ACYCLIC>,0.8396999835968018,-0.10377530363027168,-0.9434752872270734,0.9434752872270734,val,random,Random Forest
CS(=O)(=O)NS(=O)(=O)C1CCCCC1,C1CCCCC1,-0.33000001311302185,-1.0238909261033255,-0.6938909129903037,0.6938909129903037,val,random,Random Forest
CS(=O)(=O)Nc1ccc([N+](=O)[O-])cc1Oc1ccccc1,c1ccc(Oc2ccccc2)cc1,-4.489999771118164,-4.442217007720525,0.047782763397639094,0.047782763397639094,val,random,Random Forest
CS(=O)(=O)c1ccc(C(=N)N)cc1,c1ccccc1,-1.3799999952316284,-1.7794477497763812,-0.3994477545447528,0.3994477545447528,val,random,Random Forest
CS(=O)(=O)c1ccc(C(=O)C2C(=O)CCCC2=O)c(Cl)c1,O=C1CCCC(=O)C1C(=O)c1ccccc1,-3.2994000911712646,-3.5484963429064904,-0.24909625173522576,0.24909625173522576,val,random,Random Forest
CS(=O)(=O)c1ccc(C(O)C(CO)NC(=O)C(Cl)Cl)cc1,c1ccccc1,-2.1500000953674316,-2.071292850551958,0.07870724481547375,0.07870724481547375,val,random,Random Forest
CSC[S+]([O-])CC(CO)NC(=O)C=Cc1c(C)[nH]c(=O)[nH]c1=O,O=c1cc[nH]c(=O)[nH]1,-1.9809999465942383,-1.7261912007752256,0.2548087458190127,0.2548087458190127,val,random,Random Forest
CSc1ncc2nccnc2n1,c1cnc2ncncc2n1,-1.756100058555603,-1.2952424534601157,0.46085760509548734,0.46085760509548734,val,random,Random Forest
C[C@@H]1CN(c2c(F)c(N)c3c(=O)c(C(=O)O)cn(C4CC4)c3c2F)C[C@H](C)N1,O=c1ccn(C2CC2)c2cc(N3CCNCC3)ccc12,-3.369999885559082,-4.264615782944297,-0.894615897385215,0.894615897385215,val,random,Random Forest
C[C@@H]1NC(=O)[C@@H](C)NC1=O,O=C1CNC(=O)CN1,-0.15279999375343323,-0.7949311416379545,-0.6421311478845213,0.6421311478845213,val,random,Random Forest
C[C@H](C[C@H](C)C(=O)O)C(=O)O,<ACYCLIC>,-0.4564000070095062,-0.42093826147276964,0.03546174553673659,0.03546174553673659,val,random,Random Forest
C[C@H](N)C(C)(C)C,<ACYCLIC>,0.9861000180244446,-0.3526731277506582,-1.3387731457751029,1.3387731457751029,val,random,Random Forest
C[C@]12CCC(=O)C=C1CC[C@@H]1[C@@H]2CC[C@@]2(C)[C@H]1CC[C@@]21CCC(=O)O1,O=C1C=C2CCC3C(CCC4C3CCC43CCC(=O)O3)C2CC1,-4.225003719329834,-5.028392692554565,-0.803388973224731,0.803388973224731,val,random,Random Forest
C[C@]12CCC(=O)C=C1CC[C@@H]1[C@@H]2CC[C@]2(C)C(=O)CC[C@@H]12,O=C1C=C2CCC3C4CCC(=O)C4CCC3C2CC1,-3.6949000358581543,-3.8692206599721817,-0.17432062411402738,0.17432062411402738,val,random,Random Forest
C[C@]12CC[C@@H]3c4ccc(O)cc4CC[C@H]3[C@@H]1CC[C@@H]2O,c1ccc2c(c1)CCC1C2CCC2CCCC21,-4.878900051116943,-4.611676496591833,0.2672235545251107,0.2672235545251107,val,random,Random Forest
C[C@]12CC[C@@H]3c4ccc(O)cc4CC[C@H]3[C@@H]1CC[C@H]2O,c1ccc2c(c1)CCC1C2CCC2CCCC21,-4.844099998474121,-4.611676496591833,0.23242350188228844,0.23242350188228844,val,random,Random Forest
C[C@]12CC[C@H](O)CC1=CC[C@@H]1[C@@H]2CC[C@]2(C)C(=O)CC[C@@H]12,O=C1CCC2C1CCC1C3CCCCC3=CCC21,-4.122000217437744,-4.060045884220252,0.061954333217491886,0.061954333217491886,val,random,Random Forest
C[C@]12CC[C@H](O)C[C@@H]1CC[C@@H]1[C@@H]2CC[C@]2(C)C(=O)CC[C@@H]12,O=C1CCC2C1CCC1C3CCCCC3CCC21,-4.157700061798096,-4.4396001472132545,-0.28190008541515876,0.28190008541515876,val,random,Random Forest
C[Hg]C#N,<ACYCLIC>,-0.08209999650716782,-1.3907064284120985,-1.3086064319049306,1.3086064319049306,val,random,Random Forest
C[N+](C)(C)CCCl,<ACYCLIC>,0.7990000247955322,-1.1176879983943762,-1.9166880231899084,1.9166880231899084,val,random,Random Forest
C[N+](C)(C)CCO,<ACYCLIC>,0.6032053232192993,0.6667003708717367,0.06349504765243741,0.06349504765243741,val,random,Random Forest
C[N+](C)(C)c1ccc2ccc(O)c(N=Nc3ccc(N)cc3)c2c1,c1ccc(N=Nc2cccc3ccccc23)cc1,-1.9807853698730469,-4.9956125620768175,-3.0148271922037706,3.0148271922037706,val,random,Random Forest
C[N+]1([O-])CCOCC1,C1COCC[NH2+]1,0.4563099145889282,0.3839089208618865,-0.07240099372704173,0.07240099372704173,val,random,Random Forest
C[Si](C)(C)N[Si](C)(C)C,<ACYCLIC>,-2.2100722789764404,-1.8617821733531439,0.34829010562329654,0.34829010562329654,val,random,Random Forest
C[Si](C)(C)O[Si](C)(C)O[Si](C)(C)C,<ACYCLIC>,-6.842400074005127,-4.650686963722934,2.191713110282193,2.191713110282193,val,random,Random Forest
Cc1c(Cl)ccc(Cc2ccc(Cl)cc2Cl)c1Cl,c1ccc(Cc2ccccc2)cc1,-7.400000095367432,-7.637900964682693,-0.23790086931526133,0.23790086931526133,val,random,Random Forest
Cc1c([N+](=O)[O-])cccc1[N+](=O)[O-],c1ccccc1,-3.0002999305725098,-2.9255813962705237,0.07471853430198605,0.07471853430198605,val,random,Random Forest
Cc1cc(C)c(Nc2ccc(Nc3c(C)cc(C)cc3C)c3c2C(=O)c2ccccc2C3=O)c(C)c1,O=C1c2ccccc2C(=O)c2c(Nc3ccccc3)ccc(Nc3ccccc3)c21,-7.8250732421875,-6.920111246629998,0.9049619955575023,0.9049619955575023,val,random,Random Forest
Cc1cc(C)c([PH](=O)O)c(C)c1,c1ccccc1,-2.789599895477295,-1.8384674887845947,0.9511324066927003,0.9511324066927003,val,random,Random Forest
Cc1cc(C)cc(N2C(=O)c3ccc4c5ccc6c7c(ccc(c8ccc(c3c48)C2=O)c75)C(=O)N(c2cc(C)cc(C)c2)C6=O)c1,O=C1c2ccc3c4ccc5c6c(ccc(c7ccc(c2c37)C(=O)N1c1ccccc1)c64)C(=O)N(c1ccccc1)C5=O,-7.47614860534668,-6.835685556817937,0.6404630485287424,0.6404630485287424,val,random,Random Forest
Cc1cc(Cc2ccc(N)c(C)c2)ccc1N,c1ccc(Cc2ccccc2)cc1,-4.150608539581299,-3.1555946166363373,0.9950139229449615,0.9950139229449615,val,random,Random Forest
Cc1cc(Cl)ccc1OCCCC(=O)O,c1ccccc1,-3.677999973297119,-3.259252153284299,0.41874782001282007,0.41874782001282007,val,random,Random Forest
Cc1cc(N(CCO)CCO)ccc1N=Nc1c(Cl)cc([N+](=O)[O-])cc1Cl,c1ccc(N=Nc2ccccc2)cc1,-5.959199905395508,-6.016883568381436,-0.05768366298592831,0.05768366298592831,val,random,Random Forest
Cc1cc(N)c(S(=O)(=O)O)cc1Cl,c1ccccc1,-2.3456971645355225,-2.1840321059960996,0.1616650585394228,0.1616650585394228,val,random,Random Forest
Cc1cc(N)n(-c2ccccc2)n1,c1ccc(-n2cccn2)cc1,-0.9376000165939331,-1.7837523838505633,-0.8461523672566302,0.8461523672566302,val,random,Random Forest
Cc1cc(NC(C)C(=O)c2ccccc2)ccc1N/N=C1\C=C(S(=O)(=O)O)c2ccccc2C1=O,O=C(CNc1ccc(NN=C2C=Cc3ccccc3C2=O)cc1)c1ccccc1,-1.8129006624221802,-2.572745376787724,-0.7598447143655438,0.7598447143655438,val,random,Random Forest
Cc1cc(O)c([N+](=O)[O-])cc1Cl,c1ccccc1,-4.390100002288818,-2.904659310608629,1.4854406916801892,1.4854406916801892,val,random,Random Forest
Cc1cc(S(=O)(=O)O)c(N/N=C2\C(=O)C(C(=O)O)=Cc3ccccc32)cc1Cl,O=C1C=Cc2ccccc2C1=NNc1ccccc1,-6.263770580291748,-4.676869983395809,1.5869005968959389,1.5869005968959389,val,random,Random Forest
Cc1cc([N+](=O)[O-])ccc1N,c1ccccc1,-3.0361526012420654,-2.152483102008718,0.8836694992333474,0.8836694992333474,val,random,Random Forest
Cc1cc2ccccc2cn1,c1ccc2cnccc2c1,-2.190000057220459,-2.3009629887842786,-0.11096293156381964,0.11096293156381964,val,random,Random Forest
Cc1cc2nc3c(C)c(N)ccc3[n+](-c3ccccc3)c2cc1N,c1ccc(-[n+]2c3ccccc3nc3ccccc32)cc1,-0.8461999893188477,-3.813114906165018,-2.96691491684617,2.96691491684617,val,random,Random Forest
Cc1ccc(-n2ccc(=O)c(O)c2C)cc1,O=c1ccn(-c2ccccc2)cc1,-3.2200000286102295,-2.5683312566268546,0.6516687719833749,0.6516687719833749,val,random,Random Forest
Cc1ccc(C(=O)COc2c(C(=O)c3ccc(Cl)c(C)c3Cl)c(C)nn2C)cc1,O=C(COc1[nH]ncc1C(=O)c1ccccc1)c1ccccc1,-6.520899772644043,-5.892714005506989,0.6281857671370537,0.6281857671370537,val,random,Random Forest
Cc1ccc(C(=O)O)cc1,c1ccccc1,-2.5299999713897705,-1.9276866515839386,0.6023133198058319,0.6023133198058319,val,random,Random Forest
Cc1ccc(C(=O)c2cc(O)c(O)c([N+](=O)[O-])c2)cc1,O=C(c1ccccc1)c1ccccc1,-4.170000076293945,-3.926432521660019,0.24356755463392643,0.24356755463392643,val,random,Random Forest
Cc1ccc(C(C)C)c(O)c1,c1ccccc1,-2.190000057220459,-2.2702742186969243,-0.08027416147646527,0.08027416147646527,val,random,Random Forest
Cc1ccc(C)c(C)c1,c1ccccc1,-3.309999942779541,-3.1789730031678505,0.13102693961169054,0.13102693961169054,val,random,Random Forest
Cc1ccc(C)c(C)n1,c1ccncc1,-0.5892999768257141,-0.9975216001719476,-0.40822162334623346,0.40822162334623346,val,random,Random Forest
Cc1ccc(N)c(Cl)c1O,c1ccccc1,-1.4815528392791748,-2.0138290182067933,-0.5322761789276185,0.5322761789276185,val,random,Random Forest
Cc1ccc(N)cc1,c1ccccc1,-1.0477452278137207,-0.7928219949760663,0.2549232328376544,0.2549232328376544,val,random,Random Forest
Cc1ccc(O)c(-n2nc3ccccc3n2)c1,c1ccc(-n2nc3ccccc3n2)cc1,-5.352666854858398,-3.0296429149263497,2.3230239399320487,2.3230239399320487,val,random,Random Forest
Cc1ccc(OP(=O)(Oc2ccc(C)cc2)Oc2ccc(C)cc2)cc1,O=P(Oc1ccccc1)(Oc1ccccc1)Oc1ccccc1,-6.089200019836426,-5.896413456222308,0.19278656361411795,0.19278656361411795,val,random,Random Forest
Cc1ccc(P(=O)(O)O)c(C)c1,c1ccccc1,-1.0937999486923218,-1.5495167319899985,-0.45571678329767673,0.45571678329767673,val,random,Random Forest
Cc1ccc(S(=O)(=O)C2(C(=O)OC(C)C)CC2)cc1,O=S(=O)(c1ccccc1)C1CC1,-3.2307000160217285,-3.4302531247186296,-0.19955310869690113,0.19955310869690113,val,random,Random Forest
Cc1ccc(S(=O)(=O)C2(C(=O)OC(C)C)CCC2)cc1,O=S(=O)(c1ccccc1)C1CCC1,-3.3399999141693115,-3.8772879352563314,-0.5372880210870199,0.5372880210870199,val,random,Random Forest
Cc1ccc(S(=O)(=O)NCl)cc1,c1ccccc1,-0.36000001430511475,-1.970171873436406,-1.6101718591312912,1.6101718591312912,val,random,Random Forest
Cc1ccc(S(=O)(=O)Oc2ccc(N=Nc3ccc(N=Nc4ccc(Nc5ccc([N+](=O)[O-])cc5S(=O)(=O)O)cc4)c4ccc(S(=O)(=O)O)cc34)cc2)cc1,O=S(=O)(Oc1ccc(N=Nc2ccc(N=Nc3ccc(Nc4ccccc4)cc3)c3ccccc23)cc1)c1ccccc1,-1.5709847211837769,-1.9063887486198234,-0.3354040274360466,0.3354040274360466,val,random,Random Forest
Cc1ccc2[nH]c3cc4c(=O)c5cc(C)ccc5[nH]c4cc3c(=O)c2c1,O=c1c2ccccc2[nH]c2cc3c(=O)c4ccccc4[nH]c3cc12,-7.783778667449951,-5.65829628200695,2.125482385443001,2.125482385443001,val,random,Random Forest
Cc1ccc2c(c1)C(=O)c1ccccc1C2=O,O=C1c2ccccc2C(=O)c2ccccc21,-6.117146015167236,-4.4018823168815056,1.7152636982857308,1.7152636982857308,val,random,Random Forest
Cc1ccc2c(ccc3ccccc32)c1,c1ccc2c(c1)ccc1ccccc12,-5.836699962615967,-6.128122331225676,-0.2914223686097088,0.2914223686097088,val,random,Random Forest
Cc1ccc2cc(C)c(C)cc2c1,c1ccc2ccccc2c1,-5.000699996948242,-5.20563101228299,-0.2049310153347479,0.2049310153347479,val,random,Random Forest
Cc1ccc2ccccc2c1,c1ccc2ccccc2c1,-3.76200008392334,-4.095622642006129,-0.33362255808278896,0.33362255808278896,val,random,Random Forest
Cc1cccc(Br)c1,c1ccccc1,-3.5230000019073486,-3.206272224126561,0.31672777778078753,0.31672777778078753,val,random,Random Forest
Cc1cccc(C(=O)O)c1O,c1ccccc1,-2.0399999618530273,-1.872108773609853,0.1678911882431744,0.1678911882431744,val,random,Random Forest
Cc1cccc(O)c1,c1ccccc1,-0.6629185080528259,-0.7524196263039274,-0.08950111825110152,0.08950111825110152,val,random,Random Forest
Cc1ccccc1C(=O)Nc1cccc(OC(C)C)c1,O=C(Nc1ccccc1)c1ccccc1,-4.326499938964844,-4.440165544564918,-0.11366560560007422,0.11366560560007422,val,random,Random Forest
Cc1ccccc1CCl,c1ccccc1,-3.081326961517334,-2.894028877769287,0.1872980837480469,0.1872980837480469,val,random,Random Forest
Cc1ccccc1N1C(=O)c2cc(S(N)(=O)=O)c(Cl)cc2NC1C,O=C1c2ccccc2NCN1c1ccccc1,-3.7829999923706055,-4.12048169825569,-0.33748170588508497,0.33748170588508497,val,random,Random Forest
Cc1ccccc1Oc1ccccc1C,c1ccc(Oc2ccccc2)cc1,-4.84392786026001,-4.795081751705164,0.04884610855484617,0.04884610855484617,val,random,Random Forest
Cc1ccccc1[N+](=O)[O-],c1ccccc1,-2.3243000507354736,-2.2610192237154787,0.06328082701999493,0.06328082701999493,val,random,Random Forest
Cc1ccco1,c1ccoc1,-1.4371999502182007,-0.5964825410268478,0.8407174091913528,0.8407174091913528,val,random,Random Forest
Cc1ccnc(NC(=O)c2cnccn2)n1,O=C(Nc1ncccn1)c1cnccn1,-0.7307999730110168,-2.22348288861393,-1.4926829156029133,1.4926829156029133,val,random,Random Forest
Cc1cnc2nc[nH]c(=O)c2n1,O=c1[nH]cnc2nccnc12,-1.649999976158142,-1.7733392106953898,-0.12333923453724771,0.12333923453724771,val,random,Random Forest
Cc1nc2c(=O)n(C)c(=O)n(C)c2nc1C,O=c1[nH]c(=O)c2nccnc2[nH]1,-1.342900037765503,-1.7114264625601245,-0.3685264247946216,0.3685264247946216,val,random,Random Forest
Cc1nc2n(c(=O)c1CCCl)CCCC2,O=c1ccnc2n1CCCC2,0.5797669291496277,-2.4437797348121393,-3.023546663961767,3.023546663961767,val,random,Random Forest
Cc1ncc[nH]1,c1c[nH]cn1,0.5121363401412964,0.4160168369084247,-0.09611950323287166,0.09611950323287166,val,random,Random Forest
Cc1nn(C)c(Oc2ccccc2)c1/C=N/OCc1ccc(C(=O)OC(C)(C)C)cc1,C(=NOCc1ccccc1)c1cn[nH]c1Oc1ccccc1,-7.460400104522705,-5.814450366997172,1.645949737525533,1.645949737525533,val,random,Random Forest
Cc1nnc2n1-c1ccc(Cl)cc1C(c1ccccc1)=NC2,c1ccc(C2=NCc3nncn3-c3ccccc32)cc1,-3.5999999046325684,-4.215987434409139,-0.6159875297765707,0.6159875297765707,val,random,Random Forest
ClC(Cl)c1ccccc1,c1ccccc1,-2.809000015258789,-3.450977013348085,-0.6419769980892958,0.6419769980892958,val,random,Random Forest
ClC1=C(Cl)C(Cl)(Cl)C(Cl)=C1Cl,C1=CCC=C1,-5.180500030517578,-5.743662405789877,-0.5631623752722987,0.5631623752722987,val,random,Random Forest
ClC=C(Cl)Cl,<ACYCLIC>,-1.9600000381469727,-2.1771848552540467,-0.21718481710707405,0.21718481710707405,val,random,Random Forest
ClCC(Cl)(Cl)CCl,<ACYCLIC>,-2.5785000324249268,-2.5736258829711414,0.0048741494537853924,0.0048741494537853924,val,random,Random Forest
ClCC(Cl)Cl,<ACYCLIC>,-1.581104040145874,-1.808468870867127,-0.22736483072125302,0.22736483072125302,val,random,Random Forest
ClCCCCCCCl,<ACYCLIC>,-3.43464732170105,-3.640996565014068,-0.20634924331301807,0.20634924331301807,val,random,Random Forest
ClCc1ccccc1Cl,c1ccccc1,-3.206909418106079,-3.4246770483784696,-0.21776763027239054,0.21776763027239054,val,random,Random Forest
Clc1c(Cl)c(Cl)c(-c2ccccc2)c(Cl)c1Cl,c1ccc(-c2ccccc2)cc1,-7.910699844360352,-7.694264980423237,0.2164348639371143,0.2164348639371143,val,random,Random Forest
Clc1cc(-c2c(Cl)c(Cl)c(Cl)c(Cl)c2Cl)cc(Cl)c1Cl,c1ccc(-c2ccccc2)cc1,-9.699700355529785,-9.427556186056036,0.27214416947374964,0.27214416947374964,val,random,Random Forest
Clc1cc(-c2ccccc2)c(Cl)c(Cl)c1Cl,c1ccc(-c2ccccc2)cc1,-7.159999847412109,-7.168402860346608,-0.0084030129344983,0.0084030129344983,val,random,Random Forest
Clc1cc(Cl)c(-c2cc(Cl)c(Cl)cc2Cl)c(Cl)c1,c1ccc(-c2ccccc2)cc1,-8.11989974975586,-8.343273798674312,-0.22337404891845303,0.22337404891845303,val,random,Random Forest
Clc1cc(Cl)c(Cl)c(-c2c(Cl)c(Cl)cc(Cl)c2Cl)c1,c1ccc(-c2ccccc2)cc1,-8.590100288391113,-8.67288623699464,-0.08278594860352584,0.08278594860352584,val,random,Random Forest
Clc1cc(Cl)c(Cl)c(-c2cc(Cl)c(Cl)c(Cl)c2Cl)c1,c1ccc(-c2ccccc2)cc1,-9.100000381469727,-8.600368030099013,0.49963235137071393,0.49963235137071393,val,random,Random Forest
Clc1cc(Cl)c(Cl)c(Oc2ccc(Cl)c(Cl)c2Cl)c1,c1ccc(Oc2ccccc2)cc1,-8.550000190734863,-8.260858814423447,0.28914137631141656,0.28914137631141656,val,random,Random Forest
Clc1cc(Cl)c2c(c1)Oc1c(Cl)cc(Cl)cc1O2,c1ccc2c(c1)Oc1ccccc1O2,-9.002699851989746,-8.175360058488671,0.8273397935010749,0.8273397935010749,val,random,Random Forest
Clc1cc(Cl)c2nsnc2c1Cl,c1ccc2nsnc2c1,-4.980000019073486,-4.326452409776039,0.6535476092974477,0.6535476092974477,val,random,Random Forest
Clc1cc(Oc2c(Cl)c(Cl)cc(Cl)c2Cl)c(Cl)c(Cl)c1Cl,c1ccc(Oc2ccccc2)cc1,-10.100000381469727,-10.006004272689268,0.09399610878045905,0.09399610878045905,val,random,Random Forest
Clc1ccc(-c2c(Cl)ccc(Cl)c2Cl)c(Cl)c1Cl,c1ccc(-c2ccccc2)cc1,-7.650000095367432,-8.23933827364559,-0.5893381782781582,0.5893381782781582,val,random,Random Forest
Clc1ccc(-c2c(Cl)cccc2Cl)cc1Cl,c1ccc(-c2ccccc2)cc1,-7.019899845123291,-7.287888246212056,-0.26798840108876476,0.26798840108876476,val,random,Random Forest
Clc1ccc(-c2ccc(Cl)cc2Cl)c(Cl)c1,c1ccc(-c2ccccc2)cc1,-6.510000228881836,-7.0669244885951485,-0.5569242597133126,0.5569242597133126,val,random,Random Forest
Clc1ccc(Br)cc1Cl,c1ccccc1,-1.0114935636520386,-4.266613665755645,-3.2551201021036062,3.2551201021036062,val,random,Random Forest
Clc1ccc(Cl)c(-c2ccccc2)c1,c1ccc(-c2ccccc2)cc1,-5.299300193786621,-5.532989089102224,-0.23368889531560288,0.23368889531560288,val,random,Random Forest
Clc1ccc(Oc2c(Cl)c(Cl)c(Cl)c(Cl)c2Cl)c(Cl)c1Cl,c1ccc(Oc2ccccc2)cc1,-10.600000381469727,-9.591132129721199,1.0088682517485275,1.0088682517485275,val,random,Random Forest
Clc1ccc(Oc2c(Cl)cccc2Cl)c(Cl)c1Cl,c1ccc(Oc2ccccc2)cc1,-7.230000019073486,-7.205997641354414,0.02400237771907232,0.02400237771907232,val,random,Random Forest
Clc1ccc(Oc2c(Cl)cccc2Cl)cc1Cl,c1ccc(Oc2ccccc2)cc1,-6.559999942779541,-7.009153186449296,-0.4491532436697554,0.4491532436697554,val,random,Random Forest
Clc1ccc(Oc2cc(Cl)c(Cl)c(Cl)c2Cl)cc1Cl,c1ccc(Oc2ccccc2)cc1,-8.779999732971191,-8.468121068854588,0.3118786641166036,0.3118786641166036,val,random,Random Forest
Clc1ccc(Oc2cc(Cl)ccc2Cl)c(Cl)c1,c1ccc(Oc2ccccc2)cc1,-6.769999980926514,-6.973866792465641,-0.2038668115391271,0.2038668115391271,val,random,Random Forest
Clc1ccc(Oc2ccccc2)cc1Cl,c1ccc(Oc2ccccc2)cc1,-4.720600128173828,-5.1893208943394145,-0.46872076616558633,0.46872076616558633,val,random,Random Forest
Clc1ccc(Oc2ccccc2Cl)c(Cl)c1,c1ccc(Oc2ccccc2)cc1,-4.949900150299072,-5.987925616802249,-1.0380254665031767,1.0380254665031767,val,random,Random Forest
Clc1ccc2c(Cl)ccnc2c1,c1ccc2ncccc2c1,-2.8026247024536133,-3.6970046361628808,-0.8943799337092675,0.8943799337092675,val,random,Random Forest
Clc1ccc2c(c1)Oc1c(Cl)c(Cl)c(Cl)c(Cl)c1O2,c1ccc2c(c1)Oc1ccccc1O2,-9.472800254821777,-8.636959486402125,0.8358407684196525,0.8358407684196525,val,random,Random Forest
Clc1cccc(Cl)c1-c1ccccc1,c1ccc(-c2ccccc2)cc1,-5.210000038146973,-5.616575132123892,-0.4065750939769197,0.4065750939769197,val,random,Random Forest
Clc1cccc(Cl)c1Cl,c1ccccc1,-4.003481864929199,-4.418686960185247,-0.41520509525604776,0.41520509525604776,val,random,Random Forest
Cn1c(=O)[nH]c2c(=O)[nH]c(=O)[nH]c21,O=c1[nH]c(=O)c2[nH]c(=O)[nH]c2[nH]1,-3.940000057220459,-2.359977185228175,1.5800228719922842,1.5800228719922842,val,random,Random Forest
Cn1c(=O)[nH]n(-c2ccccc2)c1=O,O=c1[nH]c(=O)n(-c2ccccc2)[nH]1,-2.9804000854492188,-1.6371225226327124,1.3432775628165063,1.3432775628165063,val,random,Random Forest
Cn1c(=O)c2[nH]c(-c3ccccc3)nc2n(C)c1=O,O=c1[nH]c(=O)c2[nH]c(-c3ccccc3)nc2[nH]1,-5.0,-3.0671125834473165,1.9328874165526835,1.9328874165526835,val,random,Random Forest
Cn1c(N)c(NC=O)c(=O)n(C)c1=O,O=c1cc[nH]c(=O)[nH]1,-1.183120846748352,-1.6830353393102968,-0.49991449256194476,0.49991449256194476,val,random,Random Forest
Cn1ccccc1=O,O=c1cccc[nH]1,0.9621000289916992,-0.15340574946770075,-1.1155057784594,1.1155057784594,val,random,Random Forest
Cn1nc(S(N)(=O)=O)sc1=NS(=O)(=O)c1ccc([N+](=O)[O-])cc1,O=S(=O)(N=c1[nH]ncs1)c1ccccc1,-2.700000047683716,-2.519934929615047,0.18006511806866898,0.18006511806866898,val,random,Random Forest
Cn1nc(S(N)(=O)=O)sc1=NS(C)(=O)=O,N=c1[nH]ncs1,-2.049999952316284,-2.1539751762507695,-0.10397522393448533,0.10397522393448533,val,random,Random Forest
FC(Cl)C(F)(F)F,<ACYCLIC>,-1.9589999914169312,-1.9406510971614046,0.01834889425552655,0.01834889425552655,val,random,Random Forest
FC(F)(Cl)C(Cl)(Cl)Cl,<ACYCLIC>,-3.309299945831299,-3.332096644078994,-0.022796698247695257,0.022796698247695257,val,random,Random Forest
FC(F)(F)c1nc2c(Cl)c(Cl)ccc2[nH]1,c1ccc2[nH]cnc2c1,-3.567699909210205,-4.252655147762764,-0.6849552385525586,0.6849552385525586,val,random,Random Forest
FC(F)=C(F)F,<ACYCLIC>,-2.800100088119507,-2.1909300248677552,0.6091700632517516,0.6091700632517516,val,random,Random Forest
FC(F)OC(F)(F)C(F)Cl,<ACYCLIC>,-1.5161999464035034,-2.26564564302443,-0.7494456966209264,0.7494456966209264,val,random,Random Forest
Fc1ccccc1CCl,c1ccccc1,-2.5409998893737793,-2.612155325576868,-0.07115543620308884,0.07115543620308884,val,random,Random Forest
Fc1ccccc1F,c1ccccc1,-2.0,-2.039672923143094,-0.0396729231430939,0.0396729231430939,val,random,Random Forest
II,<ACYCLIC>,-2.885999917984009,-2.608142128958595,0.2778577890254139,0.2778577890254139,val,random,Random Forest
N#C/C(=N\OCC1OCCO1)c1ccccc1,C(=NOCC1OCCO1)c1ccccc1,-4.064899921417236,-2.404357447482289,1.6605424739349472,1.6605424739349472,val,random,Random Forest
N#CC(C#N)=NNc1ccccc1,c1ccccc1,-3.359999895095825,-2.5306152583714874,0.8293846367243378,0.8293846367243378,val,random,Random Forest
N#CCC(=O)Nc1ccccc1,c1ccccc1,-2.7274999618530273,-1.7569314342232865,0.9705685276297409,0.9705685276297409,val,random,Random Forest
N#CCCN(CCC#N)CC(=O)O,<ACYCLIC>,0.4578000009059906,-0.4667498908253273,-0.924549891731318,0.924549891731318,val,random,Random Forest
N#CI,<ACYCLIC>,-0.6333000063896179,-1.1325538399697985,-0.4992538335801806,0.4992538335801806,val,random,Random Forest
N#CSCSc1nc2ccccc2s1,c1ccc2scnc2c1,-3.2802999019622803,-4.30100281249779,-1.02070291053551,1.02070291053551,val,random,Random Forest
N#Cc1ccc(Cl)cc1,c1ccccc1,-2.749354600906372,-2.0438358608989295,0.7055187400074425,0.7055187400074425,val,random,Random Forest
N#Cc1nn(-c2c(Cl)cc(C(F)(F)F)cc2Cl)c(N)c1[S+]([O-])C(F)(F)F,c1ccc(-n2cccn2)cc1,-5.3618998527526855,-5.368763707512904,-0.006863854760218224,0.006863854760218224,val,random,Random Forest
N=C(N)NN=Cc1c(O)ccc2ccccc12,c1ccc2ccccc2c1,-2.4600000381469727,-2.532204059980479,-0.07220402183350627,0.07220402183350627,val,random,Random Forest
N=C(N)c1cccc(NC(=O)Nc2cccc(C(=N)N)c2)c1,O=C(Nc1ccccc1)Nc1ccccc1,-1.7699999809265137,-2.868149101603126,-1.0981491206766125,1.0981491206766125,val,random,Random Forest
NC(=O)C(Br)(Br)Br,<ACYCLIC>,-1.266800045967102,-1.3987459337274695,-0.13194588776036742,0.13194588776036742,val,random,Random Forest
NC(=O)C(Br)Br,<ACYCLIC>,-1.0573999881744385,-0.4969644720665567,0.5604355161078818,0.5604355161078818,val,random,Random Forest
NC(=O)CBr,<ACYCLIC>,0.06430000066757202,-0.28205462632777395,-0.34635462699534597,0.34635462699534597,val,random,Random Forest
NC(=O)N/N=C/C(O)C(O)C(O)C(O)CO,<ACYCLIC>,-0.42570000886917114,-0.2366651027076878,0.18903490616148333,0.18903490616148333,val,random,Random Forest
NC(=O)NCC(=O)NCC(=O)O,<ACYCLIC>,-0.8996000289916992,-0.737035636011635,0.1625643929800642,0.1625643929800642,val,random,Random Forest
NC(=O)NCO,<ACYCLIC>,-0.34630000591278076,0.3634137648397551,0.7097137707525358,0.7097137707525358,val,random,Random Forest
NC(=O)c1ccc[n+](Cc2ccccc2)c1,c1ccc(C[n+]2ccccc2)cc1,0.2936103641986847,-1.2571686454617252,-1.55077900966041,1.55077900966041,val,random,Random Forest
NC(=O)c1cnc2n1CCc1ccccc1C21CCNCC1,c1ccc2c(c1)CCn1ccnc1C21CCNCC1,-2.430000066757202,-2.484021174558676,-0.054021107801474066,0.054021107801474066,val,random,Random Forest
NC(=S)NS(=O)(=O)c1ccc(N)cc1,c1ccccc1,-2.240000009536743,-2.0015762166527105,0.2384237928840327,0.2384237928840327,val,random,Random Forest
NC(=S)Nc1cccc([N+](=O)[O-])c1,c1ccccc1,-1.4499000310897827,-2.1350362753108856,-0.6851362442211029,0.6851362442211029,val,random,Random Forest
NC(CCCC(=O)O)C(=O)O,<ACYCLIC>,-1.864799976348877,0.05788879298950453,1.9226887693383814,1.9226887693383814,val,random,Random Forest
NC(CO)C(=O)NC(CO)C(=O)O,<ACYCLIC>,-0.5846999883651733,-0.103776068543424,0.4809239198217493,0.4809239198217493,val,random,Random Forest
NC(Cc1c[nH]c2ccccc12)C(=O)O,c1ccc2[nH]ccc2c1,-1.7699999809265137,-1.6852916529807662,0.08470832794574745,0.08470832794574745,val,random,Random Forest
NC(Cc1cc(Cl)c(O)c(Cl)c1)C(=O)O,c1ccccc1,-1.7546000480651855,-1.5988375450787298,0.15576250298645578,0.15576250298645578,val,random,Random Forest
NC(Cc1ccc(O)c(O)c1)C(=O)O,c1ccccc1,-1.595900058746338,-1.0185294945310315,0.5773705642153064,0.5773705642153064,val,random,Random Forest
NC(Cc1ccc(O)cc1)C(=O)NCC(=O)NCC(=O)O,c1ccccc1,-1.4700000286102295,-1.4545400162523399,0.01546001235788963,0.01546001235788963,val,random,Random Forest
NC(Cc1cccs1)C(=O)O,c1ccsc1,-0.8356000185012817,-1.2972196259381172,-0.4616196074368355,0.4616196074368355,val,random,Random Forest
NC(N)=Nc1nc(CSCC/C(N)=N\S(N)(=O)=O)cs1,c1cscn1,-2.6500000953674316,-1.9832975862069566,0.666702509160475,0.666702509160475,val,random,Random Forest
NC12CC3CC(CC(C3)C1)C2,C1C2CC3CC1CC(C2)C3,-1.850000023841858,-1.3236300471023161,0.5263699767395418,0.5263699767395418,val,random,Random Forest
NC1C(O)C(O)C(O)C(O)C1O,C1CCCCC1,-1.409999966621399,-0.2559991180705923,1.1540008485508066,1.1540008485508066,val,random,Random Forest
NCC(=O)NC(Cc1ccc(O)cc1)C(=O)O,c1ccccc1,-0.7300000190734863,-1.3715007290837973,-0.641500710010311,0.641500710010311,val,random,Random Forest
NCC(=O)NCC(=O)NCC(=O)O,<ACYCLIC>,-0.5299999713897705,-0.36265478146880126,0.16734518992096925,0.16734518992096925,val,random,Random Forest
NCC(=O)O,<ACYCLIC>,0.9200000166893005,0.7195501297130156,-0.20044988697628496,0.20044988697628496,val,random,Random Forest
NCC(O)CO,<ACYCLIC>,1.0404340028762817,0.6589393066092964,-0.3814946962669853,0.3814946962669853,val,random,Random Forest
NCC1CCC(C(=O)O)CC1,C1CCCCC1,0.025499999523162842,-0.6030149820157751,-0.6285149815389379,0.6285149815389379,val,random,Random Forest
NCCCCC(N)C(=O)O,<ACYCLIC>,0.835099995136261,0.23055722882069318,-0.6045427663155678,0.6045427663155678,val,random,Random Forest
NCCNCCNCCNCCN,<ACYCLIC>,0.7229999899864197,-0.018359937682651133,-0.7413599276690708,0.7413599276690708,val,random,Random Forest
NCCNCCNCCNCCNCCN,<ACYCLIC>,0.3327787220478058,-0.98789665063885,-1.3206753726866558,1.3206753726866558,val,random,Random Forest
NCCNc1ccc(S(=O)(=O)c2ccc(N)cc2)cc1,O=S(=O)(c1ccccc1)c1ccccc1,-2.3499999046325684,-2.9359859404458253,-0.5859860358132569,0.5859860358132569,val,random,Random Forest
NCCOCCN,<ACYCLIC>,0.9823282361030579,0.5072068451138992,-0.4751213909891586,0.4751213909891586,val,random,Random Forest
NCCc1ccc(O)c([N+](=O)[O-])c1,c1ccccc1,-1.339900016784668,-1.5916306033094123,-0.25173058652474434,0.25173058652474434,val,random,Random Forest
NCc1ccc(CN)cc1,c1ccccc1,1.1750718355178833,-0.6647313921319309,-1.8398032276498142,1.8398032276498142,val,random,Random Forest
NNC(N)=S,<ACYCLIC>,-0.8457608819007874,-0.043812117313157435,0.8019487645876299,0.8019487645876299,val,random,Random Forest
NNS(=O)(=O)c1ccc(Oc2ccc(S(=O)(=O)NN)cc2)cc1,c1ccc(Oc2ccccc2)cc1,-3.7584891319274902,-2.7135159625384246,1.0449731693890656,1.0449731693890656,val,random,Random Forest
NNc1ccccc1,c1ccccc1,0.07000000029802322,-0.7184512965131513,-0.7884512968111745,0.7884512968111745,val,random,Random Forest
NS(=O)(=O)c1cc(C2(O)NC(=O)c3ccccc32)ccc1Cl,O=C1NC(c2ccccc2)c2ccccc21,-3.450700044631958,-3.1278013439551486,0.32289870067680937,0.32289870067680937,val,random,Random Forest
NS(=O)(=O)c1cc2c(s1)SCCC2=O,O=C1CCSc2sccc21,-3.549999952316284,-3.1347729636781003,0.41522698863818386,0.41522698863818386,val,random,Random Forest
NS(=O)(=O)c1ccc(CCCCCO)cc1,c1ccccc1,-1.9711999893188477,-1.8339477539542492,0.1372522353645984,0.1372522353645984,val,random,Random Forest
NS(=O)(=O)c1ccc(NC(=S)Nc2ccc(F)cc2)cc1,S=C(Nc1ccccc1)Nc1ccccc1,-2.989959955215454,-3.2469971221855713,-0.25703716697011725,0.25703716697011725,val,random,Random Forest
NS(=O)(=O)c1ccc(Nc2ccnc(NS(=O)(=O)Cc3ccccc3)n2)cc1,O=S(=O)(Cc1ccccc1)Nc1nccc(Nc2ccccc2)n1,-2.700000047683716,-2.4909348240015365,0.20906522368217928,0.20906522368217928,val,random,Random Forest
NS(=O)(=O)c1nnc(NS(=O)(=O)Cc2ccccc2)s1,O=S(=O)(Cc1ccccc1)Nc1nncs1,-2.700000047683716,-2.1616001235050906,0.5383999241786253,0.5383999241786253,val,random,Random Forest
NS(=O)(=O)c1nnc(NS(=O)(=O)c2ccccc2C(=O)O)s1,O=S(=O)(Nc1nncs1)c1ccccc1,-2.319999933242798,-1.876848789480008,0.44315114376278975,0.44315114376278975,val,random,Random Forest
N[C@@H](CS/C(Cl)=C/Cl)C(=O)O,<ACYCLIC>,-1.4895000457763672,-1.4881749209803055,0.0013251247960617274,0.0013251247960617274,val,random,Random Forest
Nc1c(Cl)c(Cl)nc(C(=O)O)c1Cl,c1ccncc1,-2.7493999004364014,-2.7908365525376633,-0.041436652101261906,0.041436652101261906,val,random,Random Forest
Nc1c(N=Nc2cc(Nc3nc(Cl)nc(Nc4cccc(S(=O)(=O)O)c4)n3)ccc2S(=O)(=O)O)c(S(=O)(=O)O)cc2c1C(=O)/C(=N\Nc1cc(Nc3nc(Cl)nc(Nc4cccc(S(=O)(=O)O)c4)n3)ccc1S(=O)(=O)O)C(S(=O)(=O)O)=C2,O=C1C(=NNc2cccc(Nc3ncnc(Nc4ccccc4)n3)c2)C=Cc2ccc(N=Nc3cccc(Nc4ncnc(Nc5ccccc5)n4)c3)cc21,-0.9572055339813232,-1.1674907510730506,-0.21028521709172732,0.21028521709172732,val,random,Random Forest
Nc1c(S(=O)(=O)O)cc(-c2cc(S(=O)(=O)O)c(N)c3c2C(=O)c2ccccc2C3=O)c2c1C(=O)c1ccccc1C2=O,O=C1c2ccccc2C(=O)c2c1cccc2-c1cccc2c1C(=O)c1ccccc1C2=O,-2.030179977416992,-1.3090324508957867,0.7211475265212055,0.7211475265212055,val,random,Random Forest
Nc1c(S(=O)(=O)O)ccc2ccccc12,c1ccc2ccccc2c1,-2.9600000381469727,-2.244318009465668,0.7156820286813046,0.7156820286813046,val,random,Random Forest
Nc1c2ccccc2nc2cccc(C(F)(F)F)c12,c1ccc2nc3ccccc3cc2c1,-2.4800000190734863,-3.2647541101273716,-0.7847540910538853,0.7847540910538853,val,random,Random Forest
Nc1c2ccccc2nc2cccc(Cl)c12,c1ccc2nc3ccccc3cc2c1,-1.5800000429153442,-2.934784282720549,-1.3547842398052046,1.3547842398052046,val,random,Random Forest
Nc1cc(Cl)cc(Cl)c1,c1ccccc1,-2.3152999877929688,-2.42580378926682,-0.1105038014738513,0.1105038014738513,val,random,Random Forest
Nc1ccc(Cc2ccc(N)cc2)cc1,c1ccc(Cc2ccccc2)cc1,-2.292933464050293,-2.387914642122617,-0.0949811780723242,0.0949811780723242,val,random,Random Forest
Nc1ccc(N=Nc2ccc(NC(=O)c3ccc(N=Nc4c(S(=O)(=O)O)cc5c(c4N)C(=O)/C(=N/Nc4ccccc4)C(S(=O)(=O)O)=C5)cc3)cc2)c(N)c1,O=C(Nc1ccc(N=Nc2ccccc2)cc1)c1ccc(N=Nc2ccc3c(c2)C(=O)C(=NNc2ccccc2)C=C3)cc1,-1.3406827449798584,-1.8716133164089732,-0.5309305714291148,0.5309305714291148,val,random,Random Forest
Nc1ccc(N=Nc2ccc(S(=O)(=O)O)cc2)cc1S(=O)(=O)O,c1ccc(N=Nc2ccccc2)cc1,-0.5243236422538757,-1.327013609683969,-0.8026899674300934,0.8026899674300934,val,random,Random Forest
Nc1ccc(OP(=S)(Oc2ccc(N)cc2)Oc2ccc(N)cc2)cc1,S=P(Oc1ccccc1)(Oc1ccccc1)Oc1ccccc1,-5.3094072341918945,-5.252300992542072,0.05710624164982292,0.05710624164982292,val,random,Random Forest
Nc1ccc(S(=O)(=O)CCOS(=O)(=O)O)cc1,c1ccccc1,-1.905118703842163,-1.611532756545615,0.2935859472965481,0.2935859472965481,val,random,Random Forest
Nc1ccc(S(=O)(=O)Nc2ccccc2C(=O)O)cc1,O=S(=O)(Nc1ccccc1)c1ccccc1,-0.800000011920929,-3.1765732581045265,-2.3765732461835976,2.3765732461835976,val,random,Random Forest
Nc1ccc(S(=O)(=O)Nc2ccn(Cc3ccccc3)c(=O)n2)cc1,O=c1nc(NS(=O)(=O)c2ccccc2)ccn1Cc1ccccc1,-4.800000190734863,-3.092051552529469,1.7079486382053943,1.7079486382053943,val,random,Random Forest
Nc1ccc(S(=O)(=O)Nc2ncc(C(=O)O)s2)cc1,O=S(=O)(Nc1nccs1)c1ccccc1,-2.8740999698638916,-2.6678242278247923,0.20627574203909926,0.20627574203909926,val,random,Random Forest
Nc1ccc(S(=O)(=O)O)c2ncccc12,c1ccc2ncccc2c1,-2.7100000381469727,-2.140750673786377,0.5692493643605956,0.5692493643605956,val,random,Random Forest
Nc1ccc([N+](=O)[O-])cc1S(=O)(=O)O,c1ccccc1,-1.7677384614944458,-1.330376575675511,0.43736188581893476,0.43736188581893476,val,random,Random Forest
Nc1ccc2ccc(S(=O)(=O)O)cc2c1,c1ccc2ccccc2c1,-3.049999952316284,-2.584815106094149,0.4651848462221353,0.4651848462221353,val,random,Random Forest
Nc1ccc2cccc(S(=O)(=O)O)c2c1,c1ccc2ccccc2c1,-2.5399999618530273,-2.4600272487116155,0.07997271314141186,0.07997271314141186,val,random,Random Forest
Nc1ccc2ccccc2c1S(=O)(=O)O,c1ccc2ccccc2c1,-1.7000000476837158,-2.2568269287578704,-0.5568268810741546,0.5568268810741546,val,random,Random Forest
Nc1ccc2snnc2c1,c1ccc2snnc2c1,-1.3044999837875366,-1.68833214669787,-0.3838321629103334,0.3838321629103334,val,random,Random Forest
Nc1cccc(S(=O)(=O)CCOS(=O)(=O)O)c1,c1ccccc1,-1.4238808155059814,-1.5002538446709566,-0.07637302916497513,0.07637302916497513,val,random,Random Forest
Nc1cccc([N+](=O)[O-])c1,c1ccccc1,-2.0611000061035156,-1.7508174901692484,0.31028251593426726,0.31028251593426726,val,random,Random Forest
Nc1cccc2cccc(S(=O)(=O)O)c12,c1ccc2ccccc2c1,-3.069999933242798,-2.195991465017288,0.8740084682255098,0.8740084682255098,val,random,Random Forest
Nc1ccccc1C(=O)O,c1ccccc1,-1.5199999809265137,-1.4845464132526456,0.03545356767386809,0.03545356767386809,val,random,Random Forest
Nc1ccccc1Cl,c1ccccc1,-1.3575741052627563,-1.6370342523384205,-0.27946014707566413,0.27946014707566413,val,random,Random Forest
Nc1ccccc1[N+](=O)[O-],c1ccccc1,-1.9600000381469727,-1.8296820270987173,0.13031801104825536,0.13031801104825536,val,random,Random Forest
Nc1cnn(-c2ccccc2)c(=O)c1Br,O=c1cccnn1-c1ccccc1,-3.124000072479248,-2.8911678986374363,0.23283217384181176,0.23283217384181176,val,random,Random Forest
Nc1cnn(CCO)c1N,c1cn[nH]c1,0.4442593455314636,-0.6629994172190838,-1.1072587627505475,1.1072587627505475,val,random,Random Forest
Nc1nc(Cl)nc(Nc2cc(S(=O)(=O)O)cc3cc(S(=O)(=O)O)c(N=Nc4cc([N+](=O)[O-])ccc4O)c(O)c23)n1,c1ccc(N=Nc2ccc3cccc(Nc4ncncn4)c3c2)cc1,-0.49497517943382263,-1.0490346028443094,-0.5540594234104868,0.5540594234104868,val,random,Random Forest
Nc1nc(N)c2nc(N)[nH]c2n1,c1ncc2nc[nH]c2n1,-1.5199999809265137,-3.139271973669415,-1.6192719927429011,1.6192719927429011,val,random,Random Forest
Nc1ncnc2c1ncn2C1OC(COP(=O)(O)O)C(O)C1O,c1ncc2ncn(C3CCCO3)c2n1,-1.995302677154541,-0.9813175963846625,1.0139850807698785,1.0139850807698785,val,random,Random Forest
O/N=C1/C=CCCC1,N=C1C=CCCC1,-0.7034000158309937,-0.7856967219228851,-0.08229670609189144,0.08229670609189144,val,random,Random Forest
O=C(C=CC=Cc1ccc2c(c1)OCO2)N1CCCCC1,O=C(C=CC=Cc1ccc2c(c1)OCO2)N1CCCCC1,-3.4600000381469727,-3.8657508927495376,-0.405750854602565,0.405750854602565,val,random,Random Forest
O=C(CC(CP1(=O)Oc2ccccc2-c2ccccc21)C(=O)OCCO)OCCO,O=[PH]1Oc2ccccc2-c2ccccc21,-4.461779594421387,-2.989353786939665,1.4724258074817218,1.4724258074817218,val,random,Random Forest
O=C(CCS)OCC(COC(=O)CCS)(COC(=O)CCS)COC(=O)CCS,<ACYCLIC>,-5.1231689453125,-2.90009215064209,2.22307679467041,2.22307679467041,val,random,Random Forest
O=C(N=C1C=CC2=C(S(=O)(=O)O)C(NNc3ccc4c(S(=O)(=O)O)cccc4c3)=CC(=O)C2=C1)Nc1ccc2c(c1)C=C(S(=O)(=O)O)/C(=N\Nc1ccc3cccc(S(=O)(=O)O)c3c1)C2=O,O=C(N=C1C=CC2=CC(NNc3ccc4ccccc4c3)=CC(=O)C2=C1)Nc1ccc2c(c1)C=CC(=NNc1ccc3ccccc3c1)C2=O,-0.687217116355896,-2.5269494599861417,-1.8397323436302457,1.8397323436302457,val,random,Random Forest
O=C(NC(=O)c1c(F)cccc1F)Nc1ccc(Cl)cc1,O=C(NC(=O)c1ccccc1)Nc1ccccc1,-6.539999961853027,-4.33067014615474,2.209329815698287,2.209329815698287,val,random,Random Forest
O=C(NC(CO)C(=O)O)c1ccccc1,c1ccccc1,-0.9100000262260437,-1.1626151721554527,-0.25261514592940904,0.25261514592940904,val,random,Random Forest
O=C(NCCc1c[nH]cn1)c1ccccc1,O=C(NCCc1c[nH]cn1)c1ccccc1,-0.6340000033378601,-1.8710307987214227,-1.2370307953835626,1.2370307953835626,val,random,Random Forest
O=C(Nc1ccc(F)cc1F)c1cccnc1Oc1cccc(C(F)(F)F)c1,O=C(Nc1ccccc1)c1cccnc1Oc1ccccc1,-6.896900177001953,-6.009157948843435,0.8877422281585181,0.8877422281585181,val,random,Random Forest
O=C(Nc1cccc2c(NC(=O)C3=Cc4ccccc4/C(=N\Nc4cccc(Cl)c4Cl)C3=O)cccc12)C1=Cc2ccccc2/C(=N/Nc2cccc(Cl)c2Cl)C1=O,O=C(Nc1cccc2c(NC(=O)C3=Cc4ccccc4C(=NNc4ccccc4)C3=O)cccc12)C1=Cc2ccccc2C(=NNc2ccccc2)C1=O,-9.227651596069336,-7.43370010422178,1.7939514918475563,1.7939514918475563,val,random,Random Forest
O=C(O)/C=C\C(=O)Nc1ccccc1,c1ccccc1,-2.2815001010894775,-2.164306085513319,0.1171940155761586,0.1171940155761586,val,random,Random Forest
O=C(O)/C=C\C(=O)OCCOCCOCCOC(=O)/C=C\C(=O)O,<ACYCLIC>,0.1595325618982315,-1.5890791682102694,-1.748611730108501,1.748611730108501,val,random,Random Forest
O=C(O)C(=O)c1ccc2c(c1)OCO2,c1ccc2c(c1)OCO2,-1.1912000179290771,-1.5907867244716798,-0.39958670654260264,0.39958670654260264,val,random,Random Forest
O=C(O)C(F)(F)Cl,<ACYCLIC>,0.8845000267028809,0.10778150275003275,-0.7767185239528481,0.7767185239528481,val,random,Random Forest
O=C(O)C(I)=C(Br)I,<ACYCLIC>,-1.2891000509262085,-2.250626298698996,-0.9615262477727877,0.9615262477727877,val,random,Random Forest
O=C(O)C(S)Cc1ccccc1,c1ccccc1,-1.559999942779541,-1.5119551423093576,0.048044800470183446,0.048044800470183446,val,random,Random Forest
O=C(O)C1(O)CCCCC1,C1CCCCC1,-0.3328000009059906,-0.35294191543414966,-0.020141914528159055,0.020141914528159055,val,random,Random Forest
O=C(O)C1=CC(Nc2nc(NC3(S(=O)(=O)O)C=C(C(=O)O)C(O)=CC3)nc(NC3(S(=O)(=O)O)C=C(C(=O)O)C(O)=CC3)n2)(S(=O)(=O)O)CC=C1O,C1=CCC(Nc2nc(NC3C=CC=CC3)nc(NC3C=CC=CC3)n2)C=C1,-0.6896460056304932,-1.7061296224212215,-1.0164836167907283,1.0164836167907283,val,random,Random Forest
O=C(O)C1=CCCCC1,C1=CCCCC1,-1.2558000087738037,-1.1944976370635279,0.06130237171027586,0.06130237171027586,val,random,Random Forest
O=C(O)C1CCC(C(=O)O)[Se]1,C1CC[Se]C1,-0.5450000166893005,-0.993888973976027,-0.4488889572867265,0.4488889572867265,val,random,Random Forest
O=C(O)C1CCNCC1C(=O)O,C1CCNCC1,-0.5394999980926514,-0.3351177453083151,0.20438225278433625,0.20438225278433625,val,random,Random Forest
O=C(O)C1OC(c2ccccc2)OC1C1COC(c2ccccc2)O1,c1ccc(C2OCC(C3COC(c4ccccc4)O3)O2)cc1,-2.450000047683716,-3.3399023883828036,-0.8899023406990878,0.8899023406990878,val,random,Random Forest
O=C(O)CCCCCCCCCCO,<ACYCLIC>,-2.703900098800659,-2.1446283065018754,0.5592717922987838,0.5592717922987838,val,random,Random Forest
O=C(O)CCCCc1ccccc1,c1ccccc1,-2.4656999111175537,-2.666439863067363,-0.2007399519498092,0.2007399519498092,val,random,Random Forest
O=C(O)CCC[Se][Se]CCCC(=O)O,<ACYCLIC>,-2.2471001148223877,-1.73711025787129,0.5099898569510977,0.5099898569510977,val,random,Random Forest
O=C(O)CC[C@@H](C(=O)O)N1C(=O)c2ccccc2C1=O,O=C1NC(=O)c2ccccc21,-1.4463317394256592,-2.0659690897368774,-0.6196373503112182,0.6196373503112182,val,random,Random Forest
O=C(O)CNC(Cc1ccc(O)cc1)C(=O)O,c1ccccc1,-2.5899999141693115,-1.4243034374863648,1.1656964766829467,1.1656964766829467,val,random,Random Forest
O=C(O)COCCOCC(=O)O,<ACYCLIC>,0.6709250211715698,-0.08839689068976178,-0.7593219118613316,0.7593219118613316,val,random,Random Forest
O=C(O)COc1c(Cl)c(Cl)c(Cl)c(Cl)c1Cl,c1ccccc1,-3.75,-4.5514886628191675,-0.8014886628191675,0.8014886628191675,val,random,Random Forest
O=C(O)COc1cc(Cl)c(Cl)c(Cl)c1,c1ccccc1,-2.940000057220459,-3.051421338206998,-0.11142128098653892,0.11142128098653892,val,random,Random Forest
O=C(O)[C@H]1CC[C@H](C(=O)O)SS1,C1CCSSC1,-1.5240999460220337,-1.484460545944058,0.03963940007797562,0.03963940007797562,val,random,Random Forest
O=C(O)c1c(Cl)c(Cl)c(Cl)c(Cl)c1C(=O)Nc1cccc(Cl)c1Cl,O=C(Nc1ccccc1)c1ccccc1,-4.505099773406982,-6.640173573203503,-2.135073799796521,2.135073799796521,val,random,Random Forest
O=C(O)c1c(Cl)ccc(Cl)c1Cl,c1ccccc1,-1.466599941253662,-2.848902784387119,-1.382302843133457,1.382302843133457,val,random,Random Forest
O=C(O)c1cc(Cl)ccc1N=Nc1ccc(O)cc1,c1ccc(N=Nc2ccccc2)cc1,-3.859999895095825,-4.254129668584577,-0.39412977348875167,0.39412977348875167,val,random,Random Forest
O=C(O)c1cc(O)cc(C(=O)O)c1,c1ccccc1,-2.0051114559173584,-1.8600401884327915,0.1450712674845669,0.1450712674845669,val,random,Random Forest
O=C(O)c1cc(O)ccc1O,c1ccccc1,-0.8500000238418579,-1.6612067782839757,-0.8112067544421178,0.8112067544421178,val,random,Random Forest
O=C(O)c1cc(S(=O)(=O)O)ccc1NN/C(=N\Nc1cc(S(=O)(=O)O)cc(Nc2nc(Cl)nc(N=C3C=C(S(=O)(=O)O)C(=Nc4nc(Cl)nc(Nc5cccc(S(=O)(=O)O)c5)n4)C=C3S(=O)(=O)O)n2)c1O)c1ccccc1,C1=CC(=Nc2ncnc(Nc3cccc(NN=C(NNc4ccccc4)c4ccccc4)c3)n2)C=CC1=Nc1ncnc(Nc2ccccc2)n1,-0.8254112601280212,-1.5075243073131432,-0.682113047185122,0.682113047185122,val,random,Random Forest
O=C(O)c1ccc(C(=O)O)c(Br)c1,c1ccccc1,-2.1338999271392822,-2.55246390690791,-0.4185639797686278,0.4185639797686278,val,random,Random Forest
O=C(O)c1ccc(Cl)cc1,c1ccccc1,-3.309999942779541,-2.425354736439451,0.8846452063400898,0.8846452063400898,val,random,Random Forest
O=C(O)c1ccc(O)cc1,c1ccccc1,-1.409999966621399,-1.5389848167234994,-0.12898485010210048,0.12898485010210048,val,random,Random Forest
O=C(O)c1ccc(P(=O)(O)c2ccccc2)cc1,O=[PH](c1ccccc1)c1ccccc1,-4.070000171661377,-2.375986604885509,1.694013566775868,1.694013566775868,val,random,Random Forest
O=C(O)c1cccc2cccc(-c3cccc4cccc(C(=O)O)c34)c12,c1ccc2c(-c3cccc4ccccc34)cccc2c1,-2.233440399169922,-5.431597739469438,-3.198157340299516,3.198157340299516,val,random,Random Forest
O=C(O)c1cccc2ccccc12,c1ccc2ccccc2c1,-3.301500082015991,-2.8634916039614215,0.43800847805456966,0.43800847805456966,val,random,Random Forest
O=C(O)c1ccccc1Br,c1ccccc1,-2.049999952316284,-2.467061014978631,-0.41706106266234677,0.41706106266234677,val,random,Random Forest
O=C(O)c1ccccc1C(=O)c1ccccc1O,O=C(c1ccccc1)c1ccccc1,-2.3427999019622803,-3.1761820294052843,-0.833382127443004,0.833382127443004,val,random,Random Forest
O=C(O)c1ccccc1C(C(=O)O)c1ccccc1C(=O)O,c1ccc(Cc2ccccc2)cc1,-2.499799966812134,-2.7427508555445725,-0.24295088873243875,0.24295088873243875,val,random,Random Forest
O=C(O)c1oc(Cl)c(Cl)c1Cl,c1ccoc1,-2.2193000316619873,-3.0717013764228693,-0.852401344760882,0.852401344760882,val,random,Random Forest
O=C(OC1CCCCC1)c1ccccc1O,O=C(OC1CCCCC1)c1ccccc1,-4.554076194763184,-3.5509452401718145,1.0031309545913691,1.0031309545913691,val,random,Random Forest
O=C(OCC1CO1)C1CC=CCC1C(=O)OCC1CO1,O=C(OCC1CO1)C1CC=CCC1C(=O)OCC1CO1,-1.340108871459961,-2.1469233871658027,-0.8068145157058417,0.8068145157058417,val,random,Random Forest
O=C(OOC(=O)c1ccc(Cl)cc1Cl)c1ccc(Cl)cc1Cl,O=C(OOC(=O)c1ccccc1)c1ccccc1,-8.278764724731445,-5.673427822057581,2.605336902673864,2.605336902673864,val,random,Random Forest
O=C(c1cccc(F)c1)N(O)c1ccccc1,O=C(Nc1ccccc1)c1ccccc1,-2.5999999046325684,-2.9961717056073853,-0.39617180097481697,0.39617180097481697,val,random,Random Forest
O=C(c1ccccc1)C1CCCCC1,O=C(c1ccccc1)C1CCCCC1,-4.014709949493408,-3.520891393943438,0.4938185555499701,0.4938185555499701,val,random,Random Forest
O=C(c1ccccc1)c1c(O)cc(O)cc1O,O=C(c1ccccc1)c1ccccc1,-1.8708000183105469,-2.9896776982687956,-1.1188776799582487,1.1188776799582487,val,random,Random Forest
O=C1/C(=N/Nc2cc(Cl)ccc2O)C(S(=O)(=O)O)=Cc2cc(S(=O)(=O)O)cc(O)c21,O=C1C(=NNc2ccccc2)C=Cc2ccccc21,-1.2898086309432983,-1.2985715877466086,-0.008762956803310296,0.008762956803310296,val,random,Random Forest
O=C1C(O)=C(O)OC1C(O)CO,O=C1C=COC1,0.2770000100135803,0.05949089508812637,-0.21750911492545394,0.21750911492545394,val,random,Random Forest
O=C1C=CC(=O)C=C1,O=C1C=CC(=O)C=C1,-0.8899999856948853,0.1115751323320828,1.001575118026968,1.001575118026968,val,random,Random Forest
O=C1CC(=O)NC(=O)N1,O=C1CC(=O)NC(=O)N1,-1.0486615896224976,-0.7220285487032415,0.32663304091925605,0.32663304091925605,val,random,Random Forest
O=C1CC(c2ccccc2)CC(=O)C1[N+](=O)[O-],O=C1CC(=O)CC(c2ccccc2)C1,-1.6687999963760376,-2.8968041255053274,-1.2280041291292898,1.2280041291292898,val,random,Random Forest
O=C1CC[C@@H](C(=O)O)N1,O=C1CCCN1,0.6082046031951904,-0.3570914272408612,-0.9652960304360516,0.9652960304360516,val,random,Random Forest
O=C1CN=C(c2ccccc2)c2cc([N+](=O)[O-])ccc2N1,O=C1CN=C(c2ccccc2)c2ccccc2N1,-3.799999952316284,-3.9120394970079633,-0.1120395446916791,0.1120395446916791,val,random,Random Forest
O=C1C[C@@H]2OCC=C3CN4CC[C@]56c7ccccc7N1[C@H]5[C@H]2[C@H]3C[C@H]46,O=C1CC2OCC=C3CN4CCC56c7ccccc7N1C5C2C3CC46,-3.320199966430664,-2.7906808456898293,0.5295191207408347,0.5295191207408347,val,random,Random Forest
O=C1Cc2c(ccc3ccccc23)O1,O=C1Cc2c(ccc3ccccc23)O1,-2.7077999114990234,-2.8415668067411795,-0.13376689524215601,0.13376689524215601,val,random,Random Forest
O=C1NC(=O)C(=O)C(=O)N1,O=C1NC(=O)C(=O)C(=O)N1,-1.25,-1.4278549102267375,-0.1778549102267375,0.1778549102267375,val,random,Random Forest
O=C1NC(=O)c2ccc3c4ccc5c6c(ccc(c7ccc1c2c73)c64)C(=O)NC5=O,O=C1NC(=O)c2ccc3c4ccc5c6c(ccc(c7ccc1c2c73)c64)C(=O)NC5=O,-7.591458797454834,-4.722268972676584,2.8691898247782497,2.8691898247782497,val,random,Random Forest
O=C1NC(c2ccccc2)(c2ccccc2)C(=O)N1CO,O=C1NC(=O)C(c2ccccc2)(c2ccccc2)N1,-3.299999952316284,-2.7734051442323704,0.5265948080839138,0.5265948080839138,val,random,Random Forest
O=C1Nc2ccc(Cl)cc2C(c2ccccc2)=NC1O,O=C1CN=C(c2ccccc2)c2ccccc2N1,-3.9519999027252197,-3.47824644483685,0.47375345788836976,0.47375345788836976,val,random,Random Forest
O=C1Nc2ccccc2C(=O)N2CC(O)CC12,O=C1Nc2ccccc2C(=O)N2CCCC12,-2.369999885559082,-2.272340084871078,0.09765980068800406,0.09765980068800406,val,random,Random Forest
O=C1OC(=O)c2ccc3c4ccc5c6c(ccc(c7ccc1c2c73)c64)C(=O)OC5=O,O=C1OC(=O)c2ccc3c4ccc5c6c(ccc(c7ccc1c2c73)c64)C(=O)OC5=O,-5.593642711639404,-6.298203721731339,-0.7045610100919344,0.7045610100919344,val,random,Random Forest
O=C1c2c(O)cccc2[C@@H]([C@@H]2O[C@H](CO)[C@@H](O)[C@H](O)[C@H]2O)c2cc(CO)cc(O)c21,O=C1c2ccccc2C(C2CCCCO2)c2ccccc21,-1.7024999856948853,-2.2049976179369035,-0.5024976322420183,0.5024976322420183,val,random,Random Forest
O=C1c2ccccc2C(=O)C1c1ccc2ccccc2n1,O=C1c2ccccc2C(=O)C1c1ccc2ccccc2n1,-4.701186180114746,-4.318070746740414,0.38311543337433207,0.38311543337433207,val,random,Random Forest
O=COCc1ccccc1,c1ccccc1,-1.6731197834014893,-1.5023146566100414,0.17080512679144788,0.17080512679144788,val,random,Random Forest
O=Cc1cc(O)c(O)c([N+](=O)[O-])c1,c1ccccc1,-1.9378339052200317,-2.0416814906188243,-0.10384758539879257,0.10384758539879257,val,random,Random Forest
O=NC1=C(NO)CCC1,C1=CCCC1,-1.9937000274658203,-1.0516804369524166,0.9420195905134037,0.9420195905134037,val,random,Random Forest
O=NC1=C(NO)CCCCC1,C1=CCCCCC1,-1.4249000549316406,-1.9610745460402643,-0.5361744911086237,0.5361744911086237,val,random,Random Forest
O=NN(CCCl)C(=O)NCCCl,<ACYCLIC>,-1.7285000085830688,-1.1176324049206796,0.6108676036623892,0.6108676036623892,val,random,Random Forest
O=NN1CCCC1,C1CCNC1,0.9994999766349792,-0.07573610789241095,-1.0752360845273903,1.0752360845273903,val,random,Random Forest
O=P(O)(O)CN(CCCCCCN(CP(=O)(O)O)CP(=O)(O)O)CP(=O)(O)O,<ACYCLIC>,-1.5161000490188599,-0.7387368415388028,0.777363207480057,0.777363207480057,val,random,Random Forest
O=P(O)(O)OCC(O)CO,<ACYCLIC>,0.7642999887466431,0.22199916631993025,-0.5423008224267128,0.5423008224267128,val,random,Random Forest
O=P(O)(O)c1ccccc1,c1ccccc1,-1.0269230604171753,-1.1405990306333484,-0.11367597021617315,0.11367597021617315,val,random,Random Forest
O=P(OCCCl)(OCCCl)OCC(CCl)(CCl)COP(=O)(OCCCl)OCCCl,<ACYCLIC>,-3.4001753330230713,-4.824446151286163,-1.4242708182630919,1.4242708182630919,val,random,Random Forest
O=P(Oc1ccccc1)(Oc1ccccc1)Oc1ccc(-c2ccc(OP(=O)(Oc3ccccc3)Oc3ccccc3)cc2)cc1,O=P(Oc1ccccc1)(Oc1ccccc1)Oc1ccc(-c2ccc(OP(=O)(Oc3ccccc3)Oc3ccccc3)cc2)cc1,-7.813287258148193,-6.3605308751732315,1.452756382974962,1.452756382974962,val,random,Random Forest
O=P(c1ccccc1)(c1ccccc1)c1ccccc1,O=P(c1ccccc1)(c1ccccc1)c1ccccc1,-2.8774728775024414,-2.954879943602517,-0.07740706610007564,0.07740706610007564,val,random,Random Forest
O=S(=O)(CCCl)CCCl,<ACYCLIC>,-1.503100037574768,-1.3138957689728779,0.1892042686018902,0.1892042686018902,val,random,Random Forest
O=S(=O)(CCCl)CCS(=O)(=O)CCCl,<ACYCLIC>,-1.4486000537872314,-1.4115103115366041,0.03708974225062733,0.03708974225062733,val,random,Random Forest
O=S(=O)(Cl)c1ccccc1,c1ccccc1,-1.885321855545044,-1.829305817462991,0.05601603808205291,0.05601603808205291,val,random,Random Forest
O=S(=O)(O)CCN1CCOCC1,C1COCCN1,0.18852974474430084,-0.023239778859186034,-0.2117695236034869,0.2117695236034869,val,random,Random Forest
O=S(=O)(O)c1cccc(N=Nc2ccc(N=Nc3ccc(Nc4ccccc4)c4c(S(=O)(=O)O)cccc34)c3ccccc23)c1,c1ccc(N=Nc2ccc(N=Nc3ccc(Nc4ccccc4)c4ccccc34)c3ccccc23)cc1,-0.5325397253036499,-1.923405258670587,-1.390865533366937,1.390865533366937,val,random,Random Forest
O=S(=O)(O)c1cccc(S(=O)(=O)O)c1,c1ccccc1,0.3709472715854645,-0.7209893226347243,-1.0919365942201886,1.0919365942201886,val,random,Random Forest
O=S(O)CO,<ACYCLIC>,0.7315207123756409,0.6519859081087809,-0.07953480426685999,0.07953480426685999,val,random,Random Forest
O=S=O,<ACYCLIC>,0.22349999845027924,0.516302315634015,0.2928023171837357,0.2928023171837357,val,random,Random Forest
O=[N+](O)OC1CCCCC1O[N+](=O)O,C1CCCCC1,-2.3499999046325684,-1.9145541897122855,0.43544571492028283,0.43544571492028283,val,random,Random Forest
O=[N+]([O-])C(Br)([N+](=O)[O-])[N+](=O)[O-],<ACYCLIC>,-1.7704999446868896,-2.264641060322651,-0.49414111563576135,0.49414111563576135,val,random,Random Forest
O=[N+]([O-])C(CCl)([N+](=O)[O-])[N+](=O)[O-],<ACYCLIC>,-0.25859999656677246,-2.0491853841501815,-1.790585387583409,1.790585387583409,val,random,Random Forest
O=[N+]([O-])OC1CCCCCC1O[N+](=O)[O-],C1CCCCCC1,-3.0199999809265137,-2.333292729518145,0.6867072514083685,0.6867072514083685,val,random,Random Forest
O=[N+]([O-])O[C@H]1CO[C@H]2[C@@H]1OC[C@H]2O[N+](=O)[O-],C1CC2OCCC2O1,-2.6328001022338867,-2.613295402878146,0.01950469935574084,0.01950469935574084,val,random,Random Forest
O=[N+]([O-])c1c2ccccc2cc2ccccc12,c1ccc2cc3ccccc3cc2c1,-6.291800022125244,-4.775413647038909,1.5163863750863351,1.5163863750863351,val,random,Random Forest
O=[N+]([O-])c1cc(-c2ccccc2)ccc1O,c1ccc(-c2ccccc2)cc1,-4.410099983215332,-3.6602235788907973,0.7498764043245347,0.7498764043245347,val,random,Random Forest
O=[N+]([O-])c1cc(C(F)(F)F)ccc1O,c1ccccc1,-2.503000020980835,-2.8177077941859054,-0.3147077732050705,0.3147077732050705,val,random,Random Forest
O=[N+]([O-])c1cc(Cl)c(Cl)c(Cl)c1Cl,c1ccccc1,-4.553100109100342,-5.121924527359705,-0.5688244182593634,0.5688244182593634,val,random,Random Forest
O=[N+]([O-])c1cc(O)cc([N+](=O)[O-])c1,c1ccccc1,-1.6629999876022339,-2.4176764532570703,-0.7546764656548364,0.7546764656548364,val,random,Random Forest
O=[N+]([O-])c1cc([N+](=O)[O-])c(O)cc1O,c1ccccc1,-3.408600091934204,-2.1205916074348536,1.2880084844993505,1.2880084844993505,val,random,Random Forest
O=[N+]([O-])c1cc([N+](=O)[O-])c2ccccc2c1Cl,c1ccc2ccccc2c1,-5.400000095367432,-4.172226060740329,1.2277740346271022,1.2277740346271022,val,random,Random Forest
O=[N+]([O-])c1ccc(-c2ccccc2)cc1O,c1ccc(-c2ccccc2)cc1,-3.8557000160217285,-3.6890823381407576,0.16661767788097093,0.16661767788097093,val,random,Random Forest
O=[N+]([O-])c1ccc(Cl)c(Cl)c1,c1ccccc1,-3.2005181312561035,-3.497272541801794,-0.2967544105456903,0.2967544105456903,val,random,Random Forest
O=[N+]([O-])c1ccc(Cl)cc1O,c1ccccc1,-2.6373770236968994,-2.5129770681090533,0.12439995558784611,0.12439995558784611,val,random,Random Forest
O=[N+]([O-])c1ccc(Nc2ccc(O)cc2)c([N+](=O)[O-])c1,c1ccc(Nc2ccccc2)cc1,-5.443999767303467,-4.551440721302121,0.8925590460013462,0.8925590460013462,val,random,Random Forest
O=[N+]([O-])c1ccc(O)cc1,c1ccccc1,-0.9399999976158142,-1.7494127249108256,-0.8094127272950113,0.8094127272950113,val,random,Random Forest
O=[N+]([O-])c1ccc(O)cc1C(F)(F)F,c1ccccc1,-1.6172000169754028,-2.8755480249026775,-1.2583480079272746,1.2583480079272746,val,random,Random Forest
O=[N+]([O-])c1ccc2c(c1CO)OCO2,c1ccc2c(c1)OCO2,-3.064300060272217,-1.7885484219472951,1.2757516383249217,1.2757516383249217,val,random,Random Forest
O=[N+]([O-])c1cccc(Cl)c1Cl,c1ccccc1,-3.488100051879883,-3.5517318205466806,-0.06363176866679776,0.06363176866679776,val,random,Random Forest
O=[N+]([O-])c1ccccc1-c1ccc(Cl)cc1,c1ccc(-c2ccccc2)cc1,-4.937209606170654,-5.00381478350314,-0.06660517733248561,0.06660517733248561,val,random,Random Forest
O=c1[nH]c(=O)c2nc[nH]c2[nH]1,O=c1[nH]c(=O)c2nc[nH]c2[nH]1,-3.869999885559082,-2.940899461529497,0.9291004240295848,0.9291004240295848,val,random,Random Forest
O=c1[nH]c(=O)n(C2CC(O)C(CO)O2)cc1C(F)(F)F,O=c1ccn(C2CCCO2)c(=O)[nH]1,-0.7099999785423279,-1.7329781924853718,-1.022978213943044,1.022978213943044,val,random,Random Forest
O=c1[nH]c(=O)n(C2CCCO2)cc1F,O=c1ccn(C2CCCO2)c(=O)[nH]1,-1.0099999904632568,-1.7330570151195173,-0.7230570246562604,0.7230570246562604,val,random,Random Forest
O=c1[nH]c(=O)n(Cc2ccc(Cl)cc2Cl)cc1F,O=c1ccn(Cc2ccccc2)c(=O)[nH]1,-3.940000057220459,-3.310112012450166,0.629888044770293,0.629888044770293,val,random,Random Forest
O=c1[nH]c2cc(Cl)ccc2n1C1CCNCC1,O=c1[nH]c2ccccc2n1C1CCNCC1,-2.6630759239196777,-3.1103740500354617,-0.447298126115784,0.447298126115784,val,random,Random Forest
O=c1[nH]c2cc(Cl)ccc2o1,O=c1[nH]c2ccccc2o1,-2.6600000858306885,-2.2947241099346383,0.3652759758960502,0.3652759758960502,val,random,Random Forest
O=c1[nH]c2ccc([N+](=O)[O-])cc2[nH]1,O=c1[nH]c2ccccc2[nH]1,-3.274087429046631,-2.3937902193089955,0.8802972097376354,0.8802972097376354,val,random,Random Forest
O=c1c2ccccc2nc2n1CC[C@@H]2O,O=c1c2ccccc2nc2n1CCC2,-2.1059999465942383,-1.919909229796251,0.18609071679798728,0.18609071679798728,val,random,Random Forest
O=c1c2cnn(CO)c2ncn1CO,O=c1[nH]cnc2[nH]ncc12,-1.7200000286102295,-1.0593582278171838,0.6606418007930457,0.6606418007930457,val,random,Random Forest
O=c1ccc2cc3ccoc3c(O)c2o1,O=c1ccc2cc3ccoc3cc2o1,-3.2200000286102295,-3.0123315485281315,0.20766848008209804,0.20766848008209804,val,random,Random Forest
O=c1ccc2ccccc2[nH]1,O=c1ccc2ccccc2[nH]1,-2.139400005340576,-2.0579949908539383,0.08140501448663784,0.08140501448663784,val,random,Random Forest
O=c1nc[nH]c2nc[nH]c12,O=c1nc[nH]c2nc[nH]c12,-2.288800001144409,-1.7664325415350732,0.522367459609336,0.522367459609336,val,random,Random Forest
OC(=S)c1cccnc1,c1ccncc1,-1.3801000118255615,-0.8849455502900893,0.49515446153547227,0.49515446153547227,val,random,Random Forest
OC1CCCCC1,C1CCCCC1,-0.3774000108242035,-0.3979298770836852,-0.02052986625948172,0.02052986625948172,val,random,Random Forest
OC1CSC(O)CS1,C1CSCCS1,-1.4690382480621338,0.14004284028274314,1.609081088344877,1.609081088344877,val,random,Random Forest
OCC(O)C(O)C(O)C(O)C(O)CO,<ACYCLIC>,0.37220001220703125,0.09905887874189721,-0.273141133465134,0.273141133465134,val,random,Random Forest
OCC(O)C1OC2OC(C(Cl)(Cl)Cl)OC2C1O,C1CC2OCOC2O1,-1.840000033378601,-1.5408331596483595,0.29916687373024153,0.29916687373024153,val,random,Random Forest
OCC1CO1,C1CO1,1.1303000450134277,0.9788412039616039,-0.15145884105182383,0.15145884105182383,val,random,Random Forest
OCCOCCOCCOCCO,<ACYCLIC>,0.7116904258728027,0.2719279619601182,-0.43976246391268453,0.43976246391268453,val,random,Random Forest
OCNC(=S)c1ccccc1,c1ccccc1,-1.1399999856948853,-1.0945164705114974,0.04548351518338789,0.04548351518338789,val,random,Random Forest
OCc1c(Cl)c(Cl)c(Cl)c(Cl)c1Cl,c1ccccc1,-5.146699905395508,-4.568103860751478,0.5785960446440299,0.5785960446440299,val,random,Random Forest
OCc1ccccc1O,c1ccccc1,-0.2946000099182129,-0.4957696643236046,-0.2011696544053917,0.2011696544053917,val,random,Random Forest
ON=C1C=CC(=NO)c2ncccc21,N=C1C=CC(=N)c2ncccc21,-3.799799919128418,-2.2603270831814704,1.5394728359469476,1.5394728359469476,val,random,Random Forest
O[B]O,<ACYCLIC>,-2.340733528137207,0.8356971200448534,3.1764306481820603,3.1764306481820603,val,random,Random Forest
Oc1c2ccccc2cc2ccccc12,c1ccc2cc3ccccc3cc2c1,-4.732900142669678,-3.7043567558426926,1.028543386826985,1.028543386826985,val,random,Random Forest
Oc1cc(Cl)cc(Cl)c1,c1ccccc1,-1.559000015258789,-2.0562169337781957,-0.49721691851940664,0.49721691851940664,val,random,Random Forest
Oc1ccc(C2CCCCC2)cc1,c1ccc(C2CCCCC2)cc1,-3.4679999351501465,-3.1653883315438747,0.3026116036062718,0.3026116036062718,val,random,Random Forest
Oc1ccc(Cl)cc1,c1ccccc1,-0.687659740447998,-1.5201114762607553,-0.8324517358127572,0.8324517358127572,val,random,Random Forest
Oc1cccc(O)c1,c1ccccc1,1.003488302230835,-0.5680108761927052,-1.5714991784235401,1.5714991784235401,val,random,Random Forest
Oc1cccc2ccccc12,c1ccc2ccccc2c1,-2.061973810195923,-2.322867806853363,-0.26089399665743995,0.26089399665743995,val,random,Random Forest
Oc1ccccc1O,c1ccccc1,0.6123418807983398,-0.5586322093148604,-1.1709740901132002,1.1709740901132002,val,random,Random Forest
Oc1ccccc1Oc1ccccc1,c1ccc(Oc2ccccc2)cc1,-3.228600025177002,-3.1434763547282847,0.08512367044871727,0.08512367044871727,val,random,Random Forest
Oc1cccnc1,c1ccncc1,-0.45570001006126404,0.4497774422651748,0.9054774523264388,0.9054774523264388,val,random,Random Forest
S=C(Nc1ccccc1)Nc1ccccc1,S=C(Nc1ccccc1)Nc1ccccc1,-3.9716885089874268,-3.644778390501313,0.3269101184861136,0.3269101184861136,val,random,Random Forest
S=C1NCCN1,S=C1NCCN1,-0.708299994468689,0.28928205480596975,0.9975820492746588,0.9975820492746588,val,random,Random Forest
S=C=Nc1ccccc1,c1ccccc1,-3.1772000789642334,-2.7203309132544953,0.4568691657097381,0.4568691657097381,val,random,Random Forest
S=c1[nH]nc(SSc2n[nH]c(=S)s2)s1,S=c1[nH]nc(SSc2n[nH]c(=S)s2)s1,-3.2522132396698,-3.8946772561097753,-0.6424640164399755,0.6424640164399755,val,random,Random Forest
Sc1ccccc1,c1ccccc1,-2.1203999519348145,-1.8388426604444001,0.2815572914904143,0.2815572914904143,val,random,Random Forest
[Ba+2],<ACYCLIC>,-8.74485969543457,-4.779969149497764,3.9648905459368065,3.9648905459368065,val,random,Random Forest
[La],<ACYCLIC>,0.9471840858459473,-5.077156583016301,-6.024340668862248,6.024340668862248,val,random,Random Forest
[Mn],<ACYCLIC>,-4.894774913787842,-4.478631372996671,0.4161435407911709,0.4161435407911709,val,random,Random Forest
[Mo+6],<ACYCLIC>,-2.158172369003296,-4.457737583570118,-2.2995652145668224,2.2995652145668224,val,random,Random Forest
[N-]=[N+]=NCC(=O)N[C@H](CO)[C@H](O)c1ccc([N+](=O)[O-])cc1,c1ccccc1,-1.1691999435424805,-1.9417800602434925,-0.772580116701012,0.772580116701012,val,random,Random Forest
[Zr+2],<ACYCLIC>,-6.066512107849121,-4.690713242982153,1.375798864866968,1.375798864866968,val,random,Random Forest
c1ccc(-c2ccccc2)cc1,c1ccc(-c2ccccc2)cc1,-4.320000171661377,-4.232258138624812,0.08774203303656503,0.08774203303656503,val,random,Random Forest
c1ccc(C2=NCCN2)cc1,c1ccc(C2=NCCN2)cc1,-1.1265181303024292,-1.0616652687731818,0.06485286152924741,0.06485286152924741,val,random,Random Forest
c1ccc(C2CO2)cc1,c1ccc(C2CO2)cc1,-1.906541109085083,-1.4526518237269535,0.45388928535812956,0.45388928535812956,val,random,Random Forest
c1ccc(CCNCc2ccccc2)cc1,c1ccc(CCNCc2ccccc2)cc1,-2.722899913787842,-2.9145374797077253,-0.19163756591988346,0.19163756591988346,val,random,Random Forest
c1ccc(N=NNc2ccccc2)cc1,c1ccc(N=NNc2ccccc2)cc1,-2.5959999561309814,-4.138060367342656,-1.5420604112116747,1.5420604112116747,val,random,Random Forest
c1ccc2c(c1)-c1cccc3cccc-2c13,c1ccc2c(c1)-c1cccc3cccc-2c13,-5.929999828338623,-6.23267052014227,-0.30267069180364725,0.30267069180364725,val,random,Random Forest
c1ccc2c(c1)Nc1c(ccc3ccccc13)S2,c1ccc2c(c1)Nc1c(ccc3ccccc13)S2,-5.895699977874756,-6.391038727571008,-0.495338749696252,0.495338749696252,val,random,Random Forest
c1ccc2c(c1)c1cccc3ccc4cccc2c4c31,c1ccc2c(c1)c1cccc3ccc4cccc2c4c31,-7.659999847412109,-8.16479545419849,-0.5047956067863808,0.5047956067863808,val,random,Random Forest
c1ccc2c3c(ccc2c1)Nc1ccc2ccccc2c1S3,c1ccc2c3c(ccc2c1)Nc1ccc2ccccc2c1S3,-6.878600120544434,-6.89110657928763,-0.012506458743196447,0.012506458743196447,val,random,Random Forest
c1ccc2c3c(ccc2c1)Sc1ccc2ccccc2c1N3,c1ccc2c3c(ccc2c1)Sc1ccc2ccccc2c1N3,-7.908100128173828,-6.868186456584713,1.0399136715891153,1.0399136715891153,val,random,Random Forest
c1ccc2n[nH]nc2c1,c1ccc2n[nH]nc2c1,-0.7793999910354614,-0.6404927482806887,0.13890724275477273,0.13890724275477273,val,random,Random Forest
c1ccc2sc(SNC3CCCCC3)nc2c1,c1ccc2sc(SNC3CCCCC3)nc2c1,-5.917142868041992,-4.462648839112351,1.4544940289296413,1.4544940289296413,val,random,Random Forest
c1ccoc1,c1ccoc1,-0.8199999928474426,-0.2641153814689933,0.5558846113784492,0.5558846113784492,val,random,Random Forest
c1cnc2ncncc2n1,c1cnc2ncncc2n1,0.019999999552965164,-0.6172090450618561,-0.6372090446148213,0.6372090446148213,val,random,Random Forest
c1cnoc1,c1cnoc1,0.38269999623298645,0.5560556421585124,0.173355645925526,0.173355645925526,val,random,Random Forest
c1ncc2[nH]cnc2n1,c1ncc2[nH]cnc2n1,0.6194000244140625,-0.4624258205600419,-1.0818258449741043,1.0818258449741043,val,random,Random Forest
BrC(Br)Br,<ACYCLIC>,-1.9112999439239502,-2.7213699230936905,-0.8100699791697403,0.8100699791697403,test,random,Random Forest
BrC1CC(Br)CC(Br)CC(Br)CC(Br)CC(Br)C1,C1CCCCCCCCCCC1,-6.9904279708862305,-7.986249467159076,-0.9958214962728453,0.9958214962728453,test,random,Random Forest
Brc1ccc(-c2c(Br)c(Br)c(Br)c(Br)c2Br)c(Br)c1Br,c1ccc(-c2ccccc2)cc1,-9.35099983215332,-8.541985536283919,0.8090142958694013,0.8090142958694013,test,random,Random Forest
Brc1ccc(I)cc1,c1ccccc1,-4.452000141143799,-4.132570573147447,0.3194295679963517,0.3194295679963517,test,random,Random Forest
C#CC(C)(C)O,<ACYCLIC>,1.0751110315322876,0.6528961417659024,-0.4222148897663852,0.4222148897663852,test,random,Random Forest
C#CC(C)OC(=O)Nc1cccc(Cl)c1,c1ccccc1,-2.6171998977661133,-3.3951371583999017,-0.7779372606337884,0.7779372606337884,test,random,Random Forest
C#CC1(OC(N)=O)CCCCC1,C1CCCCC1,-1.8252999782562256,-0.9862750989804192,0.8390248792758064,0.8390248792758064,test,random,Random Forest
C#CC=C,<ACYCLIC>,-1.4648000001907349,-1.421636321962444,0.043163678228290925,0.043163678228290925,test,random,Random Forest
C#CCC1=C(C)C(OC(=O)[C@H]2[C@H](C=C(C)C)C2(C)C)CC1=O,O=C1C=CC(OC(=O)C2CC2)C1,-4.5746002197265625,-4.329901072721949,0.2446991470046136,0.2446991470046136,test,random,Random Forest
C#CCN1C(=O)COc2cc(F)c(N3C(=O)C4=C(CCCC4)C3=O)cc21,O=C1COc2ccc(N3C(=O)C4=C(CCCC4)C3=O)cc2N1,-5.296599864959717,-3.582621628398374,1.713978236561343,1.713978236561343,test,random,Random Forest
C#CCO,<ACYCLIC>,1.251315951347351,0.9626542118850718,-0.28866173946227924,0.28866173946227924,test,random,Random Forest
C/C(=N\NC(=O)Nc1cc(F)cc(F)c1)c1ncccc1C(=O)O,O=C(NN=Cc1ccccn1)Nc1ccccc1,-3.7248001098632812,-3.4742802377289355,0.2505198721343458,0.2505198721343458,test,random,Random Forest
C/C=C(/C)C(=O)O[C@H]1CC[C@@]2(C)[C@@H]3CC[C@H]4[C@]5(O)C[C@H](O)[C@@]6(O)[C@@H](CN7C[C@@H](C)CC[C@H]7[C@@]6(C)O)[C@]5(O)C[C@@]42O[C@]13O,C1CCN2CC3C(CCC4C3CC35OC6CCCC3C6CCC45)CC2C1,-3.0162999629974365,-2.07047003442798,0.9458299285694567,0.9458299285694567,test,random,Random Forest
C/C=C/C=C/C(=O)O,<ACYCLIC>,-1.7699999809265137,-1.059822483049942,0.7101774978765716,0.7101774978765716,test,random,Random Forest
C/C=C/CC1(C/C=C/C)C(=O)NC(=O)NC1=O,O=C1CC(=O)NC(=O)N1,-2.1972999572753906,-2.278398061750556,-0.0810981044751653,0.0810981044751653,test,random,Random Forest
C/C=C1\CC2C=CC1C2,C=C1CC2C=CC1C2,-3.1767964363098145,-3.0870533946963286,0.0897430416134859,0.0897430416134859,test,random,Random Forest
C1CC(N2CCOCC2)CCN1,C1CC(N2CCOCC2)CCN1,-2.9027228355407715,-0.2474149838284275,2.655307851712344,2.655307851712344,test,random,Random Forest
C1CCSC1,C1CCSC1,-1.181917428970337,-1.5550406626174353,-0.37312323364709843,0.37312323364709843,test,random,Random Forest
C1CN1,C1CN1,1.365835189819336,0.9273862885781521,-0.43844890124118385,0.43844890124118385,test,random,Random Forest
C1CN2CCN1CC2,C1CN2CCN1CC2,0.6032999753952026,0.34822023438390953,-0.2550797410112931,0.2550797410112931,test,random,Random Forest
C=C(Br)C(=O)Nc1ccc(NNC2=C3C(=O)C=C(S(=O)(=O)O)C=C3C=CC2=NC)c(S(=O)(=O)O)c1,N=C1C=CC2=CC=CC(=O)C2=C1NNc1ccccc1,-1.9476531744003296,-1.364114653575786,0.5835385208245436,0.5835385208245436,test,random,Random Forest
C=C(Br)C(F)(F)F,<ACYCLIC>,-2.2385852336883545,-2.6170459595533564,-0.3784607258650019,0.3784607258650019,test,random,Random Forest
C=C(C#N)C(=O)OCC,<ACYCLIC>,-6.717139720916748,-0.5372385331104947,6.179901187806253,6.179901187806253,test,random,Random Forest
C=C(C)C(=O)OCC(C)C,<ACYCLIC>,-2.0390000343322754,-2.127187740789637,-0.08818770645736151,0.08818770645736151,test,random,Random Forest
C=C(C)C(=O)OCCCCCCCCCCOC(=O)C(=C)C,<ACYCLIC>,-6.350205898284912,-5.230873772880391,1.1193321254045214,1.1193321254045214,test,random,Random Forest
C=C(C)C(=O)OCCCCCCOC(=O)C(=C)C,<ACYCLIC>,-4.043663024902344,-3.7218407268705884,0.3218222980317553,0.3218222980317553,test,random,Random Forest
C=C(C)C(=O)OCCOc1ccc(C(C)(C)c2ccc(OCCOC(=O)C(=C)C)cc2)cc1,c1ccc(Cc2ccccc2)cc1,-5.379201889038086,-6.286071065875272,-0.9068691768371862,0.9068691768371862,test,random,Random Forest
C=C(C)C(=O)OCC[N+](C)(C)CCCS(=O)(=O)[O-],<ACYCLIC>,0.9627399444580078,-1.5095510297913213,-2.4722909742493293,2.4722909742493293,test,random,Random Forest
C=C(C)C1CCC(C)(O)C(O)C1,C1CCCCC1,-0.23109999299049377,-0.778328889869804,-0.5472288968793102,0.5472288968793102,test,random,Random Forest
C=C(C)CS(=O)(=O)O,<ACYCLIC>,0.5194215178489685,0.12549963396805458,-0.3939218838809139,0.3939218838809139,test,random,Random Forest
C=C(C)c1cccc(C(=C)C)c1,c1ccccc1,-4.451139450073242,-4.927339177737774,-0.47619972766453156,0.47619972766453156,test,random,Random Forest
C=C(CC(Cl)(Cl)Cl)c1ccccc1,c1ccccc1,-4.282199859619141,-5.357908661106898,-1.0757088014877576,1.0757088014877576,test,random,Random Forest
C=C(Cl)C(Cl)CCl,<ACYCLIC>,-2.4244542121887207,-2.3082144986737054,0.11623971351501527,0.11623971351501527,test,random,Random Forest
C=C(OC(C)=O)c1ccccc1,c1ccccc1,-2.113595485687256,-2.4692195187382175,-0.3556240330509617,0.3556240330509617,test,random,Random Forest
C=C/C=C/CC/C=C/CC,<ACYCLIC>,-3.3419065475463867,-4.370547552771987,-1.0286410052255999,1.0286410052255999,test,random,Random Forest
C=C/C=C\C#N,<ACYCLIC>,-0.722100019454956,-0.38828904290081023,0.3338109765541458,0.3338109765541458,test,random,Random Forest
C=C1C2CCC(C)(OCC)C1CCC2(C)C,C=C1C2CCCC1CCC2,-4.7342963218688965,-4.556148036337059,0.17814828553183748,0.17814828553183748,test,random,Random Forest
C=C1C[C@]23C[C@@]1(O)CC[C@H]2[C@@]12C=C[C@H](O)C(C)(C(=O)O1)[C@H]2[C@@H]3C(=O)O,C=C1CC23CC1CCC2C12C=CCC(C(=O)O1)C2C3,-1.8406000137329102,-2.1895589586613045,-0.3489589449283943,0.3489589449283943,test,random,Random Forest
C=CC(=O)NCO,<ACYCLIC>,0.8101000189781189,0.5558704814203258,-0.2542295375577931,0.2542295375577931,test,random,Random Forest
C=CC(=O)OCCC(F)(F)C(F)(F)C(F)(F)C(F)(F)C(F)(F)C(F)(F)F,<ACYCLIC>,-6.354159355163574,-5.649370382835708,0.704788972327866,0.704788972327866,test,random,Random Forest
C=CC(=O)OCCCCCCCCCCCC,<ACYCLIC>,-4.380910873413086,-5.4901783539729125,-1.1092674805598266,1.1092674805598266,test,random,Random Forest
C=CC(=O)OCCOCC(CC)(COCCOC(=O)C=C)COCCOC(=O)C=C,<ACYCLIC>,-2.687445878982544,-3.11770211491654,-0.43025623593399587,0.43025623593399587,test,random,Random Forest
C=CC(=O)OCCOCCOCCOCCOC(=O)C=C,<ACYCLIC>,-0.5000132918357849,-1.7045272624736023,-1.2045139706378174,1.2045139706378174,test,random,Random Forest
C=CC(C)(CCC=C(C)C)OC(C)=O,<ACYCLIC>,-3.815776824951172,-4.06471533090775,-0.24893850595657785,0.24893850595657785,test,random,Random Forest
C=CC(F)(F)C(F)(F)C(F)(F)C(F)(F)F,<ACYCLIC>,-4.197937488555908,-4.4720568208522025,-0.27411933229629426,0.27411933229629426,test,random,Random Forest
C=CC(O)CCC,<ACYCLIC>,-0.5993000268936157,-0.7394793337381385,-0.14017930684452273,0.14017930684452273,test,random,Random Forest
C=CC(c1ccc(O)cc1)C(C=C)c1ccc(O)cc1,c1ccc(CCc2ccccc2)cc1,-4.949999809265137,-4.378143508055714,0.5718563012094231,0.5718563012094231,test,random,Random Forest
C=CC1(C(C)CCC)C(=O)NC(=O)NC1=O,O=C1CC(=O)NC(=O)N1,-2.359999895095825,-2.240870256459973,0.11912963863585224,0.11912963863585224,test,random,Random Forest
C=CC1(C=C)C(=O)NC(=O)NC1=O,O=C1CC(=O)NC(=O)N1,-2.059999942779541,-1.6745938499669628,0.3854060928125782,0.3854060928125782,test,random,Random Forest
C=CC1(CC(C)C)C(=O)NC(=O)NC1=O,O=C1CC(=O)NC(=O)N1,-2.119999885559082,-2.0516933031995572,0.0683065823595248,0.0683065823595248,test,random,Random Forest
C=CC1CC=CCC1,C1=CCCCC1,-3.335192918777466,-3.084971222611934,0.2502216961655317,0.2502216961655317,test,random,Random Forest
C=CCCC,<ACYCLIC>,-2.675673007965088,-2.6805968070198296,-0.004923799054741718,0.004923799054741718,test,random,Random Forest
C=CCCCC=C,<ACYCLIC>,-3.339600086212158,-3.1983616152456404,0.14123847096651776,0.14123847096651776,test,random,Random Forest
C=CCCCCC,<ACYCLIC>,-3.7320001125335693,-3.8021415062102064,-0.07014139367663708,0.07014139367663708,test,random,Random Forest
C=CCCCCCCCCC(=O)N(CCO)CCO,<ACYCLIC>,-2.7615134716033936,-1.6441483722317807,1.1173650993716129,1.1173650993716129,test,random,Random Forest
C=CCN(CC=C)C(=O)C(Cl)Cl,<ACYCLIC>,-1.6193000078201294,-1.6623984924840305,-0.04309848466390109,0.04309848466390109,test,random,Random Forest
C=CCNC(N)=S,<ACYCLIC>,-0.2939999997615814,-0.19699443467035171,0.0970055650912297,0.0970055650912297,test,random,Random Forest
C=CCOC(CO)CO,<ACYCLIC>,0.48100000619888306,0.577535989564617,0.09653598336573399,0.09653598336573399,test,random,Random Forest
C=CF,<ACYCLIC>,-0.2759999930858612,-1.4517872569993027,-1.1757872639134415,1.1757872639134415,test,random,Random Forest
C=CN1CCN(C=C)C1=O,O=C1NCCN1,-1.1558864116668701,-0.5712494889117267,0.5846369227551435,0.5846369227551435,test,random,Random Forest
C=COCC(F)(F)F,<ACYCLIC>,-1.4780000448226929,-1.5924863229321924,-0.11448627810949952,0.11448627810949952,test,random,Random Forest
C=CS(=O)(=O)CS(=O)(=O)C=C,<ACYCLIC>,-3.9198954105377197,-1.2837304238528182,2.6361649866849017,2.6361649866849017,test,random,Random Forest
C=C[C@H]1CN2CCC1C[C@H]2[C@H](O)c1ccnc2ccc(OC)cc12,c1ccc2c(CC3CC4CCN3CC4)ccnc2c1,-2.812143087387085,-3.124558203130086,-0.31241511574300107,0.31241511574300107,test,random,Random Forest
C=Cc1cc(Br)ccc1Br,c1ccccc1,-4.578730583190918,-4.927729456945673,-0.3489988737547547,0.3489988737547547,test,random,Random Forest
CC(=O)/C(=N/Nc1cc(S(N)(=O)=O)ccc1O)C(=O)Nc1ccccc1,O=C(C=NNc1ccccc1)Nc1ccccc1,-2.208470106124878,-2.7002652899041237,-0.4917951837792458,0.4917951837792458,test,random,Random Forest
CC(=O)C(C)C,<ACYCLIC>,-0.15129999816417694,-0.15174666153048824,-0.00044666336631130066,0.00044666336631130066,test,random,Random Forest
CC(=O)C(N=Nc1ccc(C)cc1[N+](=O)[O-])C(=O)Nc1ccc(Cl)cc1,O=C(CN=Nc1ccccc1)Nc1ccccc1,-7.605298042297363,-6.7151318276792615,0.8901662146181017,0.8901662146181017,test,random,Random Forest
CC(=O)C1CCC2C3CCC4=CC(=O)CC(O)C4(C)C3CCC12C,O=C1C=C2CCC3C4CCCC4CCC3C2CC1,-3.819999933242798,-4.037049154756562,-0.21704922151376405,0.21704922151376405,test,random,Random Forest
CC(=O)C1CCC2C3CCC4=CC(=O)CCC4(C)C3CCC12C,O=C1C=C2CCC3C4CCCC4CCC3C2CC1,-4.429999828338623,-5.097197519883276,-0.6671976915446534,0.6671976915446534,test,random,Random Forest
CC(=O)C1CC[C@H]2[C@@H]3CCC4=CC(=O)CC[C@]4(C)[C@H]3[C@H](O)C[C@]12C,O=C1C=C2CCC3C4CCCC4CCC3C2CC1,-3.820199966430664,-4.047952520991287,-0.22775255456062293,0.22775255456062293,test,random,Random Forest
CC(=O)CC(=O)C(C)(C)C,<ACYCLIC>,-1.6299999952316284,-1.2530355844044039,0.37696441082722454,0.37696441082722454,test,random,Random Forest
CC(=O)CC1=NCCS1,C1=NCCS1,-1.156000018119812,-0.8185160905871336,0.3374839275326784,0.3374839275326784,test,random,Random Forest
CC(=O)CCC1=C(C)CCCC1(C)C,C1=CCCCC1,-3.6550445556640625,-3.7835675647703533,-0.12852300910629078,0.12852300910629078,test,random,Random Forest
CC(=O)COc1c(C)cccc1C,c1ccccc1,-1.9185447692871094,-2.570004082270966,-0.6514593129838566,0.6514593129838566,test,random,Random Forest
CC(=O)N1CCOCC1,C1COCCN1,0.8888753056526184,0.5525765108284837,-0.3362987948241347,0.3362987948241347,test,random,Random Forest
CC(=O)NC(CSc1ccc(Cl)c(Cl)c1)C(=O)O,c1ccccc1,-2.890000104904175,-2.8983571119666713,-0.008357007062496535,0.008357007062496535,test,random,Random Forest
CC(=O)NC(Cc1ccc(OC(C)=O)cc1)C(N)=O,c1ccccc1,-1.899999976158142,-1.936583827216513,-0.03658385105837092,0.03658385105837092,test,random,Random Forest
CC(=O)NC(Cc1ccccc1)C(=O)O,c1ccccc1,-1.409999966621399,-1.528128012123208,-0.118128045501809,0.118128045501809,test,random,Random Forest
CC(=O)NNC(C)=O,<ACYCLIC>,0.32866817712783813,0.13409757471375056,-0.19457060241408758,0.19457060241408758,test,random,Random Forest
CC(=O)N[C@@H](Cc1cc(Br)c(O)c(Br)c1)C(=O)O,c1ccccc1,-2.183000087738037,-2.65978744294522,-0.4767873552071831,0.4767873552071831,test,random,Random Forest
CC(=O)Nc1ccc(Cl)cc1,c1ccccc1,-2.8399999141693115,-2.1488150488591535,0.691184865310158,0.691184865310158,test,random,Random Forest
CC(=O)Nc1ccc(S(=O)(=O)Nc2nc(C)cs2)cc1,O=S(=O)(Nc1nccs1)c1ccccc1,-4.150000095367432,-3.3719263705945517,0.77807372477288,0.77807372477288,test,random,Random Forest
CC(=O)Nc1ccc(S(=O)(=O)O)c2c1C(=O)/C(=N\Nc1ccc(N=Nc3ccc(S(=O)(=O)O)cc3)c3ccc(S(=O)(=O)O)cc13)C(S(=O)(=O)O)=C2,O=C1C(=NNc2ccc(N=Nc3ccccc3)c3ccccc23)C=Cc2ccccc21,-1.461244821548462,-1.0814247059655333,0.3798201155829286,0.3798201155829286,test,random,Random Forest
CC(=O)Nc1ccc([N+](=O)[O-])cc1,c1ccccc1,-2.690000057220459,-2.375762403398596,0.3142376538218632,0.3142376538218632,test,random,Random Forest
CC(=O)Nc1ccc2c(c1)C(=O)/C(=N/Nc1ccc(S(=O)(=O)CCOS(=O)(=O)O)cc1)C(S(=O)(=O)O)=C2,O=C1C(=NNc2ccccc2)C=Cc2ccccc21,-0.6794074773788452,-0.7016590959777437,-0.02225161859889846,0.02225161859889846,test,random,Random Forest
CC(=O)Nc1cccc(C)c1,c1ccccc1,-2.0910000801086426,-1.9585567035087743,0.13244337659986827,0.13244337659986827,test,random,Random Forest
CC(=O)Nc1cccc(O)c1,c1ccccc1,-1.059999942779541,-1.4170463709066694,-0.3570464281271284,0.3570464281271284,test,random,Random Forest
CC(=O)Nc1nnc(S(N)(=O)=O)s1,c1nncs1,-2.440000057220459,-1.5959208867948813,0.8440791704255777,0.8440791704255777,test,random,Random Forest
CC(=O)OC(C)CC(C)C,<ACYCLIC>,-2.045099973678589,-1.7074699921683658,0.33762998151022305,0.33762998151022305,test,random,Random Forest
CC(=O)OC(c1ccc(Cl)c(Cl)c1)C(Cl)(Cl)Cl,c1ccccc1,-3.827899932861328,-5.558238377639228,-1.7303384447778996,1.7303384447778996,test,random,Random Forest
CC(=O)OC/C=C(C)/C=C/C=C(C)/C=C/C1=C(C)CCCC1(C)C,C1=CCCCC1,-7.5165300369262695,-6.582729624647311,0.9338004122789583,0.9338004122789583,test,random,Random Forest
CC(=O)OC/C=C(\C)CCC=C(C)C,<ACYCLIC>,-3.8305001258850098,-3.938162988310768,-0.10766286242575829,0.10766286242575829,test,random,Random Forest
CC(=O)OC1CC2CCC1(C)C2(C)C,C1CC2CCC1C2,-3.930000066757202,-3.5160770360316556,0.4139230307255466,0.4139230307255466,test,random,Random Forest
CC(=O)OCC(=O)C1(O)C(OC(C)=O)CC2C3CCC4=CC(=O)C=CC4(C)C3(F)C(O)CC21C,O=C1C=CC2C(=C1)CCC1C3CCCC3CCC21,-4.130000114440918,-4.144025644412195,-0.014025529971276818,0.014025529971276818,test,random,Random Forest
CC(=O)OCC1=C(C(=O)O)N2C(=O)[C@@H](N)[C@H]2SC1,O=C1CC2SCC=CN12,-2.648977756500244,-1.6379643195049383,1.0110134369953059,1.0110134369953059,test,random,Random Forest
CC(=O)OCCBr,<ACYCLIC>,-0.6736999750137329,-0.8040663050442899,-0.13036633003055698,0.13036633003055698,test,random,Random Forest
CC(=O)OCCN1CCN(CCCN2c3ccccc3Sc3ccc(Cl)cc32)CC1,c1ccc2c(c1)Sc1ccccc1N2CCCN1CCNCC1,-4.699999809265137,-4.621802802623265,0.07819700664187135,0.07819700664187135,test,random,Random Forest
CC(=O)OCCOCn1cnc2c(=O)[nH]c(N)nc21,O=c1[nH]cnc2[nH]cnc12,-2.700000047683716,-2.1433004592996903,0.5566995883840256,0.5566995883840256,test,random,Random Forest
CC(=O)Oc1ccc(C(C)=O)cc1,c1ccccc1,-1.5199999809265137,-2.270101885104582,-0.7501019041780683,0.7501019041780683,test,random,Random Forest
CC(=O)Oc1ccc(CC(NC(=O)c2ccccc2)C(N)=O)cc1,O=C(NCCc1ccccc1)c1ccccc1,-3.890000104904175,-2.7550950092278,1.1349050956763747,1.1349050956763747,test,random,Random Forest
CC(=O)Oc1ccccc1,c1ccccc1,-1.373595118522644,-1.4695084939208454,-0.09591337539820133,0.09591337539820133,test,random,Random Forest
CC(=O)Oc1ccccc1[N+](=O)[O-],c1ccccc1,-2.1855239868164062,-2.540076243964549,-0.35455225714814276,0.35455225714814276,test,random,Random Forest
CC(=O)[C@@]1(O)CC[C@H]2[C@@H]3CCC4=CC(=O)CC[C@]4(C)[C@H]3CC[C@@]21C,O=C1C=C2CCC3C4CCCC4CCC3C2CC1,-4.707600116729736,-4.432734316511566,0.2748658002181701,0.2748658002181701,test,random,Random Forest
CC(=O)c1ccc(O)c(C(=O)O)c1,c1ccccc1,-2.2304000854492188,-2.1332773273097914,0.09712275813942739,0.09712275813942739,test,random,Random Forest
CC(=O)c1cccc(Nc2ccccc2C(=O)O)c1,c1ccc(Nc2ccccc2)cc1,-4.860000133514404,-4.108038978810452,0.7519611547039524,0.7519611547039524,test,random,Random Forest
CC(=O)n1c(=O)[nH]cc(F)c1=O,O=c1cc[nH]c(=O)[nH]1,-0.6000000238418579,-1.0613700400987078,-0.4613700162568499,0.4613700162568499,test,random,Random Forest
CC(C(=O)O)C(C)(C)CCC(=O)O,<ACYCLIC>,-1.5264999866485596,-0.829988973248808,0.6965110133997515,0.6965110133997515,test,random,Random Forest
CC(C(=O)O)c1cccc(C(=O)c2ccccc2)c1,O=C(c1ccccc1)c1ccccc1,-3.4700000286102295,-3.3020514378275654,0.1679485907826641,0.1679485907826641,test,random,Random Forest
CC(C)(C)C(=O)OCC(=O)C1(O)CCC2C3CCC4=CC(=O)C=CC4(C)C3C(O)CC21C,O=C1C=CC2C(=C1)CCC1C3CCCC3CCC21,-4.583499908447266,-4.500640158777277,0.08285974966998833,0.08285974966998833,test,random,Random Forest
CC(C)(C)C(=O)OCn1cc(F)c(=O)n(COC(=O)C(C)(C)C)c1=O,O=c1cc[nH]c(=O)[nH]1,-3.9000000953674316,-3.2542532217212563,0.6457468736461753,0.6457468736461753,test,random,Random Forest
CC(C)(C)C(=O)OCn1cc2c(=O)[nH]cnc2n1,O=c1[nH]cnc2n[nH]cc12,-2.1700000762939453,-2.5385383281565836,-0.36853825186263833,0.36853825186263833,test,random,Random Forest
CC(C)(C)C1CCC(CC2=C(O)C(=O)c3ccccc3C2=O)CC1,O=C1C=C(CC2CCCCC2)C(=O)c2ccccc21,-7.039999961853027,-5.548117177960889,1.4918827838921382,1.4918827838921382,test,random,Random Forest
CC(C)(C)CC(C)(C)c1ccc(O)c(Sc2cc(C(C)(C)CC(C)(C)C)ccc2O)c1,c1ccc(Sc2ccccc2)cc1,-6.446040630340576,-6.997312740524567,-0.5512721101839908,0.5512721101839908,test,random,Random Forest
CC(C)(C)Cl,<ACYCLIC>,-1.5069999694824219,-2.151479320513425,-0.644479351031003,0.644479351031003,test,random,Random Forest
CC(C)(C)N(CC(=O)c1ccc(O)c(CO)c1)Cc1ccccc1,O=C(CNCc1ccccc1)c1ccccc1,-1.3487765789031982,-3.9076803391977903,-2.558903760294592,2.558903760294592,test,random,Random Forest
CC(C)(C)S(=O)(=O)C(C)(C)C,<ACYCLIC>,-1.2177000045776367,-1.628710754441721,-0.41101074986408426,0.41101074986408426,test,random,Random Forest
CC(C)(C)[C@H](O)[C@H](Oc1ccc(Cl)cc1)n1cncn1,c1ccc(OCn2cncn2)cc1,-3.952399969100952,-3.720425022839554,0.23197494626139825,0.23197494626139825,test,random,Random Forest
CC(C)(C)c1cc(CCC(=O)NNC(=O)CCc2cc(C(C)(C)C)c(O)c(C(C)(C)C)c2)cc(C(C)(C)C)c1O,O=C(CCc1ccccc1)NNC(=O)CCc1ccccc1,-7.043598175048828,-7.069245206970307,-0.02564703192147899,0.02564703192147899,test,random,Random Forest
CC(C)(C)c1ccc(CCC=O)cc1,c1ccccc1,-3.1588327884674072,-3.3077768434267187,-0.1489440549593115,0.1489440549593115,test,random,Random Forest
CC(C)(C)c1ccc(OC(=O)c2cc(C(C)(C)C)c(O)c(C(C)(C)C)c2)c(C(C)(C)C)c1,O=C(Oc1ccccc1)c1ccccc1,-7.341090202331543,-7.1104834560871755,0.2306067462443675,0.2306067462443675,test,random,Random Forest
CC(C)(NC(=O)C(Br)C(C)(C)C)c1ccccc1,c1ccccc1,-4.945499897003174,-3.9497475343626935,0.9957523626404803,0.9957523626404803,test,random,Random Forest
CC(C)(O)C(=O)c1ccccc1,c1ccccc1,-1.0915321111679077,-1.6823742674401059,-0.5908421562721982,0.5908421562721982,test,random,Random Forest
CC(C)(OOC(C)(C)c1ccccc1)c1ccccc1,c1ccc(COOCc2ccccc2)cc1,-5.769199848175049,-5.1876973535591,0.5815024946159486,0.5815024946159486,test,random,Random Forest
CC(C)(c1ccc(OCC2CO2)cc1)c1ccc(OCC2CO2)cc1,c1cc(OCC2CO2)ccc1Cc1ccc(OCC2CO2)cc1,-4.799620151519775,-4.0860381756877455,0.7135819758320299,0.7135819758320299,test,random,Random Forest
CC(C)=CCC(C)(C)C(=O)C(C)C,<ACYCLIC>,-3.489215850830078,-3.6767379060938494,-0.1875220552637713,0.1875220552637713,test,random,Random Forest
CC(C)=CCC[C@@H](C)CC=O,<ACYCLIC>,-3.243751049041748,-2.947403657621493,0.29634739142025524,0.29634739142025524,test,random,Random Forest
CC(C)=NNC(=O)NC1c2ccccc2Oc2ccccc21,c1ccc2c(c1)Cc1ccccc1O2,-4.170000076293945,-4.068880454702827,0.10111962159111787,0.10111962159111787,test,random,Random Forest
CC(C)=NNC(N)=O,<ACYCLIC>,-0.26739999651908875,-0.7411285848400637,-0.473728588320975,0.473728588320975,test,random,Random Forest
CC(C)C(=O)OCCOc1ccccc1,c1ccccc1,-3.026343584060669,-2.744101221853847,0.282242362206822,0.282242362206822,test,random,Random Forest
CC(C)C(C(=O)O)N1CCCNC1=O,O=C1NCCCN1,-1.1028618812561035,-1.2026414725830363,-0.09977959132693281,0.09977959132693281,test,random,Random Forest
CC(C)C(C(=O)OC(C#N)c1cccc(Oc2ccc(Br)cc2)c1)c1ccc(OC(F)F)cc1,O=C(Cc1ccccc1)OCc1cccc(Oc2ccccc2)c1,-8.173100471496582,-6.997802230132731,1.1752982413638513,1.1752982413638513,test,random,Random Forest
CC(C)C(O)C(C)(C)CO,<ACYCLIC>,-0.6667259335517883,-0.4754185163144111,0.1913074172373772,0.1913074172373772,test,random,Random Forest
CC(C)C1(C)N=C(c2ncccc2C(=O)O)NC1=O,O=C1CN=C(c2ccccn2)N1,-1.3640294075012207,-2.423841725851927,-1.0598123183507062,1.0598123183507062,test,random,Random Forest
CC(C)C1C(=O)NC(=O)NC1=O,O=C1CC(=O)NC(=O)N1,-1.4556000232696533,-1.4034161794579065,0.05218384381174679,0.05218384381174679,test,random,Random Forest
CC(C)C1CCC(O)CC1,C1CCCCC1,-2.068094253540039,-1.7523469953833894,0.3157472581566496,0.3157472581566496,test,random,Random Forest
CC(C)C1NC(=O)CNC1=O,O=C1CNC(=O)CN1,-0.8925999999046326,-1.1261046639789072,-0.23350466407427461,0.23350466407427461,test,random,Random Forest
CC(C)CC(C(=O)O)N(CCC#N)CCC#N,<ACYCLIC>,-1.1399999856948853,-1.8193865409920749,-0.6793865552971896,0.6793865552971896,test,random,Random Forest
CC(C)CC(C)CO,<ACYCLIC>,-1.6007000207901,-1.1826342720613312,0.4180657487287689,0.4180657487287689,test,random,Random Forest
CC(C)CCCC(C)CCCC(C)CCCCC(C)CCCC(C)CCCC(C)C,<ACYCLIC>,-5.149040222167969,-7.158024740417723,-2.008984518249754,2.008984518249754,test,random,Random Forest
CC(C)CCCCCCCCCCCCCCC(=O)OCC(COC(=O)CCCCCCCCCCCCCCC(C)C)OC(=O)CCCCCCCCCCCCCCC(C)C,<ACYCLIC>,-8.458760261535645,-6.804926610652969,1.6538336508826754,1.6538336508826754,test,random,Random Forest
CC(C)CCCCCCCOC(=O)CCCCC(=O)OCCCCCCCC(C)C,<ACYCLIC>,-6.6301045417785645,-6.423344785141255,0.20675975663730917,0.20675975663730917,test,random,Random Forest
CC(C)CCCCCCOC(=O)c1ccccc1C(=O)OCCCCCCC(C)C,c1ccccc1,-6.6218180656433105,-7.130849645732104,-0.5090315800887932,0.5090315800887932,test,random,Random Forest
CC(C)CCCCCCc1ccc(O)cc1,c1ccccc1,-4.587250232696533,-4.428110874237524,0.15913935845900884,0.15913935845900884,test,random,Random Forest
CC(C)CCOC(=O)c1ccccc1O,c1ccccc1,-3.1572000980377197,-3.191518687569787,-0.034318589532067456,0.034318589532067456,test,random,Random Forest
CC(C)COP(=O)(OCC(C)C)OCC(C)C,<ACYCLIC>,-3.002154588699341,-2.6150602734514328,0.38709431524790805,0.38709431524790805,test,random,Random Forest
CC(C)CO[N+](=O)[O-],<ACYCLIC>,-1.9521000385284424,-1.3835770272956591,0.5685230112327833,0.5685230112327833,test,random,Random Forest
CC(C)NCC(O)COc1ccc(CC(N)=O)cc1,c1ccccc1,-1.3015999794006348,-1.6956728006304052,-0.3940728212297704,0.3940728212297704,test,random,Random Forest
CC(C)NCC(O)COc1cccc2ccccc12,c1ccc2ccccc2c1,-3.6201999187469482,-2.7210824641341413,0.8991174546128069,0.8991174546128069,test,random,Random Forest
CC(C)NCc1cccc(S(=O)(=O)c2csc(S(N)(=O)=O)c2)c1,O=S(=O)(c1ccccc1)c1ccsc1,-1.559999942779541,-1.9598953654843843,-0.39989542270484324,0.39989542270484324,test,random,Random Forest
CC(C)OC(=O)C(O)(c1ccc(Cl)cc1)c1ccc(Cl)cc1,c1ccc(Cc2ccccc2)cc1,-5.354400157928467,-4.669219722592643,0.6851804353358242,0.6851804353358242,test,random,Random Forest
CC(C)OC(=O)CC(C(=O)OC(C)C)S(=O)(=O)c1ccc([N+](=O)[O-])cc1,c1ccccc1,-4.289999961853027,-3.7546952614377416,0.5353047004152858,0.5353047004152858,test,random,Random Forest
CC(C)OC(=O)CS(=O)(=O)c1ccc(Cl)cc1,c1ccccc1,-2.4100000858306885,-2.9142407491885067,-0.5042406633578183,0.5042406633578183,test,random,Random Forest
CC(C)OC(=O)c1cccc([N+](=O)[O-])c1C(=O)O,c1ccccc1,-2.34660005569458,-2.7509664765035033,-0.40436642080892327,0.40436642080892327,test,random,Random Forest
CC(C)OC(C)C,<ACYCLIC>,-1.5165927410125732,-1.2539648126182632,0.26262792839431004,0.26262792839431004,test,random,Random Forest
CC(C)OP(=S)(OC(C)C)SCCNS(=O)(=O)c1ccccc1,c1ccccc1,-4.201399803161621,-4.186960861115465,0.014438942046155923,0.014438942046155923,test,random,Random Forest
CC(C)Oc1ccc([N+](=O)[O-])cc1N,c1ccccc1,-2.6600000858306885,-3.0883948222409647,-0.42839473641027626,0.42839473641027626,test,random,Random Forest
CC(C)c1ccc(C#N)cc1,c1ccccc1,-2.988795280456543,-2.5700355156748382,0.41875976478170474,0.41875976478170474,test,random,Random Forest
CC(C)c1ccc(C=O)cc1,c1ccccc1,-2.7852566242218018,-2.6180826492488736,0.16717397497292819,0.16717397497292819,test,random,Random Forest
CC(C)c1ccc(N)cc1,c1ccccc1,-1.7858312129974365,-2.200092235768361,-0.41426102277092447,0.41426102277092447,test,random,Random Forest
CC(C)c1ccc(OP(=O)(Oc2ccc(C(C)C)cc2)Oc2ccc(C(C)C)cc2)cc1,O=P(Oc1ccccc1)(Oc1ccccc1)Oc1ccccc1,-6.137134552001953,-6.530818183103127,-0.3936836311011742,0.3936836311011742,test,random,Random Forest
CC(C)c1ccc2c(c1)CC[C@H]1[C@](C)(C(=O)O)CCC[C@]21C,c1ccc2c(c1)CCC1CCCCC21,-4.658199787139893,-4.847496437855339,-0.18929665071544655,0.18929665071544655,test,random,Random Forest
CC(C)c1cccc(C(C)C)c1N=C=Nc1c(C(C)C)cccc1C(C)C,C(=Nc1ccccc1)=Nc1ccccc1,-6.860411167144775,-6.881851912878295,-0.021440745733519506,0.021440745733519506,test,random,Random Forest
CC(C)c1ncc([N+](=O)[O-])n1C,c1c[nH]cn1,-1.2599999904632568,-1.8412612820163619,-0.581261291553105,0.581261291553105,test,random,Random Forest
CC(C)n1ccc(NS(=O)(=O)c2ccc(N)cc2)nc1=O,O=c1nc(NS(=O)(=O)c2ccccc2)cc[nH]1,-3.1700000762939453,-2.872712268652844,0.2972878076411014,0.2972878076411014,test,random,Random Forest
CC(CC(C)(C)C)CC(C)(C)CC(C)(C)C,<ACYCLIC>,-3.354968547821045,-6.388179302855775,-3.0332107550347303,3.0332107550347303,test,random,Random Forest
CC(CC=O)c1ccccc1,c1ccccc1,-1.8698328733444214,-2.2527491800028185,-0.38291630665839715,0.38291630665839715,test,random,Random Forest
CC(CCC(=O)NCC(=O)O)C1CCC2C3C(O)CC4CC(O)CCC4(C)C3CC(O)C12C,C1CCC2C(C1)CCC1C3CCCC3CCC21,-5.150000095367432,-4.146984849387897,1.003015245979535,1.003015245979535,test,random,Random Forest
CC(CCc1ccccc1)NCC(O)c1ccc(O)c(C(N)=O)c1,c1ccc(CCCNCCc2ccccc2)cc1,-3.448199987411499,-2.629998058024379,0.8182019293871199,0.8182019293871199,test,random,Random Forest
CC(CO)(CO)[N+](=O)[O-],<ACYCLIC>,0.7724000215530396,0.10482470642886393,-0.6675753151241757,0.6675753151241757,test,random,Random Forest
CC(CO)C1CCCCCCCCCCC1,C1CCCCCCCCCCC1,-5.451794147491455,-4.482224178952199,0.9695699685392558,0.9695699685392558,test,random,Random Forest
CC(CO)CC(C)c1ccccc1,c1ccccc1,-2.3469159603118896,-2.6956344252918676,-0.34871846497997794,0.34871846497997794,test,random,Random Forest
CC(Cl)(Cl)Cl,<ACYCLIC>,-2.140000104904175,-2.4489398825777386,-0.30893977767356384,0.30893977767356384,test,random,Random Forest
CC(Cl)CCl,<ACYCLIC>,-1.6216647624969482,-1.7567898378475422,-0.13512507535059393,0.13512507535059393,test,random,Random Forest
CC(N)CC(=O)O,<ACYCLIC>,0.9866999983787537,0.2704378794474485,-0.7162621189313052,0.7162621189313052,test,random,Random Forest
CC(NC(N)=O)NC(N)=O,<ACYCLIC>,-0.5916000008583069,-0.9616386947726596,-0.37003869391435273,0.37003869391435273,test,random,Random Forest
CC(O)C#N,<ACYCLIC>,1.1482586860656738,0.8230658128847659,-0.32519287318090795,0.32519287318090795,test,random,Random Forest
CC(O)CCOCCC(C)O,<ACYCLIC>,0.789900004863739,-0.1030688453138272,-0.8929688501775662,0.8929688501775662,test,random,Random Forest
CC(SCSC(C)C(=O)O)C(=O)O,<ACYCLIC>,-1.8200000524520874,-1.4482422319541046,0.3717578204979828,0.3717578204979828,test,random,Random Forest
CC(c1cc2ccccc2s1)N(O)C(N)=O,c1ccc2sccc2c1,-3.369999885559082,-3.229551128715636,0.14044875684344582,0.14044875684344582,test,random,Random Forest
CC(c1ccccc1)c1ccccc1,c1ccc(Cc2ccccc2)cc1,-4.692503929138184,-4.88977314667238,-0.19726921753419635,0.19726921753419635,test,random,Random Forest
CC/C=C/CCCCCCCCCCCCCCOCC,<ACYCLIC>,-4.799983978271484,-5.799533711407233,-0.9995497331357486,0.9995497331357486,test,random,Random Forest
CC1(C#N)CCCC1=O,O=C1CCCC1,0.909500002861023,-0.6919974700091505,-1.6014974728701734,1.6014974728701734,test,random,Random Forest
CC1(C)C(C(=O)OC(C#N)c2cccc(Oc3ccccc3)c2)C1(C)C,O=C(OCc1cccc(Oc2ccccc2)c1)C1CC1,-6.024799823760986,-6.169847852268703,-0.14504802850771625,0.14504802850771625,test,random,Random Forest
CC1(C)CC(N=C=O)CC(C)(CN=C=O)C1,C1CCCCC1,-4.1708245277404785,-2.2276780589499467,1.9431464687905318,1.9431464687905318,test,random,Random Forest
CC1(C)CC(O)CC(C)(CN)C1,C1CCCCC1,0.4889993667602539,-0.41839655803638204,-0.9073959247966359,0.9073959247966359,test,random,Random Forest
CC1(C)CCC2(CCC(C)(C)O2)O1,C1COC2(C1)CCCO2,-1.964400053024292,-3.3169324252652954,-1.3525323722410034,1.3525323722410034,test,random,Random Forest
CC1(C)CNCC(C)(C)C1OC(=O)CCCCCCCCC(=O)OC1C(C)(C)CNCC1(C)C,O=C(CCCCCCCCC(=O)OC1CCNCC1)OC1CCNCC1,-4.4077467918396,-5.3190368389172304,-0.9112900470776308,0.9112900470776308,test,random,Random Forest
CC1(C)COP(=S)(OP2(=S)OCC(C)(C)CO2)OC1,S=P1(OP2(=S)OCCCO2)OCCCO1,-5.393383502960205,-4.537272027380095,0.8561114755801098,0.8561114755801098,test,random,Random Forest
CC1(C)OC(=O)c2cc3ccccc3cc21,O=C1OCc2cc3ccccc3cc21,-2.9844000339508057,-3.999911132993523,-1.0155110990427172,1.0155110990427172,test,random,Random Forest
CC1(C)OC2CC3C4CCC5=CC(=O)C=CC5(C)C4(F)C(O)CC3(C)C2(C(=O)CO)O1,O=C1C=CC2C(=C1)CCC1C2CCC2C1CC1OCOC12,-4.309999942779541,-4.106311690740562,0.20368825203897867,0.20368825203897867,test,random,Random Forest
CC1(C)SC2C(NC(=O)C(N)c3ccc(O)cc3)C(=O)N2C1C(=O)O,O=C(Cc1ccccc1)NC1C(=O)N2CCSC12,-2.1700000762939453,-1.8172560472887835,0.3527440290051618,0.3527440290051618,test,random,Random Forest
CC1(C)SC2C(NC(=O)Cc3ccccc3)C(=O)N2C1C(=O)O,O=C(Cc1ccccc1)NC1C(=O)N2CCSC12,-1.6299999952316284,-2.546740979430886,-0.9167409841992575,0.9167409841992575,test,random,Random Forest
CC12CCC(=O)C=C1CCC1C2CCC2(C)C(OC(=O)C(CO)CO)CCC12,O=C1C=C2CCC3C4CCCC4CCC3C2CC1,-4.25,-3.9208455284248087,0.3291544715751913,0.3291544715751913,test,random,Random Forest
CC12CCC(=O)C=C1CCC1C2CCC2(C)C(OC(=O)CCCc3ccccc3)CCC12,O=C1C=C2CCC3C(CCC4C(OC(=O)CCCc5ccccc5)CCC43)C2CC1,-5.429999828338623,-5.731406424957251,-0.30140659661862834,0.30140659661862834,test,random,Random Forest
CC12CCC(C(O)C1=O)C2(C)C,O=C1CC2CCC1C2,-0.9248999953269958,-1.1565663995901272,-0.23166640426313134,0.23166640426313134,test,random,Random Forest
CC12CCC(CC1=O)C2(C)C,O=C1CC2CCC1C2,-1.9783999919891357,-2.468052489798536,-0.48965249780940034,0.48965249780940034,test,random,Random Forest
CC12CCC(CC1=O)C2(C)C(=O)O,O=C1CC2CCC1C2,-1.7799999713897705,-1.4660701332127202,0.31392983817705034,0.31392983817705034,test,random,Random Forest
CC12CCC(O)CC1CCC1C2CCC2(C)C(C3=CC(=O)OC3)CCC12O,O=C1C=C(C2CCC3C2CCC2C4CCCCC4CCC23)CO1,-4.570000171661377,-4.585631279746059,-0.015631108084682488,0.015631108084682488,test,random,Random Forest
CC12CCC3C(CCC4CC(=O)CCC43C)C1CCC2O,O=C1CCC2C(CCC3C4CCCC4CCC23)C1,-4.739999771118164,-4.751753902225267,-0.011754131107102772,0.011754131107102772,test,random,Random Forest
CC1=C(/C=C/C(C)=C/C=C/C(C)=C/C=C/C=C(C)/C=C/C=C(C)/C=C/C2=C(C)CCCC2(C)C)C(C)(C)CCC1,C(=CC=CC=CC=CC=CC1=CCCCC1)C=CC=CC=CC=CC1=CCCCC1,-7.553792476654053,-7.879793974955209,-0.32600149830115654,0.32600149830115654,test,random,Random Forest
CC1=C(CC(=O)O)c2cc(F)ccc2/C1=C\c1ccc([S+](C)[O-])cc1,C1=Cc2ccccc2C1=Cc1ccccc1,-4.552000045776367,-4.587314191485837,-0.03531414570946989,0.03531414570946989,test,random,Random Forest
CC1=CC(=O)CC(C)(C)C1,O=C1C=CCCC1,-1.0613582134246826,-2.0588279745595126,-0.99746976113483,0.99746976113483,test,random,Random Forest
CC1=CC(=O)c2ccccc2C1=O,O=C1C=CC(=O)c2ccccc21,-3.031899929046631,-2.5243664909007166,0.5075334381459142,0.5075334381459142,test,random,Random Forest
CC1=CC(C)(C)Nc2ccccc21,C1=Cc2ccccc2NC1,-5.2386956214904785,-3.31825552649567,1.9204400949948086,1.9204400949948086,test,random,Random Forest
CC1=CC(C)C(C=O)C(C)C1,C1=CCCCC1,-1.8440637588500977,-2.263237920156231,-0.4191741613061333,0.4191741613061333,test,random,Random Forest
CC1=CCC2C(=O)OC(=O)C2C1,O=C1OC(=O)C2CC=CCC12,-1.099994421005249,-1.0895683010252237,0.010426119980025295,0.010426119980025295,test,random,Random Forest
CC1=CCCC(C)(C)C1C(C)CCC=O,C1=CCCCC1,-4.653202056884766,-4.160621694664433,0.4925803622203322,0.4925803622203322,test,random,Random Forest
CC1=NN(c2ccccc2)C(=N)/C1=N/Nc1cc(Cl)c(S(=O)(=O)O)cc1Cl,N=C1C(=NNc2ccccc2)C=NN1c1ccccc1,-1.2370685338974,-3.570604535585238,-2.333536001687838,2.333536001687838,test,random,Random Forest
CC1CC=CC=CC=CC=CC(OC2OC(C)C(O)C(N)C2O)CC2OC(O)(CC(O)CC3OC3C=CC(=O)O1)CC(O)C2C(=O)O,O=C1C=CC2OC2CCCC2CCCC(CC(OC3CCCCO3)C=CC=CC=CC=CCCO1)O2,-3.2100000381469727,-2.4891351933806902,0.7208648447662824,0.7208648447662824,test,random,Random Forest
CC1CCC(C)CC1,C1CCCCC1,-4.465700149536133,-4.3032496781857486,0.16245047135038426,0.16245047135038426,test,random,Random Forest
CC1CCCCCCCCCCCCC(=O)C1,O=C1CCCCCCCCCCCCCC1,-5.743865013122559,-5.5340577138020155,0.2098072993205431,0.2098072993205431,test,random,Random Forest
CC=C(Cc1ccccc1)C(=O)O,c1ccccc1,-2.5648000240325928,-2.4555662849625897,0.10923373907000311,0.10923373907000311,test,random,Random Forest
CCC(=O)Nc1ccccc1,c1ccccc1,-1.5499999523162842,-1.9970624727101467,-0.4470625203938625,0.4470625203938625,test,random,Random Forest
CCC(=O)OC(C)C(=O)OC,<ACYCLIC>,-0.8622000217437744,-0.5861789605501971,0.2760210611935773,0.2760210611935773,test,random,Random Forest
CCC(=O)OCC(=O)C1(OC(=O)CC)C(C)CC2C3CCC4=CC(=O)C=CC4(C)C3(F)C(O)CC21C,O=C1C=CC2C(=C1)CCC1C3CCCC3CCC21,-3.7699999809265137,-5.188324749817925,-1.4183247688914111,1.4183247688914111,test,random,Random Forest
CCC(=O)OCCC(C)C,<ACYCLIC>,-2.8700735569000244,-1.9247741172817772,0.9452994396182473,0.9452994396182473,test,random,Random Forest
CCC(=O)n1cnc2c1c(=O)n(C)c(=O)n2C,O=c1[nH]c(=O)c2[nH]cnc2[nH]1,-1.100000023841858,-1.3633324305703425,-0.26333240672848457,0.26333240672848457,test,random,Random Forest
CCC(C)(C)C1CCC(=O)CC1,O=C1CCCCC1,-2.656892776489258,-2.9653945535774993,-0.30850177708824145,0.30850177708824145,test,random,Random Forest
CCC(C)(C)O,<ACYCLIC>,0.12665969133377075,-0.05124754548365112,-0.17790723681742188,0.17790723681742188,test,random,Random Forest
CCC(C)(C)OO,<ACYCLIC>,-0.21659457683563232,-0.9030503674297936,-0.6864557905941613,0.6864557905941613,test,random,Random Forest
CCC(C)(CCC(C)C)C(=O)O,<ACYCLIC>,-2.716017484664917,-2.7016761039246537,0.014341380740263254,0.014341380740263254,test,random,Random Forest
CCC(C)(O)C(C)(C)C,<ACYCLIC>,-1.270799994468689,-1.514619807436877,-0.2438198129681881,0.2438198129681881,test,random,Random Forest
CCC(C)(S(=O)(=O)CC)S(=O)(=O)CC,<ACYCLIC>,-1.909999966621399,-1.7370649582187208,0.17293500840267817,0.17293500840267817,test,random,Random Forest
CCC(C)C,<ACYCLIC>,-3.1630001068115234,-2.8457295729021763,0.3172705339093471,0.3172705339093471,test,random,Random Forest
CCC(C)C(=O)O,<ACYCLIC>,-0.355953574180603,-0.37405406010980446,-0.018100485929201438,0.018100485929201438,test,random,Random Forest
CCC(C)C(C)=O,<ACYCLIC>,-0.6804999709129333,-0.9042269370805144,-0.22372696616758103,0.22372696616758103,test,random,Random Forest
CCC(C)C(C)O,<ACYCLIC>,-0.7215999960899353,-0.6612791456287145,0.06032085046122082,0.06032085046122082,test,random,Random Forest
CCC(C)C(NCCC#N)C(=O)O,<ACYCLIC>,-0.9800000190734863,-1.0406915659162181,-0.060691546842731814,0.060691546842731814,test,random,Random Forest
CCC(C)C1NC(=O)C(Cc2c[nH]c3ccccc23)NC(=O)C2CCCN2C(=O)C(Cc2c[nH]cn2)NC(=O)C2CCCCN2C(=O)C2CCC=NN2C1=O,O=C1NCC(=O)N2N=CCCC2C(=O)N2CCCCC2C(=O)NC(Cc2c[nH]cn2)C(=O)N2CCCC2C(=O)NC1Cc1c[nH]c2ccccc12,-2.5999999046325684,-2.926326521935759,-0.3263266173031907,0.3263266173031907,test,random,Random Forest
CCC(C)C1NC(=O)C(Cc2c[nH]c3ccccc23)NC(=O)C2CCCN2C(=O)C(Cc2ccccc2)N(C)C(=O)C2CNCCN2C(=O)C2CCCCN2C1=O,O=C1NCC(=O)N2CCCCC2C(=O)N2CCNCC2C(=O)NC(Cc2ccccc2)C(=O)N2CCCC2C(=O)NC1Cc1c[nH]c2ccccc12,-2.75,-3.0944163604946366,-0.34441636049463664,0.34441636049463664,test,random,Random Forest
CCC(C)C1NC(=O)C(Cc2ccccc2)NC(=O)C2CCCN2C(=O)C(Cc2ccccc2)N(C)C(=O)C2CCC=NN2C(=O)C2CCC=NN2C1=O,O=C1NCC(=O)N2N=CCCC2C(=O)N2N=CCCC2C(=O)NC(Cc2ccccc2)C(=O)N2CCCC2C(=O)NC1Cc1ccccc1,-4.039999961853027,-3.4868193761457995,0.5531805857072278,0.5531805857072278,test,random,Random Forest
CCC(C)N,<ACYCLIC>,0.1851000040769577,0.4428947094266225,0.2577947053496648,0.2577947053496648,test,random,Random Forest
CCC(C)N(C(=O)SCc1ccccc1)C(C)CC,c1ccccc1,-5.048399925231934,-5.033401239272307,0.014998685959626279,0.014998685959626279,test,random,Random Forest
CCC(C)c1cc(C(C)CC)c(O)c(C(C)CC)c1,c1ccccc1,-5.549793243408203,-5.768101734459084,-0.21830849105088124,0.21830849105088124,test,random,Random Forest
CCC(C)c1ccccc1,c1ccccc1,-3.758607864379883,-3.9588901666977145,-0.20028230231783173,0.20028230231783173,test,random,Random Forest
CCC(C)c1ccccc1OC(=O)NC,c1ccccc1,-2.5299999713897705,-3.0528620275143186,-0.5228620561245481,0.5228620561245481,test,random,Random Forest
CCC(CC)(CC)NC(N)=O,<ACYCLIC>,-1.819100022315979,-1.3605192083946471,0.4585808139213319,0.4585808139213319,test,random,Random Forest
CCC(CC)(Cc1ccc(C)cc1)C(=O)NO,c1ccccc1,-3.3499999046325684,-3.2808790337720084,0.06912087086055996,0.06912087086055996,test,random,Random Forest
CCC(CC)c1cccc(OC(=O)NC)c1,c1ccccc1,-3.947000026702881,-3.539181301030302,0.4078187256725787,0.4078187256725787,test,random,Random Forest
CCC(CO)NCCNC(CC)CO,<ACYCLIC>,0.5699999928474426,-0.08352906335023381,-0.6535290561976764,0.6535290561976764,test,random,Random Forest
CCC(Cl)(Cl)[N+](=O)[O-],<ACYCLIC>,-1.4996000528335571,-1.525816906668197,-0.026216853834639897,0.026216853834639897,test,random,Random Forest
CCC(O)CC,<ACYCLIC>,-0.23340000212192535,-0.2488195498941418,-0.015419547772216435,0.015419547772216435,test,random,Random Forest
CCC(O)CN,<ACYCLIC>,1.0499000549316406,0.7683296797948812,-0.2815703751367594,0.2815703751367594,test,random,Random Forest
CCC(O)OC(O)CC,<ACYCLIC>,0.8723000288009644,0.1485128036972183,-0.723787225103746,0.723787225103746,test,random,Random Forest
CCC/C(=C\C(=O)O)C(=O)O,<ACYCLIC>,-1.1538000106811523,-0.7118916978577903,0.44190831282336207,0.44190831282336207,test,random,Random Forest
CCC1(C)OC(=O)NC1=O,O=C1COC(=O)N1,0.0203000009059906,-0.8363578616254886,-0.8566578625314792,0.8566578625314792,test,random,Random Forest
CCC1(CC)CCC(=O)N(CO)C1=O,O=C1CCCC(=O)N1,-3.9600000381469727,-1.5905269522998853,2.3694730858470874,2.3694730858470874,test,random,Random Forest
CCC1(c2ccccc2)C(=O)NC(=O)N(CC(O)CO)C1=O,O=C1NC(=O)C(c2ccccc2)C(=O)N1,-1.7871999740600586,-1.9515792063096,-0.16437923224954143,0.16437923224954143,test,random,Random Forest
CCC1(c2ccccc2)CCC(=O)N(CO)C1=O,O=C1CCC(c2ccccc2)C(=O)N1,-1.659999966621399,-2.4646494794177323,-0.8046495127963333,0.8046495127963333,test,random,Random Forest
CCC1C2CC3C4N(C)c5ccccc5C45CC(C2C5O)N3C1O,c1ccc2c(c1)NC1C3CC4CCN3C3CC21CC43,-2.819999933242798,-2.336633884042357,0.4833660492004408,0.4833660492004408,test,random,Random Forest
CCC1CCCCC1,C1CCCCC1,-4.250699996948242,-4.339442620370783,-0.08874262342254102,0.08874262342254102,test,random,Random Forest
CCC1NC(=O)NC1=O,O=C1CNC(=O)N1,-0.05999999865889549,-0.29561988156131946,-0.23561988290242397,0.23561988290242397,test,random,Random Forest
CCC=CCCOC(=O)C(C)c1ccc2cc(OC)ccc2c1,c1ccc2ccccc2c1,-7.360000133514404,-6.380033445357327,0.9799666881570772,0.9799666881570772,test,random,Random Forest
CCCC(=O)NCCNC(=O)CCC,<ACYCLIC>,-0.6222000122070312,-0.9771389945676822,-0.3549389823606509,0.3549389823606509,test,random,Random Forest
CCCC(=O)NNC(=O)c1ccncc1,c1ccncc1,-0.3199999928474426,-1.8721381328949833,-1.5521381400475407,1.5521381400475407,test,random,Random Forest
CCCC(=O)OC1CCC2C3CCC4=CC(=O)CCC4(C)C3CCC12C,O=C1C=C2CCC3C4CCCC4CCC3C2CC1,-5.929999828338623,-5.644609823098259,0.2853900052403642,0.2853900052403642,test,random,Random Forest
CCCC(=O)OCC,<ACYCLIC>,-1.3600000143051147,-1.1821343026328017,0.17786571167231302,0.17786571167231302,test,random,Random Forest
CCCC(C)(C)C,<ACYCLIC>,-4.357500076293945,-4.315590844505946,0.04190923178799899,0.04190923178799899,test,random,Random Forest
CCCC(C)(C)CO,<ACYCLIC>,-1.4391000270843506,-1.179628254792758,0.2594717722915927,0.2594717722915927,test,random,Random Forest
CCCC(C)C(=O)Nc1ccc(C)c(Cl)c1,c1ccccc1,-4.450300216674805,-3.9793894745716996,0.47091074210310513,0.47091074210310513,test,random,Random Forest
CCCC(N)=O,<ACYCLIC>,0.2721000015735626,-0.3574899093491751,-0.6295899109227376,0.6295899109227376,test,random,Random Forest
CCCC(O)CO,<ACYCLIC>,0.9823448657989502,0.522319611061564,-0.4600252547373862,0.4600252547373862,test,random,Random Forest
CCCC1CC(=O)C=C(C)C1,O=C1C=CCCC1,-1.7725870609283447,-2.3633051636820226,-0.5907181027536779,0.5907181027536779,test,random,Random Forest
CCCC1CCCNC1,C1CCNCC1,-1.0110000371932983,-1.1025147823354715,-0.09151474514217317,0.09151474514217317,test,random,Random Forest
CCCCC(=O)NCCNC(=O)CCCC,<ACYCLIC>,-1.8144999742507935,-2.0145771857480765,-0.20007721149728308,0.20007721149728308,test,random,Random Forest
CCCCC(=O)NNC(=O)c1ccncc1,c1ccncc1,-1.0099999904632568,-2.0391454425787736,-1.0291454521155168,1.0291454521155168,test,random,Random Forest
CCCCC(=O)OCSc1ncnc2c1ncn2COC(=O)CCCC,c1ncc2nc[nH]c2n1,-4.329999923706055,-4.243588730834227,0.08641119287182786,0.08641119287182786,test,random,Random Forest
CCCCC(=O)n1c(=O)[nH]cc(F)c1=O,O=c1cc[nH]c(=O)[nH]1,-2.299999952316284,-1.6813742732092067,0.6186256791070774,0.6186256791070774,test,random,Random Forest
CCCCC(C)C,<ACYCLIC>,-4.596099853515625,-4.221073397753036,0.37502645576258864,0.37502645576258864,test,random,Random Forest
CCCCC(CC)C1OCCO1,C1COCO1,-3.1195969581604004,-2.498823942931718,0.6207730152286826,0.6207730152286826,test,random,Random Forest
CCCCC(CC)CC(CC)(CC)C(=O)NO,<ACYCLIC>,-3.3499999046325684,-4.1652286629182464,-0.8152287582856781,0.8152287582856781,test,random,Random Forest
CCCCC(CC)CNC(=O)c1ccc(N/N=C2\C(=O)N(C)C(=O)C(C#N)=C2C)cc1,O=C1C=CC(=NNc2ccccc2)C(=O)N1,-7.024810791015625,-4.996857756366212,2.0279530346494132,2.0279530346494132,test,random,Random Forest
CCCCC(CC)COC(=O)COc1ccc(Cl)cc1Cl,c1ccccc1,-7.012199878692627,-5.752082795004365,1.2601170836882618,1.2601170836882618,test,random,Random Forest
CCCCC(CC)COC(=O)CSCC(=O)OCC(CC)CCCC,<ACYCLIC>,-6.654998302459717,-5.632693040005142,1.0223052624545748,1.0223052624545748,test,random,Random Forest
CCCCC(CC)COC(=O)CS[Sn](C)(C)SCC(=O)OCC(CC)CCCC,<ACYCLIC>,-4.045663356781006,-6.05602573010956,-2.0103623733285545,2.0103623733285545,test,random,Random Forest
CCCCC(CC)COC(=O)c1c(Br)c(Br)c(Br)c(Br)c1C(=O)OCC(CC)CCCC,c1ccccc1,-5.949075222015381,-7.541040815183091,-1.5919655931677106,1.5919655931677106,test,random,Random Forest
CCCCC(CC)COC(=O)c1ccc(N)cc1,c1ccccc1,-5.054393768310547,-4.731211859931419,0.3231819083791283,0.3231819083791283,test,random,Random Forest
CCCCC(CC)CO[N+](=O)[O-],<ACYCLIC>,-4.146693706512451,-2.4912778850893975,1.6554158214230537,1.6554158214230537,test,random,Random Forest
CCCCC(NC(C)=O)C(=O)O,<ACYCLIC>,-0.6822999715805054,-0.9327557669394997,-0.2504557953589943,0.2504557953589943,test,random,Random Forest
CCCCC(O)(CCCC)C(O)c1ccccc1,c1ccccc1,-3.2225000858306885,-3.576219308559856,-0.35371922272916745,0.35371922272916745,test,random,Random Forest
CCCCC1(CCCC)C(=O)NC(=O)NC1=O,O=C1CC(=O)NC(=O)N1,-2.8756000995635986,-3.013762246668812,-0.13816214710521324,0.13816214710521324,test,random,Random Forest
CCCCC1(CCO)C(=O)NC(=S)NC1=O,O=C1CC(=O)NC(=S)N1,-2.1700000762939453,-2.0558980031423855,0.11410207315155985,0.11410207315155985,test,random,Random Forest
CCCCCC(=O)CC,<ACYCLIC>,-1.6929999589920044,-2.2063586362584195,-0.5133586772664152,0.5133586772664152,test,random,Random Forest
CCCCCC(=O)CCCCC,<ACYCLIC>,-3.5322000980377197,-3.849074555722651,-0.31687445768493117,0.31687445768493117,test,random,Random Forest
CCCCCC(=O)N(C)c1ccc(S(=O)(=O)N(C)C)cc1,c1ccccc1,-2.950000047683716,-3.2433448124622575,-0.29334476477854166,0.29334476477854166,test,random,Random Forest
CCCCCC(=O)NNC(=O)c1ccncc1,c1ccncc1,-1.2400000095367432,-2.193811060717655,-0.9538110511809119,0.9538110511809119,test,random,Random Forest
CCCCCC(=O)OCSc1ncnc2[nH]cnc12,c1ncc2nc[nH]c2n1,-3.630000114440918,-3.2174488928726035,0.4125512215683145,0.4125512215683145,test,random,Random Forest
CCCCCC(C)O,<ACYCLIC>,-1.5506999492645264,-1.5632111821697414,-0.012511232905215053,0.012511232905215053,test,random,Random Forest
CCCCCCC(=O)N(C)S(=O)(=O)c1ccc(N(C)C)cc1,c1ccccc1,-3.680000066757202,-3.6545859423566163,0.02541412440058588,0.02541412440058588,test,random,Random Forest
CCCCCCC(C(=O)O)C(=O)O,<ACYCLIC>,-1.656599998474121,-1.5210598000045168,0.1355401984696043,0.1355401984696043,test,random,Random Forest
CCCCCCC(C)(C)S,<ACYCLIC>,-3.9901602268218994,-4.573910533508532,-0.5837503066866327,0.5837503066866327,test,random,Random Forest
CCCCCCC(CCCC)COS(=O)(=O)O,<ACYCLIC>,0.14208732545375824,-2.4858657853249078,-2.627953110778666,2.627953110778666,test,random,Random Forest
CCCCCCC(O)CCCCCCCCCCC(=O)OCC(O)CO,<ACYCLIC>,-3.397432565689087,-5.0709445572788745,-1.6735119915897876,1.6735119915897876,test,random,Random Forest
CCCCCCC1CCCC1=O,O=C1CCCC1,-3.4515154361724854,-3.2372207402888535,0.2142946958836318,0.2142946958836318,test,random,Random Forest
CCCCCCCC,<ACYCLIC>,-5.2382001876831055,-4.875430849945161,0.3627693377379444,0.3627693377379444,test,random,Random Forest
CCCCCCCC(=O)OC,<ACYCLIC>,-3.1700000762939453,-2.9241907525089377,0.24580932378500764,0.24580932378500764,test,random,Random Forest
CCCCCCCC(=O)OCC,<ACYCLIC>,-3.390700101852417,-3.495034505697313,-0.1043344038448959,0.1043344038448959,test,random,Random Forest
CCCCCCCC(=O)Oc1ccc(NC(C)=O)cc1,c1ccccc1,-4.440000057220459,-4.420382806100071,0.019617251120387813,0.019617251120387813,test,random,Random Forest
CCCCCCCC(C(=O)O)C(=O)O,<ACYCLIC>,-2.041100025177002,-1.9755399794211201,0.06556004575588181,0.06556004575588181,test,random,Random Forest
CCCCCCCC/C=C\CCCCCCCC(=O)NC(CO)C(O)CCCCCCCCCCCCCCC,<ACYCLIC>,-6.451761722564697,-6.764575373721815,-0.3128136511571178,0.3128136511571178,test,random,Random Forest
CCCCCCCC/C=C\CCCCCCCC(=O)OCCCCCCCCCCCCCC,<ACYCLIC>,-6.981225967407227,-7.578050720784231,-0.5968247533770041,0.5968247533770041,test,random,Random Forest
CCCCCCCC/C=C\CCCCCCCCOC(=O)CCCCCC/C=C\CCCCCCCCC,<ACYCLIC>,-7.027706623077393,-7.723330733747709,-0.695624110670316,0.695624110670316,test,random,Random Forest
CCCCCCCCC(CC)(CC)C(=O)NO,<ACYCLIC>,-5.21999979019165,-3.6253403574014804,1.59465943279017,1.59465943279017,test,random,Random Forest
CCCCCCCCCC,<ACYCLIC>,-6.43720006942749,-5.454694273004273,0.9825057964232169,0.9825057964232169,test,random,Random Forest
CCCCCCCCCC(C)(C)SSc1n[nH]c(=S)s1,S=c1[nH]ncs1,-3.9885640144348145,-6.14544556726604,-2.1568815528312255,2.1568815528312255,test,random,Random Forest
CCCCCCCCCCCC(=O)NCCC[N+](C)(C)C,<ACYCLIC>,-0.011381165124475956,-3.242560479924652,-3.231179314800176,3.231179314800176,test,random,Random Forest
CCCCCCCCCCCC(=O)N[C@@H](CCCNC(=N)N)C(=O)OCC,<ACYCLIC>,-0.231611967086792,-3.6008729395862846,-3.3692609724994926,3.3692609724994926,test,random,Random Forest
CCCCCCCCCCCC(=O)OCC(O)CO,<ACYCLIC>,-4.660234451293945,-3.854873546857051,0.8053609044368941,0.8053609044368941,test,random,Random Forest
CCCCCCCCCCCC(CCC)(CCC)CCCCCCCC,<ACYCLIC>,-6.36440896987915,-7.200900949511262,-0.836491979632112,0.836491979632112,test,random,Random Forest
CCCCCCCCCCCCCC(=O)N[C@@H](CCC(=O)O)C(=O)O,<ACYCLIC>,-0.8308225870132446,-3.396121654141064,-2.5652990671278193,2.5652990671278193,test,random,Random Forest
CCCCCCCCCCCCCCC(=O)O,<ACYCLIC>,-4.309999942779541,-5.232040302476437,-0.9220403596968962,0.9220403596968962,test,random,Random Forest
CCCCCCCCCCCCCCCC(=O)OCC(O)[C@H]1OC[C@@H](O)[C@@H]1O,C1CCOC1,-6.905873775482178,-4.513172080313541,2.392701695168637,2.392701695168637,test,random,Random Forest
CCCCCCCCCCCCCCCC(=O)O[C@@H]1C[C@@H](C(=O)O)N(C(=O)CCCCCCCCCCCCCCC)C1,C1CCNC1,-5.783875942230225,-6.457447404805082,-0.6735714625748574,0.6735714625748574,test,random,Random Forest
CCCCCCCCCCCCCCCCCCCCCC(=O)OCC(O)CO,<ACYCLIC>,-6.918733596801758,-6.035499439723042,0.8832341570787161,0.8832341570787161,test,random,Random Forest
CCCCCCCCCCCCCCCCCCCCCCCCCCCCCCCCCCCCC(CCCC)(CCCC)CCCCCCCCCCCCCCCC(CCCC)(CCCC)CCCCC,<ACYCLIC>,-6.806302547454834,-7.6578552416341665,-0.8515526941793325,0.8515526941793325,test,random,Random Forest
CCCCCCCCCCCCCCCCCCCCCCO,<ACYCLIC>,-5.514028072357178,-5.92827499890969,-0.4142469265525124,0.4142469265525124,test,random,Random Forest
CCCCCCCCCCCCCCCCOC(C)=O,<ACYCLIC>,-7.397152900695801,-6.832906605172728,0.5642462955230725,0.5642462955230725,test,random,Random Forest
CCCCCCCCCCCCCCCCOc1ccccc1C(=O)CC(=O)Nc1nc(-c2ccccc2)cs1,O=C(CC(=O)c1ccccc1)Nc1nc(-c2ccccc2)cs1,-4.8472795486450195,-7.0132054293094095,-2.16592588066439,2.16592588066439,test,random,Random Forest
CCCCCCCCCCCCN1CC(C(=O)O)CC1=O,O=C1CCCN1,-3.2230000495910645,-3.7641324888947763,-0.5411324393037118,0.5411324393037118,test,random,Random Forest
CCCCCCCCCCCCOCCO,<ACYCLIC>,-1.459377408027649,-3.6773814846255544,-2.2180040765979054,2.2180040765979054,test,random,Random Forest
CCCCCCCCCCCCOS(=O)(=O)c1ccccc1,c1ccccc1,-3.5434372425079346,-5.233832156450765,-1.6903949139428303,1.6903949139428303,test,random,Random Forest
CCCCCCCCCCCNC(=O)c1cccnc1,c1ccncc1,-3.026599884033203,-3.4691919678408847,-0.44259208380768156,0.44259208380768156,test,random,Random Forest
CCCCCCCCCCN(C)C,<ACYCLIC>,-4.045287609100342,-3.9366071073663216,0.10868050173402022,0.10868050173402022,test,random,Random Forest
CCCCCCCCCCOC(=O)C(C)O,<ACYCLIC>,-3.059999942779541,-3.3804341496865216,-0.32043420690698055,0.32043420690698055,test,random,Random Forest
CCCCCCCCCCOc1ccc(C(CC)=NO)c(O)c1,c1ccccc1,-4.059999942779541,-5.30985787968574,-1.2498579369061993,1.2498579369061993,test,random,Random Forest
CCCCCCCCCOS(=O)(=O)O,<ACYCLIC>,-0.136198952794075,-1.5902556070943497,-1.4540566543002746,1.4540566543002746,test,random,Random Forest
CCCCCCCCN(CCO)CCO,<ACYCLIC>,-2.191037654876709,-1.7096037041526977,0.4814339507240113,0.4814339507240113,test,random,Random Forest
CCCCCCCCOC(=O)COc1ccc(Cl)cc1Cl,c1ccccc1,-7.021699905395508,-5.9101719986073515,1.1115279067881563,1.1115279067881563,test,random,Random Forest
CCCCCCCCOCCCCCCCC,<ACYCLIC>,-6.384616851806641,-5.959405290672255,0.4252115611343852,0.4252115611343852,test,random,Random Forest
CCCCCCCCSC(=O)Oc1cc(Cl)nnc1-c1ccccc1,c1ccc(-c2cccnn2)cc1,-5.402500152587891,-6.396192573894744,-0.9936924213068536,0.9936924213068536,test,random,Random Forest
CCCCCCCCSCc1cc(C)c(O)c(CSCCCCCCCC)c1,c1ccccc1,-7.327113628387451,-7.007896477690133,0.3192171506973178,0.3192171506973178,test,random,Random Forest
CCCCCCCC[Sn+](CCCCCCCC)SCC(=O)[O-],<ACYCLIC>,-6.445626258850098,-5.8980780673052635,0.5475481915448341,0.5475481915448341,test,random,Random Forest
CCCCCCCCl,<ACYCLIC>,-3.995699882507324,-4.064384732848145,-0.06868485034082106,0.06868485034082106,test,random,Random Forest
CCCCCCCNC(=O)c1cccnc1,c1ccncc1,-3.200000047683716,-2.811893341982984,0.3881067057007317,0.3881067057007317,test,random,Random Forest
CCCCCCCOC(=O)c1ccc(N)cc1,c1ccccc1,-4.600100040435791,-4.134747896658435,0.46535214377735645,0.46535214377735645,test,random,Random Forest
CCCCCCCOC(=O)c1cccnc1,c1ccncc1,-2.7428998947143555,-3.569980505621623,-0.8270806109072675,0.8270806109072675,test,random,Random Forest
CCCCCCN1CC(C(=O)OC)CC1=O,O=C1CCCN1,-1.246000051498413,-2.41550219901378,-1.169502147515367,1.169502147515367,test,random,Random Forest
CCCCCCNC(=O)COC(=O)c1ccccc1,c1ccccc1,-3.9019999504089355,-2.916005273275746,0.9859946771331893,0.9859946771331893,test,random,Random Forest
CCCCCCOC(CO)CO,<ACYCLIC>,-1.0558122396469116,-0.8113644636638817,0.2444477759830299,0.2444477759830299,test,random,Random Forest
CCCCCOC(=O)c1ccc(N)cc1,c1ccccc1,-3.349900007247925,-3.1566752803213687,0.19322472692655612,0.19322472692655612,test,random,Random Forest
CCCCCOC(=O)c1ccc(O)c(Cl)c1,c1ccccc1,-3.950000047683716,-3.819354775219396,0.1306452724643199,0.1306452724643199,test,random,Random Forest
CCCCCl,<ACYCLIC>,-2.0299999713897705,-2.1996836632032375,-0.16968369181346699,0.16968369181346699,test,random,Random Forest
CCCCN(CC)N=O,<ACYCLIC>,-1.0354000329971313,-1.2839688360940018,-0.24856880309687046,0.24856880309687046,test,random,Random Forest
CCCCNCc1ccc(C(=O)c2csc(S(N)(=O)=O)c2)cc1,O=C(c1ccccc1)c1ccsc1,-2.2100000381469727,-2.407943742407851,-0.19794370426087848,0.19794370426087848,test,random,Random Forest
CCCCNCc1ccc(S(=O)(=O)c2csc(S(N)(=O)=O)c2)cc1,O=S(=O)(c1ccccc1)c1ccsc1,-1.6799999475479126,-2.0052390383489476,-0.32523909080103497,0.32523909080103497,test,random,Random Forest
CCCCOC(=O)/C=C/C(=O)OCCCC,<ACYCLIC>,-4.313551425933838,-2.614836732886438,1.6987146930473997,1.6987146930473997,test,random,Random Forest
CCCCOC(=O)CCCCC(=O)OCCCC,<ACYCLIC>,-3.8681538105010986,-3.9512018122554764,-0.08304800175437776,0.08304800175437776,test,random,Random Forest
CCCCOC(=O)c1ccc(O)c(Cl)c1,c1ccccc1,-3.509999990463257,-3.501726242274361,0.008273748188895702,0.008273748188895702,test,random,Random Forest
CCCCOC(=O)c1ccccc1C(=O)OCCCC,c1ccccc1,-4.387683391571045,-4.798368885032716,-0.4106854934616715,0.4106854934616715,test,random,Random Forest
CCCCOC(=O)c1ccccc1C(=O)OCc1ccccc1,O=C(OCc1ccccc1)c1ccccc1,-5.639999866485596,-4.699784945239782,0.940214921245814,0.940214921245814,test,random,Random Forest
CCCCOC(=O)c1cccnc1,c1ccncc1,-1.8366999626159668,-2.327152838730585,-0.4904528761146181,0.4904528761146181,test,random,Random Forest
CCCCOCCOCCOC(C)=O,<ACYCLIC>,-0.8187999725341797,-1.2758387990609383,-0.45703882652675865,0.45703882652675865,test,random,Random Forest
CCCCOP(=O)(CCCC)OCCCC,<ACYCLIC>,-2.69950008392334,-2.7790667110209246,-0.07956662709758477,0.07956662709758477,test,random,Random Forest
CCCCOP(=O)(OCCCC)Oc1ccccc1,c1ccccc1,-3.474600076675415,-3.6848072064020645,-0.21020712972664946,0.21020712972664946,test,random,Random Forest
CCCCS(=O)(=O)NS(=O)(=O)CCCC,<ACYCLIC>,-0.7599999904632568,-1.5484108029094639,-0.788410812446207,0.788410812446207,test,random,Random Forest
CCCCc1nc(C=O)c(Cl)[nH]1,c1c[nH]cn1,-2.199127435684204,-2.543217738781443,-0.34409030309723887,0.34409030309723887,test,random,Random Forest
CCCNc1nc(Cl)nc(NC(C)C)n1,c1ncncn1,-3.740000009536743,-3.9348619591402554,-0.19486194960351222,0.19486194960351222,test,random,Random Forest
CCCOC(=O)c1ccc(O)c(I)c1,c1ccccc1,-3.686500072479248,-3.4888411565617283,0.19765891591751972,0.19765891591751972,test,random,Random Forest
CCCOC(=O)c1ccccc1C(=O)OCCC,c1ccccc1,-3.819999933242798,-3.544538654828944,0.2754612784138537,0.2754612784138537,test,random,Random Forest
CCCOC(=O)n1c(-c2cscn2)nc2ccccc21,c1ccc2[nH]c(-c3cscn3)nc2c1,-3.5199999809265137,-4.192918101986014,-0.6729181210595003,0.6729181210595003,test,random,Random Forest
CCCOCC(=Nc1ccc(Cl)cc1C(F)(F)F)n1ccnc1,C(=Nc1ccccc1)n1ccnc1,-4.440000057220459,-5.178260281015486,-0.7382602237950273,0.7382602237950273,test,random,Random Forest
CCCOCCN(C(=O)CCl)c1c(CC)cccc1CC,c1ccccc1,-3.7950000762939453,-3.846191236632921,-0.05119116033897564,0.05119116033897564,test,random,Random Forest
CCCOP(=O)(OC)OCCC,<ACYCLIC>,-0.6592000126838684,-1.1084449040807831,-0.4492448913969147,0.4492448913969147,test,random,Random Forest
CCCOP(=S)(OCCC)SCC(=O)N1CCCCC1C,C1CCNCC1,-4.150400161743164,-4.212723205010252,-0.06232304326708782,0.06232304326708782,test,random,Random Forest
CCCOc1ccc([N+](=O)[O-])cc1N,c1ccccc1,-3.1591999530792236,-3.0930103217365716,0.06618963134265199,0.06618963134265199,test,random,Random Forest
CCCc1cc(=O)[nH]c(=S)[nH]1,O=c1cc[nH]c(=S)[nH]1,-2.150399923324585,-2.128470927018284,0.021928996306300963,0.021928996306300963,test,random,Random Forest
CCCc1ccc(O)c(OC)c1,c1ccccc1,-2.179290533065796,-2.0121200203856158,0.16717051268018013,0.16717051268018013,test,random,Random Forest
CCCc1ccc(O)cc1,c1ccccc1,-2.027600049972534,-1.8632626689566036,0.16433738101593054,0.16433738101593054,test,random,Random Forest
CCCn1c(=O)c2[nH]c(C(C3CC3)C3CC3)nc2n(CCC)c1=O,O=c1[nH]c(=O)c2[nH]c(C(C3CC3)C3CC3)nc2[nH]1,-4.590000152587891,-4.036698037992631,0.5533021145952599,0.5533021145952599,test,random,Random Forest
CCF,<ACYCLIC>,-1.3476999998092651,-1.2419127379090744,0.10578726190019072,0.10578726190019072,test,random,Random Forest
CCN(C(N)=O)c1ccccc1C,c1ccccc1,-0.20960000157356262,-1.8940248031053193,-1.6844248015317567,1.6844248015317567,test,random,Random Forest
CCN(CC)C(=O)/C(C#N)=C\c1cc(O)c(O)c([N+](=O)[O-])c1,c1ccccc1,-4.260000228881836,-3.0323177724856705,1.2276824563961655,1.2276824563961655,test,random,Random Forest
CCN(CC)C(=O)COC(=O)c1ccccc1O,c1ccccc1,-2.559999942779541,-2.2851086011675608,0.27489134161198026,0.27489134161198026,test,random,Random Forest
CCN(CC)C(=O)CSc1ccc(Cl)nn1,c1ccnnc1,-1.7156000137329102,-2.5930835401110532,-0.8774835263781431,0.8774835263781431,test,random,Random Forest
CCN(CC)C(=O)NC1C=C2c3cccc4[nH]c(Br)c(c34)CC2N(C)C1,C1=C2c3cccc4[nH]cc(c34)CC2NCC1,-4.380000114440918,-4.386751156925918,-0.006751042484999914,0.006751042484999914,test,random,Random Forest
CCN(CC)C(=O)c1cccnc1,c1ccncc1,0.7490000128746033,-1.3846173698652104,-2.1336173827398137,2.1336173827398137,test,random,Random Forest
CCN(CC)C(C)C(C)OC(=O)c1ccc(N)cc1,c1ccccc1,-3.4200000762939453,-2.914867588510144,0.5051324877838015,0.5051324877838015,test,random,Random Forest
CCN(CC)CC(OC(=O)c1ccc([N+](=O)[O-])cc1)c1ccccc1,O=C(OCc1ccccc1)c1ccccc1,-2.8399999141693115,-4.927385788346152,-2.0873858741768405,2.0873858741768405,test,random,Random Forest
CCN(CC)CCCC(C)Nc1ccnc2cc(Cl)ccc12,c1ccc2ncccc2c1,-2.8299999237060547,-4.824020011560964,-1.994020087854909,1.994020087854909,test,random,Random Forest
CCN(CC)CCOC(=O)c1ccc(N)cc1,c1ccccc1,-1.7200000286102295,-2.3977687050776653,-0.6777686764674358,0.6777686764674358,test,random,Random Forest
CCN(CC)c1ccc(N=Nc2c(C#N)cc([N+](=O)[O-])cc2[N+](=O)[O-])c(NC(C)=O)c1,c1ccc(N=Nc2ccccc2)cc1,-6.327772617340088,-7.230012271047112,-0.9022396537070243,0.9022396537070243,test,random,Random Forest
CCN(CC)c1nc(C)cc(OP(=S)(OC)OC)n1,c1cncnc1,-4.132999897003174,-3.49003656208535,0.6429633349178236,0.6429633349178236,test,random,Random Forest
CCN(c1ccccc1)c1nc(Cl)nc(Nc2cc(S(=O)(=O)O)cc3cc(S(=O)(=O)O)c(N=Nc4ccc5c(S(=O)(=O)O)cccc5c4S(=O)(=O)O)c(O)c23)n1,c1ccc(Nc2ncnc(Nc3cccc4ccc(N=Nc5ccc6ccccc6c5)cc34)n2)cc1,-0.5025263428688049,-1.1055013166717478,-0.6029749738029428,0.6029749738029428,test,random,Random Forest
CCN1C(=O)c2cccnc2N(CC)c2ncccc21,O=C1Nc2cccnc2Nc2ncccc21,-2.859999895095825,-3.4939273185137085,-0.6339274234178833,0.6339274234178833,test,random,Random Forest
CCN1CC(C)n2c(nc3ccccc3c2=O)C1C,O=c1c2ccccc2nc2n1CCNC2,-2.4600000381469727,-2.8475622944402468,-0.3875622562932741,0.3875622562932741,test,random,Random Forest
CCN=C1C=CC(=C(c2ccc(NCC)c(C)c2)c2ccc(NCC)c(C)c2)C=C1C,N=C1C=CC(=C(c2ccccc2)c2ccccc2)C=C1,-1.0232212543487549,-6.120358579355042,-5.097137325006287,5.097137325006287,test,random,Random Forest
CCNC(=O)n1cc(F)c(=O)[nH]c1=O,O=c1cc[nH]c(=O)[nH]1,-2.130000114440918,-1.6495590857466071,0.4804410286943108,0.4804410286943108,test,random,Random Forest
CCNC(C)C,<ACYCLIC>,1.0597000122070312,0.10978111152549955,-0.9499189006815317,0.9499189006815317,test,random,Random Forest
CCNc1nc(Cl)nc(NC(C)(C)C#N)n1,c1ncncn1,-3.1510000228881836,-3.6655564289361346,-0.514556406047951,0.514556406047951,test,random,Random Forest
CCNc1nc(NC(C)(C)C)nc(SC)n1,c1ncncn1,-3.9846999645233154,-3.3040746581261127,0.6806253063972028,0.6806253063972028,test,random,Random Forest
CCNc1nc(NC(C)C(C)C)nc(SC)n1,c1ncncn1,-3.708199977874756,-3.132784432081003,0.5754155457937529,0.5754155457937529,test,random,Random Forest
CCOC(=O)C(C)N(C(=O)c1ccccc1)c1ccc(Cl)c(Cl)c1,O=C(Nc1ccccc1)c1ccccc1,-4.262700080871582,-4.637682894046976,-0.37498281317539384,0.37498281317539384,test,random,Random Forest
CCOC(=O)C(C)OC(C)=O,<ACYCLIC>,-0.699400007724762,-0.531059767397425,0.16834024032733697,0.16834024032733697,test,random,Random Forest
CCOC(=O)C(C)c1ccc2cc(OC)ccc2c1,c1ccc2ccccc2c1,-5.239999771118164,-4.514099702772325,0.7259000683458394,0.7259000683458394,test,random,Random Forest
CCOC(=O)C(O)(c1ccc(Cl)cc1)c1ccc(Cl)cc1,c1ccc(Cc2ccccc2)cc1,-4.51200008392334,-4.423208524525166,0.08879155939817363,0.08879155939817363,test,random,Random Forest
CCOC(=O)C(O)c1ccccc1,c1ccccc1,-1.2599999904632568,-1.4560375722827252,-0.1960375818194684,0.1960375818194684,test,random,Random Forest
CCOC(=O)C1=CC2(CC)CCCN3CCc4c(n1c1ccccc41)C32,C1=Cn2c3c(c4ccccc42)CCN2CCCC1C32,-4.840000152587891,-4.438135124186675,0.4018650284012155,0.4018650284012155,test,random,Random Forest
CCOC(=O)C=Cc1ccccc1,c1ccccc1,-3.0,-2.891735700400725,0.10826429959927486,0.10826429959927486,test,random,Random Forest
CCOC(=O)CCCCC(=O)O,<ACYCLIC>,-0.3601999878883362,-0.8366441300434343,-0.4764441421550981,0.4764441421550981,test,random,Random Forest
CCOC(=O)CCc1ccccc1,c1ccccc1,-2.908600091934204,-2.782502042441729,0.12609804949247527,0.12609804949247527,test,random,Random Forest
CCOC(=O)CNC(=O)COC(=O)c1ccccc1OC(C)=O,c1ccccc1,-1.8700000047683716,-2.296004671400705,-0.4260046666323336,0.4260046666323336,test,random,Random Forest
CCOC(=O)N(C)CC,<ACYCLIC>,-0.4189000129699707,-0.5449394977589163,-0.12603948478894555,0.12603948478894555,test,random,Random Forest
CCOC(=O)N1CC(C)NCC1C,C1CNCCN1,0.6499999761581421,-0.5905157013993579,-1.2405156775575001,1.2405156775575001,test,random,Random Forest
CCOC(=O)OCn1cnc2c1c(=O)n(C)c(=O)n2C,O=c1[nH]c(=O)c2[nH]cnc2[nH]1,-1.8600000143051147,-1.999605808914362,-0.13960579460924727,0.13960579460924727,test,random,Random Forest
CCOC(=O)c1ccc(N)cc1,c1ccccc1,-2.319999933242798,-1.9463961270741894,0.37360380616860844,0.37360380616860844,test,random,Random Forest
CCOC(=O)c1ccc(N=C=S)cc1,c1ccccc1,-4.050000190734863,-3.413526564623629,0.6364736261112345,0.6364736261112345,test,random,Random Forest
CCOC(=O)c1ccc(N=CN(C)c2ccccc2)cc1,C(=Nc1ccccc1)Nc1ccccc1,-5.450777053833008,-3.981571101791209,1.4692059520417988,1.4692059520417988,test,random,Random Forest
CCOC(=O)c1cncn1C(C)c1ccccc1,c1ccc(Cn2ccnc2)cc1,-4.730000019073486,-2.8081560448965166,1.9218439741769697,1.9218439741769697,test,random,Random Forest
CCOC(=O)c1nc(C(Cl)(Cl)Cl)n(-c2ccc(Cl)cc2Cl)n1,c1ccc(-n2cncn2)cc1,-5.651599884033203,-5.16828421977738,0.48331566425582295,0.48331566425582295,test,random,Random Forest
CCOC(C)C(=O)C=O,<ACYCLIC>,-0.15539999306201935,-0.00016428505616982762,0.15523570800584952,0.15523570800584952,test,random,Random Forest
CCOC(C)CCO,<ACYCLIC>,-0.3736000061035156,-0.10551402338397677,0.2680859827195389,0.2680859827195389,test,random,Random Forest
CCOC(OCC)C(C)=O,<ACYCLIC>,-0.20589999854564667,-0.5420302343746154,-0.3361302358289687,0.3361302358289687,test,random,Random Forest
CCOC1=CC(=O)CC(C)C12Oc1c(Cl)c(OCC)cc(OC)c1C2=O,O=C1C=CC2(CC1)Oc1ccccc1C2=O,-4.699999809265137,-4.766996220255891,-0.06699641099075393,0.06699641099075393,test,random,Random Forest
CCOCCOC(C)(C)C,<ACYCLIC>,-0.6879152059555054,-1.3993192999714226,-0.7114040940159172,0.7114040940159172,test,random,Random Forest
CCOP(=O)(OCC)Oc1ccc([N+](=O)[O-])cc1,c1ccccc1,-2.0594000816345215,-3.1428772909028067,-1.0834772092682852,1.0834772092682852,test,random,Random Forest
CCOP(=O)(Sc1ccccc1)Sc1ccccc1,O=[PH](Sc1ccccc1)Sc1ccccc1,-3.3304998874664307,-4.598443236466944,-1.2679433490005136,1.2679433490005136,test,random,Random Forest
CCOP(=S)(OCC)N1C(=O)c2ccccc2C1=O,O=C1NC(=O)c2ccccc21,-3.3522000312805176,-3.8500621161542434,-0.49786208487372585,0.49786208487372585,test,random,Random Forest
CCOP(=S)(OCC)Oc1cc(C)nc(N(CC)CC)n1,c1cncnc1,-4.924200057983398,-4.056029060545619,0.8681709974377796,0.8681709974377796,test,random,Random Forest
CCOP(=S)(OCC)Oc1ccc([N+](=O)[O-])cc1,c1ccccc1,-4.289999961853027,-4.111983958662974,0.17801600319005306,0.17801600319005306,test,random,Random Forest
CCOP(=S)(OCC)SC(CCl)N1C(=O)c2ccccc2C1=O,O=C1NC(=O)c2ccccc21,-5.849999904632568,-4.952024904345708,0.8979750002868601,0.8979750002868601,test,random,Random Forest
CCOP(=S)(OCC)SCCS(=O)(=O)CC,<ACYCLIC>,-2.540299892425537,-2.3643511508992585,0.1759487415262786,0.1759487415262786,test,random,Random Forest
CCOP(=S)(OCC)SCCSCC,<ACYCLIC>,-4.226200103759766,-3.6076917600108906,0.618508343748875,0.618508343748875,test,random,Random Forest
CCOS(C)(=O)=O,<ACYCLIC>,0.4020000100135803,-0.08413018965529387,-0.48613019966887416,0.48613019966887416,test,random,Random Forest
CCOc1cc(NC(=O)c2ccccc2)c(OCC)cc1N,O=C(Nc1ccccc1)c1ccccc1,-2.405757188796997,-4.176575450533676,-1.7708182617366788,1.7708182617366788,test,random,Random Forest
CCOc1ccc(C(=O)O)c2ccccc12,c1ccc2ccccc2c1,-4.112199783325195,-3.334941834541698,0.7772579487834972,0.7772579487834972,test,random,Random Forest
CCOc1ccc(C)cc1N=Nc1ccc(N=Nc2cccc(S(=O)(=O)O)c2)c2ccccc12,c1ccc(N=Nc2ccc(N=Nc3ccccc3)c3ccccc23)cc1,-1.8471355438232422,-1.547710461357716,0.29942508246552624,0.29942508246552624,test,random,Random Forest
CCOc1ccc(NC(=O)OC(C)C)cc1OCC,c1ccccc1,-4.002200126647949,-3.841937618386498,0.16026250826145105,0.16026250826145105,test,random,Random Forest
CCOc1ccc(NC(C)=O)c(C)c1,c1ccccc1,-1.8389999866485596,-2.525818779147806,-0.6868187924992464,0.6868187924992464,test,random,Random Forest
CCOc1ccc(NC(C)=O)cc1,c1ccccc1,-2.299999952316284,-2.3402569266305475,-0.04025697431426334,0.04025697431426334,test,random,Random Forest
CCOc1nc2cccc(C(=O)O)c2n1Cc1ccc(-c2ccccc2-c2nn[nH]n2)cc1,c1ccc(-c2nn[nH]n2)c(-c2ccc(Cn3cnc4ccccc43)cc2)c1,-6.497781276702881,-4.879604108616552,1.618177168086329,1.618177168086329,test,random,Random Forest
CCSC(=O)N(CC)C1CCCCC1,C1CCCCC1,-3.403700113296509,-3.4998604379303813,-0.09616032463387247,0.09616032463387247,test,random,Random Forest
CCSC(=S)NCC(=O)O,<ACYCLIC>,-1.0881999731063843,-0.8387964120086623,0.249403561097722,0.249403561097722,test,random,Random Forest
CCSC(=S)N[C@@H](C)C(=O)O,<ACYCLIC>,-0.9613000154495239,-0.940672800398497,0.020627215051026937,0.020627215051026937,test,random,Random Forest
CCSCc1ccccc1OC(=O)NC,c1ccccc1,-2.0927000045776367,-2.835494634205939,-0.7427946296283023,0.7427946296283023,test,random,Random Forest
CCSc1nc(NC(C)C)nc(NC(C)C)n1,c1ncncn1,-4.203100204467773,-3.2311653099748363,0.9719348944929371,0.9719348944929371,test,random,Random Forest
CC[C@H]1[C@@H]2C[C@H]3[C@@H]4N(C)c5ccccc5[C@]45C[C@@H](C2C5O)N3[C@@H]1O,c1ccc2c(c1)NC1C3CC4CCN3C3CC21CC43,-2.8266000747680664,-2.336633884042357,0.48996619072570935,0.48996619072570935,test,random,Random Forest
CC[N+](CC)(CC)Cc1ccccc1,c1ccccc1,-0.007265663705766201,-3.796402224188659,-3.7891365604828926,3.7891365604828926,test,random,Random Forest
CCc1cc(CC)cc(OC(=O)NC)c1,c1ccccc1,-3.319999933242798,-2.780711952911153,0.539287980331645,0.539287980331645,test,random,Random Forest
CCc1cccc(CC)c1N,c1ccccc1,-2.3478000164031982,-2.2099255978252206,0.13787441857797766,0.13787441857797766,test,random,Random Forest
CCc1cccc2c(CCO)c[nH]c12,c1ccc2[nH]ccc2c1,-1.9153263568878174,-2.371495538071904,-0.45616918118408645,0.45616918118408645,test,random,Random Forest
CCc1nc2c(c(=O)n(C)c(=O)n2C)n1C,O=c1[nH]c(=O)c2[nH]cnc2[nH]1,-1.5686999559402466,-1.4978533584445526,0.070846597495694,0.070846597495694,test,random,Random Forest
CCc1nn(C)c(C(=O)NCc2ccc(C(C)(C)C)cc2)c1Cl,O=C(NCc1ccccc1)c1ccn[nH]1,-5.10860013961792,-4.266775254154908,0.8418248854630122,0.8418248854630122,test,random,Random Forest
CCc1occc(=O)c1O,O=c1ccocc1,-1.1759580373764038,-1.1528585091482475,0.023099528228156307,0.023099528228156307,test,random,Random Forest
CCn1c2ccccc2c2ccccc21,c1ccc2c(c1)[nH]c1ccccc12,-6.813503265380859,-4.449439767883327,2.3640634974975328,2.3640634974975328,test,random,Random Forest
CN(C)C(=O)OC1=CC(=O)CC(C)(C)C1,O=C1C=CCCC1,-0.8476999998092651,-1.9946163582222285,-1.1469163584129634,1.1469163584129634,test,random,Random Forest
CN(C)C1C(O)=CC(=O)C2(O)C(O)=C3C(=O)c4ccccc4C(C)(O)C3CC12,O=C1C2=CC3C(=O)C=CCC3CC2Cc2ccccc21,-1.4199999570846558,-3.1383396587352115,-1.7183397016505557,1.7183397016505557,test,random,Random Forest
CN(C)CC(=O)O,<ACYCLIC>,0.8091728687286377,0.749051033843592,-0.060121834885045744,0.060121834885045744,test,random,Random Forest
CN(C)CCC=C1c2ccccc2COc2ccccc21,C=C1c2ccccc2COc2ccccc21,-3.4000000953674316,-3.8985926608559103,-0.49859256548847863,0.49859256548847863,test,random,Random Forest
CN(C)CCCN1CN(CCCN(C)C)CN(CCCN(C)C)C1,C1NCNCN1,0.16421307623386383,-1.92852772415158,-2.0927408003854437,2.0927408003854437,test,random,Random Forest
CN(C)CC[C@@H](c1ccc(Cl)cc1)c1ccccn1,c1ccc(Cc2ccccn2)cc1,-2.6700000762939453,-3.774794458661315,-1.1047943823673698,1.1047943823673698,test,random,Random Forest
CN(C)CNC(=O)c1ccccc1,c1ccccc1,0.41999998688697815,-1.1165466507214157,-1.5365466376083938,1.5365466376083938,test,random,Random Forest
CN(C)Cc1cc(C(C)(C)C)c(O)c(C(C)(C)C)c1,c1ccccc1,-2.7113869190216064,-3.8406394681336815,-1.129252549112075,1.129252549112075,test,random,Random Forest
CN(C)P(=O)(N(C)C)N(C)C,<ACYCLIC>,0.7466999888420105,-0.37044584893197985,-1.1171458377739905,1.1171458377739905,test,random,Random Forest
CN(C)S(=O)(=O)Nc1nnc(S(N)(=O)=O)s1,c1nncs1,-2.680000066757202,-1.7681882025146927,0.9118118642425095,0.9118118642425095,test,random,Random Forest
CN(C)[C@@H]1C(O)=C(C(N)=O)C(=O)[C@@]2(O)C(=O)C3=C(O)c4c(O)cccc4[C@@](C)(O)[C@H]3[C@H](O)[C@@H]12,O=C1C=CCC2CC3Cc4ccccc4C=C3C(=O)C12,-3.0899999141693115,-2.45383926012059,0.6361606540487217,0.6361606540487217,test,random,Random Forest
CN(C)c1ccc(C(=O)O)cc1,c1ccccc1,-3.397900104522705,-1.862565805850788,1.5353342986719172,1.5353342986719172,test,random,Random Forest
CN(C)c1cnc2cncnc2n1,c1cnc2ncncc2n1,-0.09000000357627869,-0.8630133534631489,-0.7730133498868702,0.7730133498868702,test,random,Random Forest
CN1C(=O)c2cccnc2Oc2ccccc21,O=C1Nc2ccccc2Oc2ncccc21,-3.671999931335449,-3.559753756460377,0.11224617487507205,0.11224617487507205,test,random,Random Forest
CN1C(C(=O)Nc2ccccn2)=C(O)c2sccc2S1(=O)=O,O=C(Nc1ccccn1)C1=Cc2sccc2S(=O)(=O)N1,-3.880000114440918,-3.4796444942694165,0.4003556201715015,0.4003556201715015,test,random,Random Forest
CN1C(C)(C)CC(OC(=O)CC(C(=O)OC2CC(C)(C)N(C)C(C)(C)C2)C(CC(=O)OC2CC(C)(C)N(C)C(C)(C)C2)C(=O)OC2CC(C)(C)N(C)C(C)(C)C2)CC1(C)C,O=C(CC(C(=O)OC1CCNCC1)C(CC(=O)OC1CCNCC1)C(=O)OC1CCNCC1)OC1CCNCC1,-4.672731876373291,-6.136099958210552,-1.4633680818372614,1.4633680818372614,test,random,Random Forest
CN1C2CCC1C(C(=O)O)C(O)C2,C1CC2CCC(C1)N2,-0.019999999552965164,-0.6169145402771199,-0.5969145407241547,0.5969145407241547,test,random,Random Forest
CN1CCC23c4c5ccc(O)c4OC2C(=O)CCC3C1C5,O=C1CCC2C3Cc4cccc5c4C2(CCN3)C1O5,-2.0999999046325684,-2.189335081389408,-0.08933517675683955,0.08933517675683955,test,random,Random Forest
CN1CCN=C(c2ccccc2)c2cc(Cl)ccc21,c1ccc(C2=NCCNc3ccccc32)cc1,-4.429999828338623,-3.9327247390144855,0.49727508932413755,0.49727508932413755,test,random,Random Forest
CN1C[C@@H]2C[C@@H](C1)c1cccc(=O)n1C2,O=c1cccc2n1CC1CNCC2C1,0.6484000086784363,-1.0385368074923433,-1.6869368161707796,1.6869368161707796,test,random,Random Forest
CN1[C@@H]2CC[C@H]1CC(OC(=O)[C@H](CO)c1ccccc1)C2,O=C(Cc1ccccc1)OC1CC2CCC(C1)N2,-1.909999966621399,-1.9501451151632114,-0.0401451485418125,0.0401451485418125,test,random,Random Forest
CN1[C@@H]2CC[C@H]1C[C@@H](OC(=O)C(CO)c1ccccc1)C2,O=C(Cc1ccccc1)OC1CC2CCC(C1)N2,-2.0,-1.9501451151632114,0.04985488483678857,0.04985488483678857,test,random,Random Forest
CN=C(NCC1CCOC1)N[N+](=O)[O-],C1CCOC1,-0.5694147348403931,-1.1723500115432086,-0.6029352767028155,0.6029352767028155,test,random,Random Forest
CNC(=O)C=C(C)OP(=O)(OC)OC,<ACYCLIC>,0.6510000228881836,0.0649516861380556,-0.586048336750128,0.586048336750128,test,random,Random Forest
CNC(=O)O/N=C/C(C)(C)[S+](C)[O-],<ACYCLIC>,-0.8672999739646912,-0.7594637264533312,0.10783624751136,0.10783624751136,test,random,Random Forest
CNC1=C(c2cccc(C(F)(F)F)c2)C(=O)C(c2ccccc2)O1,O=C1C(c2ccccc2)=COC1c1ccccc1,-3.978800058364868,-4.394478719875614,-0.4156786615107455,0.4156786615107455,test,random,Random Forest
CNCC(O)c1ccc(O)c(O)c1,c1ccccc1,-0.9599999785423279,-1.0294036307811372,-0.06940365223880929,0.06940365223880929,test,random,Random Forest
CNCCCN1c2ccccc2CCc2ccccc21,c1ccc2c(c1)CCc1ccccc1N2,-3.6576170921325684,-3.869440199765827,-0.21182310763325862,0.21182310763325862,test,random,Random Forest
CNN,<ACYCLIC>,1.3365534543991089,1.0069660323670895,-0.3295874220320194,0.3295874220320194,test,random,Random Forest
CNNC,<ACYCLIC>,1.2210999727249146,1.0001400380476821,-0.2209599346772324,0.2209599346772324,test,random,Random Forest
CNS(=O)(=O)c1cc(OC)c(N/N=C2\C(=O)C(C(=O)Nc3ccc4[nH]c(=O)[nH]c4c3)=Cc3ccccc32)cc1OC,O=C(Nc1ccc2[nH]c(=O)[nH]c2c1)C1=Cc2ccccc2C(=NNc2ccccc2)C1=O,-7.891636371612549,-5.984925579922145,1.9067107916904042,1.9067107916904042,test,random,Random Forest
COC,<ACYCLIC>,0.8843659162521362,0.5932400861100645,-0.2911258301420717,0.2911258301420717,test,random,Random Forest
COC(/C=C\C(OC)OC)OC,<ACYCLIC>,0.054999999701976776,-0.7811662279623169,-0.8361662276642937,0.8361662276642937,test,random,Random Forest
COC(=O)C(C)c1ccc2cc(OC)ccc2c1,c1ccc2ccccc2c1,-4.78000020980835,-4.217587769505131,0.5624124403032189,0.5624124403032189,test,random,Random Forest
COC(=O)C1=C(C)NC(C)=C(C(=O)OC)C1c1ccccc1[N+](=O)[O-],C1=CC(c2ccccc2)C=CN1,-4.760000228881836,-3.677035422247713,1.082964806634123,1.082964806634123,test,random,Random Forest
COC(=O)C1CCC(C(=O)OC)CC1,C1CCCCC1,-1.3871946334838867,-1.5202586658072665,-0.13306403232337982,0.13306403232337982,test,random,Random Forest
COC(=O)CCCCC(=O)OC,<ACYCLIC>,-1.4629000425338745,-0.8631330551002715,0.599766987433603,0.599766987433603,test,random,Random Forest
COC(=O)CCc1cc(-n2nc3ccccc3n2)c(O)c(C(C)(C)C)c1,c1ccc(-n2nc3ccccc3n2)cc1,-6.849323749542236,-4.871031607289006,1.9782921422532302,1.9782921422532302,test,random,Random Forest
COC(=O)Oc1ccc(NC(C)=O)cc1,c1ccccc1,-1.690000057220459,-2.1801706835501604,-0.49017062632970143,0.49017062632970143,test,random,Random Forest
COC(=O)c1c(C)cc(O)c(C)c1O,c1ccccc1,-4.037430763244629,-2.1912771674203992,1.8461535958242297,1.8461535958242297,test,random,Random Forest
COC(=O)c1ccc(C)cc1,c1ccccc1,-2.5767202377319336,-2.0430581593297075,0.5336620784022261,0.5336620784022261,test,random,Random Forest
COC(=O)c1ccc(N(C)C)cc1,c1ccccc1,-3.049999952316284,-1.9895292931503774,1.0604706591659068,1.0604706591659068,test,random,Random Forest
COC(=O)c1ccccc1C(=O)c1ccccc1,O=C(c1ccccc1)c1ccccc1,-3.47760009765625,-3.589103886889324,-0.11150378923307391,0.11150378923307391,test,random,Random Forest
COC(=O)c1ccccc1N,c1ccccc1,-1.7338470220565796,-1.5642523588059574,0.16959466325062222,0.16959466325062222,test,random,Random Forest
COC(C)C(N)C(=O)O,<ACYCLIC>,0.4853000044822693,0.10038234838440345,-0.3849176560978658,0.3849176560978658,test,random,Random Forest
COC(OC(C)=O)C(OC(C)=O)C(OC(C)=O)C(COC(C)=O)OC(C)=O,<ACYCLIC>,-1.8200000524520874,-2.3215790565221814,-0.501579004070094,0.501579004070094,test,random,Random Forest
COC1OC(CNC(=O)N(CCCl)N=O)C(O)C(O)C1O,C1CCOCC1,-1.5613000392913818,-0.8455912870074801,0.7157087522839017,0.7157087522839017,test,random,Random Forest
COC=O,<ACYCLIC>,0.69859379529953,0.4725898114441343,-0.22600398385539572,0.22600398385539572,test,random,Random Forest
COCC(C)OC(C)=O,<ACYCLIC>,0.08302323520183563,-0.09340615434451618,-0.17642938954635182,0.17642938954635182,test,random,Random Forest
COCCCCC(=O)c1ccc(C(F)(F)F)cc1,c1ccccc1,-3.5440597534179688,-3.801460301796538,-0.2574005483785693,0.2574005483785693,test,random,Random Forest
COCCOCCO,<ACYCLIC>,0.9203000068664551,0.8008200099702004,-0.11947999689625466,0.11947999689625466,test,random,Random Forest
COCCOCCOCCO,<ACYCLIC>,0.784600019454956,0.5635744882171853,-0.2210255312377708,0.2210255312377708,test,random,Random Forest
COCC[Hg+],<ACYCLIC>,-0.7710000276565552,-1.3446091632652442,-0.573609135608689,0.573609135608689,test,random,Random Forest
COCOC,<ACYCLIC>,0.5059999823570251,0.627417566942367,0.12141758458534191,0.12141758458534191,test,random,Random Forest
COCOc1ccc2c3c1OC1C(O)CCC4C(C2)N(C)CCC341,c1cc2c3c(c1)OC1CCCC4C(C2)NCCC314,-1.9600000381469727,-1.6213060744377594,0.33869396370921323,0.33869396370921323,test,random,Random Forest
COC[C@H](N)C(=O)O,<ACYCLIC>,0.652400016784668,0.30660702610499113,-0.34579299067967684,0.34579299067967684,test,random,Random Forest
COCc1ccc(C=O)o1,c1ccoc1,-0.4991999864578247,-1.429681913575513,-0.9304819271176883,0.9304819271176883,test,random,Random Forest
COS(=O)(=O)OC,<ACYCLIC>,-0.6536999940872192,-0.1524500241772791,0.5012499699099402,0.5012499699099402,test,random,Random Forest
COc1c(Cl)c(Cl)c(Cl)c(Cl)c1OC,c1ccccc1,-5.2393999099731445,-5.2495962556312,-0.010196345658055606,0.010196345658055606,test,random,Random Forest
COc1c(Cl)c(Cl)cc(Cl)c1Cl,c1ccccc1,-5.13070011138916,-5.066816433819675,0.06388367756948554,0.06388367756948554,test,random,Random Forest
COc1c(Cl)cc(Cl)cc1Cl,c1ccccc1,-4.199999809265137,-4.216546724496407,-0.016546915231270276,0.016546915231270276,test,random,Random Forest
COc1c(Cl)ccc(Cl)c1C(=O)O,c1ccccc1,-1.7000000476837158,-2.7409889651731696,-1.0409889174894538,1.0409889174894538,test,random,Random Forest
COc1c(O)ccc(C=O)c1C,c1ccccc1,-1.375499963760376,-1.9729246928076918,-0.5974247290473158,0.5974247290473158,test,random,Random Forest
COc1cc(-c2cc(OC)cc(C(C)(C)C)c2O)c(O)c(C(C)(C)C)c1,c1ccc(-c2ccccc2)cc1,-6.77631139755249,-5.8427435998098245,0.9335677977426657,0.9335677977426657,test,random,Random Forest
COc1cc(/C=C/C(=O)O)ccc1O,c1ccccc1,-3.049999952316284,-2.3860598015091976,0.6639401508070866,0.6639401508070866,test,random,Random Forest
COc1cc(Br)c2c(c1OC)C(=O)OC2,O=C1OCc2ccccc21,-3.9310998916625977,-3.0113826711236182,0.9197172205389794,0.9197172205389794,test,random,Random Forest
COc1cc(C(=O)O)c([N+](=O)[O-])cc1OC,c1ccccc1,-0.7542999982833862,-2.419573410362243,-1.6652734120788568,1.6652734120788568,test,random,Random Forest
COc1cc(C=O)cc(Cl)c1O,c1ccccc1,-2.8747000694274902,-2.4029528468891432,0.471747222538347,0.471747222538347,test,random,Random Forest
COc1cc(OC)n2nc(S(=O)(=O)Nc3c(Cl)ccc(C)c3Cl)nc2n1,O=S(=O)(Nc1ccccc1)c1nc2ncccn2n1,-3.3203999996185303,-4.02256775524198,-0.7021677556234494,0.7021677556234494,test,random,Random Forest
COc1cc(OC)nc(NC(=O)NS(=O)(=O)c2c(-c3nnn(C)n3)cnn2C)n1,O=C(Nc1ncccn1)NS(=O)(=O)c1[nH]ncc1-c1nn[nH]n1,-2.606600046157837,-3.936552106916992,-1.329952060759155,1.329952060759155,test,random,Random Forest
COc1cc(OC)nc(NC(=O)NS(=O)(=O)c2ncccc2C(=O)N(C)C)n1,O=C(Nc1ncccn1)NS(=O)(=O)c1ccccn1,-3.9700000286102295,-3.997140506142246,-0.027140477532016316,0.027140477532016316,test,random,Random Forest
COc1cc(S(=O)(=O)O)c(C)cc1N/N=C1/C(=O)C=Cc2cc(S(=O)(=O)O)ccc21,O=C1C=Cc2ccccc2C1=NNc1ccccc1,-0.44058552384376526,-1.3270204186005443,-0.8864348947567791,0.8864348947567791,test,random,Random Forest
COc1cc([N+](=O)[O-])c(OC)cc1Cl,c1ccccc1,-3.1793124675750732,-3.09097977502952,0.0883326925455532,0.0883326925455532,test,random,Random Forest
COc1cc2c(N)nc(N3CCN(C(=O)OCC(C)(C)O)CC3)nc2c(OC)c1OC,c1ccc2nc(N3CCNCC3)ncc2c1,-3.640000104904175,-3.190864531197129,0.44913557370704593,0.44913557370704593,test,random,Random Forest
COc1ccc(-c2ccccc2)cc1NNC(=O)OC(C)C,c1ccc(-c2ccccc2)cc1,-4.902500152587891,-4.4821005658806055,0.42039958670728517,0.42039958670728517,test,random,Random Forest
COc1ccc(C(=O)O)cc1[N+](=O)[O-],c1ccccc1,-2.6613194942474365,-2.2460779032382887,0.4152415910091478,0.4152415910091478,test,random,Random Forest
COc1ccc(C(=O)c2cccc(C)c2)cc1C,O=C(c1ccccc1)c1ccccc1,-5.079699993133545,-4.315383587386673,0.7643164057468717,0.7643164057468717,test,random,Random Forest
COc1ccc(C(c2ccc(OC)cc2)C(C)[N+](=O)[O-])cc1,c1ccc(Cc2ccccc2)cc1,-4.544600009918213,-4.271291949186929,0.2733080607312841,0.2733080607312841,test,random,Random Forest
COc1ccc(N(C)C(N)=O)cc1,c1ccccc1,-1.159999966621399,-1.4676272457070536,-0.3076272790856547,0.3076272790856547,test,random,Random Forest
COc1ccc(NC(=O)c2cc3ccccc3cc2O)cc1,O=C(Nc1ccccc1)c1ccc2ccccc2c1,-5.2632246017456055,-4.911069816895579,0.3521547848500264,0.3521547848500264,test,random,Random Forest
COc1ccc(S(=O)(=O)N=c2sc(S(N)(=O)=O)nn2C)cc1,O=S(=O)(N=c1[nH]ncs1)c1ccccc1,-2.759999990463257,-2.5295400916381747,0.2304598988250821,0.2304598988250821,test,random,Random Forest
COc1ccc([C@@H]2Sc3ccccc3N(CCN(C)C)C(=O)[C@@H]2OC(C)=O)cc1,O=C1CC(c2ccccc2)Sc2ccccc2N1,-3.1600000858306885,-3.553570500098246,-0.39357041426755757,0.39357041426755757,test,random,Random Forest
COc1ccc2c3c1CCCC3CN(C(N)=NO)C2,c1cc2c3c(c1)CNCC3CCC2,-1.7799999713897705,-1.8712331061727712,-0.09123313478300066,0.09123313478300066,test,random,Random Forest
COc1ccc2cc(C(C)C(=O)O)ccc2c1,c1ccc2ccccc2c1,-3.2899999618530273,-4.053621688584958,-0.7636217267319303,0.7636217267319303,test,random,Random Forest
COc1ccc2cc(CCC(C)=O)ccc2c1,c1ccc2ccccc2c1,-1.4600000381469727,-4.322252864302942,-2.862252826155969,2.862252826155969,test,random,Random Forest
COc1ccccc1OC,c1ccccc1,-1.3149750232696533,-1.7120600522728322,-0.3970850290031789,0.3970850290031789,test,random,Random Forest
CS(=O)(=O)Oc1ccc(Nc2ccc(O)c3c2C(=O)c2ccccc2C3=O)cc1,O=C1c2ccccc2C(=O)c2c(Nc3ccccc3)cccc21,-6.21422815322876,-4.976835021361248,1.2373931318675115,1.2373931318675115,test,random,Random Forest
CSCCC(C(=O)O)N(CCC#N)CCC#N,<ACYCLIC>,-1.3279000520706177,-1.401890358250351,-0.07399030617973335,0.07399030617973335,test,random,Random Forest
CSc1ccc2c(c1)N(CCC1CCCCN1C)c1ccccc1S2,c1ccc2c(c1)Sc1ccccc1N2CCC1CCCCN1,-5.820000171661377,-5.620756745638552,0.19924342602282508,0.19924342602282508,test,random,Random Forest
CSc1nc(NC(C)C)nc(NC(C)C)n1,c1ncncn1,-3.8642001152038574,-3.314715626991931,0.5494844882119265,0.5494844882119265,test,random,Random Forest
CSc1nnc(C(C)(C)C)c(=O)n1/N=C/C(C)C,O=c1cnnc[nH]1,-4.428800106048584,-3.2949929261283275,1.1338071799202565,1.1338071799202565,test,random,Random Forest
C[C@@H]1O[C@@H](O[C@H]2[C@@H](OS(=O)(=O)O)[C@H](OS(=O)(=O)O)[C@H](O)O[C@H]2C)[C@@H](OS(=O)(=O)O)[C@H](O[C@@H]2O[C@@H](C)[C@@H](O[C@@H]3O[C@@H](C)[C@@H](O)[C@@H](O[C@@H]4O[C@@H](C)[C@@H](O)[C@@H](OS(=O)(=O)O)[C@@H]4OS(=O)(=O)O)[C@@H]3OS(=O)(=O)O)[C@@H](OS(=O)(=O)O)[C@@H]2OS(=O)(=O)O)[C@@H]1O,C1CCC(OC2CCOC(OC3CCC(OC4CCOC(OC5CCCOC5)C4)OC3)C2)OC1,-0.5892058610916138,-0.8661487822683117,-0.27694292117669794,0.27694292117669794,test,random,Random Forest
C[C@H](C(=O)O)[C@@H](C)C(=O)O,<ACYCLIC>,-0.6880000233650208,0.0038790178312656676,0.6918790411962864,0.6918790411962864,test,random,Random Forest
C[C@H](CC(=O)O)C(=O)O,<ACYCLIC>,0.6310999989509583,0.4368551418167423,-0.19424485713421596,0.19424485713421596,test,random,Random Forest
C[C@H](CCC(=O)NCC(=O)O)[C@H]1CCC2C3C(CC[C@@]21C)[C@@]1(C)CC[C@@H](O)C[C@H]1C[C@@H]3O,C1CCC2C(C1)CCC1C3CCCC3CCC21,-5.522500038146973,-4.648780890006157,0.8737191481408155,0.8737191481408155,test,random,Random Forest
C[C@H](CCC(=O)O)[C@H]1CC[C@H]2[C@@H]3[C@@H](O)C[C@@H]4C[C@H](O)CC[C@]4(C)[C@H]3CC[C@]12C,C1CCC2C(C1)CCC1C3CCCC3CCC21,-4.292900085449219,-4.256308870769682,0.036591214679536854,0.036591214679536854,test,random,Random Forest
C[C@H](O)C(=O)Nc1c(I)c(C(=O)NC(CO)CO)c(I)c(C(=O)NC(CO)CO)c1I,c1ccccc1,-0.7443000078201294,-1.1421097937232614,-0.397809785903132,0.397809785903132,test,random,Random Forest
C[C@]12CCC(=O)C=C1CC[C@H]1[C@@H]3CC[C@](O)(C(=O)CO)[C@@]3(C)C[C@H](O)[C@@]12F,O=C1C=C2CCC3C4CCCC4CCC3C2CC1,-3.4342000484466553,-3.3826689508257526,0.05153109762090269,0.05153109762090269,test,random,Random Forest
C[Si](C)(C)C,<ACYCLIC>,-3.6533405780792236,-2.3030001268850926,1.350340451194131,1.350340451194131,test,random,Random Forest
C[Si](O)(O)O,<ACYCLIC>,0.8786634206771851,0.41513496408338685,-0.4635284565937982,0.4635284565937982,test,random,Random Forest
C[Si]1(C)O[Si](C)(C)O[Si](C)(C)O[Si](C)(C)O[Si](C)(C)O1,O1[SiH2]O[SiH2]O[SiH2]O[SiH2]O[SiH2]1,-7.338699817657471,-4.806079394368544,2.532620423288927,2.532620423288927,test,random,Random Forest
C[Si]1(C)O[Si](C)(C)O[Si](C)(C)O[Si](C)(C)O[Si](C)(C)O[Si](C)(C)O1,O1[SiH2]O[SiH2]O[SiH2]O[SiH2]O[SiH2]O[SiH2]1,-7.940700054168701,-5.56997082269665,2.370729231472051,2.370729231472051,test,random,Random Forest
Cc1[nH]c(=O)n(C(C)(C)C)c(=O)c1Cl,O=c1cc[nH]c(=O)[nH]1,-2.484499931335449,-2.4224751077636593,0.062024823571789955,0.062024823571789955,test,random,Random Forest
Cc1c(C(=O)O)c(O)cc2c1C(=O)c1c(O)c([C@H]3O[C@H](CO)[C@@H](O)[C@H](O)[C@H]3O)c(O)c(O)c1C2=O,O=C1c2ccccc2C(=O)c2cc(C3CCCCO3)ccc21,-2.578399896621704,-2.2343215367043205,0.34407835991738356,0.34407835991738356,test,random,Random Forest
Cc1c(Cl)ccc(Cc2c(Cl)cccc2Cl)c1Cl,c1ccc(Cc2ccccc2)cc1,-7.989999771118164,-7.247183017886276,0.7428167532318879,0.7428167532318879,test,random,Random Forest
Cc1c(Cl)cccc1Nc1ccccc1C(=O)O,c1ccc(Nc2ccccc2)cc1,-5.059999942779541,-4.211679151625918,0.8483207911536228,0.8483207911536228,test,random,Random Forest
Cc1c(F)c(F)c(COC(=O)C2C(/C=C(\Cl)C(F)(F)F)C2(C)C)c(F)c1F,O=C(OCc1ccccc1)C1CC1,-7.320899963378906,-6.912647198802973,0.4082527645759333,0.4082527645759333,test,random,Random Forest
Cc1c(OCc2ccccc2)ccc2c(=O)cc(N3CCOCC3)oc12,O=c1cc(N2CCOCC2)oc2cc(OCc3ccccc3)ccc12,-5.159999847412109,-4.361409128997378,0.7985907184147312,0.7985907184147312,test,random,Random Forest
Cc1c([N+](=O)[O-])cc([N+](=O)[O-])cc1[N+](=O)[O-],c1ccccc1,-3.242300033569336,-3.009132496771458,0.23316753679787805,0.23316753679787805,test,random,Random Forest
Cc1cc(C(C)(C)C)c(O)c(C(C)(C)C)c1,c1ccccc1,-5.462311267852783,-4.271388542528464,1.1909227253243193,1.1909227253243193,test,random,Random Forest
Cc1cc(C)c(C(=O)O)c(C)c1,c1ccccc1,-2.356600046157837,-2.3533564528891877,0.003243593268649203,0.003243593268649203,test,random,Random Forest
Cc1cc(C)c2ccccc2c1,c1ccc2ccccc2c1,-4.2906999588012695,-4.535742756190414,-0.2450427973891447,0.2450427973891447,test,random,Random Forest
Cc1cc(C)cc(C(=O)Cl)c1,c1ccccc1,-3.329289674758911,-2.5162521641720024,0.8130375105869088,0.8130375105869088,test,random,Random Forest
Cc1cc(C)cc(OCC(=O)O)c1,c1ccccc1,-2.3526999950408936,-2.184221918714541,0.1684780763263527,0.1684780763263527,test,random,Random Forest
Cc1cc(C)cc(OP(=O)(Oc2cc(C)cc(C)c2)Oc2cc(C)cc(C)c2)c1,O=P(Oc1ccccc1)(Oc1ccccc1)Oc1ccccc1,-7.312230110168457,-6.291183522596954,1.0210465875715027,1.0210465875715027,test,random,Random Forest
Cc1cc(C2(c3ccc(NNC4=C(S(=O)(=O)O)C=C5C=CC(=O)C=C5C4=O)c(C)c3)CCCCC2)ccc1NNC1=C(S(=O)(=O)O)C=C2C=CC(=O)C=C2C1=O,O=C1C=CC2=CC=C(NNc3ccc(C4(c5ccc(NNC6=CC=C7C=CC(=O)C=C7C6=O)cc5)CCCCC4)cc3)C(=O)C2=C1,-0.8547884821891785,-1.5375611018278292,-0.6827726196386508,0.6827726196386508,test,random,Random Forest
Cc1cc(CCC(=O)OCC(C)(C)C2OCC3(CO2)COC(C(C)(C)COC(=O)CCc2cc(C)c(O)c(C(C)(C)C)c2)OC3)cc(C(C)(C)C)c1O,O=C(CCc1ccccc1)OCCC1OCC2(CO1)COC(CCOC(=O)CCc1ccccc1)OC2,-8.267743110656738,-6.998585047945855,1.2691580627108836,1.2691580627108836,test,random,Random Forest
Cc1cc(CCC(=O)OCCOCCOCCOC(=O)CCc2cc(C)c(O)c(C(C)(C)C)c2)cc(C(C)(C)C)c1O,O=C(CCc1ccccc1)OCCOCCOCCOC(=O)CCc1ccccc1,-5.768465042114258,-7.028149024928845,-1.259683982814587,1.259683982814587,test,random,Random Forest
Cc1cc(Cc2cc(C)cc(C(C)(C)C)c2O)c(O)c(C(C)(C)C)c1,c1ccc(Cc2ccccc2)cc1,-7.231100082397461,-6.225587564009209,1.0055125183882518,1.0055125183882518,test,random,Random Forest
Cc1cc(Cl)c(O)c(Cl)c1,c1ccccc1,-1.420199990272522,-2.385022289470702,-0.9648222991981799,0.9648222991981799,test,random,Random Forest
Cc1cc(Cl)ccc1OCC(=O)O,c1ccccc1,-2.503000020980835,-2.313824130477799,0.18917589050303585,0.18917589050303585,test,random,Random Forest
Cc1cc(N(CCO)CCO)ccc1N=Nc1ccc([N+](=O)[O-])cc1Cl,c1ccc(N=Nc2ccccc2)cc1,-6.570000171661377,-5.3850103040799615,1.1849898675814154,1.1849898675814154,test,random,Random Forest
Cc1cc(NS(=O)(=O)c2ccc(N)cc2)sn1,O=S(=O)(Nc1ccns1)c1ccccc1,-1.076200008392334,-2.965165460336757,-1.888965451944423,1.888965451944423,test,random,Random Forest
Cc1cc(Nc2cc(S(=O)(=O)O)c(N)c3c2C(=O)c2ccccc2C3=O)cc(S(=O)(=O)NCCO)c1C,O=C1c2ccccc2C(=O)c2c(Nc3ccccc3)cccc21,-2.6748435497283936,-1.392462389234789,1.2823811604936046,1.2823811604936046,test,random,Random Forest
Cc1cc(Nc2nc(NCCO)nc(Nc3ccc(N=Nc4cc(S(=O)(=O)O)c5cccc(S(=O)(=O)O)c5c4)c(C)c3)n2)ccc1N=Nc1cc(S(=O)(=O)O)c2cccc(S(=O)(=O)O)c2c1,c1ccc2cc(N=Nc3ccc(Nc4ncnc(Nc5ccc(N=Nc6ccc7ccccc7c6)cc5)n4)cc3)ccc2c1,-1.1748734712600708,-1.1621464590789572,0.012727012181113606,0.012727012181113606,test,random,Random Forest
Cc1cc(O)ccc1C(C)C,c1ccccc1,-2.854511260986328,-2.324133347830205,0.5303779131561233,0.5303779131561233,test,random,Random Forest
Cc1cc(S(=O)(=O)c2ccccc2)ccc1NS(=O)(=O)C(F)(F)F,O=S(=O)(c1ccccc1)c1ccccc1,-3.8008999824523926,-4.1904664293289535,-0.38956644687656095,0.38956644687656095,test,random,Random Forest
Cc1cc([N+](=O)[O-])cc([N+](=O)[O-])c1O,c1ccccc1,-3.0002999305725098,-2.5750628308099177,0.42523709976259205,0.42523709976259205,test,random,Random Forest
Cc1cc2[nH]c(=O)[nH]c2cc1N,O=c1[nH]c2ccccc2[nH]1,-1.9771385192871094,-2.213258047631878,-0.2361195283447688,0.2361195283447688,test,random,Random Forest
Cc1cc2ccccc2cc1C,c1ccc2ccccc2c1,-4.71999979019165,-4.507967341740584,0.21203244845106628,0.21203244845106628,test,random,Random Forest
Cc1ccc(Br)cc1,c1ccccc1,-3.191699981689453,-3.2639057420003996,-0.0722057603109465,0.0722057603109465,test,random,Random Forest
Cc1ccc(C)c(O)c1,c1ccccc1,-1.5375827550888062,-1.3138884673175233,0.22369428777128286,0.22369428777128286,test,random,Random Forest
Cc1ccc(Cl)cc1N/N=C1\C(=O)C(C(=O)Nc2cc(C)c(NC(=O)C3=Cc4ccccc4/C(=N\Nc4cc(Cl)ccc4C)C3=O)cc2C)=Cc2ccccc21,O=C(Nc1ccc(NC(=O)C2=Cc3ccccc3C(=NNc3ccccc3)C2=O)cc1)C1=Cc2ccccc2C(=NNc2ccccc2)C1=O,-7.678196430206299,-7.73226595400061,-0.05406952379431118,0.05406952379431118,test,random,Random Forest
Cc1ccc(Cn2cc(F)c(=O)[nH]c2=O)cc1,O=c1ccn(Cc2ccccc2)c(=O)[nH]1,-2.9200000762939453,-2.490169791208354,0.4298302850855915,0.4298302850855915,test,random,Random Forest
Cc1ccc(N)cc1C,c1ccccc1,-1.503600001335144,-1.2617461321646637,0.24185386917048035,0.24185386917048035,test,random,Random Forest
Cc1ccc(N=C=S)cc1,c1ccccc1,-4.72130012512207,-3.0824231945057083,1.638876930616362,1.638876930616362,test,random,Random Forest
Cc1ccc(NCCO)c([N+](=O)[O-])c1,c1ccccc1,-2.7474050521850586,-2.0124298838141312,0.7349751683709274,0.7349751683709274,test,random,Random Forest
Cc1ccc(OCC(=O)NC2C(=O)N3C2SC(C)(C)C3C(=O)O)cc1,O=C(COc1ccccc1)NC1C(=O)N2CCSC12,-3.1500000953674316,-2.6021249591450712,0.5478751362223604,0.5478751362223604,test,random,Random Forest
Cc1ccc(OCC(=O)O)cc1,c1ccccc1,-2.141400098800659,-2.0742097115027054,0.06719038729795379,0.06719038729795379,test,random,Random Forest
Cc1ccc(S(=O)(=O)NC(=O)Nc2nccc(Nc3ccc(S(N)(=O)=O)cc3)n2)cc1,O=C(Nc1nccc(Nc2ccccc2)n1)NS(=O)(=O)c1ccccc1,-4.300000190734863,-3.442354912580133,0.8576452781547301,0.8576452781547301,test,random,Random Forest
Cc1ccc2c(c1)C(=O)N(C)c1cc(N)ccc1O2,O=C1Nc2ccccc2Oc2ccccc21,-3.927999973297119,-3.8097171494095097,0.11828282388760947,0.11828282388760947,test,random,Random Forest
Cc1ccc2cccc(O)c2n1,c1ccc2ncccc2c1,-1.7306185960769653,-2.331599835845004,-0.6009812397680387,0.6009812397680387,test,random,Random Forest
Cc1cccc(C)n1,c1ccncc1,0.44699999690055847,-0.4970872365736263,-0.9440872334741848,0.9440872334741848,test,random,Random Forest
Cc1cccc(Nc2ccccc2C(=O)O)c1,c1ccc(Nc2ccccc2)cc1,-5.059999942779541,-4.159786708978749,0.900213233800792,0.900213233800792,test,random,Random Forest
Cc1cccc(O)c1[N+](=O)[O-],c1ccccc1,-1.6399999856948853,-2.183422274071232,-0.5434222883763469,0.5434222883763469,test,random,Random Forest
Cc1ccccc1NC(=O)CC(=O)CN=Nc1ccc(S(=O)(=O)O)cc1[N+](=O)[O-],O=C(CN=Nc1ccccc1)CC(=O)Nc1ccccc1,-7.739803791046143,-2.887470768280386,4.852333022765757,4.852333022765757,test,random,Random Forest
Cc1ccccc1OCC1CO1,c1ccc(OCC2CO2)cc1,-2.291104555130005,-1.6195598991463314,0.6715446559836735,0.6715446559836735,test,random,Random Forest
Cc1ccn[nH]1,c1cn[nH]c1,1.0856250524520874,0.5058171685025944,-0.579807883949493,0.579807883949493,test,random,Random Forest
Cc1cn(C2CC(N=[N+]=[N-])C(COC(=O)c3ccncc3)O2)c(=O)[nH]c1=O,O=C(OCC1CCC(n2ccc(=O)[nH]c2=O)O1)c1ccncc1,-2.7200000286102295,-2.6907581028863308,0.02924192572389872,0.02924192572389872,test,random,Random Forest
Cc1cnc2c(=O)[nH]cnc2n1,O=c1[nH]cnc2nccnc12,-1.559999942779541,-1.8801582925418379,-0.32015834976229685,0.32015834976229685,test,random,Random Forest
Cc1cnc2ncncc2n1,c1cnc2ncncc2n1,0.05999999865889549,-0.5112382108869363,-0.5712382095458318,0.5712382095458318,test,random,Random Forest
Cc1cnnc2c(O)cccc12,c1ccc2nnccc2c1,-2.678299903869629,-2.0243046886750045,0.6539952151946244,0.6539952151946244,test,random,Random Forest
Cc1nc(C(F)(F)F)c(C(=O)Nc2c(Br)cc(OC(F)(F)F)cc2Br)s1,O=C(Nc1ccccc1)c1cncs1,-5.518599987030029,-6.8115148618651755,-1.2929148748351462,1.2929148748351462,test,random,Random Forest
Cc1nc(NS(=O)(=O)c2ccc(N)cc2)oc1C,O=S(=O)(Nc1ncco1)c1ccccc1,-2.2200000286102295,-2.737130468528145,-0.5171304399179153,0.5171304399179153,test,random,Random Forest
Cc1nc2c(=O)[nH]cnc2[nH]c1=O,O=c1cnc2c(=O)[nH]cnc2[nH]1,-2.1500000953674316,-2.5929705381290264,-0.4429704427615948,0.4429704427615948,test,random,Random Forest
Cc1nnc(-c2ccccc2)c(=O)n1N,O=c1[nH]cnnc1-c1ccccc1,-2.050600051879883,-1.989206691282757,0.061393360597125746,0.061393360597125746,test,random,Random Forest
Cc1nnc(NS(=O)(=O)c2ccc(N)cc2)s1,O=S(=O)(Nc1nncs1)c1ccccc1,-2.4107000827789307,-2.807752790967337,-0.39705270818840654,0.39705270818840654,test,random,Random Forest
Cc1oc(C(O)C(O)C(O)CO)cc1C(=O)O,c1ccoc1,-1.2799999713897705,-1.4089951955117286,-0.12899522412195807,0.12899522412195807,test,random,Random Forest
Cc1oc([C@H](O)[C@H](O)[C@H](O)CO)cc1C(=O)O,c1ccoc1,-1.277400016784668,-1.4089951955117286,-0.1315951787270606,0.1315951787270606,test,random,Random Forest
Cl/C=C/C[N+]12CN3CN(CN(C3)C1)C2,C1N2CN3CN1C[NH+](C2)C3,0.08290000259876251,-0.9779040862426126,-1.0608040888413752,1.0608040888413752,test,random,Random Forest
Cl/C=C/[As](Cl)Cl,<ACYCLIC>,-2.6177000999450684,-2.097603657314035,0.5200964426310333,0.5200964426310333,test,random,Random Forest
ClC(Cl)(Cl)Cl,<ACYCLIC>,-2.309999942779541,-2.531293134772306,-0.22129319199276498,0.22129319199276498,test,random,Random Forest
ClC(Cl)=C(Cl)C(Cl)(Cl)Cl,<ACYCLIC>,-4.16510009765625,-4.46143292182621,-0.2963328241699603,0.2963328241699603,test,random,Random Forest
ClC1=C(Cl)C2(Cl)C3C4C=CC(C4)C3C1(Cl)C2(Cl)Cl,C1=CC2CC1C1C3C=CC(C3)C21,-6.309999942779541,-6.408617657131619,-0.09861771435207789,0.09861771435207789,test,random,Random Forest
ClC1=C(Cl)C2(Cl)C3C4CC(C5OC45)C3C1(Cl)C2(Cl)Cl,C1=CC2CC1C1C3CC(C4OC34)C21,-6.290800094604492,-5.984464730373132,0.30633536423136043,0.30633536423136043,test,random,Random Forest
ClC1=C(Cl)C2(Cl)C3C4OC4C(Cl)C3C1(Cl)C2(Cl)Cl,C1=CC2CC1C1CC3OC3C21,-6.289299964904785,-6.034652810841008,0.25464715406377714,0.25464715406377714,test,random,Random Forest
ClCC(Br)CBr,<ACYCLIC>,-2.374000072479248,-2.4415029429986084,-0.06750287051936033,0.06750287051936033,test,random,Random Forest
ClCCCCl,<ACYCLIC>,-1.613700032234192,-1.6781408624248881,-0.06444083019069624,0.06444083019069624,test,random,Random Forest
ClCCCl,<ACYCLIC>,-1.0800000429153442,-1.1746407908659946,-0.09464074795065036,0.09464074795065036,test,random,Random Forest
ClCCN(Cl)CCCl,<ACYCLIC>,-1.920300006866455,-1.532536150925887,0.38776385594056806,0.38776385594056806,test,random,Random Forest
Clc1c(Cl)c(Cl)c2c(Cl)c(Cl)c(Cl)c(Cl)c2c1Cl,c1ccc2ccccc2c1,-9.70300006866455,-9.763755361180422,-0.06075529251587142,0.06075529251587142,test,random,Random Forest
Clc1c(Cl)c(Cl)c2ccccc2c1Cl,c1ccc2ccccc2c1,-7.795400142669678,-7.158222292813876,0.6371778498558021,0.6371778498558021,test,random,Random Forest
Clc1cc(-c2c(Cl)cc(Cl)c(Cl)c2Cl)cc(Cl)c1Cl,c1ccc(-c2ccccc2)cc1,-9.100000381469727,-8.745081631545155,0.35491874992457184,0.35491874992457184,test,random,Random Forest
Clc1cc(-c2c(Cl)cccc2Cl)c(Cl)c(Cl)c1Cl,c1ccc(-c2ccccc2)cc1,-8.130000114440918,-8.259065337072833,-0.12906522263191533,0.12906522263191533,test,random,Random Forest
Clc1cc(Cl)c(-c2c(Cl)cc(Cl)c(Cl)c2Cl)cc1Cl,c1ccc(-c2ccccc2)cc1,-7.920000076293945,-8.644344917609045,-0.7243448413150997,0.7243448413150997,test,random,Random Forest
Clc1cc(Cl)c(Cl)c(Oc2ccc(Cl)c(Cl)c2)c1,c1ccc(Oc2ccccc2)cc1,-7.829999923706055,-7.83430575006475,-0.004305826358695697,0.004305826358695697,test,random,Random Forest
Clc1cc(Cl)c(Oc2cccc(Cl)c2Cl)cc1Cl,c1ccc(Oc2ccccc2)cc1,-7.480000019073486,-7.3648328494375965,0.1151671696358898,0.1151671696358898,test,random,Random Forest
Clc1cc(Cl)cc(-c2cc(Cl)cc(Cl)c2)c1,c1ccc(-c2ccccc2)cc1,-8.374799728393555,-7.2507947145561715,1.1240050138373832,1.1240050138373832,test,random,Random Forest
Clc1ccc(-c2c(Cl)c(Cl)c(Cl)c(Cl)c2Cl)c(Cl)c1,c1ccc(-c2ccccc2)cc1,-8.970600128173828,-8.537206762538327,0.4333933656355011,0.4333933656355011,test,random,Random Forest
Clc1ccc(-c2cc(Cl)c(Cl)c(Cl)c2)cc1,c1ccc(-c2ccccc2)cc1,-7.960000038146973,-7.253400487388885,0.7065995507580878,0.7065995507580878,test,random,Random Forest
Clc1ccc(-c2cc(Cl)c(Cl)cc2Cl)c(Cl)c1,c1ccc(-c2ccccc2)cc1,-7.950300216674805,-7.5380053504244975,0.4122948662503072,0.4122948662503072,test,random,Random Forest
Clc1ccc(-c2ccc(Cl)cc2Cl)cc1,c1ccc(-c2ccccc2)cc1,-6.0,-6.431290331800146,-0.4312903318001462,0.4312903318001462,test,random,Random Forest
Clc1ccc(-c2ccccc2)c(Cl)c1Cl,c1ccc(-c2ccccc2)cc1,-6.179900169372559,-6.2084078078156395,-0.028507638443080907,0.028507638443080907,test,random,Random Forest
Clc1ccc(CSC(Cn2cncn2)=Nc2ccc(Cl)cc2Cl)cc1,c1ccc(CSC(Cn2cncn2)=Nc2ccccc2)cc1,-5.384200096130371,-5.668207684506342,-0.28400758837597095,0.28400758837597095,test,random,Random Forest
Clc1ccc(Cl)c(-c2ccc(Cl)c(Cl)c2)c1,c1ccc(-c2ccccc2)cc1,-6.85260009765625,-7.24295304644572,-0.39035294878947013,0.39035294878947013,test,random,Random Forest
Clc1ccc(Cl)c(Oc2ccccc2)c1,c1ccc(Oc2ccccc2)cc1,-4.970300197601318,-5.16218494791928,-0.19188475031796148,0.19188475031796148,test,random,Random Forest
Clc1ccc(I)cc1,c1ccccc1,-4.03000020980835,-3.937484051577263,0.09251615823108672,0.09251615823108672,test,random,Random Forest
Clc1ccc(Oc2c(Cl)c(Cl)cc(Cl)c2Cl)cc1Cl,c1ccc(Oc2ccccc2)cc1,-8.300000190734863,-8.32506147721446,-0.02506128647959649,0.02506128647959649,test,random,Random Forest
Clc1ccc(Oc2c(Cl)cc(Cl)cc2Cl)cc1,c1ccc(Oc2ccccc2)cc1,-6.829999923706055,-6.91917340617016,-0.08917348246410572,0.08917348246410572,test,random,Random Forest
Clc1ccc(Oc2cc(Cl)c(Cl)c(Cl)c2Cl)c(Cl)c1,c1ccc(Oc2ccccc2)cc1,-8.4399995803833,-8.47029777514493,-0.030298194761629205,0.030298194761629205,test,random,Random Forest
Clc1cccc(-c2cc(Cl)ccc2Cl)c1,c1ccc(-c2ccccc2)cc1,-6.007699966430664,-6.337674762752005,-0.3299747963213413,0.3299747963213413,test,random,Random Forest
Clc1cccc(-c2cccc(Cl)c2Cl)c1Cl,c1ccc(-c2ccccc2)cc1,-7.272200107574463,-6.632450444126655,0.6397496634478079,0.6397496634478079,test,random,Random Forest
Clc1cccc(Oc2cc(Cl)c(Cl)cc2Cl)c1,c1ccc(Oc2ccccc2)cc1,-7.269999980926514,-7.0007145100444905,0.26928547088202315,0.26928547088202315,test,random,Random Forest
Clc1cccc(Oc2ccc(Cl)c(Cl)c2Cl)c1Cl,c1ccc(Oc2ccccc2)cc1,-7.380000114440918,-7.240660217597371,0.13933989684354664,0.13933989684354664,test,random,Random Forest
Clc1ccccc1-c1c(Cl)c(Cl)c(Cl)c(Cl)c1Cl,c1ccc(-c2ccccc2)cc1,-8.013299942016602,-8.143918591356785,-0.13061864934018352,0.13061864934018352,test,random,Random Forest
Clc1ccccc1-c1c(Cl)cccc1Cl,c1ccc(-c2ccccc2)cc1,-5.900300025939941,-6.217394155402662,-0.31709412946272053,0.31709412946272053,test,random,Random Forest
Cn1c(-c2ccccc2)c(C=CC2=[N+](C)c3ccccc3C2(C)C)c2ccccc21,C(=Cc1c(-c2ccccc2)[nH]c2ccccc12)C1=[NH+]c2ccccc2C1,-1.7439279556274414,-6.573916997772278,-4.829989042144836,4.829989042144836,test,random,Random Forest
Cn1c(=O)[nH]c2[nH]c(=O)[nH]c2c1=O,O=c1[nH]c(=O)c2[nH]c(=O)[nH]c2[nH]1,-1.561400055885315,-2.7167720424002044,-1.1553719865148895,1.1553719865148895,test,random,Random Forest
Cn1c(=O)ncc2[nH]c(=O)[nH]c21,O=c1ncc2[nH]c(=O)[nH]c2[nH]1,-0.7940000295639038,-2.213884009934369,-1.4198839803704653,1.4198839803704653,test,random,Random Forest
Cn1c(N)cc(=O)n(C)c1=O,O=c1cc[nH]c(=O)[nH]1,-1.4535787105560303,-1.2697443431369886,0.1838343674190417,0.1838343674190417,test,random,Random Forest
Cn1c([N+](=O)[O-])cnc1COC(N)=O,c1c[nH]cn1,-1.8432999849319458,-1.73093675517554,0.11236322975640589,0.11236322975640589,test,random,Random Forest
Cn1ccc(=O)[nH]c1=O,O=c1cc[nH]c(=O)[nH]1,-0.7997999787330627,-1.2617354033901729,-0.4619354246571101,0.4619354246571101,test,random,Random Forest
Cn1cnc2nc(Cl)nc(NN)c21,c1ncc2[nH]cnc2n1,-1.142699956893921,-1.9076896600948021,-0.7649897032008812,0.7649897032008812,test,random,Random Forest
Cn1nc(S(N)(=O)=O)sc1=NS(=O)(=O)c1ccc(Br)cc1,O=S(=O)(N=c1[nH]ncs1)c1ccccc1,-2.509999990463257,-2.7645522290580082,-0.2545522385947514,0.2545522385947514,test,random,Random Forest
Cn1nc(S(N)(=O)=O)sc1=NS(=O)(=O)c1ccc([N+](=O)[O-])cc1[N+](=O)[O-],O=S(=O)(N=c1[nH]ncs1)c1ccccc1,-2.740000009536743,-2.740279492088688,-0.0002794825519449873,0.0002794825519449873,test,random,Random Forest
Cn1nc(S(N)(=O)=O)sc1=NS(=O)(=O)c1ccccc1[N+](=O)[O-],O=S(=O)(N=c1[nH]ncs1)c1ccccc1,-2.7899999618530273,-2.5022846048874747,0.2877153569655526,0.2877153569655526,test,random,Random Forest
FC(F)(F)Br,<ACYCLIC>,-2.6677708625793457,-2.1464746301808386,0.5212962323985071,0.5212962323985071,test,random,Random Forest
FC(F)(I)C(F)(F)C(F)(F)C(F)(F)I,<ACYCLIC>,-3.314476251602173,-5.88936658271469,-2.574890331112517,2.574890331112517,test,random,Random Forest
FC(F)C(F)(F)F,<ACYCLIC>,-1.4164958000183105,-2.186423105378466,-0.7699273053601554,0.7699273053601554,test,random,Random Forest
FC(F)OC(Cl)C(F)(F)F,<ACYCLIC>,-1.6157000064849854,-2.1111259718071134,-0.495425965322128,0.495425965322128,test,random,Random Forest
Fc1cc(F)c(F)c(F)c1,c1ccccc1,-2.3057000637054443,-2.490435784275985,-0.18473572057054088,0.18473572057054088,test,random,Random Forest
Fc1ccc(I)cc1,c1ccccc1,-3.125699996948242,-3.1024566226904557,0.023243374257786442,0.023243374257786442,test,random,Random Forest
N#CC(CCc1ccc(Cl)cc1)(Cn1cncn1)c1ccccc1,c1ccc(CCC(Cn2cncn2)c2ccccc2)cc1,-6.226399898529053,-4.653841383386146,1.572558515142907,1.572558515142907,test,random,Random Forest
N#CC(Cl)(Cl)Cl,<ACYCLIC>,-2.1679999828338623,-1.3371377674942817,0.8308622153395806,0.8308622153395806,test,random,Random Forest
N#CCC(=O)O,<ACYCLIC>,1.070264458656311,0.6063265947767058,-0.46393786387960523,0.46393786387960523,test,random,Random Forest
N#CCCCCC#N,<ACYCLIC>,-0.1309124380350113,-0.9750522609610734,-0.8441398229260622,0.8441398229260622,test,random,Random Forest
N#CCCCCCCC#N,<ACYCLIC>,-1.0810922384262085,-2.0258745461287235,-0.944782307702515,0.944782307702515,test,random,Random Forest
N#CCN(CC#N)CCN(CC#N)CC#N,<ACYCLIC>,-2.820404291152954,-1.3500266406519146,1.4703776505010395,1.4703776505010395,test,random,Random Forest
N#CCc1ccc(Cl)cc1F,c1ccccc1,-2.5939061641693115,-2.776913416055031,-0.1830072518857193,0.1830072518857193,test,random,Random Forest
N#CNC(N)=S,<ACYCLIC>,-0.004900000058114529,-0.32978877367388487,-0.32488877361577034,0.32488877361577034,test,random,Random Forest
N#Cc1ccc(C(=O)O)cc1,c1ccccc1,-2.0885000228881836,-2.17672006049437,-0.08822003760618635,0.08822003760618635,test,random,Random Forest
N#Cc1ccc(C=Cc2ccc(C=Cc3cccc(C#N)c3)cc2)cc1,C(=Cc1ccc(C=Cc2ccccc2)cc1)c1ccccc1,-8.12372875213623,-6.193619228947472,1.9301095231887588,1.9301095231887588,test,random,Random Forest
N#Cc1ccc2c(c1)C(=O)OC2,O=C1OCc2ccccc21,-2.7021000385284424,-2.0631474370056315,0.6389526015228109,0.6389526015228109,test,random,Random Forest
N#Cc1ccccc1,c1ccccc1,-1.7122999429702759,-1.2265189575921474,0.4857809853781285,0.4857809853781285,test,random,Random Forest
N#Cc1ccccc1/C=C/c1ccc(/C=C/c2ccccc2C#N)cc1,C(=Cc1ccc(C=Cc2ccccc2)cc1)c1ccccc1,-4.220638751983643,-6.19528247959121,-1.9746437276075675,1.9746437276075675,test,random,Random Forest
N#Cc1cccnc1,c1ccncc1,0.1128000020980835,0.056708704546579926,-0.05609129755150357,0.05609129755150357,test,random,Random Forest
N#N,<ACYCLIC>,-0.19009999930858612,0.24059171034113894,0.43069170964972503,0.43069170964972503,test,random,Random Forest
N=C(c1ccccc1)c1ccccc1,N=C(c1ccccc1)c1ccccc1,-2.7811279296875,-2.855247892515115,-0.07411996282761502,0.07411996282761502,test,random,Random Forest
NC(=CC(=O)[C@@H](Cc1ccccc1)N(Cc1ccccc1)Cc1ccccc1)Cc1ccccc1,O=C(C=CCc1ccccc1)C(Cc1ccccc1)N(Cc1ccccc1)Cc1ccccc1,-7.663343906402588,-5.633312707318906,2.030031199083682,2.030031199083682,test,random,Random Forest
NC(=O)C(Cl)Cl,<ACYCLIC>,-0.2558000087738037,-0.21171221654281258,0.04408779223099113,0.04408779223099113,test,random,Random Forest
NC(=O)C1(N2C(=O)c3cccc(Cl)c3C2=O)CCCCC1,O=C1c2ccccc2C(=O)N1C1CCCCC1,-4.009699821472168,-3.4478502163514757,0.5618496051206923,0.5618496051206923,test,random,Random Forest
NC(=O)C1CCCC(C(N)=O)N1,C1CCNCC1,0.28929999470710754,-0.6190137272637439,-0.9083137219708515,0.9083137219708515,test,random,Random Forest
NC(=O)C[C@H](NC(=O)CCl)C(=O)O,<ACYCLIC>,-0.31929999589920044,-0.638802845098306,-0.31950284919910554,0.31950284919910554,test,random,Random Forest
NC(=O)Cc1ccc(-c2ccccc2)cc1,c1ccc(-c2ccccc2)cc1,-3.3299999237060547,-2.3740818295888815,0.9559180941171732,0.9559180941171732,test,random,Random Forest
NC(=O)NN=CCOC1CCCCC1,C1CCCCC1,-1.7400000095367432,-1.4367551505492937,0.30324485898744946,0.30324485898744946,test,random,Random Forest
NC(=O)NN=C[C@@H](O)[C@@H](O)[C@H](O)[C@H](O)CO,<ACYCLIC>,-0.5299999713897705,-0.2366651027076878,0.2933348686820827,0.2933348686820827,test,random,Random Forest
NC(=O)NN=C[C@H](O)[C@@H](O)[C@H](O)[C@H](O)CO,<ACYCLIC>,-1.00409996509552,-0.2366651027076878,0.7674348623878322,0.7674348623878322,test,random,Random Forest
NC(=O)c1cc(Cl)cc(Cl)c1N,c1ccccc1,-2.081399917602539,-2.3457210644027335,-0.2643211468001945,0.2643211468001945,test,random,Random Forest
NC(=O)c1cccc(S(N)(=O)=O)c1,c1ccccc1,-2.155400037765503,-1.5156317173493519,0.6397683204161511,0.6397683204161511,test,random,Random Forest
NC(=O)c1ncn([C@@H]2O[C@H](CO)[C@@H](O)[C@H]2O)n1,c1ncn(C2CCCO2)n1,-0.23549999296665192,-0.9358272490263669,-0.700327256059715,0.700327256059715,test,random,Random Forest
NC(=S)Nc1cccc2ccccc12,c1ccc2ccccc2c1,-2.5278000831604004,-2.4578470923179645,0.06995299084243589,0.06995299084243589,test,random,Random Forest
NC(C(=O)NCC(=O)O)c1ccccc1,c1ccccc1,-1.409999966621399,-1.154015927495721,0.255984039125678,0.255984039125678,test,random,Random Forest
NC(CCCCNC(=O)OCC1c2ccccc2-c2ccccc21)C(=O)O,c1ccc2c(c1)Cc1ccccc1-2,-3.0,-3.1389079576452232,-0.13890795764522323,0.13890795764522323,test,random,Random Forest
NC(CSCC(N)C(=O)O)C(=O)O,<ACYCLIC>,-2.559999942779541,-1.2389668732866863,1.3210330694928547,1.3210330694928547,test,random,Random Forest
NC(Cc1c[nH]c2ccc(O)cc12)C(=O)O,c1ccc2[nH]ccc2c1,-1.343000054359436,-1.6764368823084996,-0.3334368279490636,0.3334368279490636,test,random,Random Forest
NC(N)=NCCCCCCCCNCCCCCCCCN=C(N)N,<ACYCLIC>,0.33219999074935913,-2.1379277113940676,-2.4701277021434267,2.4701277021434267,test,random,Random Forest
NC(N)=O,<ACYCLIC>,0.957840085029602,0.38492340906612854,-0.5729166759634735,0.5729166759634735,test,random,Random Forest
NC1CONC1=O,O=C1CCON1,-0.009999999776482582,-0.23224187379003478,-0.2222418740135522,0.2222418740135522,test,random,Random Forest
NCCC(=O)O,<ACYCLIC>,0.7865480184555054,0.5820621732692767,-0.2044858451862287,0.2044858451862287,test,random,Random Forest
NCCC(O)C(=O)NC1CC(N)C(OC2OC(CN)C(O)C(O)C2O)C(O)C1OC1OC(CO)C(O)C(N)C1O,C1CCC(OC2CCCC(OC3CCCCO3)C2)OC1,-0.5,-0.5556807067233246,-0.05568070672332459,0.05568070672332459,test,random,Random Forest
NCCCNc1ccccc1,c1ccccc1,-1.6542999744415283,-1.3981479604056395,0.25615201403588883,0.25615201403588883,test,random,Random Forest
NCCc1ccccc1,c1ccccc1,-0.28238117694854736,-0.909901800682523,-0.6275206237339757,0.6275206237339757,test,random,Random Forest
NCc1ccco1,c1ccoc1,1.0127047300338745,-0.12227881601686083,-1.1349835460507354,1.1349835460507354,test,random,Random Forest
NNC(=O)NN,<ACYCLIC>,0.4145585596561432,0.11831003755996275,-0.29624852209618047,0.29624852209618047,test,random,Random Forest
NNC(=O)c1ccc(C(=O)NN)cc1,c1ccccc1,-2.2899999618530273,-1.1941789597887926,1.0958210020642347,1.0958210020642347,test,random,Random Forest
NS(=O)(=O)c1cc(C(=O)O)c(NCc2ccco2)cc1Cl,c1ccc(NCc2ccco2)cc1,-3.8299999237060547,-2.8437419756975393,0.9862579480085154,0.9862579480085154,test,random,Random Forest
NS(=O)(=O)c1cc2c(cc1C(F)(F)F)NC(Cc1ccccc1)NS2(=O)=O,O=S1(=O)NC(Cc2ccccc2)Nc2ccccc21,-3.5913000106811523,-2.8453945102312717,0.7459055004498807,0.7459055004498807,test,random,Random Forest
NS(=O)(=O)c1cc2c(cc1Cl)CN(C1CCCCC1)C2=O,O=C1c2ccccc2CN1C1CCCCC1,-4.31279993057251,-3.7351047754288604,0.5776951551436493,0.5776951551436493,test,random,Random Forest
NS(=O)(=O)c1cc2c(cc1Cl)NCNS2(=O)=O,O=S1(=O)NCNc2ccccc21,-2.630000114440918,-2.980398194820101,-0.3503980803791831,0.3503980803791831,test,random,Random Forest
NS(=O)(=O)c1cc2c(s1)C(O)CCS2(=O)=O,O=S1(=O)CCCc2sccc21,-1.2799999713897705,-1.899917575588065,-0.6199176041982946,0.6199176041982946,test,random,Random Forest
NS(=O)(=O)c1cc2c(s1)CC(O)CS2(=O)=O,O=S1(=O)CCCc2sccc21,-1.590000033378601,-1.8605240431070103,-0.2705240097284092,0.2705240097284092,test,random,Random Forest
NS(=O)(=O)c1ccc(SCCCCO)cc1,c1ccccc1,-2.5141000747680664,-2.4136720900194994,0.10042798474856696,0.10042798474856696,test,random,Random Forest
NS(=O)(=O)c1cccc(S(N)(=O)=O)c1,c1ccccc1,-2.169300079345703,-2.171850341667278,-0.0025502623215749587,0.0025502623215749587,test,random,Random Forest
NS(=O)(=O)c1ccccc1,c1ccccc1,-1.562999963760376,-1.425014345821409,0.1379856179389669,0.1379856179389669,test,random,Random Forest
N[C@@H](COP(=O)(O)O)C(=O)O,<ACYCLIC>,-0.814940869808197,-0.4431364980908007,0.37180437171739633,0.37180437171739633,test,random,Random Forest
Nc1c(Cl)cc(Cl)cc1Cl,c1ccccc1,-3.691200017929077,-3.024427573114791,0.6667724448142862,0.6667724448142862,test,random,Random Forest
Nc1c(S(=O)(=O)O)cc(Br)c2c1C(=O)c1ccccc1C2=O,O=C1c2ccccc2C(=O)c2ccccc21,-1.3055373430252075,-1.6500642991693955,-0.34452695614418793,0.34452695614418793,test,random,Random Forest
Nc1c(S(=O)(=O)O)cc(Nc2ccccc2)c2c1C(=O)c1ccccc1C2=O,O=C1c2ccccc2C(=O)c2c(Nc3ccccc3)cccc21,-2.173896074295044,-2.363282372449658,-0.18938629815461416,0.18938629815461416,test,random,Random Forest
Nc1c2ccccc2nc2ccc(Cl)cc12,c1ccc2nc3ccccc3cc2c1,-2.4200000762939453,-2.860678881128653,-0.4406788048347079,0.4406788048347079,test,random,Random Forest
Nc1cc(Cl)ccc1Cl,c1ccccc1,-2.075000286102295,-2.3080243400724796,-0.23302405397018466,0.23302405397018466,test,random,Random Forest
Nc1cc(S(=O)(=O)O)ccc1C(=O)O,c1ccccc1,-1.3156745433807373,-1.1338129509431567,0.1818615924375806,0.1818615924375806,test,random,Random Forest
Nc1ccc(-c2ccc(Cl)cc2)cc1,c1ccc(-c2ccccc2)cc1,-4.638299942016602,-3.811423730319454,0.8268762116971478,0.8268762116971478,test,random,Random Forest
Nc1ccc(-c2ccc(N)cc2)cc1,c1ccc(-c2ccccc2)cc1,-2.700000047683716,-2.5000105671197494,0.19998948056396637,0.19998948056396637,test,random,Random Forest
Nc1ccc(CCc2ccc(N)cc2)cc1,c1ccc(CCc2ccccc2)cc1,-3.645700693130493,-2.569305738511067,1.0763949546194262,1.0763949546194262,test,random,Random Forest
Nc1ccc(N/N=C2\C=Cc3c(cccc3S(=O)(=O)O)C2=O)cc1,O=C1C(=NNc2ccccc2)C=Cc2ccccc21,-1.2915600538253784,-1.9741246272847446,-0.6825645734593662,0.6825645734593662,test,random,Random Forest
Nc1ccc(N=Nc2ccc(S(=O)(=O)Nc3ccc(N=Nc4c(S(=O)(=O)O)cc5cc(S(=O)(=O)O)c(N=Nc6ccccc6)c(O)c5c4N)cc3)cc2)c(N)c1,O=S(=O)(Nc1ccc(N=Nc2ccc3ccc(N=Nc4ccccc4)cc3c2)cc1)c1ccc(N=Nc2ccccc2)cc1,-0.6029812097549438,-1.4069039777803316,-0.8039227680253878,0.8039227680253878,test,random,Random Forest
Nc1ccc(N=Nc2cccc(N=Nc3ccc(N)cc3N)c2)c(N)c1,c1ccc(N=Nc2cccc(N=Nc3ccccc3)c2)cc1,-4.197152614593506,-5.586878916476772,-1.3897263018832664,1.3897263018832664,test,random,Random Forest
Nc1ccc(NCCO)c([N+](=O)[O-])c1,c1ccccc1,-2.1910898685455322,-1.6907304360000863,0.5003594325454459,0.5003594325454459,test,random,Random Forest
Nc1ccc(O)cc1[N+](=O)[O-],c1ccccc1,-1.833764672279358,-1.8774798398406063,-0.04371516756124838,0.04371516756124838,test,random,Random Forest
Nc1ccc(S(=O)(=O)NC(CO)(CO)CO)cc1,c1ccccc1,-1.399999976158142,-1.7008428256865298,-0.3008428495283877,0.3008428495283877,test,random,Random Forest
Nc1ccc(S(=O)(=O)Nc2ccc([N+](=O)[O-])cc2Br)cc1,O=S(=O)(Nc1ccccc1)c1ccccc1,-4.78000020980835,-4.095857215954588,0.6841429938537615,0.6841429938537615,test,random,Random Forest
Nc1ccc(S(=O)(=O)Nc2cnc3ccccc3n2)cc1,O=S(=O)(Nc1cnc2ccccc2n1)c1ccccc1,-4.60260009765625,-3.361804340600494,1.2407957570557562,1.2407957570557562,test,random,Random Forest
Nc1ccc(S(=O)(=O)Nc2nnc(S(N)(=O)=O)s2)cc1,O=S(=O)(Nc1nncs1)c1ccccc1,-1.5,-1.9669857484852233,-0.46698574848522334,0.46698574848522334,test,random,Random Forest
Nc1ccc(S(=O)(=O)O)c2ccccc12,c1ccc2ccccc2c1,-2.9100000858306885,-2.1806521668180774,0.7293479190126111,0.7293479190126111,test,random,Random Forest
Nc1ccc([N+](=O)[O-])c(N)c1,c1ccccc1,-2.185091495513916,-2.0243073131891856,0.16078418232473046,0.16078418232473046,test,random,Random Forest
Nc1ccc2c(O)cc(S(=O)(=O)O)cc2c1,c1ccc2ccccc2c1,-2.6798856258392334,-2.267430667631116,0.4124549582081176,0.4124549582081176,test,random,Random Forest
Nc1cccc2cc(S(=O)(=O)O)ccc12,c1ccc2ccccc2c1,-2.240000009536743,-2.070682823108874,0.16931718642786908,0.16931718642786908,test,random,Random Forest
Nc1cccc2ccccc12,c1ccc2ccccc2c1,-1.9255000352859497,-2.4265710864931207,-0.501071051207171,0.501071051207171,test,random,Random Forest
Nc1cccnc1N,c1ccncc1,-1.75,-0.27170125168719855,1.4782987483128014,1.4782987483128014,test,random,Random Forest
Nc1ccn(C2OC(COP(=O)(O)O)C(O)C2O)c(=O)n1,O=c1ncccn1C1CCCO1,-1.1987754106521606,-1.3909312424049531,-0.1921558317527925,0.1921558317527925,test,random,Random Forest
Nc1cnc2cncnc2n1,c1cnc2ncncc2n1,-2.309999942779541,-1.958269664026246,0.351730278753295,0.351730278753295,test,random,Random Forest
Nc1cnn(-c2ccccc2)c(=O)c1Cl,O=c1cccnn1-c1ccccc1,-2.7435998916625977,-2.4753444343199895,0.26825545734260814,0.26825545734260814,test,random,Random Forest
Nc1nc(=O)c(O[C@@H]2O[C@H](CO)[C@@H](O)[C@H](O)[C@H]2O)c(N)[nH]1,O=c1nc[nH]cc1OC1CCCCO1,-1.483199954032898,-0.7740580757206029,0.709141878312295,0.709141878312295,test,random,Random Forest
Nc1nc(=O)c2nccnc2[nH]1,O=c1nc[nH]c2nccnc12,-3.9700000286102295,-2.964975452254944,1.0050245763552854,1.0050245763552854,test,random,Random Forest
Nc1ncnc2nccnc12,c1cnc2ncncc2n1,-2.309999942779541,-1.9601737392627536,0.3498262035167874,0.3498262035167874,test,random,Random Forest
O/N=C1\C=CCCC1,N=C1C=CCCC1,-0.96670001745224,-0.7856967219228851,0.1810032955293549,0.1810032955293549,test,random,Random Forest
O=C(C(=O)c1ccccc1)c1ccccc1,O=C(C(=O)c1ccccc1)c1ccccc1,-2.799999952316284,-3.286203029761641,-0.48620307744535696,0.48620307744535696,test,random,Random Forest
O=C(C(F)(F)C(F)(F)F)C(F)(C(F)(F)F)C(F)(F)F,<ACYCLIC>,-1.4997434616088867,-4.287929352022405,-2.7881858904135184,2.7881858904135184,test,random,Random Forest
O=C(C1CCCCC1)N1CC(=O)N2CCc3ccccc3C2C1,O=C(C1CCCCC1)N1CC(=O)N2CCc3ccccc3C2C1,-2.892699956893921,-3.193542682863515,-0.30084272596959405,0.30084272596959405,test,random,Random Forest
O=C(CCCN1CCC(O)(c2ccccc2)CC1)c1ccc(F)cc1,O=C(CCCN1CCC(c2ccccc2)CC1)c1ccccc1,-4.118299961090088,-3.010073481158132,1.108226479931956,1.108226479931956,test,random,Random Forest
O=C(CS)Nc1ccc2ccccc2c1,c1ccc2ccccc2c1,-3.3399999141693115,-2.9280420452142675,0.41195786895504405,0.41195786895504405,test,random,Random Forest
O=C(CS)OCC(O)CO,<ACYCLIC>,0.7793741822242737,-0.02631076652098298,-0.8056849487452566,0.8056849487452566,test,random,Random Forest
O=C(Cl)Cl,<ACYCLIC>,-1.1608458757400513,-0.71727628610558,0.44356958963447124,0.44356958963447124,test,random,Random Forest
O=C(Cl)c1ccc(C(=O)Cl)cc1,c1ccccc1,-4.028793811798096,-2.943740992204036,1.0850528195940599,1.0850528195940599,test,random,Random Forest
O=C(N=NNc1cc(Cl)c(-c2ccc(-c3cc(Cl)c(NN=NC(=O)c4cc5ccccc5cc4O)cc3Cl)cc2)cc1Cl)c1cc2ccccc2cc1O,O=C(N=NNc1ccc(-c2ccc(-c3ccc(NN=NC(=O)c4ccc5ccccc5c4)cc3)cc2)cc1)c1ccc2ccccc2c1,-8.087170600891113,-7.388142281112849,0.6990283197782645,0.6990283197782645,test,random,Random Forest
O=C(NC(=O)c1c(F)cccc1F)Nc1ccc(Oc2ccc(C(F)(F)F)cc2Cl)cc1F,O=C(NC(=O)c1ccccc1)Nc1ccc(Oc2ccccc2)cc1,-8.09000015258789,-7.200028388324237,0.8899717642636533,0.8899717642636533,test,random,Random Forest
O=C(NC(=O)c1ccccc1)c1ccccc1,O=C(NC(=O)c1ccccc1)c1ccccc1,-2.2730000019073486,-2.6753918825229497,-0.40239188061560105,0.40239188061560105,test,random,Random Forest
O=C(NCO)c1ccccc1,c1ccccc1,-0.5199999809265137,-1.0685551952103172,-0.5485552142838035,0.5485552142838035,test,random,Random Forest
O=C(Nc1ccc(NC(=O)C2=Cc3ccccc3/C(=N\Nc3cc(Cl)ccc3Cl)C2=O)c(Cl)c1)C1=Cc2ccccc2/C(=N\Nc2cc(Cl)ccc2Cl)C1=O,O=C(Nc1ccc(NC(=O)C2=Cc3ccccc3C(=NNc3ccccc3)C2=O)cc1)C1=Cc2ccccc2C(=NNc2ccccc2)C1=O,-7.869298458099365,-7.865665784029106,0.003632674070258801,0.003632674070258801,test,random,Random Forest
O=C(Nc1cccc2c(=O)c3c(ccc4c5cc(NC(=O)c6ccccc6)c6c(=O)c7ccccc7c(=O)c6c5[nH]c43)c(=O)c12)c1ccccc1,O=C(Nc1cccc2c(=O)c3c(ccc4c5cc(NC(=O)c6ccccc6)c6c(=O)c7ccccc7c(=O)c6c5[nH]c43)c(=O)c12)c1ccccc1,-5.647161960601807,-5.740860783102022,-0.09369882250021533,0.09369882250021533,test,random,Random Forest
O=C(Nc1ccccc1)N(Cc1ccc(Cl)cc1)C1CCCC1,O=C(Nc1ccccc1)N(Cc1ccccc1)C1CCCC1,-5.914999961853027,-5.510729761139655,0.4042702007133725,0.4042702007133725,test,random,Random Forest
O=C(Nc1ccccc1)Nc1ccccc1,O=C(Nc1ccccc1)Nc1ccccc1,-3.1507999897003174,-3.4440552281175965,-0.2932552384172791,0.2932552384172791,test,random,Random Forest
O=C(O)/C=C/C(=O)O,<ACYCLIC>,-1.2196294069290161,-0.8476182611021424,0.37201114582687367,0.37201114582687367,test,random,Random Forest
O=C(O)/C=C\C=C/C(=O)O,<ACYCLIC>,-2.851599931716919,-1.284318215731504,1.5672817159854149,1.5672817159854149,test,random,Random Forest
O=C(O)C(c1ccccc1)c1ccccc1,c1ccc(Cc2ccccc2)cc1,-3.2230398654937744,-2.901268214275911,0.3217716512178632,0.3217716512178632,test,random,Random Forest
O=C(O)C=CCCC(=O)O,<ACYCLIC>,-1.2044999599456787,-0.6350974733241478,0.5694024866215309,0.5694024866215309,test,random,Random Forest
O=C(O)CC(C(=O)O)(c1ccccc1)c1ccccc1,c1ccc(Cc2ccccc2)cc1,-2.43179988861084,-2.7485991900793487,-0.3167993014685089,0.3167993014685089,test,random,Random Forest
O=C(O)CC1NC(=O)NC1=O,O=C1CNC(=O)N1,-1.1517000198364258,-0.9954853016146554,0.15621471822177035,0.15621471822177035,test,random,Random Forest
O=C(O)CCC(=O)c1ccc(-c2ccccc2)cc1,c1ccc(-c2ccccc2)cc1,-5.0609002113342285,-3.419387353616732,1.6415128577174967,1.6415128577174967,test,random,Random Forest
O=C(O)CCCCCC(=O)O,<ACYCLIC>,-0.5055999755859375,-0.677420002716183,-0.17182002713024547,0.17182002713024547,test,random,Random Forest
O=C(O)CCCCCCCCCCCC(=O)O,<ACYCLIC>,-3.7899999618530273,-3.06138917256433,0.7286107892886973,0.7286107892886973,test,random,Random Forest
O=C(O)CCCNC(=O)c1ccccc1,c1ccccc1,-1.2024999856948853,-1.486409211184857,-0.2839092254899718,0.2839092254899718,test,random,Random Forest
O=C(O)CCn1ccccc1=O,O=c1cccc[nH]1,-0.6000000238418579,-1.1943373933589958,-0.5943373695171379,0.5943373695171379,test,random,Random Forest
O=C(O)CN(CP(=O)(O)O)CP(=O)(O)O,<ACYCLIC>,-0.025599999353289604,-0.14967792303123262,-0.12407792367794301,0.12407792367794301,test,random,Random Forest
O=C(O)CNc1c([N+](=O)[O-])cc([N+](=O)[O-])cc1[N+](=O)[O-],c1ccccc1,-2.392199993133545,-2.2268523545510193,0.16534763858252566,0.16534763858252566,test,random,Random Forest
O=C(O)CONC(=O)c1ccccc1,c1ccccc1,-0.949999988079071,-1.5599598094369087,-0.6099598213578377,0.6099598213578377,test,random,Random Forest
O=C(O)COc1cc(Cl)ccc1Cl,c1ccccc1,-2.619999885559082,-2.622582311784052,-0.002582426224969847,0.002582426224969847,test,random,Random Forest
O=C(O)CSCC(=O)O,<ACYCLIC>,0.4255000054836273,0.06448168485498346,-0.36101832062864386,0.36101832062864386,test,random,Random Forest
O=C(O)CSc1nc2ccccc2s1,c1ccc2scnc2c1,-3.228898048400879,-3.1149924411419323,0.1139056072589466,0.1139056072589466,test,random,Random Forest
O=C(O)Cc1cc(O)ccc1O,c1ccccc1,0.7037000060081482,-1.2422908157083428,-1.945990821716491,1.945990821716491,test,random,Random Forest
O=C(O)Cc1ccccc1C(=O)O,c1ccccc1,-1.0514999628067017,-1.7656958652432642,-0.7141959024365625,0.7141959024365625,test,random,Random Forest
O=C(O)Cc1sc(-c2ccccc2)nc1-c1ccc(Cl)cc1,c1ccc(-c2csc(-c3ccccc3)n2)cc1,-4.964399814605713,-4.930420128291146,0.03397968631456649,0.03397968631456649,test,random,Random Forest
O=C(O)[C@H](O)[C@H](O)[C@H](O)[C@@H](O)C(=O)O,<ACYCLIC>,0.19990000128746033,-0.10542940846707641,-0.3053294097545367,0.3053294097545367,test,random,Random Forest
O=C(O)c1c(Br)c(O)c(O)c(O)c1Br,c1ccccc1,-0.4187999963760376,-2.6199000162250874,-2.20110001984905,2.20110001984905,test,random,Random Forest
O=C(O)c1c(Cl)ccc2cc(Cl)cnc12,c1ccc2ncccc2c1,-3.569999933242798,-3.149111757198262,0.420888176044536,0.420888176044536,test,random,Random Forest
O=C(O)c1c(O)cccc1O,c1ccccc1,-1.2073999643325806,-1.6824245110465388,-0.4750245467139582,0.4750245467139582,test,random,Random Forest
O=C(O)c1cc(Br)ccc1O,c1ccccc1,-2.6500000953674316,-2.532095835068308,0.11790426029912382,0.11790426029912382,test,random,Random Forest
O=C(O)c1cc(Cl)ccc1O,c1ccccc1,-1.2369999885559082,-2.277253829658337,-1.040253841102429,1.040253841102429,test,random,Random Forest
O=C(O)c1cc(Cl)ccc1[N+](=O)[O-],c1ccccc1,-1.319000005722046,-2.567279232568682,-1.2482792268466363,1.2482792268466363,test,random,Random Forest
O=C(O)c1cc(N=Nc2ccc(S(=O)(=O)Nc3ccccn3)cc2)ccc1O,O=S(=O)(Nc1ccccn1)c1ccc(N=Nc2ccccc2)cc1,-6.139999866485596,-5.67940660860488,0.46059325788071614,0.46059325788071614,test,random,Random Forest
O=C(O)c1ccc(F)cc1,c1ccccc1,-2.0673000812530518,-1.8502900334173848,0.2170100478356669,0.2170100478356669,test,random,Random Forest
O=C(O)c1ccc(I)cc1,c1ccccc1,-3.963099956512451,-2.8774979493142676,1.0856020071981836,1.0856020071981836,test,random,Random Forest
O=C(O)c1ccc(N=Nc2ccc(O)cc2)cc1Cl,c1ccc(N=Nc2ccccc2)cc1,-2.619999885559082,-3.980508705356242,-1.3605088197971598,1.3605088197971598,test,random,Random Forest
O=C(O)c1ccc(O)cc1O,c1ccccc1,-1.409999966621399,-1.6920975813245664,-0.2820976147031675,0.2820976147031675,test,random,Random Forest
O=C(O)c1ccc([N+](=O)[O-])cc1[N+](=O)[O-],c1ccccc1,-1.066499948501587,-2.1846530620218427,-1.1181531135202558,1.1181531135202558,test,random,Random Forest
O=C(O)c1cccc(C(=O)O)c1,c1ccccc1,-3.220400094985962,-2.239578330894989,0.9808217640909729,0.9808217640909729,test,random,Random Forest
O=C(O)c1cccc(Cl)c1[N+](=O)[O-],c1ccccc1,-2.631150007247925,-2.478620723593441,0.15252928365448382,0.15252928365448382,test,random,Random Forest
O=C(O)c1cccc([N+](=O)[O-])c1,c1ccccc1,-1.745907187461853,-2.124161652634621,-0.37825446517276795,0.37825446517276795,test,random,Random Forest
O=C(O)c1cccc([N+](=O)[O-])c1C(=O)O,c1ccccc1,-1.021399974822998,-1.8019419558335854,-0.7805419810105874,0.7805419810105874,test,random,Random Forest
O=C(O)c1ccccc1-c1c2cc(I)c(=O)c(I)c-2oc2c(I)c(O)c(I)cc12,O=c1ccc2c(-c3ccccc3)c3ccccc3oc-2c1,-1.0993150472640991,-5.374840876303022,-4.275525829038923,4.275525829038923,test,random,Random Forest
O=C(O)c1ccccc1C(=O)Nc1ccccc1,O=C(Nc1ccccc1)c1ccccc1,-4.081399917602539,-3.0144368498751093,1.0669630677274298,1.0669630677274298,test,random,Random Forest
O=C(O)c1ccccc1C(=O)c1ccc(Cl)cc1,O=C(c1ccccc1)c1ccccc1,-2.717099905014038,-3.518388229717256,-0.8012883247032181,0.8012883247032181,test,random,Random Forest
O=C(O)c1ccccc1C1OC(=O)c2ccccc21,O=C1OC(c2ccccc2)c2ccccc21,-3.1041998863220215,-3.403004316002131,-0.29880442968010934,0.29880442968010934,test,random,Random Forest
O=C(O)c1ccccc1Nc1cccc(O)c1,c1ccc(Nc2ccccc2)cc1,-3.5399999618530273,-3.853977715735084,-0.31397775388205673,0.31397775388205673,test,random,Random Forest
O=C(O)c1ccccc1[N+](=O)[O-],c1ccccc1,-1.350000023841858,-2.1134502951936645,-0.7634502713518065,0.7634502713518065,test,random,Random Forest
O=C(O)c1cccnc1C(=O)O,c1ccncc1,-1.4800000190734863,-1.9314762149314413,-0.45147619585795495,0.45147619585795495,test,random,Random Forest
O=C(O)c1cccnc1Nc1cccc(C(F)(F)F)c1,c1ccc(Nc2ccccn2)cc1,-4.171800136566162,-3.818841622046218,0.3529585145199441,0.3529585145199441,test,random,Random Forest
O=C(O)c1ccnc(C(=O)O)c1C(=O)O,c1ccncc1,-1.2450000047683716,-1.5986008626100654,-0.3536008578416938,0.3536008578416938,test,random,Random Forest
O=C(OCC(=O)N1CCCC1C(=O)O)c1ccccc1,O=C(OCC(=O)N1CCCC1)c1ccccc1,-1.590000033378601,-1.8848931159413362,-0.29489308256273516,0.29489308256273516,test,random,Random Forest
O=C(OCCCO)c1ccccc1,c1ccccc1,-1.2558000087738037,-1.5735987056056768,-0.3177986968318731,0.3177986968318731,test,random,Random Forest
O=C(OCN1C(=O)NC(c2ccccc2)(c2ccccc2)C1=O)C(CO)CO,O=C1NC(=O)C(c2ccccc2)(c2ccccc2)N1,-2.2100000381469727,-2.424162803512678,-0.21416276536570544,0.21416276536570544,test,random,Random Forest
O=C(OCc1ccccc1)c1sc(Cl)nc1C(F)(F)F,O=C(OCc1ccccc1)c1cncs1,-5.808499813079834,-4.723319691715146,1.0851801213646883,1.0851801213646883,test,random,Random Forest
O=C(OOC(=O)c1ccccc1)c1ccccc1,O=C(OOC(=O)c1ccccc1)c1ccccc1,-4.42519998550415,-3.6872483484825875,0.7379516370215629,0.7379516370215629,test,random,Random Forest
O=C(S)CCCCC(=O)S,<ACYCLIC>,-1.7325999736785889,-1.0705969126524315,0.6620030610261574,0.6620030610261574,test,random,Random Forest
O=C(c1ccc(F)cc1)c1ccc(F)cc1,O=C(c1ccccc1)c1ccccc1,-4.3966522216796875,-3.472692426203764,0.9239597954759233,0.9239597954759233,test,random,Random Forest
O=C(c1ccccc1)c1cccc(N=C=S)c1,O=C(c1ccccc1)c1ccccc1,-5.400000095367432,-4.556463344103445,0.8435367512639864,0.8435367512639864,test,random,Random Forest
O=C1/C(=N/Nc2ccc3c(S(=O)(=O)O)cccc3c2S(=O)(=O)O)C(S(=O)(=O)O)=Cc2cc(S(=O)(=O)O)cc(Nc3nc(Cl)nc(Nc4cccc(S(=O)(=O)CCOS(=O)(=O)O)c4)n3)c21,O=C1C(=NNc2ccc3ccccc3c2)C=Cc2cccc(Nc3ncnc(Nc4ccccc4)n3)c21,-0.41089773178100586,-0.818990769331915,-0.4080930375509091,0.4080930375509091,test,random,Random Forest
O=C1C(Cl)=C(Cl)C(=O)c2ccccc21,O=C1C=CC(=O)c2ccccc21,-5.023776531219482,-4.2501119431397605,0.7736645880797219,0.7736645880797219,test,random,Random Forest
O=C1C(O)=C(C2CCC(c3ccc(Cl)cc3)CC2)C(=O)c2ccccc21,O=C1C=C(C2CCC(c3ccccc3)CC2)C(=O)c2ccccc21,-5.931000232696533,-5.806992952423752,0.12400728027278163,0.12400728027278163,test,random,Random Forest
O=C1C2(Cl)C3(Cl)C4(Cl)C(Cl)(Cl)C5(Cl)C3(Cl)C1(Cl)C5(Cl)C24Cl,O=C1C2C3C4CC5C3C1C5C42,-5.259399890899658,-6.105502485166232,-0.8461025942665739,0.8461025942665739,test,random,Random Forest
O=C1C2CC=CCC2C(=O)N1SC(Cl)(Cl)C(Cl)Cl,O=C1NC(=O)C2CC=CCC12,-5.3968000411987305,-4.404319193493146,0.9924808477055844,0.9924808477055844,test,random,Random Forest
O=C1C=CC=C/C1=C/NNC(=O)c1ccncc1,O=C1C=CC=CC1=CNNC(=O)c1ccncc1,-3.683500051498413,-2.440168200705219,1.243331850793194,1.243331850793194,test,random,Random Forest
O=C1C=Cc2cc(S(=O)(=O)O)ccc2/C1=N\Nc1ccc(N=Nc2ccc(Nc3ccccc3)c(S(=O)(=O)O)c2)c2ccccc12,O=C1C=Cc2ccccc2C1=NNc1ccc(N=Nc2ccc(Nc3ccccc3)cc2)c2ccccc12,-1.0156300067901611,-2.1457724493380694,-1.1301424425479083,1.1301424425479083,test,random,Random Forest
O=C1CC(C(=O)O)Cc2ccccc21,O=C1CCCc2ccccc21,-2.103100061416626,-2.222760553141677,-0.119660491725051,0.119660491725051,test,random,Random Forest
O=C1CCCCCCCCCCC(=O)OCCO1,O=C1CCCCCCCCCCC(=O)OCCO1,-3.5337584018707275,-3.858854514501715,-0.3250961126309875,0.3250961126309875,test,random,Random Forest
O=C1CCCCCCCN1,O=C1CCCCCCCN1,0.6328999996185303,-1.1088609882205014,-1.7417609878390317,1.7417609878390317,test,random,Random Forest
O=C1CCCCCN1C(=O)Nc1ccc(Cc2ccc(NC(=O)N3CCCCCC3=O)cc2)cc1,O=C1CCCCCN1C(=O)Nc1ccc(Cc2ccc(NC(=O)N3CCCCCC3=O)cc2)cc1,-7.763261318206787,-5.395105227009921,2.368156091196866,2.368156091196866,test,random,Random Forest
O=C1CNC(=O)c2cc(Cl)ccc2N1,O=C1CNC(=O)c2ccccc2N1,-3.049999952316284,-2.622145552869968,0.427854399446316,0.427854399446316,test,random,Random Forest
O=C1COc2ccccc2N1,O=C1COc2ccccc2N1,-2.5715999603271484,-1.8430371230649394,0.728562837262209,0.728562837262209,test,random,Random Forest
O=C1Cc2cc(CCCl)c(Cl)cc2N1,O=C1Cc2ccccc2N1,-4.777574062347412,-3.054690712768091,1.722883349579321,1.722883349579321,test,random,Random Forest
O=C1NC(=O)C(c2ccc(O)cc2)N1,O=C1NC(=O)C(c2ccccc2)N1,-2.173105001449585,-1.7804844994623379,0.3926205019872471,0.3926205019872471,test,random,Random Forest
O=C1NC(=O)C2(CC2)C(=O)N1,O=C1NC(=O)C2(CC2)C(=O)N1,-1.8899999856948853,-1.6824973732789505,0.2075026124159347,0.2075026124159347,test,random,Random Forest
O=C1NCCN1CCO,O=C1NCCN1,0.877677321434021,0.31482897745037985,-0.5628483439836411,0.5628483439836411,test,random,Random Forest
O=C1OC(=O)c2ccccc21,O=C1OC(=O)c2ccccc21,-1.3644249439239502,-1.862648889686803,-0.4982239457628528,0.4982239457628528,test,random,Random Forest
O=C1c2c(O)ccc(O)c2C(=O)c2c(NCCNCCO)ccc(NCCNCCO)c21,O=C1c2ccccc2C(=O)c2ccccc21,-1.8387999534606934,-2.2070495854224075,-0.3682496319617141,0.3682496319617141,test,random,Random Forest
O=C1c2ccc(O)cc2C(=O)c2ccc(O)cc21,O=C1c2ccccc2C(=O)c2ccccc21,-5.889200210571289,-3.3232968414045243,2.5659033691667648,2.5659033691667648,test,random,Random Forest
O=C1c2cccc(O)c2C(=O)c2c(O)cccc21,O=C1c2ccccc2C(=O)c2ccccc21,-5.190000057220459,-3.9166244623780875,1.2733755948423715,1.2733755948423715,test,random,Random Forest
O=C1c2ccccc2/C(=N/O)C1[N+](=O)[O-],N=C1CC(=O)c2ccccc21,-2.680000066757202,-2.4079641868924853,0.2720358798647169,0.2720358798647169,test,random,Random Forest
O=C1c2ccccc2C(=O)c2c(NCCCOCCOCCO)ccc(NCCCOCCOCCO)c21,O=C1c2ccccc2C(=O)c2ccccc21,0.057188697159290314,-3.542035700455726,-3.5992243976150164,3.5992243976150164,test,random,Random Forest
O=C1c2ccccc2C(=O)c2c1ccc1[nH]c(-c3cc(Cl)c(-c4nc5c6c(ccc5[nH]4)C(=O)c4ccccc4C6=O)cc3Cl)nc21,O=C1c2ccccc2C(=O)c2c1ccc1[nH]c(-c3ccc(-c4nc5c6c(ccc5[nH]4)C(=O)c4ccccc4C6=O)cc3)nc21,-4.524775981903076,-6.871376840673387,-2.3466008587703104,2.3466008587703104,test,random,Random Forest
O=C1c2ccccc2C(=O)c2ccccc21,O=C1c2ccccc2C(=O)c2ccccc21,-6.039760589599609,-4.131155916329511,1.9086046732700988,1.9086046732700988,test,random,Random Forest
O=CNC(N1C=CN(C(NC=O)C(Cl)(Cl)Cl)C=C1)C(Cl)(Cl)Cl,C1=CNC=CN1,-4.190000057220459,-3.2589639026033628,0.9310361546170962,0.9310361546170962,test,random,Random Forest
O=Cc1cc(O)ccc1O,c1ccccc1,-1.0003999471664429,-1.191953173513613,-0.1915532263471702,0.1915532263471702,test,random,Random Forest
O=Cc1ccc(B(O)O)cc1,c1ccccc1,-2.2673847675323486,-1.2274335799084175,1.0399511876239311,1.0399511876239311,test,random,Random Forest
O=Cc1ccc(O)c(C(=O)O)c1,c1ccccc1,-2.6354000568389893,-2.016463151878901,0.6189369049600884,0.6189369049600884,test,random,Random Forest
O=Cc1ccc(O)c([N+](=O)[O-])c1,c1ccccc1,-2.951200008392334,-2.1484358863334263,0.8027641220589077,0.8027641220589077,test,random,Random Forest
O=Cc1cccc([N+](=O)[O-])c1,c1ccccc1,-1.9800000190734863,-1.9386226052977527,0.041377413775733674,0.041377413775733674,test,random,Random Forest
O=Cc1ccccc1C=O,c1ccccc1,-1.340000033378601,-1.6775661373535664,-0.33756610397496534,0.33756610397496534,test,random,Random Forest
O=Cc1ccccc1O[C@@H]1O[C@H](CO)[C@@H](O)[C@H](O)[C@H]1O,c1ccc(OC2CCCCO2)cc1,-1.1985000371932983,-1.2673558935336178,-0.06885585634031943,0.06885585634031943,test,random,Random Forest
O=P(OC(Cl)CCCl)(OC(Cl)CCCl)OC(Cl)CCCl,<ACYCLIC>,-3.634399890899658,-5.216790202147152,-1.5823903112474937,1.5823903112474937,test,random,Random Forest
O=P12OB(O1)O2,O=P12OB(O1)O2,-2.8690757751464844,0.042033617879284974,2.9111093930257694,2.9111093930257694,test,random,Random Forest
O=S(=O)(F)C(F)(F)C(F)(F)C(F)(F)C(F)(F)F,<ACYCLIC>,-6.042384147644043,-3.3135738871684546,2.7288102604755884,2.7288102604755884,test,random,Random Forest
O=S(=O)(Nc1cccc(Cl)c1Cl)c1ccccc1,O=S(=O)(Nc1ccccc1)c1ccccc1,-4.730000019073486,-4.3330269974618405,0.3969730216116458,0.3969730216116458,test,random,Random Forest
O=S(=O)(Nc1cccnc1Cl)c1ccccc1,O=S(=O)(Nc1cccnc1)c1ccccc1,-3.759999990463257,-3.4767419019255112,0.2832580885377456,0.2832580885377456,test,random,Random Forest
O=S(=O)(O)C(F)(F)C(F)(F)C(F)(F)C(F)(F)C(F)(F)C(F)(F)C(F)(F)C(F)(F)F,<ACYCLIC>,-0.07218089699745178,-3.685181621123745,-3.613000724126293,3.613000724126293,test,random,Random Forest
O=S(=O)(O)C[C@@H](O)CNc1ccccc1,c1ccccc1,0.11878448724746704,-1.2575208966937401,-1.3763053839412072,1.3763053839412072,test,random,Random Forest
O=S1(=O)NCc2ccccc21,O=S1(=O)NCc2ccccc21,-1.520799994468689,-1.5282373749342368,-0.0074373804655478715,0.0074373804655478715,test,random,Random Forest
O=[N+](O)OCCCCCCCO[N+](=O)O,<ACYCLIC>,-3.4000000953674316,-2.849806291525919,0.5501938038415126,0.5501938038415126,test,random,Random Forest
O=[N+]([O-])C(Br)(CO)CO,<ACYCLIC>,0.12713085114955902,-1.0261506302642471,-1.1532814814138062,1.1532814814138062,test,random,Random Forest
O=[N+]([O-])C(CO)(CO)CO,<ACYCLIC>,0.8209999799728394,-0.21134067764749656,-1.032340657620336,1.032340657620336,test,random,Random Forest
O=[N+]([O-])OCC(O)CO[N+](=O)[O-],<ACYCLIC>,-0.3659999966621399,-1.1703128052450242,-0.8043128085828843,0.8043128085828843,test,random,Random Forest
O=[N+]([O-])c1c(Cl)cc(Cl)cc1Cl,c1ccccc1,-4.559100151062012,-3.990944727101339,0.5681554239606728,0.5681554239606728,test,random,Random Forest
O=[N+]([O-])c1cc(Cl)ccc1O,c1ccccc1,-3.0901999473571777,-2.5557639552074534,0.5344359921497244,0.5344359921497244,test,random,Random Forest
O=[N+]([O-])c1cc([N+](=O)[O-])c2ccc(S(=O)(=O)O)cc2c1O,c1ccc2ccccc2c1,-2.5399999618530273,-1.2863866367343648,1.2536133251186625,1.2536133251186625,test,random,Random Forest
O=[N+]([O-])c1cc2c(cc1CO)OCO2,c1ccc2c(c1)OCO2,-3.059999942779541,-1.6551979166700077,1.4048020261095333,1.4048020261095333,test,random,Random Forest
O=[N+]([O-])c1ccc(-c2nc3ccccc3[nH]2)o1,c1coc(-c2nc3ccccc3[nH]2)c1,-3.890000104904175,-3.8179696601601307,0.07203044474404408,0.07203044474404408,test,random,Random Forest
O=[N+]([O-])c1ccc(Nc2ccc(N=Nc3cc(N=Nc4cc(S(=O)(=O)O)cc5cc(S(=O)(=O)O)c(N=Nc6ccc(Nc7ccc([N+](=O)[O-])cc7S(=O)(=O)O)cc6)c(O)c45)c(O)cc3O)cc2)c(S(=O)(=O)O)c1,c1ccc(Nc2ccc(N=Nc3cccc(N=Nc4cccc5ccc(N=Nc6ccc(Nc7ccccc7)cc6)cc45)c3)cc2)cc1,-0.7667514681816101,-1.4684538312224402,-0.7017023630408301,0.7017023630408301,test,random,Random Forest
O=[N+]([O-])c1cccc(CO)c1,c1ccccc1,-2.4142000675201416,-1.4271656198958282,0.9870344476243134,0.9870344476243134,test,random,Random Forest
O=[p+]1oc2ccccc2c2ccccc21,O=[p+]1oc2ccccc2c2ccccc21,-1.7796231508255005,-5.119188247710151,-3.339565096884651,3.339565096884651,test,random,Random Forest
O=c1[nH]c(CN2CCCC2)c(Br)c(=O)[nH]1,O=c1cc(CN2CCCC2)[nH]c(=O)[nH]1,-1.7799999713897705,-2.1193597982727743,-0.3393598268830038,0.3393598268830038,test,random,Random Forest
O=c1[nH]c2c(c(=O)n1C1CCCCC1)CCC2,O=c1[nH]c2c(c(=O)n1C1CCCCC1)CCC2,-4.591599941253662,-2.4441165538489353,2.1474833874047268,2.1474833874047268,test,random,Random Forest
O=c1[nH]c2ccccc2[nH]c1=O,O=c1[nH]c2ccccc2[nH]c1=O,-2.812000036239624,-2.323285376277716,0.4887146599619081,0.4887146599619081,test,random,Random Forest
O=c1[nH]cncc1Br,O=c1ccnc[nH]1,-0.4471000134944916,-1.8056009332659186,-1.358500919771427,1.358500919771427,test,random,Random Forest
O=c1c2ccccc2nc2n1CCC2O,O=c1c2ccccc2nc2n1CCC2,-2.0999999046325684,-1.9199092297962508,0.18009067483631758,0.18009067483631758,test,random,Random Forest
O=c1cc[nH]cc1,O=c1cc[nH]cc1,1.0218000411987305,0.3514523856600562,-0.6703476555386743,0.6703476555386743,test,random,Random Forest
O=c1cccc2n1CC1CNCC2C1,O=c1cccc2n1CC1CNCC2C1,0.36000001430511475,-0.8636546435763557,-1.2236546578814704,1.2236546578814704,test,random,Random Forest
O=c1n(CC2CO2)c(=O)n(CC2CO2)c(=O)n1CC1CO1,O=c1n(CC2CO2)c(=O)n(CC2CO2)c(=O)n1CC1CO1,-1.4954230785369873,-2.3081100079695687,-0.8126869294325814,0.8126869294325814,test,random,Random Forest
O=c1nc(-c2ccccc2)[nH]c(-c2ccccc2)n1,O=c1nc(-c2ccccc2)[nH]c(-c2ccccc2)n1,-5.493585109710693,-3.4773654306683883,2.016219679042305,2.016219679042305,test,random,Random Forest
O=c1ncc2[nH]cnc2[nH]1,O=c1ncc2[nH]cnc2[nH]1,-1.7136000394821167,-2.0695355978197765,-0.3559355583376598,0.3559355583376598,test,random,Random Forest
O=c1oc(=O)c2cc3c(=O)oc(=O)c3cc12,O=c1oc(=O)c2cc3c(=O)oc(=O)c3cc12,-1.4062217473983765,-2.2779083524962545,-0.871686605097878,0.871686605097878,test,random,Random Forest
OC(=S)COc1ccc(Cl)cc1Cl,c1ccccc1,-2.690000057220459,-3.286226179614758,-0.5962261223942988,0.5962261223942988,test,random,Random Forest
OC(CCN1CCCCC1)(c1ccccc1)C1CCCCC1,c1ccc(C(CCN2CCCCC2)C2CCCCC2)cc1,-5.199999809265137,-4.161338031526517,1.0386617777386196,1.0386617777386196,test,random,Random Forest
OC1CCCCCCCCCCC1,C1CCCCCCCCCCC1,-3.9891176223754883,-3.5553911703954357,0.43372645198005255,0.43372645198005255,test,random,Random Forest
OCC(Cl)(Cl)Cl,<ACYCLIC>,-0.25369998812675476,-0.5577072503511058,-0.30400726222435104,0.30400726222435104,test,random,Random Forest
OCC(O)C1OC(Oc2ccccc2)C(O)C(O)C1O,c1ccc(OC2CCCCO2)cc1,-1.5536999702453613,-1.3481435177711332,0.20555645247422816,0.20555645247422816,test,random,Random Forest
OCCCCl,<ACYCLIC>,0.4223000109195709,0.3495552005282868,-0.07274481039128411,0.07274481039128411,test,random,Random Forest
OCCN1CCN(CCCN2c3ccccc3Sc3ccc(C(F)(F)F)cc32)CC1,c1ccc2c(c1)Sc1ccccc1N2CCCN1CCNCC1,-4.148799896240234,-4.427557195826497,-0.27875729958626305,0.27875729958626305,test,random,Random Forest
OCCNc1ccccc1,c1ccccc1,-0.47450000047683716,-0.7341104349025561,-0.25961043442571896,0.25961043442571896,test,random,Random Forest
OCCOCC(COCCO)OCCO,<ACYCLIC>,0.6492617130279541,-0.266484212404778,-0.915745925432732,0.915745925432732,test,random,Random Forest
OC[C@@H](O)[C@@H](O)C(O)[C@H](O)[C@@H](O)CO,<ACYCLIC>,-0.5170000195503235,0.09905887874189721,0.6160588982922207,0.6160588982922207,test,random,Random Forest
OCc1ccc(Br)cc1,c1ccccc1,-1.9294999837875366,-1.930120643621844,-0.0006206598343074798,0.0006206598343074798,test,random,Random Forest
OCc1ccco1,c1ccoc1,1.0082999467849731,-0.03912202630638127,-1.0474219730913543,1.0474219730913543,test,random,Random Forest
OCc1nc2ncncc2[nH]1,c1ncc2[nH]cnc2n1,-1.5199999809265137,-1.0754522466076482,0.4445477343188655,0.4445477343188655,test,random,Random Forest
O[B-](O)(F)F,<ACYCLIC>,-0.7243471145629883,0.9257095762157005,1.6500566907786887,1.6500566907786887,test,random,Random Forest
Oc1cc(O)c2ccccc2c1,c1ccc2ccccc2c1,-1.9493000507354736,-2.459738651877753,-0.5104386011422792,0.5104386011422792,test,random,Random Forest
Oc1cc2ccccc2cc1O,c1ccc2ccccc2c1,-2.7376999855041504,-2.3973560894367387,0.34034389606741167,0.34034389606741167,test,random,Random Forest
Oc1ccc(-c2ccccc2)cc1,c1ccc(-c2ccccc2)cc1,-3.4811999797821045,-2.886404514632916,0.5947954651491885,0.5947954651491885,test,random,Random Forest
Oc1ccc(Cl)c(Cl)c1Cl,c1ccccc1,-2.6700000762939453,-2.7079979641275105,-0.03799788783356517,0.03799788783356517,test,random,Random Forest
Oc1ccc(Cl)c(O)c1,c1ccccc1,-1.0705676078796387,-1.8008086123351537,-0.730241004455515,0.730241004455515,test,random,Random Forest
Oc1ccc2ccccc2c1,c1ccc2ccccc2c1,-2.280900001525879,-2.3823777289860457,-0.10147772746016681,0.10147772746016681,test,random,Random Forest
Oc1cccc(Cl)c1,c1ccccc1,-0.7099999785423279,-1.5164588123387883,-0.8064588337964604,0.8064588337964604,test,random,Random Forest
Oc1cccc2ccnnc12,c1ccc2nnccc2c1,-2.408900022506714,-1.6526104782764957,0.7562895442302182,0.7562895442302182,test,random,Random Forest
Oc1ccccc1-c1ccccc1,c1ccc(-c2ccccc2)cc1,-2.506711721420288,-2.898540142194919,-0.391828420774631,0.391828420774631,test,random,Random Forest
Oc1ccccc1Cl,c1ccccc1,-0.7538391947746277,-1.5702185976996472,-0.8163794029250195,0.8163794029250195,test,random,Random Forest
S=C=Nc1ccc2ccccc2c1Br,c1ccc2ccccc2c1,-4.320000171661377,-5.610911531785551,-1.2909113601241744,1.2909113601241744,test,random,Random Forest
S=c1[nH]c2ccccc2s1,S=c1[nH]c2ccccc2s1,-3.1515049934387207,-3.01595147890483,0.13555351453389086,0.13555351453389086,test,random,Random Forest
S=c1[nH]sc(=S)[nH]1,S=c1[nH]sc(=S)[nH]1,-1.7618000507354736,-1.301997062780643,0.45980298795483066,0.45980298795483066,test,random,Random Forest
[Co],<ACYCLIC>,-5.117146015167236,-4.462374225656137,0.6547717895110994,0.6547717895110994,test,random,Random Forest
[Ir],<ACYCLIC>,-9.98276138305664,-5.233207876133249,4.749553506923392,4.749553506923392,test,random,Random Forest
[O-2],<ACYCLIC>,-7.2551164627075195,-1.584440117117648,5.670676345589872,5.670676345589872,test,random,Random Forest
[O-][n+]1ccccc1,c1cc[nH+]cc1,1.0218000411987305,0.4861870804069402,-0.5356129607917903,0.5356129607917903,test,random,Random Forest
[Sn],<ACYCLIC>,-7.472431182861328,-4.386413965303667,3.086017217557661,3.086017217557661,test,random,Random Forest
c1cc(-c2ccncc2)ccn1,c1cc(-c2ccncc2)ccn1,-1.537600040435791,-1.481023657236474,0.056576383199317126,0.056576383199317126,test,random,Random Forest
c1cc(N(CC2CO2)CC2CO2)ccc1OCC1CO1,c1cc(N(CC2CO2)CC2CO2)ccc1OCC1CO1,-1.9192347526550293,-2.246674161919205,-0.3274394092641759,0.3274394092641759,test,random,Random Forest
c1ccc(-c2ccc(-c3ccccc3)cc2)cc1,c1ccc(-c2ccc(-c3ccccc3)cc2)cc1,-6.183335781097412,-5.961417214379346,0.22191856671806587,0.22191856671806587,test,random,Random Forest
c1ccc(-c2nc3ncncc3[nH]2)cc1,c1ccc(-c2nc3ncncc3[nH]2)cc1,-3.059999942779541,-2.3330959486966596,0.7269039940828814,0.7269039940828814,test,random,Random Forest
c1ccc(C(c2ccccc2)(c2ccccc2)N2CCOCC2)cc1,c1ccc(C(c2ccccc2)(c2ccccc2)N2CCOCC2)cc1,-7.216800212860107,-4.702558576638304,2.5142416362218034,2.5142416362218034,test,random,Random Forest
c1ccc(CCOC2CCCCC2)cc1,c1ccc(CCOC2CCCCC2)cc1,-2.4180901050567627,-4.221277382283971,-1.8031872772272086,1.8031872772272086,test,random,Random Forest
c1ccc(CNc2ncnc3[nH]cnc23)cc1,c1ccc(CNc2ncnc3[nH]cnc23)cc1,-3.5999999046325684,-2.8801453034159517,0.7198546012166167,0.7198546012166167,test,random,Random Forest
c1ccc(Cn2ccnc2)cc1,c1ccc(Cn2ccnc2)cc1,-2.259999990463257,-1.2797754160892072,0.9802245743740496,0.9802245743740496,test,random,Random Forest
c1ccc(Nc2ccc3ccccc3c2)cc1,c1ccc(Nc2ccc3ccccc3c2)cc1,-5.495914936065674,-4.747606026471689,0.7483089095939848,0.7483089095939848,test,random,Random Forest
c1ccc2c(c1)CCC2,c1ccc2c(c1)CCC2,-3.035099983215332,-2.456896449750899,0.5782035334644329,0.5782035334644329,test,random,Random Forest
c1ccc2c(c1)[nH]c1ccccc12,c1ccc2c(c1)[nH]c1ccccc12,-5.210427761077881,-3.5088018292406997,1.7016259318371811,1.7016259318371811,test,random,Random Forest
c1ccc2c(c1)ccc1[nH]c3ccc4ccccc4c3c12,c1ccc2c(c1)ccc1[nH]c3ccc4ccccc4c3c12,-6.627699851989746,-7.010085963627146,-0.3823861116374001,0.3823861116374001,test,random,Random Forest
c1ccc2c(c1)ccc1cc3ccc4ccccc4c3cc12,c1ccc2c(c1)ccc1cc3ccc4ccccc4c3cc12,-8.43179988861084,-8.000466361006275,0.4313335276045649,0.4313335276045649,test,random,Random Forest
c1ccc2cc3c4ccccc4c4ccccc4c3cc2c1,c1ccc2cc3c4ccccc4c4ccccc4c3cc2c1,-8.240500450134277,-7.837307422872571,0.4031930272617066,0.4031930272617066,test,random,Random Forest
c1ccc2nc(-c3ccc4ccccc4n3)ccc2c1,c1ccc2nc(-c3ccc4ccccc4n3)ccc2c1,-5.400199890136719,-5.729556271561243,-0.3293563814245246,0.3293563814245246,test,random,Random Forest
c1ccc2sc(SN(C3CCCCC3)C3CCCCC3)nc2c1,c1ccc2sc(SN(C3CCCCC3)C3CCCCC3)nc2c1,-6.788599967956543,-6.611418852735504,0.17718111522103897,0.17718111522103897,test,random,Random Forest
