smiles,scaffold,y_true,y_pred,residual,abs_error,partition,split_method,model
B12B3B4B1C234,B12B3B4B1C234,-4.742403030395508,-4.250610344631857,0.49179268576365054,0.49179268576365054,val,scaffold,Random Forest
C#CC1(O)CCC2C3CCC4=Cc5oncc5CC4(C)C3CCC21C,C1=C2CCC3C4CCCC4CCC3C2Cc2cnoc21,-5.510000228881836,-5.099963494494444,0.41003673438739163,0.41003673438739163,val,scaffold,Random Forest
C#CC1(OC(=O)c2ccc(Oc3ccccc3)cc2)CCC2C3CCC4=CC(=O)CCC4C3CCC21C,O=C1C=C2CCC3C(CCC4C(OC(=O)c5ccc(Oc6ccccc6)cc5)CCC43)C2CC1,-6.840000152587891,-7.192886182240077,-0.3528860296521863,0.3528860296521863,val,scaffold,Random Forest
C#CC1(OC(=O)c2ccccc2)CCC2C3CCC4=CC(=O)CCC4C3CCC21C,O=C1C=C2CCC3C(CCC4C(OC(=O)c5ccccc5)CCC43)C2CC1,-7.75,-6.817860100564975,0.9321398994350254,0.9321398994350254,val,scaffold,Random Forest
C#CCC1=C(C)C(OC(=O)[C@H]2[C@H](C=C(C)C)C2(C)C)CC1=O,O=C1C=CC(OC(=O)C2CC2)C1,-4.5746002197265625,-4.152244699704604,0.4223555200219584,0.4223555200219584,val,scaffold,Random Forest
C#CCN1C(=O)COc2cc(F)c(N3C(=O)C4=C(CCCC4)C3=O)cc21,O=C1COc2ccc(N3C(=O)C4=C(CCCC4)C3=O)cc2N1,-5.296599864959717,-3.409761295126427,1.88683856983329,1.88683856983329,val,scaffold,Random Forest
C#CCOC(=O)C(C)Oc1ccc(Oc2ncc(Cl)cc2F)cc1,c1ccc(Oc2ccccn2)cc1,-5.150000095367432,-4.711604530700648,0.4383955646667834,0.4383955646667834,val,scaffold,Random Forest
C#CCOC(=O)[C@@H](C)Oc1ccc(Oc2ncc(Cl)cc2F)cc1,c1ccc(Oc2ccccn2)cc1,-4.941699981689453,-4.711604530700648,0.2300954509888049,0.2300954509888049,val,scaffold,Random Forest
C(=C/CSc1nnc(-c2ccccc2)c(-c2ccccc2)n1)\CSc1nnc(-c2ccccc2)c(-c2ccccc2)n1,C(=CCSc1nnc(-c2ccccc2)c(-c2ccccc2)n1)CSc1nnc(-c2ccccc2)c(-c2ccccc2)n1,-7.025125503540039,-7.006949375841826,0.018176127698213307,0.018176127698213307,val,scaffold,Random Forest
C(=C/c1ccccc1)\CN1CCN(C(c2ccccc2)c2ccccc2)CC1,C(=Cc1ccccc1)CN1CCN(C(c2ccccc2)c2ccccc2)CC1,-4.199999809265137,-5.174926957810385,-0.9749271485452482,0.9749271485452482,val,scaffold,Random Forest
C(=C/c1ccccc1)\c1ccccc1,C(=Cc1ccccc1)c1ccccc1,-5.790500164031982,-4.711983567076267,1.0785165969557156,1.0785165969557156,val,scaffold,Random Forest
C(CCOCC1CO1)COCC1CO1,C(CCOCC1CO1)COCC1CO1,-0.5608137249946594,-0.37466978940625206,0.18614393558840736,0.18614393558840736,val,scaffold,Random Forest
C/C=C(\C)C(=O)OC1C(OC(C)=O)C2(CO)C(O)CC3(C)C(=CCC4C5(C)CCC(OC6OC(C(=O)O)C(OC7OC(CO)C(O)C(O)C7O)C(O)C6OC6OC(CO)C(O)C(O)C6O)C(C)(CO)C5CCC43C)C2CC1(C)C,C1=C2C3CCCCC3CCC2C2CCC3CC(OC4OCC(OC5CCCCO5)CC4OC4CCCCO4)CCC3C2C1,-1.1031036376953125,-1.916341241958018,-0.8132376042627054,0.8132376042627054,val,scaffold,Random Forest
C/C=C(\C)C(=O)O[C@H]1C[C@@H](OC(C)=O)[C@@]2(C(=O)OC)CO[C@H]3[C@@H](O)[C@@](C)([C@]45O[C@@]4(C)[C@H]4C[C@@H]5O[C@@H]5OC=C[C@@]54O)[C@H]4[C@]1(CO[C@]4(O)C(=O)OC)[C@@H]32,C1=CC2C(O1)OC1CC2C2OC12C1CC2OCC3CCCC4(COCC14)C32,-3.4428000450134277,-2.4991259363399867,0.943674108673441,0.943674108673441,val,scaffold,Random Forest
C/C=C\C(=O)O[C@@H]1C[C@H]2O[C@@H]3C=C(C)C(=O)C[C@]3(C)[C@]1(C)[C@@]21CO1,O=C1C=CC2OC3CCC(C2C1)C31CO1,-2.919600009918213,-3.7983022703871763,-0.8787022604689634,0.8787022604689634,val,scaffold,Random Forest
C1=CC(c2ccc(C3CC=CCC3)cc2)CCC1,C1=CC(c2ccc(C3CC=CCC3)cc2)CCC1,-6.591928958892822,-6.464416171869932,0.1275127870228907,0.1275127870228907,val,scaffold,Random Forest
C1=CCC=CC1,C1=CCC=CC1,-2.0587000846862793,-2.4133556581942677,-0.3546555735079884,0.3546555735079884,val,scaffold,Random Forest
C1=CCCCCC1,C1=CCCCCC1,-3.180000066757202,-3.0394628196975857,0.14053724705961645,0.14053724705961645,val,scaffold,Random Forest
C1=CC[C@@H](c2cccnc2)NC1,C1=CCC(c2cccnc2)NC1,0.7953000068664551,-0.7937410097881114,-1.5890410166545665,1.5890410166545665,val,scaffold,Random Forest
C1=C\CCCCCC/1,C1=CCCCCCC1,-3.7703399658203125,-4.018991231501366,-0.24865126568105378,0.24865126568105378,val,scaffold,Random Forest
C1CCC([Sn](C2CCCCC2)C2CCCCC2)CC1,C1CCC([Sn](C2CCCCC2)C2CCCCC2)CC1,-5.590000152587891,-7.218512158567313,-1.628512005979422,1.628512005979422,val,scaffold,Random Forest
C1CCCNCC1,C1CCCNCC1,-0.49000000953674316,0.176287411542018,0.6662874210787612,0.6662874210787612,val,scaffold,Random Forest
C1CCNC1,C1CCNC1,1.149999976158142,0.8652283148982345,-0.2847716612599076,0.2847716612599076,val,scaffold,Random Forest
C1COC2(C1)CCCO2,C1COC2(C1)CCCO2,-0.10779999941587448,-0.4834689104927935,-0.375668911076919,0.375668911076919,val,scaffold,Random Forest
C1CSCCS1,C1CSCCS1,-1.6029000282287598,-1.2882775790014283,0.3146224492273315,0.3146224492273315,val,scaffold,Random Forest
C1NNCN2CNNCN12,C1NNCN2CNNCN12,-0.012799999676644802,-0.016795859137473147,-0.003995859460828345,0.003995859460828345,val,scaffold,Random Forest
C=C(Br)C(=O)Nc1ccc(NNC2=C3C(=O)C=C(S(=O)(=O)O)C=C3C=CC2=N)c(S(=O)(=O)O)c1,N=C1C=CC2=CC=CC(=O)C2=C1NNc1ccccc1,-1.6785331964492798,-1.4652126207753728,0.21332057567390694,0.21332057567390694,val,scaffold,Random Forest
C=C(Br)C(=O)Nc1ccc(NNC2=C3C(=O)C=C(S(=O)(=O)O)C=C3C=CC2=NC)c(S(=O)(=O)O)c1,N=C1C=CC2=CC=CC(=O)C2=C1NNc1ccccc1,-1.9476531744003296,-1.4844578266378061,0.46319534776252347,0.46319534776252347,val,scaffold,Random Forest
C=C(Br)C(=O)Nc1ccc(S(=O)(=O)O)c(N=NC2C(=O)N(c3cc(Cl)c(S(=O)(=O)O)cc3Cl)N=C2C)c1,O=C1C(N=Nc2ccccc2)C=NN1c1ccccc1,-0.5501700043678284,-3.33017527327115,-2.7800052689033214,2.7800052689033214,val,scaffold,Random Forest
C=C(C)C(=O)OCCN1CCNC1=O,O=C1NCCN1,0.7028481364250183,-1.3994525237788578,-2.102300660203876,2.102300660203876,val,scaffold,Random Forest
C=C(CC(C)(C)c1ccccc1)c1ccccc1,C=C(CCc1ccccc1)c1ccccc1,-6.011842250823975,-5.887348737314904,0.12449351350907101,0.12449351350907101,val,scaffold,Random Forest
C=C/C=C\CC1=C(C)[C@@H](OC(=O)[C@@H]2[C@@H](/C=C(\C)C(=O)OC)C2(C)C)CC1=O,O=C1C=CC(OC(=O)C2CC2)C1,-4.616799831390381,-4.424995504214002,0.19180432717637874,0.19180432717637874,val,scaffold,Random Forest
C=C/C=C\CC1=C(C)[C@@H](OC(=O)[C@@H]2[C@@H](C=C(C)C)C2(C)C)CC1=O,O=C1C=CC(OC(=O)C2CC2)C1,-6.2154998779296875,-4.695407385663915,1.5200924922657721,1.5200924922657721,val,scaffold,Random Forest
C=C1C2CCC(C)(OCC)C1CCC2(C)C,C=C1C2CCCC1CCC2,-4.7342963218688965,-4.619608448919798,0.11468787294909877,0.11468787294909877,val,scaffold,Random Forest
C=C1CC/C=C(\C)CC[C@@H]2[C@@H]1CC2(C)C,C=C1CCC=CCCC2CCC12,-6.33726167678833,-5.617223166119541,0.7200385106687888,0.7200385106687888,val,scaffold,Random Forest
C=C1CCC(C)=CCCC=C(C)CC[C@@H]1C(C)=O,C=C1CCC=CCCC=CCCC1,-5.449126243591309,-5.292735762396332,0.15639048119497634,0.15639048119497634,val,scaffold,Random Forest
C=CC(=O)OCC1(CC)COCOC1,C1COCOC1,-1.3330549001693726,-1.5212612720603846,-0.18820637189101208,0.18820637189101208,val,scaffold,Random Forest
C=CCC1=C(C)C(OC(=O)C2C(C=C(C)C)C2(C)C)CC1=O,O=C1C=CC(OC(=O)C2CC2)C1,-4.81790018081665,-4.561605485054127,0.2562946957625236,0.2562946957625236,val,scaffold,Random Forest
C=CCN1CCC23c4c5ccc(O)c4OC2C(=O)CCC3(O)C1C5,O=C1CCC2C3Cc4cccc5c4C2(CCN3)C1O5,-3.390000104904175,-2.5378947610025686,0.8521053439016062,0.8521053439016062,val,scaffold,Random Forest
C=CCN1CC[C@]23c4c5ccc(O)c4O[C@H]2C(=O)CC[C@@]3(O)[C@H]1C5,O=C1CCC2C3Cc4cccc5c4C2(CCN3)C1O5,-2.9000000953674316,-2.5378947610025686,0.36210533436486303,0.36210533436486303,val,scaffold,Random Forest
C=CCOC(=O)C(C)(C)OC(=O)c1cc(-n2c(=O)cc(C(F)(F)F)n(C)c2=O)ccc1Cl,O=c1cc[nH]c(=O)n1-c1ccccc1,-4.676527976989746,-4.373303847545789,0.30322412944395705,0.30322412944395705,val,scaffold,Random Forest
C=CCn1cnc2c(=O)[nH]c(Nc3ccccc3)nc21,O=c1[nH]c(Nc2ccccc2)nc2[nH]cnc12,-5.090000152587891,-3.3631708619928076,1.726829290595083,1.726829290595083,val,scaffold,Random Forest
C=CN1CCCCCC1=O,O=C1CCCCCN1,-0.4507860839366913,-1.09195962967188,-0.6411735457351888,0.6411735457351888,val,scaffold,Random Forest
C=CN1CCN(C=C)C1=O,O=C1NCCN1,-1.1558864116668701,-0.7511016727029575,0.40478473896391265,0.40478473896391265,val,scaffold,Random Forest
C=C[C@H]1CN2CC[C@H]1C[C@H]2[C@@]12Nc3ccccc3[C@]1(O)CCO2,c1ccc2c(c1)NC1(C3CC4CCN3CC4)OCCC21,-2.670599937438965,-2.933800808833389,-0.26320087139442405,0.26320087139442405,val,scaffold,Random Forest
C=Cn1cc[n+](C)c1,c1c[nH+]c[nH]1,0.6570841073989868,0.007777421220758969,-0.6493066861782278,0.6493066861782278,val,scaffold,Random Forest
CC#Cc1cc(C)nc(Nc2ccccc2)n1,c1ccc(Nc2ncccn2)cc1,-4.599999904632568,-3.2859776004313948,1.3140223042011736,1.3140223042011736,val,scaffold,Random Forest
CC(=O)C(N=Nc1ccc(N=Nc2c(S(=O)(=O)O)cc3c(c2N)C(=O)/C(=N/Nc2ccc(S(=O)(=O)O)c4ccccc24)C(S(=O)(=O)O)=C3)cc1)C(=O)Nc1ccccc1,O=C(CN=Nc1ccc(N=Nc2ccc3c(c2)C(=O)C(=NNc2cccc4ccccc24)C=C3)cc1)Nc1ccccc1,-2.2180283069610596,-2.079184065942964,0.13884424101809545,0.13884424101809545,val,scaffold,Random Forest
CC(=O)C(N=Nc1ccccc1OCCOc1ccccc1N=NC(C(C)=O)C(=O)Nc1ccc2[nH]c(=O)[nH]c2c1)C(=O)Nc1ccc2[nH]c(=O)[nH]c2c1,O=C(CN=Nc1ccccc1OCCOc1ccccc1N=NCC(=O)Nc1ccc2[nH]c(=O)[nH]c2c1)Nc1ccc2[nH]c(=O)[nH]c2c1,-7.634485721588135,-5.831010908225343,1.8034748133627918,1.8034748133627918,val,scaffold,Random Forest
CC(=O)N1CCN(c2ccc(O)cc2)CC1,c1ccc(N2CCNCC2)cc1,-1.8179144859313965,-1.3979673539009383,0.4199471320304582,0.4199471320304582,val,scaffold,Random Forest
CC(=O)N1C[C@@H](O)C[C@H]1C(=O)O,C1CCNC1,0.3449927270412445,-0.2180262443222639,-0.5630189713635084,0.5630189713635084,val,scaffold,Random Forest
CC(=O)N=c1sc(S(N)(=O)=O)nn1C,N=c1[nH]ncs1,-1.9199999570846558,-1.8252723505063333,0.09472760657832247,0.09472760657832247,val,scaffold,Random Forest
CC(=O)Nc1ccc(NNC2=C3C(=O)C=C(S(=O)(=O)O)C=C3C=CC2=N)c(C(F)(F)F)c1,N=C1C=CC2=CC=CC(=O)C2=C1NNc1ccccc1,-1.3288182020187378,-2.2727125601960254,-0.9438943581772876,0.9438943581772876,val,scaffold,Random Forest
CC(=O)Nc1ccc(S(=O)(=O)Nc2ccccn2)cc1,O=S(=O)(Nc1ccccn1)c1ccccc1,-3.716200113296509,-3.3430268576633204,0.37317325563318837,0.37317325563318837,val,scaffold,Random Forest
CC(=O)Nc1nc2c(ncn2COCCO)c(=O)[nH]1,O=c1[nH]cnc2[nH]cnc12,-1.9199999570846558,-1.4569809162482847,0.463019040836371,0.463019040836371,val,scaffold,Random Forest
CC(=O)Nc1nc2c(ncn2COCCOC(C)=O)c(=O)[nH]1,O=c1[nH]cnc2[nH]cnc12,-2.140000104904175,-1.8848033079110007,0.2551967969931741,0.2551967969931741,val,scaffold,Random Forest
CC(=O)OC1CC(C)OC(C)O1,C1COCOC1,0.7590000033378601,-0.7980871282241868,-1.557087131562047,1.557087131562047,val,scaffold,Random Forest
CC(=O)OC1CCC2C3CCC4CC(=O)CCC4(C)C3CCC12C,O=C1CCC2C(CCC3C4CCCC4CCC23)C1,-5.349999904632568,-4.971351819061097,0.3786480855714718,0.3786480855714718,val,scaffold,Random Forest
CC(=O)OCC(=O)C1(O)CCC2C3CCC4=CC(=O)C=CC4(C)C3C(=O)CC21C,O=C1C=CC2C(=C1)CCC1C3CCCC3CC(=O)C21,-4.239999771118164,-4.219572598194438,0.020427172923725756,0.020427172923725756,val,scaffold,Random Forest
CC(=O)OCC(=O)C1(O)CCC2C3CCC4=CC(=O)CCC4(C)C3C(=O)CC21C,O=C1C=C2CCC3C4CCCC4CC(=O)C3C2CC1,-4.210000038146973,-4.394028449969949,-0.18402841182297625,0.18402841182297625,val,scaffold,Random Forest
CC(=O)OCC(=O)[C@@]1(O)CC[C@H]2[C@@H]3CCC4=CC(=O)CC[C@]4(C)[C@H]3C(=O)C[C@@]21C,O=C1C=C2CCC3C4CCCC4CC(=O)C3C2CC1,-4.303699970245361,-4.394028449969949,-0.09032847972458757,0.09032847972458757,val,scaffold,Random Forest
CC(=O)OCC1=C(C(=O)O)N2C(=O)[C@@H](N)[C@H]2SC1,O=C1CC2SCC=CN12,-2.648977756500244,-1.6911078722525343,0.9578698842477098,0.9578698842477098,val,scaffold,Random Forest
CC(=O)OCCOCn1cnc2c(=O)[nH]c(N)nc21,O=c1[nH]cnc2[nH]cnc12,-2.700000047683716,-1.8489534691215086,0.8510465785622072,0.8510465785622072,val,scaffold,Random Forest
CC(=O)O[C@H]1CC[C@H]2[C@@H]3CC[C@H]4CC(=O)C[C@H](C)[C@]4(C)[C@H]3CC[C@]12C,O=C1CCC2C(CCC3C4CCCC4CCC23)C1,-5.092558860778809,-5.324251924437189,-0.23169306365838072,0.23169306365838072,val,scaffold,Random Forest
CC(=O)Oc1ccc(NC(=O)Nc2ccccc2)cc1,O=C(Nc1ccccc1)Nc1ccccc1,-4.440000057220459,-3.8114332900100907,0.6285667672103683,0.6285667672103683,val,scaffold,Random Forest
CC(=O)Oc1ccccc1C(=O)OCN1C(=O)CCC1=O,O=C(OCN1C(=O)CCC1=O)c1ccccc1,-2.7699999809265137,-2.6329962297875897,0.13700375113892393,0.13700375113892393,val,scaffold,Random Forest
CC(=O)SC1CC2=CC(=O)CCC2(C)C2CCC3(C)C(CCC34CCC(=O)O4)C12,O=C1C=C2CCC3C(CCC4C3CCC43CCC(=O)O3)C2CC1,-4.28000020980835,-5.518578009266072,-1.2385777994577225,1.2385777994577225,val,scaffold,Random Forest
CC(=O)S[C@@H]1CC2=CC(=O)CC[C@]2(C)[C@H]2CC[C@@]3(C)[C@@H](CC[C@@]34CCC(=O)O4)[C@H]12,O=C1C=C2CCC3C(CCC4C3CCC43CCC(=O)O3)C2CC1,-4.277299880981445,-5.518578009266072,-1.2412781282846268,1.2412781282846268,val,scaffold,Random Forest
CC(=O)c1cc(Nc2nc(Nc3cc(C(C)=O)c(N)c4c3C(=O)c3ccccc3C4=O)nc(-c3ccccc3)n2)c2c(c1N)C(=O)c1ccccc1C2=O,O=C1c2ccccc2C(=O)c2c(Nc3nc(Nc4cccc5c4C(=O)c4ccccc4C5=O)nc(-c4ccccc4)n3)cccc21,-4.950431823730469,-5.641314833230089,-0.6908830094996201,0.6908830094996201,val,scaffold,Random Forest
CC(C(=O)O)c1ccc(C(=O)c2cccs2)cc1,O=C(c1ccccc1)c1cccs1,-2.0,-3.5837966092232674,-1.5837966092232674,1.5837966092232674,val,scaffold,Random Forest
CC(C)(C)C(=O)C(Oc1ccc(Cl)cc1)n1ccnc1,c1ccc(OCn2ccnc2)cc1,-3.703092575073242,-4.584332138371243,-0.881239563298001,0.881239563298001,val,scaffold,Random Forest
CC(C)(C)C(=O)C(Oc1ccc(Cl)cc1)n1cncn1,c1ccc(OCn2cncn2)cc1,-3.6136999130249023,-3.9001293211751986,-0.28642940815029627,0.28642940815029627,val,scaffold,Random Forest
CC(C)(C)C(O)C(Oc1ccc(Cl)cc1)n1cncn1,c1ccc(OCn2cncn2)cc1,-3.3917999267578125,-3.658922607532114,-0.26712268077430146,0.26712268077430146,val,scaffold,Random Forest
CC(C)(C)CC(C)(C)C1CCC(=N/O)/C(=N\O)C1,N=C1CCCCC1=N,-6.409999847412109,-3.8491783532065087,2.5608214942056007,2.5608214942056007,val,scaffold,Random Forest
CC(C)(C)CC(C)(C)N(c1ccccc1)c1cccc2ccccc12,c1ccc(Nc2cccc3ccccc23)cc1,-8.290038108825684,-6.749855790691994,1.5401823181336898,1.5401823181336898,val,scaffold,Random Forest
CC(C)(C)[C@@H](O)[C@H](Oc1ccc(Cl)cc1)n1cncn1,c1ccc(OCn2cncn2)cc1,-3.6786000728607178,-3.658922607532114,0.019677465328603816,0.019677465328603816,val,scaffold,Random Forest
CC(C)(C)[C@H](O)[C@H](Oc1ccc(Cl)cc1)n1cncn1,c1ccc(OCn2cncn2)cc1,-3.952399969100952,-3.658922607532114,0.2934773615688382,0.2934773615688382,val,scaffold,Random Forest
CC(C)(C)c1cc(C(C)(CC(=O)OCCOC(=O)CC(C)(c2ccc(O)c(C(C)(C)C)c2)c2ccc(O)c(C(C)(C)C)c2)c2ccc(O)c(C(C)(C)C)c2)ccc1O,O=C(CC(c1ccccc1)c1ccccc1)OCCOC(=O)CC(c1ccccc1)c1ccccc1,-6.201435565948486,-7.115482543180307,-0.9140469772318207,0.9140469772318207,val,scaffold,Random Forest
CC(C)(C)c1cc(CCC(=O)OCCCCCCOC(=O)CCc2cc(C(C)(C)C)c(O)c(C(C)(C)C)c2)cc(C(C)(C)C)c1O,O=C(CCc1ccccc1)OCCCCCCOC(=O)CCc1ccccc1,-8.106483459472656,-6.97704053943206,1.1294429200405967,1.1294429200405967,val,scaffold,Random Forest
CC(C)(C)c1cc(CCC(=O)OCCNC(=O)C(=O)NCCOC(=O)CCc2cc(C(C)(C)C)c(O)c(C(C)(C)C)c2)cc(C(C)(C)C)c1O,O=C(CCc1ccccc1)OCCNC(=O)C(=O)NCCOC(=O)CCc1ccccc1,-8.667095184326172,-6.337578944272385,2.3295162400537865,2.3295162400537865,val,scaffold,Random Forest
CC(C)(C)c1ccc(OP(Oc2ccc(C(C)(C)C)cc2C(C)(C)C)Oc2ccc(C(C)(C)C)cc2C(C)(C)C)c(C(C)(C)C)c1,c1ccc(OP(Oc2ccccc2)Oc2ccccc2)cc1,-8.111891746520996,-7.310978745593396,0.8009130009275998,0.8009130009275998,val,scaffold,Random Forest
CC(C)(C)c1ccc(O[P@]2OCC3(CO[P@@](Oc4ccc(C(C)(C)C)cc4C(C)(C)C)OC3)CO2)c(C(C)(C)C)c1,c1ccc(OP2OCC3(CO2)COP(Oc2ccccc2)OC3)cc1,-6.813060760498047,-7.152018226229306,-0.3389574657312595,0.3389574657312595,val,scaffold,Random Forest
CC(C)(COC(=O)c1ccccc1)COC(=O)c1ccccc1,O=C(OCCCOC(=O)c1ccccc1)c1ccccc1,-5.422780513763428,-4.649784167584129,0.7729963461792986,0.7729963461792986,val,scaffold,Random Forest
CC(C)(COCc1cccc(Oc2ccccc2)c1)c1ccc(OC(F)(F)Br)cc1,c1ccc(CCOCc2cccc(Oc3ccccc3)c2)cc1,-9.979900360107422,-6.733379629528615,3.2465207305788066,3.2465207305788066,val,scaffold,Random Forest
CC(C)(O)[C@@H]1C2OC(=O)C1[C@]1(O)C[C@H]3O[C@]34C(=O)O[C@H]2[C@]14C,O=C1OC2CC1C1CC3OC34C(=O)OC2C14,-2.1672000885009766,-1.7506169647660794,0.41658312373489714,0.41658312373489714,val,scaffold,Random Forest
CC(C)=NNC(=N)N1Cc2cccc3cccc(c23)C1,c1cc2c3c(cccc3c1)CNC2,-2.4800000190734863,-3.3472151575779154,-0.8672151385044291,0.8672151385044291,val,scaffold,Random Forest
CC(C)C(C(=O)OC(C#N)c1cccc(Oc2ccc(Br)cc2)c1)c1ccc(OC(F)F)cc1,O=C(Cc1ccccc1)OCc1cccc(Oc2ccccc2)c1,-8.173100471496582,-6.864474440231012,1.30862603126557,1.30862603126557,val,scaffold,Random Forest
CC(C)C(C(=O)OC(C#N)c1cccc(Oc2ccccc2)c1)c1ccc(Cl)cc1,O=C(Cc1ccccc1)OCc1cccc(Oc2ccccc2)c1,-7.2428998947143555,-6.695171182726111,0.5477287119882446,0.5477287119882446,val,scaffold,Random Forest
CC(C)C(C(=O)OC(C#N)c1cccc(Oc2ccccc2)c1)c1ccc(OC(F)F)cc1,O=C(Cc1ccccc1)OCc1cccc(Oc2ccccc2)c1,-6.876500129699707,-6.929512541984757,-0.05301241228505038,0.05301241228505038,val,scaffold,Random Forest
CC(C)C1(C)N=C(c2nc3ccccc3cc2C(=O)O)NC1=O,O=C1CN=C(c2ccc3ccccc3n2)N1,-3.7200000286102295,-3.6338885388219806,0.0861114897882489,0.0861114897882489,val,scaffold,Random Forest
CC(C)C1(C)N=C(c2ncccc2C(=O)O)NC1=O,O=C1CN=C(c2ccccn2)N1,-1.3640294075012207,-2.4053357190127103,-1.0413063115114896,1.0413063115114896,val,scaffold,Random Forest
CC(C)C1CCC(=NO)C(=NO)C1,N=C1CCCCC1=N,-2.3903000354766846,-2.188292949143727,0.20200708633295772,0.20200708633295772,val,scaffold,Random Forest
CC(C)C1CCC(Cc2ccc(Cl)cc2)C1(O)Cn1cncn1,c1ccc(CC2CCCC2Cn2cncn2)cc1,-4.682799816131592,-4.398261242531595,0.28453857359999724,0.28453857359999724,val,scaffold,Random Forest
CC(C)C1OC2(CCCC2)OCC1(C)C,C1COC2(CCCC2)OC1,-3.5242438316345215,-4.236085252255853,-0.7118414206213313,0.7118414206213313,val,scaffold,Random Forest
CC(C)C1OCC2(CO1)COC(C(C)C)OC2,C1OCC2(CO1)COCOC2,-3.109999895095825,-2.0904396441065893,1.0195602509892359,1.0195602509892359,val,scaffold,Random Forest
CC(C)CC(NC(=O)CC(O)C(CC(C)C)NC(=O)C(Cc1c[nH]cn1)NC(=O)C(Cc1ccccc1)NC(=O)OC(C)(C)C)C(=O)NCC(N)c1ccccn1,O=C(CCCNC(=O)C(Cc1c[nH]cn1)NC(=O)CCc1ccccc1)NCC(=O)NCCc1ccccn1,-3.4000000953674316,-3.3662499078188444,0.033750187548587274,0.033750187548587274,val,scaffold,Random Forest
CC(C)CC(NC(=O)CC(O)C(CC(C)C)NC(=O)C(Cc1c[nH]cn1)NC(=O)C(Cc1ccccc1)NC(=O)OC(C)(C)C)C(=O)NCc1cc[n+]([O-])cc1,O=C(CCCNC(=O)C(Cc1c[nH]cn1)NC(=O)CCc1ccccc1)NCC(=O)NCc1cc[nH+]cc1,-2.380000114440918,-3.2437900501610066,-0.8637899357200887,0.8637899357200887,val,scaffold,Random Forest
CC(C)CC(NC(=O)CC(O)C(CC(C)C)NC(=O)C(Cc1c[nH]cn1)NC(=O)C(Cc1ccccc1)NC(=O)OC(C)(C)C)C(=O)NCc1ccncc1,O=C(CCCNC(=O)C(Cc1c[nH]cn1)NC(=O)CCc1ccccc1)NCC(=O)NCc1ccncc1,-3.359999895095825,-3.646549238562965,-0.28654934346714,0.28654934346714,val,scaffold,Random Forest
CC(C)CCCC(C)C1CCC2C3CCC4CC(C)(CCC=C(c5cc(Cl)c(O)c(C(=O)O)c5)c5cc(Cl)c(O)c(C(=O)O)c5)CCC4(C)C3CCC12C,C(CCC1CCC2C(CCC3C4CCCC4CCC23)C1)=C(c1ccccc1)c1ccccc1,-8.460000038146973,-6.574202230728339,1.8857978074186335,1.8857978074186335,val,scaffold,Random Forest
CC(C)CCCCCCCOP(=O)(Oc1ccccc1)Oc1ccccc1,O=[PH](Oc1ccccc1)Oc1ccccc1,-5.7164998054504395,-5.747763873008667,-0.03126406755822764,0.03126406755822764,val,scaffold,Random Forest
CC(C)CNC(=O)N1CCNC1=O,O=C1NCCN1,-2.1538000106811523,-1.1933512050781554,0.960448805602997,0.960448805602997,val,scaffold,Random Forest
CC(C)CNCc1cc2cc(S(N)(=O)=O)oc2s1,c1cc2ccsc2o1,-1.3300000429153442,-2.9865891733230563,-1.656589130407712,1.656589130407712,val,scaffold,Random Forest
CC(C)COC(=O)n1c(-c2cscn2)nc2ccccc21,c1ccc2[nH]c(-c3cscn3)nc2c1,-4.170000076293945,-4.483786394931338,-0.31378631863739237,0.31378631863739237,val,scaffold,Random Forest
CC(C)N(CCC(C(N)=O)(c1ccccc1)c1ccccn1)C(C)C,c1ccc(Cc2ccccn2)cc1,-1.7000000476837158,-3.6495881625341635,-1.9495881148504477,1.9495881148504477,val,scaffold,Random Forest
CC(C)N1C(=O)N(c2ccccc2)CSC1=NC(C)(C)C,N=C1NC(=O)N(c2ccccc2)CS1,-5.530700206756592,-4.698232966012683,0.8324672407439087,0.8324672407439087,val,scaffold,Random Forest
CC(C)NC(=O)N1CC(=O)N(c2cc(Cl)cc(Cl)c2)C1=O,O=C1CNC(=O)N1c1ccccc1,-4.375699996948242,-3.9406026656856286,0.43509733126261363,0.43509733126261363,val,scaffold,Random Forest
CC(C)NCC1CCc2cc(CO)c([N+](=O)[O-])cc2N1,c1ccc2c(c1)CCCN2,-2.9700000286102295,-2.8813609336620507,0.08863909494817879,0.08863909494817879,val,scaffold,Random Forest
CC(C)Nc1nc(Cl)nc(NC2CC2)n1,c1ncnc(NC2CC2)n1,-3.5185000896453857,-3.3695261483292978,0.148973941316088,0.148973941316088,val,scaffold,Random Forest
CC(C)OC(=O)C1(S(=O)(=O)c2ccc(Cl)cc2)CCCC1,O=S(=O)(c1ccccc1)C1CCCC1,-4.649799823760986,-4.106802534486171,0.5429972892748154,0.5429972892748154,val,scaffold,Random Forest
CC(C)OC(=O)C1(S(=O)(=O)c2ccc(Cl)cc2)CCCCCC1,O=S(=O)(c1ccccc1)C1CCCCCC1,-5.519999980926514,-4.689089230142509,0.830910750784005,0.830910750784005,val,scaffold,Random Forest
CC(C)OC(=O)C1(S(=O)(=O)c2ccc([N+](=O)[O-])cc2)CCCCC1,O=S(=O)(c1ccccc1)C1CCCCC1,-4.8796000480651855,-4.189047663111888,0.690552384953298,0.690552384953298,val,scaffold,Random Forest
CC(C)OC(=O)C1(S(=O)(=O)c2ccc([N+](=O)[O-])cc2)CCCCCC1,O=S(=O)(c1ccccc1)C1CCCCCC1,-5.0706000328063965,-4.344833561606347,0.7257664712000498,0.7257664712000498,val,scaffold,Random Forest
CC(C)[C@@H](C(=O)O[C@@H](C#N)c1cccc(Oc2ccccc2)c1)c1ccc(Cl)cc1,O=C(Cc1ccccc1)OCc1cccc(Oc2ccccc2)c1,-8.322099685668945,-6.695171182726111,1.6269285029428344,1.6269285029428344,val,scaffold,Random Forest
CC(C)[C@@]12CC[C@@](C)(O1)[C@@H](O)C2,C1CC2CCC1O2,-0.28809264302253723,-0.9581946620380895,-0.6701020190155522,0.6701020190155522,val,scaffold,Random Forest
CC(C)c1cccc(C(C)C)c1N=C=Nc1c(C(C)C)cccc1C(C)C,C(=Nc1ccccc1)=Nc1ccccc1,-6.860411167144775,-6.698314724550105,0.16209644259467026,0.16209644259467026,val,scaffold,Random Forest
CC(C1CC1)C(O)(Cn1cncn1)c1ccc(Cl)cc1,c1ccc(C(CC2CC2)Cn2cncn2)cc1,-3.3189001083374023,-3.479011025674524,-0.1601109173371218,0.1601109173371218,val,scaffold,Random Forest
CC(COC(=O)c1ccccc1)OC(=O)c1ccccc1,O=C(OCCOC(=O)c1ccccc1)c1ccccc1,-4.567302703857422,-3.8291498579535848,0.7381528459038371,0.7381528459038371,val,scaffold,Random Forest
CC(O)C(O)c1cnc2[nH]c(N)nc(=O)c2n1,O=c1nc[nH]c2nccnc12,-2.530100107192993,-1.8609384414228982,0.669161665770095,0.669161665770095,val,scaffold,Random Forest
CC(Oc1ccc(Oc2nc3ccc(Cl)cc3o2)cc1)C(=O)O,c1ccc(Oc2nc3ccccc3o2)cc1,-3.0920000076293945,-5.126080495012303,-2.0340804873829086,2.0340804873829086,val,scaffold,Random Forest
CC(Oc1ccc2ccccc2c1)C(=O)Nc1ccccc1,O=C(COc1ccc2ccccc2c1)Nc1ccccc1,-5.589399814605713,-4.881124936023719,0.7082748785819941,0.7082748785819941,val,scaffold,Random Forest
CC(c1cc2ccccc2s1)N(O)C(N)=O,c1ccc2sccc2c1,-3.369999885559082,-3.282603981685176,0.08739590387390583,0.08739590387390583,val,scaffold,Random Forest
CC(c1ccccc1)c1cc(C(=O)O)c(O)c(C(C)c2ccccc2)c1,c1ccc(Cc2cccc(Cc3ccccc3)c2)cc1,-3.9244091510772705,-5.877314956948399,-1.9529058058711284,1.9529058058711284,val,scaffold,Random Forest
CC/C(=C(/CC)c1ccc(O)cc1)c1ccc(O)cc1,C(=Cc1ccccc1)c1ccccc1,-4.3495001792907715,-4.886302090874109,-0.5368019115833373,0.5368019115833373,val,scaffold,Random Forest
CC1(C(=O)O)NCCc2cc(O)c(O)cc21,c1ccc2c(c1)CCNC2,-0.75,-1.8083636374484025,-1.0583636374484025,1.0583636374484025,val,scaffold,Random Forest
CC1(C)C(=O)C(=O)C2CCC1C2,O=C1CC2CCC(C2)C1=O,-1.5199999809265137,-1.267975500038559,0.2520244808879546,0.2520244808879546,val,scaffold,Random Forest
CC1(C)CC(=O)CC(C)(C)N1[O],O=C1CCNCC1,0.10341254621744156,-1.3089668685100238,-1.4123794147274653,1.4123794147274653,val,scaffold,Random Forest
CC1(C)CCC(Cc2ccc(Cl)cc2)C1(O)Cn1cncn1,c1ccc(CC2CCCC2Cn2cncn2)cc1,-4.328800201416016,-3.9370341141681244,0.3917660872478912,0.3917660872478912,val,scaffold,Random Forest
CC1(C)CCC2(CCC(C)(C)O2)O1,C1COC2(C1)CCCO2,-1.964400053024292,-3.4275764014388583,-1.4631763484145663,1.4631763484145663,val,scaffold,Random Forest
CC1(C)CN=C(NN=C(/C=C/c2ccc(C(F)(F)F)cc2)/C=C/c2ccc(C(F)(F)F)cc2)NC1,C(=Cc1ccccc1)C(C=Cc1ccccc1)=NNC1=NCCCN1,-7.915999889373779,-6.348612676280045,1.5673872130937339,1.5673872130937339,val,scaffold,Random Forest
CC1(C)N=C(c2ccccc2)NC1=O,O=C1CN=C(c2ccccc2)N1,-0.8500000238418579,-1.6168101132949346,-0.7668100894530767,0.7668100894530767,val,scaffold,Random Forest
CC1(C)OCC(COC(=O)c2ccccc2C(=O)O)O1,O=C(OCC1COCO1)c1ccccc1,-1.2300000190734863,-2.961201556903975,-1.7312015378304886,1.7312015378304886,val,scaffold,Random Forest
CC1(C)SC2C(NC(=O)C(N)c3ccc(N)cc3)C(=O)N2C1c1nnn[nH]1,O=C(Cc1ccccc1)NC1C(=O)N2C(c3nnn[nH]3)CSC12,-1.5700000524520874,-2.037956007729365,-0.4679559552772776,0.4679559552772776,val,scaffold,Random Forest
CC1(C)SC2C(NC(=O)C(N)c3ccc(O)cc3)C(=O)N2C1C(=O)O,O=C(Cc1ccccc1)NC1C(=O)N2CCSC12,-2.1700000762939453,-2.120469364804167,0.0495307114897785,0.0495307114897785,val,scaffold,Random Forest
CC1(C)SC2C(NC(=O)C(N)c3ccccc3)C(=O)N2C1C(=O)O,O=C(Cc1ccccc1)NC1C(=O)N2CCSC12,-1.9900000095367432,-1.9963251781319657,-0.0063251685952225856,0.0063251685952225856,val,scaffold,Random Forest
CC1(C)SC2C(NC(=O)COc3ccccc3)C(=O)N2C1C(=O)O,O=C(COc1ccccc1)NC1C(=O)N2CCSC12,-2.809999942779541,-2.544309288577478,0.26569065420206295,0.26569065420206295,val,scaffold,Random Forest
CC1(C)SC2C(NC(=O)Cc3ccccc3)C(=O)N2C1C(=O)O,O=C(Cc1ccccc1)NC1C(=O)N2CCSC12,-1.6299999952316284,-2.6095332610377815,-0.9795332658061531,0.9795332658061531,val,scaffold,Random Forest
CC1(C)SCC(COC(N)=O)S1,C1CSCS1,-2.2200000286102295,-1.714172942149233,0.5058270864609964,0.5058270864609964,val,scaffold,Random Forest
CC1(C)S[C@@H]2[C@H](N)C(=O)N2[C@H]1C(=O)O,O=C1CC2SCCN12,-1.944045066833496,-1.5431245229827963,0.40092054385069975,0.40092054385069975,val,scaffold,Random Forest
CC1(C)S[C@@H]2[C@H](NC(=O)[C@H](N)c3ccccc3)C(=O)N2[C@H]1C(=O)O,O=C(Cc1ccccc1)NC1C(=O)N2CCSC12,-1.5390164852142334,-1.9963251781319657,-0.45730869291773235,0.45730869291773235,val,scaffold,Random Forest
CC1(C2CCC3C4=CC=C5CC6(CCC5(C)C4CCC32C)OCCO6)OCCO1,C1=C2CC3(CCC2C2CCC4C(CCC4C4OCCO4)C2=C1)OCCO3,-6.700119495391846,-6.308490742844529,0.39162875254731677,0.39162875254731677,val,scaffold,Random Forest
CC1(O)CC(C)(O)OO1,C1COOC1,0.5714408159255981,0.19129309712742054,-0.3801477187981776,0.3801477187981776,val,scaffold,Random Forest
CC12C(=O)OC(=O)C1(C)C1CCC2O1,O=C1OC(=O)C2C3CCC(O3)C12,-3.819999933242798,-1.6199837751885282,2.20001615805427,2.20001615805427,val,scaffold,Random Forest
CC12C=CC(=O)C=C1CCC1C2C(=O)CC2(C)C1CCC2(O)C(=O)CO,O=C1C=CC2C(=C1)CCC1C3CCCC3CC(=O)C21,-3.4800000190734863,-3.34718768762738,0.1328123314461065,0.1328123314461065,val,scaffold,Random Forest
CC12C=CC(=O)C=C1CCC1C2CCC2(C)C(=O)CCC12,O=C1C=CC2C(=C1)CCC1C2CCC2C(=O)CCC21,-2.8204596042633057,-4.28327464659851,-1.4628150423352047,1.4628150423352047,val,scaffold,Random Forest
CC12C=CCC1C1CCC3CC(=O)CCC3(C)C1CC2,O=C1CCC2C(CCC3C4CC=CC4CCC23)C1,-6.070000171661377,-5.061759027278614,1.0082411443827626,1.0082411443827626,val,scaffold,Random Forest
CC12CC(C)(NC(=O)N1)NC(=O)N2,O=C1NC2CC(N1)NC(=O)N2,-2.0899999141693115,-1.528806343137272,0.5611935710320395,0.5611935710320395,val,scaffold,Random Forest
CC12CC1(C)C(=O)N(c1cc(Cl)cc(Cl)c1)C2=O,O=C1C2CC2C(=O)N1c1ccccc1,-4.800300121307373,-4.311446699744177,0.48885342156319567,0.48885342156319567,val,scaffold,Random Forest
CC12CCC(=O)C=C1CCC1C2C(=O)CC2(C)C1CCC2(O)C(=O)CO,O=C1C=C2CCC3C4CCCC4CC(=O)C3C2CC1,-3.109999895095825,-3.5199919855556785,-0.4099920904598533,0.4099920904598533,val,scaffold,Random Forest
CC12CCC(=O)C=C1CCC1C2CCC2(C)C(OC(=O)c3ccccc3)CCC12,O=C1C=C2CCC3C(CCC4C(OC(=O)c5ccccc5)CCC43)C2CC1,-4.480000019073486,-6.55592084710623,-2.0759208280327437,2.0759208280327437,val,scaffold,Random Forest
CC12CCC(=O)CC1CCC1C2CCC2(C)C(OC=O)CCC12,O=C1CCC2C(CCC3C4CCCC4CCC23)C1,-5.320000171661377,-4.64016211431824,0.6798380573431366,0.6798380573431366,val,scaffold,Random Forest
CC12CCC3(O)C(CCC4=CC(=O)CCC43C)C1CCC2=O,O=C1C=C2CCC3C4CCC(=O)C4CCC3C2CC1,-2.680000066757202,-3.8052861305181964,-1.1252860637609943,1.1252860637609943,val,scaffold,Random Forest
CC12CCC3C(CCC4=CC(=O)CCC43C)C1CCC2=O,O=C1C=C2CCC3C4CCC(=O)C4CCC3C2CC1,-3.700000047683716,-4.480882275501259,-0.7808822278175436,0.7808822278175436,val,scaffold,Random Forest
CC12CCC3C(CCC4CC(=O)CCC43C)C1CCC2O,O=C1CCC2C(CCC3C4CCCC4CCC23)C1,-4.739999771118164,-3.880663659276942,0.8593361118412219,0.8593361118412219,val,scaffold,Random Forest
CC12CCc3c(ccc4cc(O)ccc34)C1CCC2=O,O=C1CCC2c3ccc4ccccc4c3CCC12,-4.960000038146973,-4.618672937330348,0.341327100816625,0.341327100816625,val,scaffold,Random Forest
CC1=C(/C=C/C(C)=C/C=C/C(C)=C/C=C/C=C(C)/C=C/C=C(C)/C=C/C2=C(C)CCCC2(C)C)C(C)(C)CCC1,C(=CC=CC=CC=CC=CC1=CCCCC1)C=CC=CC=CC=CC1=CCCCC1,-7.553792476654053,-7.446920398861957,0.10687207779209551,0.10687207779209551,val,scaffold,Random Forest
CC1=C(C(=O)O)N2C(=O)C(N)C2SC1,O=C1CC2SCC=CN12,-3.0453553199768066,-1.3693333680115678,1.6760219519652388,1.6760219519652388,val,scaffold,Random Forest
CC1=C2C(O)C3C(CC(C)C2CC1=O)OC(=O)C3C,O=C1C=C2CC3CC(=O)OC3CCC2C1,-1.9500000476837158,-2.44410499128962,-0.4941049436059042,0.4941049436059042,val,scaffold,Random Forest
CC1=C2CC(C=O)C(C1)C(C(C)C)C2,C1=C2CCC(C1)CC2,-3.8508543968200684,-3.292010200389046,0.5588441964310222,0.5588441964310222,val,scaffold,Random Forest
CC1=C2[C@@H](O)[C@@H]3[C@H](C)C(=O)O[C@@H]3C[C@H](C)[C@H]2CC1=O,O=C1C=C2CC3CC(=O)OC3CCC2C1,-1.9450000524520874,-2.44410499128962,-0.4991049388375326,0.4991049388375326,val,scaffold,Random Forest
CC1=CC(=O)CC(=O)O1,O=C1C=COC(=O)C1,-1.118499994277954,-0.4914843598233967,0.6270156344545574,0.6270156344545574,val,scaffold,Random Forest
CC1=CC(=O)c2ccccc2C1=O,O=C1C=CC(=O)c2ccccc21,-3.031899929046631,-2.354146254281964,0.6777536747646669,0.6777536747646669,val,scaffold,Random Forest
CC1=CC=C[NH+2]([O-])C1,C1=CC[NH2+2]C=C1,0.9621000289916992,-0.37423291500523564,-1.336332943996935,1.336332943996935,val,scaffold,Random Forest
CC1=CCC(C(C)C)=CC1,C1=CCC=CC1,-4.195799827575684,-4.300787731560012,-0.10498790398432867,0.10498790398432867,val,scaffold,Random Forest
CC1=CCC2C(=O)OC(=O)C2C1,O=C1OC(=O)C2CC=CCC12,-1.099994421005249,-1.247320974402302,-0.14732655339705292,0.14732655339705292,val,scaffold,Random Forest
CC1=CCCN1C,C1=CNCC1,0.1264999955892563,-0.5608958561887126,-0.6873958517779689,0.6873958517779689,val,scaffold,Random Forest
CC1=NN(c2cc(Cl)c(S(=O)(=O)O)cc2Cl)C(=O)C1N=Nc1ccc(S(=O)(=O)O)cc1,O=C1C(N=Nc2ccccc2)C=NN1c1ccccc1,-0.6605427861213684,-2.9248132044535007,-2.2642704183321323,2.2642704183321323,val,scaffold,Random Forest
CC1=NN(c2ccc(S(=O)(=O)O)cc2)C(=O)C1N=Nc1ccccc1C(=O)O,O=C1C(N=Nc2ccccc2)C=NN1c1ccccc1,-1.4913150072097778,-1.7993195262413826,-0.30800451903160475,0.30800451903160475,val,scaffold,Random Forest
CC1=NN(c2ccccc2)C(=O)C1N=Nc1ccccc1,O=C1C(N=Nc2ccccc2)C=NN1c1ccccc1,-7.541446685791016,-4.048439093889384,3.4930075919016312,3.4930075919016312,val,scaffold,Random Forest
CC1C(=O)CCC2C(O)CCC(O)C12,O=C1CCC2CCCCC2C1,-0.30000001192092896,-1.627975509617709,-1.3279754976967801,1.3279754976967801,val,scaffold,Random Forest
CC1C(NC(=O)/C(=N\OC(C)(C)C(=O)O)c2csc(N)n2)C(=O)N1S(=O)(=O)O,N=C(C(=O)NC1CNC1=O)c1cscn1,-1.6399999856948853,-1.8581807648112707,-0.21818077911638545,0.21818077911638545,val,scaffold,Random Forest
CC1C=CCC2C(=O)OC(=O)C12,O=C1OC(=O)C2CC=CCC12,-0.7362684607505798,-1.3303266355360137,-0.5940581747854339,0.5940581747854339,val,scaffold,Random Forest
CC1CC(C)(C)OC(Cc2ccccc2)O1,c1ccc(CC2OCCCO2)cc1,-2.744685411453247,-3.620405976265374,-0.8757205648121271,0.8757205648121271,val,scaffold,Random Forest
CC1CC(C)(c2ccccc2)CO1,c1ccc(C2CCOC2)cc1,-2.4332380294799805,-3.357432466490641,-0.9241944370106605,0.9241944370106605,val,scaffold,Random Forest
CC1CC(C)C(=O)C(C(O)CC2CC(=O)NC(=O)C2)C1,O=C1CC(CCC2CCCCC2=O)CC(=O)N1,-1.1299999952316284,-2.0071988489575,-0.8771988537258717,0.8771988537258717,val,scaffold,Random Forest
CC1CCC(=O)N1c1ccccc1,O=C1CCCN1c1ccccc1,-0.8457000255584717,-2.1556864104147904,-1.3099863848563187,1.3099863848563187,val,scaffold,Random Forest
CC1CCC(C(C)C)C2(C1)OCC(CO)O2,C1CCC2(CC1)OCCO2,-2.279385566711426,-1.8711905805380036,0.4081949861734222,0.4081949861734222,val,scaffold,Random Forest
CC1CCC(C(C)C)c2nc(NS(=O)(=O)c3ccc(N)cc3)ncc21,O=S(=O)(Nc1ncc2c(n1)CCCC2)c1ccccc1,-4.179999828338623,-4.0200159609208965,0.15998386741772652,0.15998386741772652,val,scaffold,Random Forest
CC1CCC(C)C(=NO)C1=NO,N=C1CCCCC1=N,-1.3200000524520874,-1.8337875852104832,-0.5137875327583958,0.5137875327583958,val,scaffold,Random Forest
CC1CCC2(CCC(C)O2)O1,C1COC2(C1)CCCO2,-0.4487000107765198,-1.7401457897201609,-1.291445778943641,1.291445778943641,val,scaffold,Random Forest
CC1CCCC(=NO)C1=NO,N=C1CCCCC1=N,-1.591599941253662,-1.6870895633271523,-0.09548962207349021,0.09548962207349021,val,scaffold,Random Forest
CC1CCCC(OC2CCCC(C)O2)O1,C1CCC(OC2CCCCO2)OC1,-1.108299970626831,-3.4802425173318823,-2.3719425467050512,2.3719425467050512,val,scaffold,Random Forest
CC1CCCCCCCCCCCCC(=O)C1,O=C1CCCCCCCCCCCCCC1,-5.743865013122559,-5.719669039342139,0.0241959737804196,0.0241959737804196,val,scaffold,Random Forest
CC1CCc2c(N3CCC(O)CC3)c(F)cc3c(=O)c(C(=O)O)cn1c23,O=c1ccn2c3c(c(N4CCCCC4)ccc13)CCC2,-3.7799999713897705,-3.5837214760742686,0.1962784953155019,0.1962784953155019,val,scaffold,Random Forest
CC1CN(c2c(F)c(N)c3c(=O)c(C(=O)O)cn(C4CC4)c3c2F)CC(C)N1,O=c1ccn(C2CC2)c2cc(N3CCNCC3)ccc12,-3.369999885559082,-4.266612527074086,-0.896612641515004,0.896612641515004,val,scaffold,Random Forest
CC1COC2CC3(C)C(CC4C5C=C6CC(O)CCC6(C)CC5CCC43C)OC2C1,C1=C2CCCCC2CC2CCC3C4CC5OCCCC5OC4CC3C12,-7.320000171661377,-6.730715308388074,0.5892848632733028,0.5892848632733028,val,scaffold,Random Forest
CC1COCc2cc3c(cc21)C(C)(C)C(C)C3(C)C,c1c2c(cc3c1CCOC3)CCC2,-5.169300079345703,-5.341927537185074,-0.17262745783937117,0.17262745783937117,val,scaffold,Random Forest
CC1NC(=O)c2ccccc2N(CC(O)C(O)C(O)CO)C1=O,O=C1CNC(=O)c2ccccc2N1,-1.5099999904632568,-1.7074518177365072,-0.1974518272732504,0.1974518272732504,val,scaffold,Random Forest
CC1NC(=O)c2ccccc2NC1=O,O=C1CNC(=O)c2ccccc2N1,-2.380000114440918,-1.8293648510145273,0.5506352634263907,0.5506352634263907,val,scaffold,Random Forest
CC1OC(C)OC(C)OC(C)O1,C1OCOCOCO1,-2.8996999263763428,-1.0060280097994418,1.893671916576901,1.893671916576901,val,scaffold,Random Forest
CC1OC(n2ccc(NC(=O)c3ccc(NC(=O)C(C)(N)CO)cc3)nc2=O)CCC1OC1OC(C)C(N(C)C)C(O)C1O,O=C(Nc1ccn(C2CCC(OC3CCCCO3)CO2)c(=O)n1)c1ccccc1,-2.4904000759124756,-2.0943722569465852,0.39602781896589034,0.39602781896589034,val,scaffold,Random Forest
CCC(=C(CC)c1ccc(O)cc1)c1ccc(O)cc1,C(=Cc1ccccc1)c1ccccc1,-4.349999904632568,-4.886302090874109,-0.5363021862415405,0.5363021862415405,val,scaffold,Random Forest
CCC(=O)N(c1ccccc1)C1(COC)CCN(CCc2cccs2)CC1,c1ccc(NC2CCN(CCc3cccs3)CC2)cc1,-3.706399917602539,-4.451011143713874,-0.7446112261113349,0.7446112261113349,val,scaffold,Random Forest
CCC(=O)N(c1ccccc1)C1CCN(Cc2ccccc2)CC1,c1ccc(CN2CCC(Nc3ccccc3)CC2)cc1,-3.415043354034424,-4.128092736852451,-0.7130493828180269,0.7130493828180269,val,scaffold,Random Forest
CCC(C)(C)C1CCC(=NO)C(=NO)C1,N=C1CCCCC1=N,-3.9651999473571777,-2.9210781504436145,1.0441217969135632,1.0441217969135632,val,scaffold,Random Forest
CCC(C)C1NC(=O)C(Cc2c[nH]c3ccccc23)NC(=O)C2CCCN2C(=O)C(Cc2c[nH]cn2)NC(=O)C2CCCCN2C(=O)C2CCC=NN2C1=O,O=C1NCC(=O)N2N=CCCC2C(=O)N2CCCCC2C(=O)NC(Cc2c[nH]cn2)C(=O)N2CCCC2C(=O)NC1Cc1c[nH]c2ccccc12,-2.5999999046325684,-2.619877569311692,-0.01987766467912344,0.01987766467912344,val,scaffold,Random Forest
CCC/C(=N\OCC)C1=C(O)CC(C2CCCSC2)CC1=O,O=C1C=CCC(C2CCCSC2)C1,-3.5799999237060547,-4.390168951429547,-0.8101690277234921,0.8101690277234921,val,scaffold,Random Forest
CCC1(C)OC(=O)NC1=O,O=C1COC(=O)N1,0.0203000009059906,-0.8844689151163048,-0.9047689160222954,0.9047689160222954,val,scaffold,Random Forest
CCC1(C)OOC(C)(CC)OOC(C)(CC)OO1,C1OOCOOCOO1,-4.3048553466796875,-3.856670216068666,0.4481851306110216,0.4481851306110216,val,scaffold,Random Forest
CCC1(C2=CCC3CCC2C3)C(=O)NC(=O)NC1=O,O=C1NC(=O)C(C2=CCC3CCC2C3)C(=O)N1,-2.696000099182129,-2.971591838871055,-0.27559173968892603,0.27559173968892603,val,scaffold,Random Forest
CCC1(CC=C2CCCc3cc(OC)ccc32)C(=O)CCC1O,O=C1CCCC1CC=C1CCCc2ccccc21,-4.122768878936768,-4.645392756327022,-0.5226238773902541,0.5226238773902541,val,scaffold,Random Forest
CCC1(CO)COCOC1,C1COCOC1,0.8350942134857178,0.33127901799524684,-0.5038151954904709,0.5038151954904709,val,scaffold,Random Forest
CCC1(N2CCCCC2)C(=O)NC(=O)NC1=O,O=C1NC(=O)C(N2CCCCC2)C(=O)N1,-2.1561999320983887,-2.0670974004528126,0.08910253164557602,0.08910253164557602,val,scaffold,Random Forest
CCC1(c2ccccc2)C(=O)NC(=S)NC1=O,O=C1NC(=S)NC(=O)C1c1ccccc1,-3.5799999237060547,-2.5706902699029888,1.009309653803066,1.009309653803066,val,scaffold,Random Forest
CCC1(c2ccccc2)C(=O)NCNC1=O,O=C1NCNC(=O)C1c1ccccc1,-2.640000104904175,-1.9953740985484778,0.644626006355697,0.644626006355697,val,scaffold,Random Forest
CCC1(c2ccccc2)NC(=O)NC1=O,O=C1NC(=O)C(c2ccccc2)N1,-2.640000104904175,-1.8601665803860465,0.7798335245181283,0.7798335245181283,val,scaffold,Random Forest
CCC12CC[C@H]3[C@@H](CCC4=CC(=O)CC[C@@H]43)[C@@H]1CCC2=O,O=C1C=C2CCC3C4CCC(=O)C4CCC3C2CC1,-3.732719898223877,-4.599284634549469,-0.8665647363255919,0.8665647363255919,val,scaffold,Random Forest
CCC1CCC(=NO)C(=NO)C1,N=C1CCCCC1=N,-1.8300000429153442,-1.885460164319206,-0.055460121403861695,0.055460121403861695,val,scaffold,Random Forest
CCC1NC(=O)c2cc(S(N)(=O)=O)c(Cl)cc2N1,O=C1NCNc2ccccc21,-3.285900115966797,-2.905016595469855,0.38088352049694185,0.38088352049694185,val,scaffold,Random Forest
CCCC1CCC(C2CCC(c3ccc(-c4cc(F)c(F)c(F)c4)c(F)c3)CC2)CC1,c1ccc(-c2ccc(C3CCC(C4CCCCC4)CC3)cc2)cc1,-6.636031150817871,-7.447184903319594,-0.8111537525017232,0.8111537525017232,val,scaffold,Random Forest
CCCC1CCC(c2ccc(-c3ccc(CC)cc3)cc2)CC1,c1ccc(-c2ccc(C3CCCCC3)cc2)cc1,-7.185390472412109,-7.117174647684669,0.06821582472744048,0.06821582472744048,val,scaffold,Random Forest
CCCCC(CC)COP(=O)(Oc1ccccc1)Oc1ccccc1,O=[PH](Oc1ccccc1)Oc1ccccc1,-5.280399799346924,-5.439701452643746,-0.1593016532968221,0.1593016532968221,val,scaffold,Random Forest
CCCCC(Cc1cc(C(C)(C)C)c(O)c(C(C)(C)C)c1)(C(=O)OC1CC(C)(C)N(C)C(C)(C)C1)C(=O)OC1CC(C)(C)N(C)C(C)(C)C1,O=C(OC1CCNCC1)C(Cc1ccccc1)C(=O)OC1CCNCC1,-5.835720539093018,-7.073377673993665,-1.2376571349006475,1.2376571349006475,val,scaffold,Random Forest
CCCCC1OC(C)CC(C)(C)O1,C1COCOC1,-2.4532973766326904,-3.2965071200662206,-0.8432097434335302,0.8432097434335302,val,scaffold,Random Forest
CCCCCCCCCCCCCCCC(=O)O[C@@H]1C[C@@H](C(=O)O)N(C(=O)CCCCCCCCCCCCCCC)C1,C1CCNC1,-5.783875942230225,-6.726190235737536,-0.9423142935073114,0.9423142935073114,val,scaffold,Random Forest
CCCCCCCCCCCCCCCCCCn1c(=O)c2ccc3sc4ccccc4c4ccc(c1=O)c2c34,O=c1[nH]c(=O)c2ccc3c4ccccc4sc4ccc1c2c43,-7.966789245605469,-6.765271853611116,1.2015173919943525,1.2015173919943525,val,scaffold,Random Forest
CCCCCCCCCCCCCCCCOc1ccccc1C(=O)CC(=O)Nc1nc(-c2ccccc2)cs1,O=C(CC(=O)c1ccccc1)Nc1nc(-c2ccccc2)cs1,-4.8472795486450195,-6.955210007739214,-2.1079304590941943,2.1079304590941943,val,scaffold,Random Forest
CCCCCCCCCCCCCCCC[n+]1ccccc1,c1cc[nH+]cc1,-0.48614954948425293,-6.255672907973191,-5.7695233584889385,5.7695233584889385,val,scaffold,Random Forest
CCCCCCCCCCCC[n+]1ccccc1,c1cc[nH+]cc1,-0.4539105296134949,-5.405861232358986,-4.951950702745491,4.951950702745491,val,scaffold,Random Forest
CCCCCCCCN=c1ccn(CCCCCCCCCCn2ccc(=NCCCCCCCC)cc2)cc1,N=c1ccn(CCCCCCCCCCn2ccc(=N)cc2)cc1,-1.6427862644195557,-6.865053659017256,-5.222267394597701,5.222267394597701,val,scaffold,Random Forest
CCCCCCCCOP(=O)(Oc1ccccc1)Oc1ccccc1,O=[PH](Oc1ccccc1)Oc1ccccc1,-6.413099765777588,-5.327346468412807,1.0857532973647812,1.0857532973647812,val,scaffold,Random Forest
CCCCCCOc1ccc(-c2nc(-c3ccccc3)nc(-c3ccccc3)n2)c(O)c1,c1ccc(-c2nc(-c3ccccc3)nc(-c3ccccc3)n2)cc1,-9.151810646057129,-6.271521498848206,2.8802891472089227,2.8802891472089227,val,scaffold,Random Forest
CCCCCCOc1ccc(C(=NO)c2ccccc2)c(O)c1,N=C(c1ccccc1)c1ccccc1,-3.4700000286102295,-4.661030637773631,-1.191030609163401,1.191030609163401,val,scaffold,Random Forest
CCCCN(c1nc(NCCCN(CCN(CCCNc2nc(N(CCCC)C3CC(C)(C)N(C)C(C)(C)C3)nc(N(CCCC)C3CC(C)(C)N(C)C(C)(C)C3)n2)c2nc(N(CCCC)C3CC(C)(C)N(C)C(C)(C)C3)nc(N(CCCC)C3CC(C)(C)N(C)C(C)(C)C3)n2)c2nc(N(CCCC)C3CC(C)(C)N(C)C(C)(C)C3)nc(N(CCCC)C3CC(C)(C)N(C)C(C)(C)C3)n2)nc(N(CCCC)C2CC(C)(C)N(C)C(C)(C)C2)n1)C1CC(C)(C)N(C)C(C)(C)C1,C(CNc1nc(NC2CCNCC2)nc(NC2CCNCC2)n1)CN(CCN(CCCNc1nc(NC2CCNCC2)nc(NC2CCNCC2)n1)c1nc(NC2CCNCC2)nc(NC2CCNCC2)n1)c1nc(NC2CCNCC2)nc(NC2CCNCC2)n1,-5.359014511108398,-7.0836835273099785,-1.72466901620158,1.72466901620158,val,scaffold,Random Forest
CCCCNC(=O)n1c(NC(=O)OC)nc2ccccc21,c1ccc2[nH]cnc2c1,-4.860000133514404,-3.414083079149563,1.4459170543648412,1.4459170543648412,val,scaffold,Random Forest
CCCCOC(=O)C(C)Oc1ccc(Oc2ccc(C(F)(F)F)cn2)cc1,c1ccc(Oc2ccccn2)cc1,-5.583600044250488,-6.154216359580646,-0.5706163153301578,0.5706163153301578,val,scaffold,Random Forest
CCCCOC(=O)[C@@H](C)Oc1ccc(Oc2ccc(C(F)(F)F)cn2)cc1,c1ccc(Oc2ccccn2)cc1,-5.282599925994873,-6.154216359580646,-0.871616433585773,0.871616433585773,val,scaffold,Random Forest
CCCCOC1=CC(=O)C2(Oc3c(Cl)c(OC)cc(OC)c3C2=O)C(C)C1,O=C1C=CCCC12Oc1ccccc1C2=O,-5.400000095367432,-4.8366696714893695,0.5633304238780621,0.5633304238780621,val,scaffold,Random Forest
CCCCc1nc(Cl)c(CO)n1Cc1ccc(-c2ccccc2-c2nn[nH]n2)cc1,c1ccc(-c2nn[nH]n2)c(-c2ccc(Cn3ccnc3)cc2)c1,-4.945016860961914,-4.8708821984127395,0.07413466254917456,0.07413466254917456,val,scaffold,Random Forest
CCCCc1nc(Cl)c(CO)n1Cc1ccc(-c2ccccc2-c2nnn(C(c3ccccc3)(c3ccccc3)c3ccccc3)n2)cc1,c1ccc(C(c2ccccc2)(c2ccccc2)n2nnc(-c3ccccc3-c3ccc(Cn4ccnc4)cc3)n2)cc1,-6.461251258850098,-6.886784061710594,-0.4255328028604968,0.4255328028604968,val,scaffold,Random Forest
CCCN(CC)CC1COC2(CCC(C(C)(C)C)CC2)O1,C1CCC2(CC1)OCCO2,-2.8013999462127686,-4.682098477866979,-1.8806985316542102,1.8806985316542102,val,scaffold,Random Forest
CCCN(CC1CC1)c1c([N+](=O)[O-])cc(C(F)(F)F)cc1[N+](=O)[O-],c1ccc(NCC2CC2)cc1,-6.5406999588012695,-5.840475315989522,0.7002246428117473,0.7002246428117473,val,scaffold,Random Forest
CCCOC(=O)n1c(-c2cscn2)nc2ccccc21,c1ccc2[nH]c(-c3cscn3)nc2c1,-3.5199999809265137,-4.243923017920639,-0.7239230369941252,0.7239230369941252,val,scaffold,Random Forest
CCCOC1=CC(=O)C2(Oc3c(Cl)c(OC)cc(OC)c3C2=O)C(C)C1,O=C1C=CCCC12Oc1ccccc1C2=O,-5.21999979019165,-4.653423999727954,0.5665757904636965,0.5665757904636965,val,scaffold,Random Forest
CCCOc1ccc2c(c1)C(c1ccc(OC)cc1OCC(=O)O)C(C(=O)O)C2c1ccc2c(c1)OCO2,c1ccc(C2CC(c3ccc4c(c3)OCO4)c3ccccc32)cc1,-6.769999980926514,-5.584561141836894,1.1854388390896196,1.1854388390896196,val,scaffold,Random Forest
CCCSc1ccc2[nH]c(NC(=O)OC)nc2c1,c1ccc2[nH]cnc2c1,-4.21999979019165,-3.922521610821994,0.29747817936965637,0.29747817936965637,val,scaffold,Random Forest
CCCc1nc(C)c2c(=O)nc(-c3cc(S(=O)(=O)N4CCN(CC)CC4)ccc3OCC)[nH]n12,O=c1nc(-c2cccc(S(=O)(=O)N3CCNCC3)c2)[nH]n2cncc12,-4.843867778778076,-3.691427110585468,1.1524406681926083,1.1524406681926083,val,scaffold,Random Forest
CCN(C(=O)CNC)C1CC(C)S(=O)(=O)c2sc(S(N)(=O)=O)cc21,O=S1(=O)CCCc2ccsc21,-1.2100000381469727,-2.334402696184202,-1.1244026580372295,1.1244026580372295,val,scaffold,Random Forest
CCN(C(=O)N(CC)c1ccccc1)c1ccccc1,O=C(Nc1ccccc1)Nc1ccccc1,-3.525627851486206,-4.340946126192477,-0.8153182747062706,0.8153182747062706,val,scaffold,Random Forest
CCN(C(=O)Oc1cccc(NC(=O)OC(C)C)c1)c1ccccc1,O=C(Nc1ccccc1)Oc1ccccc1,-5.057400226593018,-5.028775767715676,0.02862445887734122,0.02862445887734122,val,scaffold,Random Forest
CCN(C(=O)n1nnn(-c2ccccc2Cl)c1=O)C1CCCCC1,O=C(NC1CCCCC1)n1nnn(-c2ccccc2)c1=O,-5.18209981918335,-3.7460639212981612,1.4360358978851884,1.4360358978851884,val,scaffold,Random Forest
CCN(CC)C(=O)CSc1ccc(Cl)nn1,c1ccnnc1,-1.7156000137329102,-2.5493003199707807,-0.8337003062378705,0.8337003062378705,val,scaffold,Random Forest
CCN(CC)C(=O)NC1C=C2c3cccc4[nH]c(Br)c(c34)CC2N(C)C1,C1=C2c3cccc4[nH]cc(c34)CC2NCC1,-4.380000114440918,-4.376691237782438,0.003308876658479676,0.003308876658479676,val,scaffold,Random Forest
CCN(CC)CCCNc1nc(NCCCN(CC)CC)nc(Nc2ccc3c(O)c(N=Nc4ccc5[nH]c(=O)[nH]c5c4)c(S(=O)(=O)O)cc3c2)n1,O=c1[nH]c2ccc(N=Nc3ccc4cc(Nc5ncncn5)ccc4c3)cc2[nH]1,-0.6404340863227844,-1.5702001949394193,-0.9297661086166349,0.9297661086166349,val,scaffold,Random Forest
CCN(CC)CCSc1nnc2[nH]c3ccccc3c2n1,c1ccc2c(c1)[nH]c1nncnc12,-3.0899999141693115,-3.5437643779338046,-0.4537644637644931,0.4537644637644931,val,scaffold,Random Forest
CCN(CC)Cc1cc(Nc2ccnc3cc(Cl)ccc23)ccc1O,c1ccc(Nc2ccnc3ccccc23)cc1,-5.789999961853027,-5.0257120574852285,0.7642879043677988,0.7642879043677988,val,scaffold,Random Forest
CCN(CC)c1ccc2cc(-c3nc4cc(Cl)ccc4o3)c(=O)oc2c1,O=c1oc2ccccc2cc1-c1nc2ccccc2o1,-7.487633228302002,-5.695757204656561,1.7918760236454405,1.7918760236454405,val,scaffold,Random Forest
CCN(CC)c1ccc2cc(-c3nc4cc(S(N)(=O)=O)ccc4o3)c(=O)oc2c1,O=c1oc2ccccc2cc1-c1nc2ccccc2o1,-7.831098556518555,-3.8591963112457166,3.971902245272838,3.971902245272838,val,scaffold,Random Forest
CCN(CC[n+]1ccccc1)c1ccc(N=Nc2ccc([N+](=O)[O-])cc2Cl)cc1,c1ccc(N=Nc2ccc(NCC[n+]3ccccc3)cc2)cc1,-1.5218900442123413,-4.9727331713386,-3.4508431271262587,3.4508431271262587,val,scaffold,Random Forest
CCN(Cc1c(F)cccc1Cl)c1c([N+](=O)[O-])cc(C(F)(F)F)cc1[N+](=O)[O-],c1ccc(CNc2ccccc2)cc1,-6.625,-5.831876167431354,0.7931238325686456,0.7931238325686456,val,scaffold,Random Forest
CCN(Cc1cccc(S(=O)(=O)O)c1)c1ccc(N=Nc2ccc(N=Nc3cccc(S(=O)(=O)O)c3)c3ccccc23)cc1,c1ccc(CNc2ccc(N=Nc3ccc(N=Nc4ccccc4)c4ccccc34)cc2)cc1,0.17154376208782196,-0.9949817708016488,-1.1665255328894708,1.1665255328894708,val,scaffold,Random Forest
CCN(Cc1ccncc1)C(=O)C(CO)c1ccccc1,O=C(Cc1ccccc1)NCc1ccncc1,-1.7000000476837158,-2.440671625036175,-0.740671577352459,0.740671577352459,val,scaffold,Random Forest
CCN1CCN(c2cc3c(cc2F)c(=O)c(C(=O)O)cn3C2CC2)CC1,O=c1ccn(C2CC2)c2cc(N3CCNCC3)ccc12,-3.180000066757202,-4.016808723174231,-0.8368086564170287,0.8368086564170287,val,scaffold,Random Forest
CCN1C[C@]2(COC)[C@H](O)C[C@H](OC)[C@]34C1[C@H]([C@H](OC)[C@H]23)[C@]1(OC(C)=O)[C@H]2[C@@H](OC(=O)c3ccccc3)[C@](O)(C[C@H]24)[C@@H](OC)[C@@H]1O,O=C(OC1C2CCC3C4CC5C6CCCC5(C(C2)C31)C4NC6)c1ccccc1,-3.318700075149536,-2.3080607795302974,1.0106392956192387,1.0106392956192387,val,scaffold,Random Forest
CCN1c2ncccc2C(=S)N(C)c2cccnc21,S=C1Nc2cccnc2Nc2ncccc21,-4.633999824523926,-3.5584120411322187,1.0755877833917071,1.0755877833917071,val,scaffold,Random Forest
CCNCc1cc2cc(S(N)(=O)=O)oc2s1,c1cc2ccsc2o1,-1.0399999618530273,-2.6946392111707027,-1.6546392493176754,1.6546392493176754,val,scaffold,Random Forest
CCNc1nc(=O)nc(NC(C)C)[nH]1,O=c1nc[nH]cn1,-4.524099826812744,-2.4167421673330467,2.1073576594796974,2.1073576594796974,val,scaffold,Random Forest
CCOC(=O)/C(=N/Nc1ccc([N+](=O)[O-])cc1)C(=O)c1nn2c(nc(=O)c3ccccc32)s1,O=C(C=NNc1ccccc1)c1nn2c(nc(=O)c3ccccc32)s1,-2.221633195877075,-4.044288300244868,-1.8226551043677928,1.8226551043677928,val,scaffold,Random Forest
CCOC(=O)C(C)Oc1ccc(Oc2nc3ccc(Cl)cc3o2)cc1,c1ccc(Oc2nc3ccccc3o2)cc1,-5.6041998863220215,-5.613993581993867,-0.009793695671845626,0.009793695671845626,val,scaffold,Random Forest
CCOC(=O)C(CCc1ccccc1)NC(C)C(=O)N1CCCC1C(=O)O,O=C(CNCCCc1ccccc1)N1CCCC1,-1.1799999475479126,-2.3396184133305438,-1.1596184657826312,1.1596184657826312,val,scaffold,Random Forest
CCOC(=O)C1=C(COCCN2C(=O)c3ccccc3C2=O)NC(C)=C(C(=O)OC)C1c1ccccc1Cl,O=C1c2ccccc2C(=O)N1CCOCC1=CC(c2ccccc2)C=CN1,-4.501126766204834,-4.987620826384968,-0.4864940601801342,0.4864940601801342,val,scaffold,Random Forest
CCOC(=O)CN=C(c1ccccc1)c1ccccc1,N=C(c1ccccc1)c1ccccc1,-3.42704439163208,-3.5302465639007132,-0.10320217226863315,0.10320217226863315,val,scaffold,Random Forest
CCOC(=O)Cn1c(=O)sc2cccc(Cl)c21,O=c1[nH]c2ccccc2s1,-3.76200008392334,-3.155505746831259,0.606494337092081,0.606494337092081,val,scaffold,Random Forest
CCOC(=O)N1CCC(=O)CC1,O=C1CCNCC1,0.7665063738822937,-0.9059514947179012,-1.672457868600195,1.672457868600195,val,scaffold,Random Forest
CCOC(=O)N1CCN(CN2CCN(C(=O)OCC)CC2)CC1,C1CN(CN2CCNCC2)CCN1,-0.8442999720573425,-1.6826946244527188,-0.8383946523953762,0.8383946523953762,val,scaffold,Random Forest
CCOC(=O)Nc1ccc2c(c1)N(C(=O)CCN1CCOCC1)c1ccccc1S2,O=C(CCN1CCOCC1)N1c2ccccc2Sc2ccccc21,-3.9000000953674316,-4.536276620239154,-0.6362765248717226,0.6362765248717226,val,scaffold,Random Forest
CCOC(=O)Nc1cccc(OC(=O)Nc2ccccc2)c1,O=C(Nc1ccccc1)Oc1ccccc1,-4.519999980926514,-4.535905220133287,-0.015905239206773558,0.015905239206773558,val,scaffold,Random Forest
CCOC(=O)[C@@H](C)Oc1ccc(Oc2nc3ccc(Cl)cc3o2)cc1,c1ccc(Oc2nc3ccccc3o2)cc1,-5.6041998863220215,-5.613993581993867,-0.009793695671845626,0.009793695671845626,val,scaffold,Random Forest
CCOC(=O)[C@H](CCc1ccccc1)N[C@@H](C)C(=O)N1CCC[C@H]1C(=O)O,O=C(CNCCCc1ccccc1)N1CCCC1,-1.3609000444412231,-2.3396184133305438,-0.9787183688893206,0.9787183688893206,val,scaffold,Random Forest
CCOC(=O)c1ccc(NS(=O)(=O)c2ccccc2)nc1,O=S(=O)(Nc1ccccn1)c1ccccc1,-4.239999771118164,-3.273512944023587,0.966486827094577,0.966486827094577,val,scaffold,Random Forest
CCOC(=O)c1ccccc1S(=O)(=O)NC(=O)Nc1nc(Cl)cc(OC)n1,O=C(Nc1ncccn1)NS(=O)(=O)c1ccccc1,-4.579999923706055,-3.6351446532571003,0.9448552704489543,0.9448552704489543,val,scaffold,Random Forest
CCOC(=O)c1ccccc1S(=O)(=O)NN(C=O)c1nc(Cl)cc(OC)n1,O=S(=O)(NNc1ncccn1)c1ccccc1,-4.576000213623047,-3.3531568686367064,1.2228433449863405,1.2228433449863405,val,scaffold,Random Forest
CCOC(=O)c1cnc(=S)[nH]c1,S=c1nccc[nH]1,-1.7400000095367432,-1.8864780101960699,-0.1464780006593267,0.1464780006593267,val,scaffold,Random Forest
CCOC(=O)c1nn(-c2ccc(OC)cc2)c2c1CCN(c1ccc([N+](=O)[O-])cc1)C2=O,O=C1c2c(cnn2-c2ccccc2)CCN1c1ccccc1,-6.618719100952148,-4.488034297048335,2.1306848039038133,2.1306848039038133,val,scaffold,Random Forest
CCOC(=O)n1c(-c2cscn2)nc2ccccc21,c1ccc2[nH]c(-c3cscn3)nc2c1,-2.9200000762939453,-3.8914859417270113,-0.971485865433066,0.971485865433066,val,scaffold,Random Forest
CCOC1=C([N+](=O)[O-])CN(C(C)C)C1=O,O=C1C=CCN1,-4.329999923706055,-2.197107108424226,2.1328928152818287,2.1328928152818287,val,scaffold,Random Forest
CCOC1=CC(=O)C2(Oc3c(Cl)c(OC)cc(OC)c3C2=O)C(C)C1,O=C1C=CCCC12Oc1ccccc1C2=O,-4.599999904632568,-4.591214013905513,0.008785890727055268,0.008785890727055268,val,scaffold,Random Forest
CCOCCCNS(=O)(=O)c1ccc(Oc2cc(O)c3c(c2N)C(=O)c2ccccc2C3=O)cc1,O=C1c2ccccc2C(=O)c2cc(Oc3ccccc3)ccc21,-4.787469863891602,-4.603612855008689,0.1838570088829128,0.1838570088829128,val,scaffold,Random Forest
CCOCCNCc1cc2cc(S(N)(=O)=O)oc2s1,c1cc2ccsc2o1,-0.9200000166893005,-2.7703660703287727,-1.8503660536394722,1.8503660536394722,val,scaffold,Random Forest
CCOCCOC(=O)C(C)Oc1ccc(Oc2ncc(C(F)(F)F)cc2Cl)cc1,c1ccc(Oc2ccccn2)cc1,-5.873899936676025,-5.782907573342195,0.09099236333383054,0.09099236333383054,val,scaffold,Random Forest
CCONC(=O)c1cn(C)c(=O)c(C)c1Nc1ccc(Br)cc1F,O=c1cc(Nc2ccccc2)cc[nH]1,-3.819999933242798,-4.098455083405481,-0.2784551501626833,0.2784551501626833,val,scaffold,Random Forest
CCONC(=O)c1cn(C)c(=O)c(F)c1Nc1ccc(Br)cc1F,O=c1cc(Nc2ccccc2)cc[nH]1,-4.190000057220459,-4.006205732719323,0.18379432450113597,0.18379432450113597,val,scaffold,Random Forest
CCOP(=O)(N=C1SCC(C)S1)OCC,N=C1SCCS1,-3.6744000911712646,-2.0139234985687127,1.660476592602552,1.660476592602552,val,scaffold,Random Forest
CCOP(=O)(N=C1SCCS1)OCC,N=C1SCCS1,-2.594099998474121,-1.783648534389519,0.8104514640846021,0.8104514640846021,val,scaffold,Random Forest
CCOP(=O)(OCC)Oc1cc(C)[nH]n1,c1cn[nH]c1,-2.3696000576019287,-2.649119545379791,-0.2795194877778622,0.2795194877778622,val,scaffold,Random Forest
CCOP(=O)(Oc1ccc(Cl)cc1Cl)Oc1ccc(Cl)cc1Cl,O=[PH](Oc1ccccc1)Oc1ccccc1,-5.77400016784668,-5.660243536019135,0.11375663182754447,0.11375663182754447,val,scaffold,Random Forest
CCOP(=S)(Oc1ccc(C#N)cc1)c1ccccc1,S=[PH](Oc1ccccc1)c1ccccc1,-5.703700065612793,-3.988037198947703,1.71566286666509,1.71566286666509,val,scaffold,Random Forest
CCOP(=S)(Oc1ccc([N+](=O)[O-])cc1)c1ccccc1,S=[PH](Oc1ccccc1)c1ccccc1,-5.016900062561035,-4.393840191075262,0.6230598714857729,0.6230598714857729,val,scaffold,Random Forest
CCOc1ccc(C(C)(C)COCc2cccc(Oc3ccccc3)c2)cc1,c1ccc(CCOCc2cccc(Oc3ccccc3)c2)cc1,-8.575799942016602,-6.256667221576786,2.319132720439816,2.319132720439816,val,scaffold,Random Forest
CCOc1ccc(C)cc1N=Nc1ccc(N=Nc2cccc(S(=O)(=O)O)c2)c2ccccc12,c1ccc(N=Nc2ccc(N=Nc3ccccc3)c3ccccc23)cc1,-1.8471355438232422,-1.4491525655574018,0.3979829782658404,0.3979829782658404,val,scaffold,Random Forest
CCOc1ccc(NC(=O)Nc2ccc(OCC)cc2)cc1,O=C(Nc1ccccc1)Nc1ccccc1,-4.440000057220459,-4.541050103719425,-0.10105004649896632,0.10105004649896632,val,scaffold,Random Forest
CCOc1ccccc1NC(=O)C(=O)Nc1ccc(CCCCCCCCCC(C)C)cc1,O=C(Nc1ccccc1)C(=O)Nc1ccccc1,-6.099449634552002,-6.510516538731398,-0.4110669041793962,0.4110669041793962,val,scaffold,Random Forest
CCOc1ccccc1NC(=O)C(=O)Nc1ccccc1CC,O=C(Nc1ccccc1)C(=O)Nc1ccccc1,-6.017546653747559,-3.804979008346204,2.2125676454013545,2.2125676454013545,val,scaffold,Random Forest
CCOc1ccccc1OS(=O)(=O)NC(=O)Nc1nc(OC)cc(OC)n1,O=C(Nc1ncccn1)NS(=O)(=O)Oc1ccccc1,-4.185299873352051,-3.6157002782318264,0.5695995951202244,0.5695995951202244,val,scaffold,Random Forest
CCOc1nc(C(Cl)(Cl)Cl)ns1,c1ncsn1,-3.3254001140594482,-3.445927002436584,-0.12052688837713577,0.12052688837713577,val,scaffold,Random Forest
CCOc1nc(F)cc2nc(S(=O)(=O)Nc3c(Cl)cccc3C(=O)OC)nn12,O=S(=O)(Nc1ccccc1)c1nc2ccncn2n1,-4.429200172424316,-3.647919558835635,0.7812806135886814,0.7812806135886814,val,scaffold,Random Forest
CCOc1nsc(N)n1,c1ncsn1,-0.6514000296592712,-1.2804264556364746,-0.6290264259772034,0.6290264259772034,val,scaffold,Random Forest
CCSC(=O)N1CCCCCC1,C1CCCNCC1,-2.285799980163574,-2.8696423941559437,-0.5838424139923695,0.5838424139923695,val,scaffold,Random Forest
CC[C@H]1OC[C@@H](COc2ccc(Oc3ccccc3)cc2)O1,c1ccc(Oc2ccc(OCC3COCO3)cc2)cc1,-4.787399768829346,-4.694205279977078,0.09319448885226755,0.09319448885226755,val,scaffold,Random Forest
CC[C@]12CCC3=C(CCc4cc(OC)ccc43)[C@@H]1CCC2=O,O=C1CCC2C3=C(CCC12)c1ccccc1CC3,-4.772922992706299,-5.164009213654061,-0.3910862209477619,0.3910862209477619,val,scaffold,Random Forest
CC[C@]12CC[C@@H]3C4=C(CC[C@H]3[C@@H]1CC[C@@H]2O)CC(OC)=CC4,C1=CCC2=C(C1)CCC1C2CCC2CCCC21,-4.702513694763184,-4.759655338785538,-0.05714164402235422,0.05714164402235422,val,scaffold,Random Forest
CC[N+]1(C)CCCC1,C1CC[NH2+]C1,1.4101871252059937,-1.7423081313434337,-3.152495256549427,3.152495256549427,val,scaffold,Random Forest
CCc1c[nH]c(=O)nc1N,O=c1nccc[nH]1,-1.019700050354004,-1.248483181879407,-0.2287831315254032,0.2287831315254032,val,scaffold,Random Forest
CCc1cc(C)cc(CC)c1Nc1ccc(Nc2c(CC)cc(C)cc2CC)c2c1C(=O)c1ccccc1C2=O,O=C1c2ccccc2C(=O)c2c(Nc3ccccc3)ccc(Nc3ccccc3)c21,-7.423829078674316,-6.15163492216698,1.2721941565073367,1.2721941565073367,val,scaffold,Random Forest
CCc1cccc(C)c1Nc1ccc(Nc2c(C)cccc2CC)c2c1C(=O)c1ccccc1C2=O,O=C1c2ccccc2C(=O)c2c(Nc3ccccc3)ccc(Nc3ccccc3)c21,-7.375301361083984,-6.298943645111305,1.0763577159726792,1.0763577159726792,val,scaffold,Random Forest
CCc1cnc(C2=NC(C)(C(C)C)C(=O)N2)c(C(=O)O)c1,O=C1CN=C(c2ccccn2)N1,-2.3152999877929688,-3.014850473040547,-0.6995504852475785,0.6995504852475785,val,scaffold,Random Forest
CCc1nc2[nH]c(=O)nc(N)c2nc1CC,O=c1ncc2nccnc2[nH]1,-3.549999952316284,-3.0291889589378806,0.5208109933784035,0.5208109933784035,val,scaffold,Random Forest
CCc1nn(C)c(C(=O)NCc2ccc(C(C)(C)C)cc2)c1Cl,O=C(NCc1ccccc1)c1ccn[nH]1,-5.10860013961792,-4.370197949975623,0.7384021896422972,0.7384021896422972,val,scaffold,Random Forest
CN(C(=O)N(C)c1ccccc1)c1ccccc1,O=C(Nc1ccccc1)Nc1ccccc1,-3.4975576400756836,-3.5899888314797126,-0.092431191404029,0.092431191404029,val,scaffold,Random Forest
CN(C(=O)NC(C)(C)c1ccccc1)c1ccccc1,O=C(NCc1ccccc1)Nc1ccccc1,-3.3494999408721924,-4.05048639536465,-0.7009864544924573,0.7009864544924573,val,scaffold,Random Forest
CN(C)C(=O)Nc1cc(C(C)(C)C)on1,c1cnoc1,-2.4272000789642334,-2.2529977143375106,0.17420236462672278,0.17420236462672278,val,scaffold,Random Forest
CN(C)C(CSS(=O)(=O)c1ccccc1)CSS(=O)(=O)c1ccccc1,O=S(=O)(SCCCSS(=O)(=O)c1ccccc1)c1ccccc1,-5.760000228881836,-3.954908192249752,1.8050920366320837,1.8050920366320837,val,scaffold,Random Forest
CN(C)C1CCC=CCCC1,C1=CCCCCCC1,-1.6003999710083008,-2.4650190248800268,-0.864619053871726,0.864619053871726,val,scaffold,Random Forest
CN(C)C1CSSC1,C1CSSC1,-1.8730000257492065,-1.1832171826086844,0.6897828431405222,0.6897828431405222,val,scaffold,Random Forest
CN(C)CCC=C1c2ccccc2CCc2ccccc21,C=C1c2ccccc2CCc2ccccc21,-4.550000190734863,-4.448788432695054,0.10121175803980886,0.10121175803980886,val,scaffold,Random Forest
CN(C)CCN(Cc1ccccc1)c1ccccn1,c1ccc(CNc2ccccn2)cc1,-2.640000104904175,-3.103233837099224,-0.46323373219504926,0.46323373219504926,val,scaffold,Random Forest
CN(C)CCOC(C)(c1ccccc1)c1ccccn1,c1ccc(Cc2ccccn2)cc1,-2.819999933242798,-3.4330738667309606,-0.6130739334881627,0.6130739334881627,val,scaffold,Random Forest
CN(C)CC[C@@H](c1ccc(Cl)cc1)c1ccccn1,c1ccc(Cc2ccccn2)cc1,-2.6700000762939453,-4.069420709331752,-1.3994206330378063,1.3994206330378063,val,scaffold,Random Forest
CN(C)NC(=N)N1Cc2cccc3cccc(c23)C1,c1cc2c3c(cccc3c1)CNC2,-1.0700000524520874,-2.6847349927991964,-1.614734940347109,1.614734940347109,val,scaffold,Random Forest
CN(C)P(=O)(N(C)C)n1nc(-c2ccccc2)nc1N,c1ccc(-c2nc[nH]n2)cc1,-3.0708999633789062,-3.0287108951218524,0.04218906825705382,0.04218906825705382,val,scaffold,Random Forest
CN(C)S(=O)(=O)N=c1sc(S(N)(=O)=O)nn1C,N=c1[nH]ncs1,-2.700000047683716,-2.319375908383729,0.38062413929998673,0.38062413929998673,val,scaffold,Random Forest
CN(C)c1ccc(C(O)(c2ccc(N(C)C)cc2)c2ccc(Nc3ccccc3)c3ccccc23)cc1,c1ccc(Nc2ccc(C(c3ccccc3)c3ccccc3)c3ccccc23)cc1,-6.9891357421875,-6.524056497484528,0.4650792447029719,0.4650792447029719,val,scaffold,Random Forest
CN(C)c1ccc2nc3ccc(N(C)C)cc3[s+]c2c1,c1ccc2[s+]c3ccccc3nc2c1,-0.8654999732971191,-4.233669396730485,-3.3681694234333657,3.3681694234333657,val,scaffold,Random Forest
CN(C)c1nc(=O)n(C2CCCCC2)c(=O)n1C,O=c1nc[nH]c(=O)n1C1CCCCC1,-0.883400022983551,-2.1182348038966334,-1.2348347809130824,1.2348347809130824,val,scaffold,Random Forest
CN(C1CCCCC1)S(=O)(=O)c1ccccc1NNC1=C2C(=O)C=C(S(=O)(=O)O)C=C2C=CC1=N,N=C1C=CC2=CC=CC(=O)C2=C1NNc1ccccc1S(=O)(=O)NC1CCCCC1,-2.7116858959198,-2.0579891849203023,0.6536967109994976,0.6536967109994976,val,scaffold,Random Forest
CN(Cc1cnc2nc(N)nc(N)c2n1)c1ccc(C(=O)NC(CCC(=O)O)C(=O)O)cc1,c1ccc(NCc2cnc3ncncc3n2)cc1,-4.0,-3.0537969875904234,0.9462030124095766,0.9462030124095766,val,scaffold,Random Forest
CN1C(=O)C23CC4=CC=CC(O)C4N2C(=O)C1(CO)SS3,O=C1C2NC(=O)C3(CC4=CC=CCC4N13)SS2,-3.6700000762939453,-2.1307309022978176,1.5392691739961277,1.5392691739961277,val,scaffold,Random Forest
CN1C(=O)CCS(=O)(=O)C1c1ccc(Cl)cc1,O=C1CCS(=O)(=O)C(c2ccccc2)N1,-2.039400100708008,-2.9825486745319783,-0.9431485738239704,0.9431485738239704,val,scaffold,Random Forest
CN1C(=O)COc2ccccc21,O=C1COc2ccccc2N1,-2.1445000171661377,-1.0887364890947642,1.0557635280713735,1.0557635280713735,val,scaffold,Random Forest
CN1C(=O)OC(C)(C)C1=O,O=C1COC(=O)N1,-0.45680001378059387,-0.6187806095199917,-0.16198059573939783,0.16198059573939783,val,scaffold,Random Forest
CN1C(=O)[C@]23CC4=CC=C[C@H](O)[C@H]4N2C(=O)[C@@]1(CO)SS3,O=C1C2NC(=O)C3(CC4=CC=CCC4N13)SS2,-3.6686999797821045,-2.1307309022978176,1.537969077484287,1.537969077484287,val,scaffold,Random Forest
CN1C(C(=O)Nc2ccccn2)=C(O)c2sccc2S1(=O)=O,O=C(Nc1ccccn1)C1=Cc2sccc2S(=O)(=O)N1,-3.880000114440918,-3.045327101044948,0.8346730133959701,0.8346730133959701,val,scaffold,Random Forest
CN1C(CCl)Nc2cc(Cl)c(S(N)(=O)=O)cc2S1(=O)=O,O=S1(=O)NCNc2ccccc21,-3.7799999713897705,-2.8400125414786865,0.939987429911084,0.939987429911084,val,scaffold,Random Forest
CN1C2CCC1CC(OC(=O)C(CO)c1ccccc1)C2,O=C(Cc1ccccc1)OC1CC2CCC(C1)N2,-1.909999966621399,-2.6994921289906286,-0.7894921623692297,0.7894921623692297,val,scaffold,Random Forest
CN1C2CCC1CC(OC(=O)C(COS(=O)(=O)O)c1ccccc1)C2,O=C(Cc1ccccc1)OC1CC2CCC(C1)N2,-1.5674999952316284,-2.1544225922138494,-0.5869225969822209,0.5869225969822209,val,scaffold,Random Forest
CN1C2CCC1CC(OC(=O)C(O)c1ccccc1)C2,O=C(Cc1ccccc1)OC1CC2CCC(C1)N2,-1.440000057220459,-2.678434151014855,-1.238434093794396,1.238434093794396,val,scaffold,Random Forest
CN1CC2c3ccccc3Oc3ccc(Cl)cc3C2C1,c1ccc2c(c1)Oc1ccccc1C1CNCC21,-2.130000114440918,-5.343064604175471,-3.2130644897345526,3.2130644897345526,val,scaffold,Random Forest
CN1CCC23c4c5ccc(O)c4OC2C(=O)CCC3C1C5,O=C1CCC2C3Cc4cccc5c4C2(CCN3)C1O5,-2.0999999046325684,-2.319589290931729,-0.2195893862991607,0.2195893862991607,val,scaffold,Random Forest
CN1CCC23c4c5ccc(OCc6ccccc6)c4OC2CCCC3C1C5,c1ccc(COc2ccc3c4c2OC2CCCC5C(C3)NCCC425)cc1,-4.21999979019165,-4.322571049410494,-0.10257125921884391,0.10257125921884391,val,scaffold,Random Forest
CN1CCCC(CN2c3ccccc3Sc3ccccc32)C1,c1ccc2c(c1)Sc1ccccc1N2CC1CCCNC1,-4.739999771118164,-4.354817133044324,0.38518263807384034,0.38518263807384034,val,scaffold,Random Forest
CN1CCCC1c1cccnc1,c1cncc(C2CCCN2)c1,0.7900000214576721,-0.9035689789256416,-1.6935690003833137,1.6935690003833137,val,scaffold,Random Forest
CN1CCC[C@H]1c1cccnc1,c1cncc(C2CCCN2)c1,0.7897999882698059,-0.9035689789256416,-1.6933689671954475,1.6933689671954475,val,scaffold,Random Forest
CN1CCN(C2=Nc3cc(Cl)ccc3Nc3ccccc32)CC1,c1ccc2c(c1)N=C(N1CCNCC1)c1ccccc1N2,-4.639999866485596,-4.492833432009059,0.14716643447653688,0.14716643447653688,val,scaffold,Random Forest
CN1CCN(C2=Nc3ccccc3Oc3ccc(Cl)cc32)CC1,c1ccc2c(c1)N=C(N1CCNCC1)c1ccccc1O2,-4.420000076293945,-4.58290117722221,-0.1629011009282646,0.1629011009282646,val,scaffold,Random Forest
CN1CC[C@]23c4c5ccc(OCCN6CCOCC6)c4O[C@H]2[C@@H](O)C=CC3[C@H]1C5,C1=CC2C3Cc4ccc(OCCN5CCOCC5)c5c4C2(CCN3)C(C1)O5,-1.299399971961975,-2.3979720606854844,-1.0985720887235093,1.0985720887235093,val,scaffold,Random Forest
CN1[C@@H]2CC[C@H]1CC(OC(=O)[C@H](CO)c1ccccc1)C2,O=C(Cc1ccccc1)OC1CC2CCC(C1)N2,-1.909999966621399,-2.6994921289906286,-0.7894921623692297,0.7894921623692297,val,scaffold,Random Forest
CN1[C@@H]2CC[C@H]1C[C@@H](OC(=O)C(CO)c1ccccc1)C2,O=C(Cc1ccccc1)OC1CC2CCC(C1)N2,-2.0,-2.6994921289906286,-0.6994921289906286,0.6994921289906286,val,scaffold,Random Forest
CN1c2ccccc2C(O)(c2ccccc2)c2ccccc21,c1ccc(C2c3ccccc3Nc3ccccc32)cc1,-3.90310001373291,-4.307867486590751,-0.40476747285784054,0.40476747285784054,val,scaffold,Random Forest
CN=C(NC)N1Cc2cccc3cccc(c23)C1,c1cc2c3c(cccc3c1)CNC2,-1.149999976158142,-2.873366947689212,-1.7233669715310698,1.7233669715310698,val,scaffold,Random Forest
CNC(=O)O/N=C/C1(C)SCC(C)S1,C1CSCS1,-2.369800090789795,-1.8366059250220776,0.5331941657677173,0.5331941657677173,val,scaffold,Random Forest
CNC(=O)c1cc(Oc2ccc(NC(=O)Nc3ccc(Cl)c(C(F)(F)F)c3)cc2)ccn1,O=C(Nc1ccccc1)Nc1ccc(Oc2ccncc2)cc1,-6.667294979095459,-6.058692590238159,0.6086023888572996,0.6086023888572996,val,scaffold,Random Forest
CNCCC(Oc1ccc(C(F)(F)F)cc1)c1ccccc1,c1ccc(COc2ccccc2)cc1,-1.590000033378601,-4.463329772623995,-2.873329739245394,2.873329739245394,val,scaffold,Random Forest
CNCCC=C1c2ccccc2CCc2ccccc21,C=C1c2ccccc2CCc2ccccc21,-4.019999980926514,-4.355868876089414,-0.33586889516290075,0.33586889516290075,val,scaffold,Random Forest
CO/C=C(/C(=O)OC)c1ccccc1Oc1cc(Oc2ccccc2C#N)ncn1,c1ccc(Oc2cc(Oc3ccccc3)ncn2)cc1,-4.827600002288818,-5.451871951150516,-0.6242719488616979,0.6242719488616979,val,scaffold,Random Forest
CO/N=C(/C(=O)OC)c1ccccc1COc1ccccc1C,c1ccc(COc2ccccc2)cc1,-5.195000171661377,-3.854295910491832,1.3407042611695448,1.3407042611695448,val,scaffold,Random Forest
CO/N=C(/C)c1cccc(Oc2nc(OC)cc(OC)n2)c1C(=O)OC,c1ccc(Oc2ncccn2)cc1,-3.309999942779541,-4.052843992994181,-0.7428440502146403,0.7428440502146403,val,scaffold,Random Forest
CO/N=C(\C(=O)OC)c1ccccc1COc1ccccc1C,c1ccc(COc2ccccc2)cc1,-5.190000057220459,-3.854295910491832,1.3357041467286268,1.3357041467286268,val,scaffold,Random Forest
CO/N=C(\C)c1cccc(Oc2nc(OC)cc(OC)n2)c1C(=O)OC,c1ccc(Oc2ncccn2)cc1,-3.6036999225616455,-4.052843992994181,-0.4491440704325358,0.4491440704325358,val,scaffold,Random Forest
COC(=O)C(C)N(C(=O)c1ccco1)c1c(C)cccc1C,O=C(Nc1ccccc1)c1ccco1,-3.117300033569336,-3.766326830667615,-0.649026797098279,0.649026797098279,val,scaffold,Random Forest
COC(=O)C(C)Oc1ccc(Oc2ncc(C(F)(F)F)cc2Cl)cc1,c1ccc(Oc2ccccn2)cc1,-4.606400012969971,-5.293478231858183,-0.6870782188882121,0.6870782188882121,val,scaffold,Random Forest
COC(=O)C1(S(=O)(=O)c2ccc(Br)cc2)CCCC1,O=S(=O)(c1ccccc1)C1CCCC1,-4.01039981842041,-3.68766243405305,0.3227373843673602,0.3227373843673602,val,scaffold,Random Forest
COC(=O)C1(S(=O)(=O)c2ccc(Br)cc2)CCCCC1,O=S(=O)(c1ccccc1)C1CCCCC1,-4.478600025177002,-3.8426738611809794,0.6359261639960225,0.6359261639960225,val,scaffold,Random Forest
COC(=O)C1(S(=O)(=O)c2ccc(C)cc2)CCCCC1,O=S(=O)(c1ccccc1)C1CCCCC1,-4.610000133514404,-3.5200555380740495,1.0899445954403548,1.0899445954403548,val,scaffold,Random Forest
COC(=O)C1(S(=O)(=O)c2ccccc2)CCCC1,O=S(=O)(c1ccccc1)C1CCCC1,-2.550100088119507,-3.002417353441474,-0.45231726532196737,0.45231726532196737,val,scaffold,Random Forest
COC(=O)C1(S(=O)(=O)c2ccccc2)CCCCC1,O=S(=O)(c1ccccc1)C1CCCCC1,-3.8499999046325684,-3.248275892904509,0.6017240117280593,0.6017240117280593,val,scaffold,Random Forest
COC(=O)C1=CCCN(C)C1,C1=CCNCC1,0.8090999722480774,-0.8725523012061509,-1.6816522734542283,1.6816522734542283,val,scaffold,Random Forest
COC(=O)C1=CO[C@@H](O[C@@H]2O[C@H](CO)[C@@H](O)[C@H](O)[C@H]2O)[C@@H]2[C@@H](C)[C@@H](O)C[C@H]12,C1=CC2CCCC2C(OC2CCCCO2)O1,-0.5910999774932861,-1.3929608441171843,-0.8018608666238982,0.8018608666238982,val,scaffold,Random Forest
COC(=O)C1C2CC3c4[nH]c5cc(OC)ccc5c4CCN3CC2CC(OC(=O)c2cc(OC)c(OC)c(OC)c2)C1OC,O=C(OC1CCC2CC3c4[nH]c5ccccc5c4CCN3CC2C1)c1ccccc1,-5.96999979019165,-4.9640777531320035,1.005922037059647,1.005922037059647,val,scaffold,Random Forest
COC(=O)C1CCCN1C(=O)COC(=O)c1ccccc1,O=C(OCC(=O)N1CCCC1)c1ccccc1,-2.0799999237060547,-2.212973693547504,-0.13297376984144949,0.13297376984144949,val,scaffold,Random Forest
COC(=O)CSc1cc(N=c2sc(=O)n3n2CCCC3)c(F)cc1Cl,O=c1sc(=Nc2ccccc2)n2n1CCCC2,-5.676799774169922,-4.157255890487284,1.5195438836826378,1.5195438836826378,val,scaffold,Random Forest
COC(=O)Nc1cccc(OC(=O)Nc2cccc(C)c2)c1,O=C(Nc1ccccc1)Oc1ccccc1,-4.7789998054504395,-4.905056914065408,-0.12605710861496888,0.12605710861496888,val,scaffold,Random Forest
COC(=O)Nc1nc2ccccc2[nH]1,c1ccc2[nH]cnc2c1,-4.519999980926514,-2.2024586740219094,2.3175413069046042,2.3175413069046042,val,scaffold,Random Forest
COC(=O)[C@@H]1CCCN1C(=O)COC(=O)c1ccccc1,O=C(OCC(=O)N1CCCC1)c1ccccc1,-2.0841000080108643,-2.212973693547504,-0.12887368553663991,0.12887368553663991,val,scaffold,Random Forest
COC(=O)[C@H]1[C@H]2C[C@@H]3c4[nH]c5cc(OC)ccc5c4CCN3C[C@H]2C[C@@H](OC(=O)c2cc(OC)c(OC)c(OC)c2)[C@@H]1OC,O=C(OC1CCC2CC3c4[nH]c5ccccc5c4CCN3CC2C1)c1ccccc1,-3.920799970626831,-4.9640777531320035,-1.0432777825051724,1.0432777825051724,val,scaffold,Random Forest
COC(=O)c1cc(C)ccc1C1=NC(C)(C(C)C)C(=O)N1,O=C1CN=C(c2ccccc2)N1,-2.326200008392334,-3.8516128646716017,-1.5254128562792677,1.5254128562792677,val,scaffold,Random Forest
COC(=O)c1ccc(C)cc1C1=NC(C)(C(C)C)C(=O)N1,O=C1CN=C(c2ccccc2)N1,-2.45989990234375,-3.8007664451716208,-1.3408665428278708,1.3408665428278708,val,scaffold,Random Forest
COC(=O)c1ccccc1S(=O)(=O)NC(=O)Nc1nc(C)cc(C)n1,O=C(Nc1ncccn1)NS(=O)(=O)c1ccccc1,-3.1742000579833984,-3.1575870309696783,0.01661302701372014,0.01661302701372014,val,scaffold,Random Forest
COC(=O)c1ccccc1S(=O)(=O)NC(=O)Nc1nc(OC(F)F)cc(OC(F)F)n1,O=C(Nc1ncccn1)NS(=O)(=O)c1ccccc1,-5.1519999504089355,-3.890338181115203,1.2616617692937324,1.2616617692937324,val,scaffold,Random Forest
COC(=O)n1c(-c2cscn2)nc2ccccc21,c1ccc2[nH]c(-c3cscn3)nc2c1,-3.109999895095825,-3.8352639971382585,-0.7252641020424333,0.7252641020424333,val,scaffold,Random Forest
COC1=C/C(=N/N(O)c2ccc(N/N=C3/C(=O)c4c(O)cc(S(=O)(=O)O)cc4C=C3S(=O)(=O)O)c(OC)c2)C=C/C1=N/N=C1\C(=O)c2c(O)cc(S(=O)(=O)O)cc2C=C1S(=O)(=O)O,O=C1C(=NN=C2C=CC(=NNc3ccc(NN=C4C=Cc5ccccc5C4=O)cc3)C=C2)C=Cc2ccccc21,-0.9094796776771545,-1.0758584249979768,-0.16637874732082225,0.16637874732082225,val,scaffold,Random Forest
COC1=CC(=O)C2(Oc3c(Cl)c(OC)cc(OC)c3C2=O)C(C)C1,O=C1C=CCCC12Oc1ccccc1C2=O,-4.400000095367432,-4.178806772901009,0.22119332246642287,0.22119332246642287,val,scaffold,Random Forest
COC1=CC=C2C3Cc4ccc(OC)c5c4C2(CCN3C)C1O5,C1=CC2Oc3cccc4c3C23CCNC(C4)C3=C1,-2.6600000858306885,-2.71855509865277,-0.05855501282208131,0.05855501282208131,val,scaffold,Random Forest
COC1=CC=C2[C@H]3Cc4ccc(OC)c5c4[C@@]2(CCN3C)[C@H]1O5,C1=CC2Oc3cccc4c3C23CCNC(C4)C3=C1,-2.6610000133514404,-2.71855509865277,-0.057555085301329356,0.057555085301329356,val,scaffold,Random Forest
COC1=CCC2=C(CCC3C2CCC2(C)C3CCC2(O)C#N)C1,C1=CCC2=C(C1)CCC1C2CCC2CCCC21,-5.683242321014404,-4.92340592977984,0.7598363912345647,0.7598363912345647,val,scaffold,Random Forest
COC1=CCC2=C(CC[C@@H]3[C@@H]2CC[C@]2(C)[C@@H](O)CC[C@@H]32)C1,C1=CCC2=C(C1)CCC1C2CCC2CCCC21,-4.761072158813477,-4.412536420073462,0.348535738740015,0.348535738740015,val,scaffold,Random Forest
COC1=Cc2ccccc2Nc2ccccc21,C1=Cc2ccccc2Nc2ccccc21,-4.5144195556640625,-4.374336566779392,0.14008298888467063,0.14008298888467063,val,scaffold,Random Forest
COC1C(O)[C@@H](O[C@H]2CC[C@]3(C=O)C4CC[C@]5(C)[C@@H](C6=CC(=O)OC6)CC[C@]5(O)C4CC[C@@H]3C2)OC(C)[C@H]1O,O=C1C=C(C2CCC3C2CCC2C4CCC(OC5CCCCO5)CC4CCC23)CO1,-3.1373000144958496,-4.098982689857365,-0.9616826753615157,0.9616826753615157,val,scaffold,Random Forest
COC1COC2C(OC)COC12,C1CC2OCCC2O1,1.0599918365478516,-0.8040453166962667,-1.8640371532441182,1.8640371532441182,val,scaffold,Random Forest
COCC(=O)N(c1c(C)cccc1C)N1CCOC1=O,O=C1OCCN1Nc1ccccc1,-1.9129999876022339,-2.50212596303469,-0.5891259754324563,0.5891259754324563,val,scaffold,Random Forest
COCC1COc2cc3ncnc(Nc4cccc(Br)c4)c3cc2O1,c1ccc(Nc2ncnc3cc4c(cc23)OCCO4)cc1,-3.2200000286102295,-5.066613396171934,-1.8466133675617042,1.8466133675617042,val,scaffold,Random Forest
COCC1COc2cc3ncnc(Nc4cccc(I)c4)c3cc2O1,c1ccc(Nc2ncnc3cc4c(cc23)OCCO4)cc1,-3.5199999809265137,-4.97654259202578,-1.456542611099266,1.456542611099266,val,scaffold,Random Forest
COCCCN1C(=O)c2ccc3c(=O)n4c5ccc(C)cc5nc4c4ccc(c2c34)C1=O,O=C1NC(=O)c2ccc3c4c2c1ccc4c(=O)n1c2ccccc2nc31,-6.771510124206543,-4.5486985002385945,2.2228116239679485,2.2228116239679485,val,scaffold,Random Forest
COCCNC(=O)C(NC(=O)C(Cc1cc(OC)c(OC)c(OC)c1)CC(O)C(Cc1ccccc1)NC(=O)OC(C)(C)C)C(C)C,c1ccc(CCCCCCc2ccccc2)cc1,-4.0,-4.46232186386168,-0.46232186386168017,0.46232186386168017,val,scaffold,Random Forest
COCOc1ccc2c3c1OC1C(O)CCC4C(C2)N(C)CCC341,c1cc2c3c(c1)OC1CCCC4C(C2)NCCC314,-1.9600000381469727,-2.151371045363997,-0.1913710072170245,0.1913710072170245,val,scaffold,Random Forest
COC[P+](c1ccccc1)(c1ccccc1)c1ccccc1,c1ccc([PH+](c2ccccc2)c2ccccc2)cc1,0.5063442587852478,-4.135736959725028,-4.642081218510276,4.642081218510276,val,scaffold,Random Forest
COCc1cnc(C2=NC(C)(C(C)C)C(=O)N2)c(C(=O)O)c1,O=C1CN=C(c2ccccn2)N1,-1.840000033378601,-2.724466177096719,-0.884466143718118,0.884466143718118,val,scaffold,Random Forest
CONC(=O)c1cn(C)c(=O)c(C)c1Nc1ccc(Br)cc1F,O=c1cc(Nc2ccccc2)cc[nH]1,-3.2799999713897705,-3.670920833086604,-0.3909208616968334,0.3909208616968334,val,scaffold,Random Forest
COP(=O)(Oc1cc(Cl)c(Br)cc1Cl)c1ccccc1,O=[PH](Oc1ccccc1)c1ccccc1,-4.989999771118164,-5.631103889985687,-0.6411041188675233,0.6411041188675233,val,scaffold,Random Forest
COP(=O)(Oc1ccccc1)Oc1ccccc1,O=[PH](Oc1ccccc1)Oc1ccccc1,-2.1208999156951904,-3.3945019067801026,-1.2736019910849121,1.2736019910849121,val,scaffold,Random Forest
COP(=S)(Oc1cc(Cl)c(Br)cc1Cl)c1ccccc1,S=[PH](Oc1ccccc1)c1ccccc1,-7.137899875640869,-6.030206084159747,1.1076937914811218,1.1076937914811218,val,scaffold,Random Forest
CO[C@H]1C[C@H](OC2/C(C)=C/C[C@@H]3C[C@@H](C[C@]4(C=C[C@H](C)[C@@H](C5CCCCC5)O4)O3)OC(=O)[C@@H]3C=C(C)[C@@H](O)[C@H]4OC/C(=C\C=C\[C@@H]2C)[C@]43O)O[C@@H](C)C1O[C@H]1C[C@H](OC)[C@@H](O)[C@H](C)O1,O=C1OC2CC(CC=CC(OC3CCC(OC4CCCCO4)CO3)CC=CC=C3COC4CC=CC1C34)OC1(C=CCC(C3CCCCC3)O1)C2,-7.555881500244141,-5.58922164864247,1.966659851601671,1.966659851601671,val,scaffold,Random Forest
COc1cc(N=Nc2cc(S(=O)(=O)O)cc3cc(S(=O)(=O)O)cc(O)c23)c(C)cc1NC(=O)Nc1cc(C)c(N=Nc2cc(S(=O)(=O)O)cc3cc(S(=O)(=O)O)cc(O)c23)cc1OC,O=C(Nc1ccc(N=Nc2cccc3ccccc23)cc1)Nc1ccc(N=Nc2cccc3ccccc23)cc1,-2.6903135776519775,-1.2172308098934597,1.4730827677585179,1.4730827677585179,val,scaffold,Random Forest
COc1cc(N=Nc2ccc([N+](=O)[O-])cc2)ccc1NN=C1C=CC(=O)C=C1,O=C1C=CC(=NNc2ccc(N=Nc3ccccc3)cc2)C=C1,-6.963972091674805,-5.906718540539423,1.057253551135382,1.057253551135382,val,scaffold,Random Forest
COc1cc(N=Nc2cccc(S(=O)(=O)O)c2)ccc1Nc1nc(Nc2ccc(N=Nc3cccc(S(=O)(=O)O)c3)cc2OC)nc(N(CCO)CCO)n1,c1ccc(N=Nc2ccc(Nc3ncnc(Nc4ccc(N=Nc5ccccc5)cc4)n3)cc2)cc1,-1.6008155345916748,-0.9464090176945323,0.6544065168971425,0.6544065168971425,val,scaffold,Random Forest
COc1cc(NC(=O)c2cccnc2)c2ncccc2c1,O=C(Nc1cccc2cccnc12)c1cccnc1,-4.446100234985352,-3.7577163049817552,0.6883839300035963,0.6883839300035963,val,scaffold,Random Forest
COc1cc(Nc2c(C#N)cnc3cc(OCCCN4CCN(C)CC4)c(OC)cc23)c(Cl)cc1Cl,c1ccc(Nc2ccnc3cc(OCCCN4CCNCC4)ccc23)cc1,-4.879551410675049,-5.52448671800679,-0.6449353073317408,0.6449353073317408,val,scaffold,Random Forest
COc1cc(O)c(CC=C(C)C)c2c1C(=O)CC(c1ccc(O)cc1)O2,O=C1CC(c2ccccc2)Oc2ccccc21,-5.440000057220459,-5.0275338809606085,0.4124661762598505,0.4124661762598505,val,scaffold,Random Forest
COc1cc(OC)n2nc(S(=O)(=O)Nc3c(Cl)ccc(C)c3Cl)nc2n1,O=S(=O)(Nc1ccccc1)c1nc2ncccn2n1,-3.3203999996185303,-4.160328758213621,-0.8399287585950903,0.8399287585950903,val,scaffold,Random Forest
COc1cc(OC)nc(NC(=O)NS(=O)(=O)Nc2ccccc2C(=O)C2CC2)n1,O=C(Nc1ncccn1)NS(=O)(=O)Nc1ccccc1C(=O)C1CC1,-6.3942999839782715,-3.3843606321113544,3.009939351866917,3.009939351866917,val,scaffold,Random Forest
COc1cc(S(=O)(=O)CCOS(=O)(=O)O)c(C)cc1N=NC1C(=O)N(c2ccc(S(=O)(=O)O)cc2)N=C1C,O=C1C(N=Nc2ccccc2)C=NN1c1ccccc1,-0.23900392651557922,-1.163148127322755,-0.9241442008071759,0.9241442008071759,val,scaffold,Random Forest
COc1cc(S(=O)(=O)CCOS(=O)(=O)O)c(OC)cc1N=NC1C(=O)N(c2ccc(S(=O)(=O)O)cc2)N=C1C,O=C1C(N=Nc2ccccc2)C=NN1c1ccccc1,-0.0898430347442627,-1.13783878615431,-1.0479957514100473,1.0479957514100473,val,scaffold,Random Forest
COc1cc2c(N)nc(N3CCN(C(=O)OCC(C)(C)O)CC3)nc2c(OC)c1OC,c1ccc2nc(N3CCNCC3)ncc2c1,-3.640000104904175,-3.2675921996729484,0.37240790523122635,0.37240790523122635,val,scaffold,Random Forest
COc1cc2c3c(ccc4c5ccc6c7c(cc(OC)c(c1c34)c75)-c1ccccc1C6=O)C(=O)c1ccccc1-2,O=C1c2ccccc2-c2ccc3c4ccc5c6c(ccc(c7ccc1c2c73)c64)C(=O)c1ccccc1-5,-5.599170684814453,-6.412370852104413,-0.8132001672899598,0.8132001672899598,val,scaffold,Random Forest
COc1cc2c3c(cccc3c1)CN(C(N)=NO)C2,c1cc2c3c(cccc3c1)CNC2,-1.2100000381469727,-3.0548204605743483,-1.8448204224273757,1.8448204224273757,val,scaffold,Random Forest
COc1cc2nc(N3CCN(C(=O)c4ccco4)CC3)nc(N)c2cc1OC,O=C(c1ccco1)N1CCN(c2ncc3ccccc3n2)CC1,-5.090000152587891,-3.018711488538367,2.071288664049524,2.071288664049524,val,scaffold,Random Forest
COc1cc2ncnc(N3CCN(C(=O)Nc4ccsc4)CC3)c2cc1OC,O=C(Nc1ccsc1)N1CCN(c2ncnc3ccccc23)CC1,-5.300000190734863,-4.592399069702655,0.7076011210322086,0.7076011210322086,val,scaffold,Random Forest
COc1ccc(-c2c(Cl)ncn2-c2ccc(S(=O)(=O)NP(=O)(O)O)cc2)cc1F,c1ccc(-c2cncn2-c2ccccc2)cc1,-2.549999952316284,-3.9340833130897006,-1.3840833607734164,1.3840833607734164,val,scaffold,Random Forest
COc1ccc(-c2cc(=O)c3c(O)cc(O[C@@H]4O[C@H](CO[C@@H]5O[C@@H](C)[C@H](O)[C@@H](O)[C@H]5O)[C@@H](O)[C@H](O)[C@H]4O)cc3o2)cc1O,O=c1cc(-c2ccccc2)oc2cc(OC3CCCC(COC4CCCCO4)O3)ccc12,-7.505541801452637,-2.817306263881109,4.6882355375715274,4.6882355375715274,val,scaffold,Random Forest
COc1ccc(C(=O)CSc2cccc(OC)c2)cc1,O=C(CSc1ccccc1)c1ccccc1,-5.284725189208984,-4.459991048233594,0.8247341409753908,0.8247341409753908,val,scaffold,Random Forest
COc1ccc(C(=O)Nc2ccccc2)cc1N/N=C1\C(=O)C(C(=O)Nc2ccc3[nH]c(=O)[nH]c3c2)=Cc2ccccc21,O=C(Nc1ccc2[nH]c(=O)[nH]c2c1)C1=Cc2ccccc2C(=NNc2cccc(C(=O)Nc3ccccc3)c2)C1=O,-8.479083061218262,-6.797190000997334,1.6818930602209274,1.6818930602209274,val,scaffold,Random Forest
COc1ccc(C(=O)c2coc(S(N)(=O)=O)c2)cc1,O=C(c1ccccc1)c1ccoc1,-4.148099899291992,-3.0668080735447565,1.0812918257472357,1.0812918257472357,val,scaffold,Random Forest
COc1ccc(C2Sc3ccccc3N(CCN(C)C)C(=O)C2OC(C)=O)cc1,O=C1CC(c2ccccc2)Sc2ccccc2N1,-2.950000047683716,-4.162658503165376,-1.2126584554816597,1.2126584554816597,val,scaffold,Random Forest
COc1ccc(CCN(C)CCCC(C#N)(c2ccc(OC)c(OC)c2)C(C)C)cc1OC,c1ccc(CCCCNCCc2ccccc2)cc1,-3.9800000190734863,-5.604870283056741,-1.6248702639832544,1.6248702639832544,val,scaffold,Random Forest
COc1ccc(Cl)cc1C(=O)NCCc1ccc(S(=O)(=O)NC(=O)NC2CCCCC2)cc1,O=C(NC1CCCCC1)NS(=O)(=O)c1ccc(CCNC(=O)c2ccccc2)cc1,-5.091700077056885,-4.480704491540686,0.610995585516199,0.610995585516199,val,scaffold,Random Forest
COc1ccc(Cn2cc(F)c(=O)[nH]c2=O)cc1,O=c1ccn(Cc2ccccc2)c(=O)[nH]1,-2.75,-2.4336604175250565,0.31633958247494354,0.31633958247494354,val,scaffold,Random Forest
COc1ccc(N/N=C2/C(=O)c3ccc(Nc4nc(Nc5ccc6c(c5)C=C(S(=O)(=O)O)/C(=N/Nc5ccc(OC)cc5S(=O)(=O)O)C6=O)nc(N5CCOCC5)n4)cc3C=C2S(=O)(=O)O)c(S(=O)(=O)O)c1,O=C1C(=NNc2ccccc2)C=Cc2cc(Nc3nc(Nc4ccc5c(c4)C=CC(=NNc4ccccc4)C5=O)nc(N4CCOCC4)n3)ccc21,-1.8252826929092407,-1.3067206152615665,0.5185620776476743,0.5185620776476743,val,scaffold,Random Forest
COc1ccc(NC(=O)C2CC2)cn1,O=C(Nc1cccnc1)C1CC1,-2.140000104904175,-1.888203558553641,0.25179654635053383,0.25179654635053383,val,scaffold,Random Forest
COc1ccc(S(=O)(=O)c2coc(S(N)(=O)=O)c2)cc1,O=S(=O)(c1ccccc1)c1ccoc1,-3.0199999809265137,-3.0616959243559485,-0.041695943429434834,0.041695943429434834,val,scaffold,Random Forest
COc1ccc([C@@H]2Sc3ccccc3N(CCN(C)C)C(=O)[C@@H]2OC(C)=O)cc1,O=C1CC(c2ccccc2)Sc2ccccc2N1,-3.1600000858306885,-4.162658503165376,-1.002658417334687,1.002658417334687,val,scaffold,Random Forest
COc1ccc2c(c1)c(CC(=O)O)c(C)n2C(=O)/C=C/c1ccccc1,O=C(C=Cc1ccccc1)n1ccc2ccccc21,-5.543300151824951,-4.766950475044466,0.7763496767804856,0.7763496767804856,val,scaffold,Random Forest
COc1ccc2c(c1)c(CC(=O)O)c(C)n2C(=O)C=Cc1ccccc1,O=C(C=Cc1ccccc1)n1ccc2ccccc21,-5.539999961853027,-4.766950475044466,0.7730494868085618,0.7730494868085618,val,scaffold,Random Forest
COc1ccc2c(c1)c(CC(=O)O)c(C)n2C(=O)c1ccc(Cl)cc1,O=C(c1ccccc1)n1ccc2ccccc21,-4.769999980926514,-4.948771438602139,-0.17877145767562563,0.17877145767562563,val,scaffold,Random Forest
COc1ccc2c3c1OC1C(O)CCC4C(C2)N(C)CCC341,c1cc2c3c(c1)OC1CCCC4C(C2)NCCC314,-1.0,-1.9217174061241122,-0.9217174061241122,0.9217174061241122,val,scaffold,Random Forest
COc1ccc2c3c1OC1C(OC(C)=O)CCC4C(C2)N(C)CCC341,c1cc2c3c(c1)OC1CCCC4C(C2)NCCC314,-1.75,-2.409238712265799,-0.659238712265799,0.659238712265799,val,scaffold,Random Forest
COc1ccc2cc(C(C)C(=O)OC3CCCCC3O)ccc2c1,O=C(Cc1ccc2ccccc2c1)OC1CCCCC1,-5.070000171661377,-4.808997143709487,0.26100302795189023,0.26100302795189023,val,scaffold,Random Forest
COc1cccc(CC(C)NC(C)Cc2ccccc2OC)c1,c1ccc(CCNCCc2ccccc2)cc1,-3.0,-4.3162744561354955,-1.3162744561354955,1.3162744561354955,val,scaffold,Random Forest
COc1cccc(N(C)C(=S)Oc2cccc(C(C)(C)C)c2)n1,S=C(Nc1ccccn1)Oc1ccccc1,-6.013999938964844,-4.9119021189234084,1.1020978200414353,1.1020978200414353,val,scaffold,Random Forest
COc1ccccc1CC(C)NC(C)Cc1ccccc1OC,c1ccc(CCNCCc2ccccc2)cc1,-2.0,-4.137834414968651,-2.1378344149686512,2.1378344149686512,val,scaffold,Random Forest
COc1cncnc1N1CCN(CCc2c[nH]c3ccc(CS(=O)(=O)N(C)C)cc23)CC1,c1ccc2c(CCN3CCN(c4ccncn4)CC3)c[nH]c2c1,-3.759999990463257,-3.3540550056053173,0.4059449848579395,0.4059449848579395,val,scaffold,Random Forest
COc1nsc(N)n1,c1ncsn1,-1.2426999807357788,-0.907224891746979,0.33547508898879985,0.33547508898879985,val,scaffold,Random Forest
CP(=O)(Oc1ccccc1)Oc1ccccc1,O=[PH](Oc1ccccc1)Oc1ccccc1,-2.2017085552215576,-3.516463606667897,-1.3147550514463395,1.3147550514463395,val,scaffold,Random Forest
CS(=O)(=O)c1cc(C(F)(F)F)ccc1C(=O)c1cnoc1C1CC1,O=C(c1ccccc1)c1cnoc1C1CC1,-4.7631001472473145,-4.22156963501859,0.5415305122287242,0.5415305122287242,val,scaffold,Random Forest
CSC1=CC(=O)c2ccccc2C1=O,O=C1C=CC(=O)c2ccccc21,-4.465099811553955,-3.736698674111994,0.7284011374419612,0.7284011374419612,val,scaffold,Random Forest
CSCC(NC(=O)COc1cccc2cnccc12)C(=O)NC(Cc1ccccc1)C(O)C(=O)N1CSCC1C(=O)NC(C)(C)C,O=C(COc1cccc2cnccc12)NCC(=O)NC(CC(=O)N1CCSC1)Cc1ccccc1,-3.950000047683716,-3.308605149827226,0.6413948978564896,0.6413948978564896,val,scaffold,Random Forest
CSc1ccc(C(=O)C(C)(C)N2CCOCC2)cc1,O=C(CN1CCOCC1)c1ccccc1,-4.193381309509277,-3.507802256906319,0.6855790526029581,0.6855790526029581,val,scaffold,Random Forest
CSc1ccc2c(c1)N(CCC1CCCCN1C)c1ccccc1S2,c1ccc2c(c1)Sc1ccccc1N2CCC1CCCCN1,-5.820000171661377,-5.715314671786057,0.10468549987531972,0.10468549987531972,val,scaffold,Random Forest
C[C@@H](Oc1ccc(Oc2ccc(C(F)(F)F)cn2)cc1)C(=O)O,c1ccc(Oc2ccccn2)cc1,-2.622795581817627,-4.567842435824494,-1.9450468540068666,1.9450468540068666,val,scaffold,Random Forest
C[C@@H]1CN(c2c(F)c(N)c3c(=O)c(C(=O)O)cn(C4CC4)c3c2F)C[C@H](C)N1,O=c1ccn(C2CC2)c2cc(N3CCNCC3)ccc12,-3.369999885559082,-4.266612527074086,-0.896612641515004,0.896612641515004,val,scaffold,Random Forest
C[C@@H]1C[C@@H]([C@H](O)CC2CC(=O)NC(=O)C2)C(=O)[C@@H](C)C1,O=C1CC(CCC2CCCCC2=O)CC(=O)N1,-1.1269999742507935,-2.0071988489575,-0.8801988747067067,0.8801988747067067,val,scaffold,Random Forest
C[C@@H]1O[C@@H](O[C@H]2[C@@H](OS(=O)(=O)O)[C@H](OS(=O)(=O)O)[C@H](O)O[C@H]2C)[C@@H](OS(=O)(=O)O)[C@H](O[C@@H]2O[C@@H](C)[C@@H](O[C@@H]3O[C@@H](C)[C@@H](O)[C@@H](O[C@@H]4O[C@@H](C)[C@@H](O)[C@@H](OS(=O)(=O)O)[C@@H]4OS(=O)(=O)O)[C@@H]3OS(=O)(=O)O)[C@@H](OS(=O)(=O)O)[C@@H]2OS(=O)(=O)O)[C@@H]1O,C1CCC(OC2CCOC(OC3CCC(OC4CCOC(OC5CCCOC5)C4)OC3)C2)OC1,-0.5892058610916138,-0.8383458537154398,-0.24913999262382602,0.24913999262382602,val,scaffold,Random Forest
C[C@@]12C(=O)OC(=O)[C@]1(C)[C@H]1CC[C@@H]2O1,O=C1OC(=O)C2C3CCC(O3)C12,-3.8155999183654785,-1.6199837751885282,2.1956161431769505,2.1956161431769505,val,scaffold,Random Forest
C[C@H]1CC(=O)C[C@@H]2CC[C@H]3[C@@H]4CC[C@H](O)[C@@]4(C)CC[C@@H]3[C@]21C,O=C1CCC2C(CCC3C4CCCC4CCC23)C1,-5.006429195404053,-4.090614304559472,0.9158148908445805,0.9158148908445805,val,scaffold,Random Forest
C[C@]12CCC(=O)C=C1CC[C@@H]1[C@@H]2C(=O)C[C@@]2(C)[C@H]1CC[C@]2(O)C(=O)CO,O=C1C=C2CCC3C4CCCC4CC(=O)C3C2CC1,-3.1096999645233154,-3.5199919855556785,-0.41029202103236306,0.41029202103236306,val,scaffold,Random Forest
C[C@]12CCC(=O)C=C1CC[C@@H]1[C@@H]2CC[C@@]2(C)[C@H]1CC[C@@]21CCC(=O)O1,O=C1C=C2CCC3C(CCC4C3CCC43CCC(=O)O3)C2CC1,-4.225003719329834,-5.2213614924701455,-0.9963577731403115,0.9963577731403115,val,scaffold,Random Forest
C[C@]12CCC(=O)C=C1CC[C@@H]1[C@@H]2CC[C@]2(C)C(=O)CC(O)[C@@H]12,O=C1C=C2CCC3C4CCC(=O)C4CCC3C2CC1,-2.213096857070923,-3.739979298425097,-1.5268824413541742,1.5268824413541742,val,scaffold,Random Forest
C[C@]12CCC(=O)C=C1CC[C@@H]1[C@@H]2CC[C@]2(C)C(=O)CC[C@@H]12,O=C1C=C2CCC3C4CCC(=O)C4CCC3C2CC1,-3.6949000358581543,-4.480882275501259,-0.7859822396431051,0.7859822396431051,val,scaffold,Random Forest
C[C@]12CCC(=O)C[C@@H]1CC[C@@H]1[C@@H]2CC[C@]2(C)[C@@H](O)CC[C@@H]12,O=C1CCC2C(CCC3C4CCCC4CCC23)C1,-4.918998718261719,-3.880663659276942,1.0383350589847766,1.0383350589847766,val,scaffold,Random Forest
C[C@]12CC[C@@H]3C4=C(CC[C@H]3[C@@H]1CCC2=O)CC(=O)CC4,O=C1CCC2=C(CCC3C2CCC2C(=O)CCC23)C1,-4.054976940155029,-4.363433046863823,-0.3084561067087934,0.3084561067087934,val,scaffold,Random Forest
C[C@]12CC[C@H]3[C@@H](CCC4=CC(=O)CC[C@@H]43)[C@@H]1CCC2=O,O=C1C=C2CCC3C4CCC(=O)C4CCC3C2CC1,-3.1565005779266357,-4.134684443801641,-0.978183865875005,0.978183865875005,val,scaffold,Random Forest
C[P+](c1ccccc1)(c1ccccc1)c1ccccc1,c1ccc([PH+](c2ccccc2)c2ccccc2)cc1,-0.01892303302884102,-4.509407947803009,-4.490484914774168,4.490484914774168,val,scaffold,Random Forest
C[Si]1(C)O[Si](C)(C)O[Si](C)(C)O[Si](C)(C)O[Si](C)(C)O1,O1[SiH2]O[SiH2]O[SiH2]O[SiH2]O[SiH2]1,-7.338699817657471,-4.708893191354143,2.6298066263033277,2.6298066263033277,val,scaffold,Random Forest
C[Si]1(C)O[Si](C)(C)O[Si](C)(C)O[Si](C)(C)O[Si](C)(C)O[Si](C)(C)O1,O1[SiH2]O[SiH2]O[SiH2]O[SiH2]O[SiH2]O[SiH2]1,-7.940700054168701,-5.395043046492886,2.545657007675815,2.545657007675815,val,scaffold,Random Forest
C[Si]1O[Si](C)O[Si](C)O[Si](C)O[Si](C)O1,O1[SiH]O[SiH]O[SiH]O[SiH]O[SiH]1,0.5292955636978149,-1.843837429700052,-2.373132993397867,2.373132993397867,val,scaffold,Random Forest
C[n+]1ccccc1,c1cc[nH+]cc1,0.42018288373947144,-0.8523066211084334,-1.2724895048479048,1.2724895048479048,val,scaffold,Random Forest
Cc1c(-c2ccc(-c3ccccc3F)cc2)nc2ccc(F)cc2c1C(=O)O,c1ccc(-c2ccc(-c3ccc4ccccc4n3)cc2)cc1,-6.389999866485596,-6.125324208010838,0.2646756584747578,0.2646756584747578,val,scaffold,Random Forest
Cc1c(C(=O)O)c(O)cc2c1C(=O)c1c(O)c(C3OC(CO)C(O)C(O)C3O)c(O)c(O)c1C2=O,O=C1c2ccccc2C(=O)c2cc(C3CCCCO3)ccc21,-2.578399896621704,-2.106468707007161,0.4719311896145433,0.4719311896145433,val,scaffold,Random Forest
Cc1c(C(=O)O)c(O)cc2c1C(=O)c1c(O)c([C@H]3O[C@H](CO)[C@@H](O)[C@H](O)[C@H]3O)c(O)c(O)c1C2=O,O=C1c2ccccc2C(=O)c2cc(C3CCCCO3)ccc21,-2.578399896621704,-2.106468707007161,0.4719311896145433,0.4719311896145433,val,scaffold,Random Forest
Cc1c(CC(=O)O)sc2cc(Cl)ccc12,c1ccc2sccc2c1,-3.8399999141693115,-3.711750138654026,0.1282497755152856,0.1282497755152856,val,scaffold,Random Forest
Cc1c(Cc2c(C)n(C)n(-c3ccccc3)c2=O)c(=O)n(-c2ccccc2)n1C,O=c1c(Cc2c[nH]n(-c3ccccc3)c2=O)c[nH]n1-c1ccccc1,-2.954900026321411,-3.5654566062036595,-0.6105565798822483,0.6105565798822483,val,scaffold,Random Forest
Cc1c(Cl)cc(-c2ccc(=O)[nH]n2)cc1Cl,O=c1ccc(-c2ccccc2)n[nH]1,-5.537499904632568,-3.776951753970649,1.7605481506619194,1.7605481506619194,val,scaffold,Random Forest
Cc1c(Cl)ccc(OC(C)C(=O)Nc2ccccc2)c1Cl,O=C(COc1ccccc1)Nc1ccccc1,-7.00570011138916,-4.716540284016573,2.289159827372587,2.289159827372587,val,scaffold,Random Forest
Cc1c(Nc2ccc(Br)cc2F)c(C(=O)NOCCO)cn(C)c1=O,O=c1cc(Nc2ccccc2)cc[nH]1,-2.9600000381469727,-3.1265874382559224,-0.1665874001089498,0.1665874001089498,val,scaffold,Random Forest
Cc1c(O)c(=O)ccn1-c1ccccc1,O=c1ccn(-c2ccccc2)cc1,-2.0299999713897705,-2.2820745311116144,-0.2520745597218439,0.2520745597218439,val,scaffold,Random Forest
Cc1c2ccccc2c2ccc3cccc4ccc1c2c43,c1ccc2c(c1)cc1ccc3cccc4ccc2c1c34,-8.52340030670166,-7.554284490856224,0.969115815845436,0.969115815845436,val,scaffold,Random Forest
Cc1c[nH]c(=O)nc1N,O=c1nccc[nH]1,-1.440000057220459,-1.0055877611241821,0.43441229609627685,0.43441229609627685,val,scaffold,Random Forest
Cc1cc(=O)n2[nH]cnc2n1,O=c1ccnc2nc[nH]n12,-1.3471955060958862,-1.3315986709688867,0.015596835126999498,0.015596835126999498,val,scaffold,Random Forest
Cc1cc(C(C)(C)C)c(OP2OCC3(CO2)COP(Oc2c(C(C)(C)C)cc(C)cc2C(C)(C)C)OC3)c(C(C)(C)C)c1,c1ccc(OP2OCC3(CO2)COP(Oc2ccccc2)OC3)cc1,-7.801238536834717,-7.292774608102349,0.5084639287323682,0.5084639287323682,val,scaffold,Random Forest
Cc1cc(C)[nH]n1,c1cn[nH]c1,-0.5204744935035706,-0.11627472236288172,0.40419977114068883,0.40419977114068883,val,scaffold,Random Forest
Cc1cc(C)c(C(=O)P(=O)(C(=O)c2c(C)cc(C)cc2C)c2ccccc2)c(C)c1,O=C(c1ccccc1)P(=O)(C(=O)c1ccccc1)c1ccccc1,-6.621667385101318,-6.438677567739337,0.18298981736198172,0.18298981736198172,val,scaffold,Random Forest
Cc1cc(C)c(C(=O)P(=O)(c2ccccc2)c2ccccc2)c(C)c1,O=C(c1ccccc1)P(=O)(c1ccccc1)c1ccccc1,-5.0105767250061035,-4.594357052547749,0.4162196724583547,0.4162196724583547,val,scaffold,Random Forest
Cc1cc(C)c(Nc2cc(S(=O)(=O)O)c(N)c3c2C(=O)c2ccccc2C3=O)c(C)c1CNC(=O)c1ccccc1,O=C(NCc1cccc(Nc2cccc3c2C(=O)c2ccccc2C3=O)c1)c1ccccc1,-1.4396051168441772,-2.0970179911780975,-0.6574128743339203,0.6574128743339203,val,scaffold,Random Forest
Cc1cc(C)c(Nc2ccc(Nc3c(C)cc(C)cc3C)c3c2C(=O)c2ccccc2C3=O)c(C)c1,O=C1c2ccccc2C(=O)c2c(Nc3ccccc3)ccc(Nc3ccccc3)c21,-7.8250732421875,-6.352761366746649,1.4723118754408508,1.4723118754408508,val,scaffold,Random Forest
Cc1cc(C)c(S(=O)(=O)NC2CCCCC2)c(C)c1Nc1ccc(Nc2c(C)cc(C)c(S(=O)(=O)NC3CCCCC3)c2C)c2c1C(=O)c1ccccc1C2=O,O=C1c2ccccc2C(=O)c2c(Nc3cccc(S(=O)(=O)NC4CCCCC4)c3)ccc(Nc3cccc(S(=O)(=O)NC4CCCCC4)c3)c21,-4.818703651428223,-5.584820191947123,-0.7661165405189001,0.7661165405189001,val,scaffold,Random Forest
Cc1cc(C)c[n+]([O-])c1,c1cc[nH+]cc1,0.909500002861023,-0.7422558117714438,-1.651755814632467,1.651755814632467,val,scaffold,Random Forest
Cc1cc(C)cc(N2C(=O)c3ccc4c5ccc6c7c(ccc(c8ccc(c3c48)C2=O)c75)C(=O)N(c2cc(C)cc(C)c2)C6=O)c1,O=C1c2ccc3c4ccc5c6c(ccc(c7ccc(c2c37)C(=O)N1c1ccccc1)c64)C(=O)N(c1ccccc1)C5=O,-7.47614860534668,-6.740638543460971,0.7355100618857087,0.7355100618857087,val,scaffold,Random Forest
Cc1cc(C)nc(Nc2ccccc2)n1,c1ccc(Nc2ncccn2)cc1,-3.216599941253662,-2.96925163675206,0.24734830450160228,0.24734830450160228,val,scaffold,Random Forest
Cc1cc(C)nc(Oc2cc(C)n(C)n2)n1,c1cnc(Oc2cc[nH]n2)nc1,-1.5199999809265137,-2.414733112609842,-0.8947331316833282,0.8947331316833282,val,scaffold,Random Forest
Cc1cc(C2(c3ccc(NNC4=C(S(=O)(=O)O)C=C5C=CC(=O)C=C5C4=O)c(C)c3)CCCCC2)ccc1NNC1=C(S(=O)(=O)O)C=C2C=CC(=O)C=C2C1=O,O=C1C=CC2=CC=C(NNc3ccc(C4(c5ccc(NNC6=CC=C7C=CC(=O)C=C7C6=O)cc5)CCCCC4)cc3)C(=O)C2=C1,-0.8547884821891785,-1.7029805355886456,-0.8481920533994671,0.8481920533994671,val,scaffold,Random Forest
Cc1cc(C2CCCCC2)n(O)c(=O)c1,O=c1cccc(C2CCCCC2)[nH]1,-0.9331685900688171,-3.02000136166484,-2.086832771596023,2.086832771596023,val,scaffold,Random Forest
Cc1cc(Cc2cc(C)cc(C3(C)CCCCC3)c2O)c(O)c(C2(C)CCCCC2)c1,c1cc(Cc2cccc(C3CCCCC3)c2)cc(C2CCCCC2)c1,-8.1467866897583,-6.9636726591804665,1.1831140305778343,1.1831140305778343,val,scaffold,Random Forest
Cc1cc(Cc2cc(C)cc(C3CCCCC3)c2O)c(O)c(C2CCCCC2)c1,c1cc(Cc2cccc(C3CCCCC3)c2)cc(C2CCCCC2)c1,-6.979034423828125,-6.925707647500529,0.05332677632759619,0.05332677632759619,val,scaffold,Random Forest
Cc1cc(Cl)cc2c1C(=O)/C(=C1/Sc3cc(Cl)cc(C)c3C1=O)S2,O=C1C(=C2Sc3ccccc3C2=O)Sc2ccccc21,-7.931983947753906,-6.339853540384625,1.5921304073692815,1.5921304073692815,val,scaffold,Random Forest
Cc1cc(N/N=C2\C=CC(=O)C(C(=O)O)=C2)c(OCCCS(=O)(=O)O)cc1N=Nc1ccc([N+](=O)[O-])cc1S(=O)(=O)O,O=C1C=CC(=NNc2ccc(N=Nc3ccccc3)cc2)C=C1,0.1614506095647812,-2.395556364798012,-2.557006974362793,2.557006974362793,val,scaffold,Random Forest
Cc1cc(N=Nc2ccc(Nc3nc(N)nc(Cl)n3)c3c(S(=O)(=O)O)cccc23)c(C)cc1N=Nc1cc(S(=O)(=O)O)ccc1S(=O)(=O)O,c1ccc(N=Nc2ccc(N=Nc3ccc(Nc4ncncn4)c4ccccc34)cc2)cc1,-0.3869456946849823,-1.3831408262194267,-0.9961951315344444,0.9961951315344444,val,scaffold,Random Forest
Cc1cc(NC(C)C(=O)c2ccccc2)ccc1N/N=C1\C=C(S(=O)(=O)O)c2ccccc2C1=O,O=C(CNc1ccc(NN=C2C=Cc3ccccc3C2=O)cc1)c1ccccc1,-1.8129006624221802,-2.354017167367125,-0.5411165049449447,0.5411165049449447,val,scaffold,Random Forest
Cc1cc(NS(=O)(=O)c2ccc(N)cc2)no1,O=S(=O)(Nc1ccon1)c1ccccc1,-2.618299961090088,-2.8908025753124873,-0.2725026142223994,0.2725026142223994,val,scaffold,Random Forest
Cc1cc(NS(=O)(=O)c2ccc(N)cc2)sn1,O=S(=O)(Nc1ccns1)c1ccccc1,-1.076200008392334,-3.266585124466747,-2.190385116074413,2.190385116074413,val,scaffold,Random Forest
Cc1cc(O)c(C(C)(C)C)cc1C(C)CC(c1cc(C(C)(C)C)c(O)cc1C)c1cc(C(C)(C)C)c(O)cc1C,c1ccc(CCC(c2ccccc2)c2ccccc2)cc1,-7.134192943572998,-7.311783401890328,-0.17759045831733022,0.17759045831733022,val,scaffold,Random Forest
Cc1cc(O)c(C2CCCCC2)cc1C(C[C@H](C)c1cc(C2CCCCC2)c(O)cc1C)c1cc(C2CCCCC2)c(O)cc1C,c1cc(CCC(c2cccc(C3CCCCC3)c2)c2cccc(C3CCCCC3)c2)cc(C2CCCCC2)c1,-7.3965020179748535,-6.803764943897407,0.5927370740774469,0.5927370740774469,val,scaffold,Random Forest
Cc1cc(OC(=O)N(C)C)n(C(C)C)n1,c1cn[nH]c1,0.6751999855041504,-2.0498849290536305,-2.725084914557781,2.725084914557781,val,scaffold,Random Forest
Cc1cc(Oc2ccccn2)nn1C,c1ccc(Oc2cc[nH]n2)nc1,-0.9800000190734863,-2.0662182134204157,-1.0862181943469293,1.0862181943469293,val,scaffold,Random Forest
Cc1cc2c(cc1NNC1C(=O)NC(=O)NC1=O)=NC(=O)N=2,O=C1N=c2ccc(NNC3C(=O)NC(=O)NC3=O)cc2=N1,-6.489140033721924,-2.527827336617817,3.961312697104107,3.961312697104107,val,scaffold,Random Forest
Cc1cc2cccc3ccc4c5ccccc5cc1c4c32,c1ccc2c(c1)cc1ccc3cccc4ccc2c1c34,-8.52239990234375,-7.514104203082486,1.0082956992612644,1.0082956992612644,val,scaffold,Random Forest
Cc1cc2nc3c(=O)[nH]c(=O)nc-3n(CC(O)C(O)C(O)CO)c2cc1C,O=c1nc2[nH]c3ccccc3nc-2c(=O)[nH]1,-3.6477999687194824,-1.6991330095980572,1.9486669591214252,1.9486669591214252,val,scaffold,Random Forest
Cc1cc2nc3ccc(N(C)C)cc3[s+]c2cc1N,c1ccc2[s+]c3ccccc3nc2c1,-0.9034000039100647,-4.074379631583179,-3.1709796276731144,3.1709796276731144,val,scaffold,Random Forest
Cc1cc[n+]([O-])cc1,c1cc[nH+]cc1,0.9621000289916992,-0.28205782143691377,-1.244157850428613,1.244157850428613,val,scaffold,Random Forest
Cc1ccc(-c2nc3ccc(C)cn3c2CC(=O)N(C)C)cc1,c1ccc(-c2cn3ccccc3n2)cc1,-1.2999999523162842,-3.9947980424414866,-2.6947980901252024,2.6947980901252024,val,scaffold,Random Forest
Cc1ccc(-n2ccc(=O)c(O)c2C)cc1,O=c1ccn(-c2ccccc2)cc1,-3.2200000286102295,-2.8144791474583655,0.405520881151864,0.405520881151864,val,scaffold,Random Forest
Cc1ccc(C(=O)OOC(=O)c2ccc(C)cc2)cc1,O=C(OOC(=O)c1ccccc1)c1ccccc1,-6.798351764678955,-4.132519177381009,2.6658325872979463,2.6658325872979463,val,scaffold,Random Forest
Cc1ccc(Cn2cc(F)c(=O)[nH]c2=O)cc1,O=c1ccn(Cc2ccccc2)c(=O)[nH]1,-2.9200000762939453,-2.3179161165774538,0.6020839597164915,0.6020839597164915,val,scaffold,Random Forest
Cc1ccc(N=CN(C)C=Nc2ccc(C)cc2C)c(C)c1,C(=Nc1ccccc1)NC=Nc1ccccc1,-5.46750020980835,-5.232075760901764,0.23542444890658576,0.23542444890658576,val,scaffold,Random Forest
Cc1ccc(NC(=O)NC(C)(C)c2ccccc2)cc1,O=C(NCc1ccccc1)Nc1ccccc1,-5.3495001792907715,-4.35065478337371,0.9988453959170611,0.9988453959170611,val,scaffold,Random Forest
Cc1ccc(NS(=O)(=O)c2cc(NNC3=C4C(=O)C=C(S(=O)(=O)O)C=C4C=CC3=N)ccc2Cl)c(C)c1,N=C1C=CC2=CC=CC(=O)C2=C1NNc1cccc(S(=O)(=O)Nc2ccccc2)c1,-0.6308712959289551,-3.1397988501474594,-2.5089275542185043,2.5089275542185043,val,scaffold,Random Forest
Cc1ccc(NS(=O)(=O)c2ccc([N+](=O)[O-])cc2)nc1,O=S(=O)(Nc1ccccn1)c1ccccc1,-4.289999961853027,-3.9644626938719982,0.3255372679810291,0.3255372679810291,val,scaffold,Random Forest
Cc1ccc(Nc2ccc(Nc3ccc(C)cc3S(=O)(=O)O)c3c2C(=O)c2ccccc2C3=O)c(S(=O)(=O)O)c1,O=C1c2ccccc2C(=O)c2c(Nc3ccccc3)ccc(Nc3ccccc3)c21,-1.4270312786102295,-2.0667437402398843,-0.6397124616296548,0.6397124616296548,val,scaffold,Random Forest
Cc1ccc(Nc2nc(Nc3ccc(C)cc3)c(N=Nc3ccccc3C(F)(F)F)c(C)c2C#N)cc1,c1ccc(N=Nc2ccc(Nc3ccccc3)nc2Nc2ccccc2)cc1,-7.717157363891602,-7.0418048198687435,0.675352544022858,0.675352544022858,val,scaffold,Random Forest
Cc1ccc(OCC(=O)NC2C(=O)N3C2SC(C)(C)C3C(=O)O)cc1,O=C(COc1ccccc1)NC1C(=O)N2CCSC12,-3.1500000953674316,-2.5572264932374322,0.5927736021299994,0.5927736021299994,val,scaffold,Random Forest
Cc1ccc(S(=O)(=O)C2(C(=O)OC(C)C)CCCC2)cc1,O=S(=O)(c1ccccc1)C1CCCC1,-3.9100000858306885,-3.8722241825942714,0.03777590323641711,0.03777590323641711,val,scaffold,Random Forest
Cc1ccc(S(=O)(=O)C2(C(=O)OC(C)C)CCCCC2)cc1,O=S(=O)(c1ccccc1)C1CCCCC1,-4.619999885559082,-3.984736403226853,0.635263482332229,0.635263482332229,val,scaffold,Random Forest
Cc1ccc(S(=O)(=O)N(C)Cc2ccc(Nc3cc(S(=O)(=O)O)c(N)c4c3C(=O)c3ccccc3C4=O)cc2)cc1,O=C1c2ccccc2C(=O)c2c(Nc3ccc(CNS(=O)(=O)c4ccccc4)cc3)cccc21,-1.942821979522705,-1.905678542020568,0.03714343750213711,0.03714343750213711,val,scaffold,Random Forest
Cc1ccc(S(=O)(=O)NC(=O)Nc2nccc(Nc3ccc(S(N)(=O)=O)cc3)n2)cc1,O=C(Nc1nccc(Nc2ccccc2)n1)NS(=O)(=O)c1ccccc1,-4.300000190734863,-3.141833334153352,1.158166856581511,1.158166856581511,val,scaffold,Random Forest
Cc1ccc(S(=O)(=O)Oc2c(C(=O)c3ccc(Cl)cc3Cl)c(C)nn2C)cc1,O=C(c1ccccc1)c1cn[nH]c1OS(=O)(=O)c1ccccc1,-6.894599914550781,-5.126281103799342,1.7683188107514392,1.7683188107514392,val,scaffold,Random Forest
Cc1ccc(S(=O)(=O)Oc2ccc(N=Nc3ccc(N=Nc4ccc(Nc5ccc([N+](=O)[O-])cc5S(=O)(=O)O)cc4)c4ccc(S(=O)(=O)O)cc34)cc2)cc1,O=S(=O)(Oc1ccc(N=Nc2ccc(N=Nc3ccc(Nc4ccccc4)cc3)c3ccccc23)cc1)c1ccccc1,-1.5709847211837769,-1.7276053533025242,-0.15662063211874733,0.15662063211874733,val,scaffold,Random Forest
Cc1ccc(S(=O)(=O)Oc2ccccc2C)cc1,O=S(=O)(Oc1ccccc1)c1ccccc1,-3.941699981689453,-3.9068073321600205,0.03489264952943261,0.03489264952943261,val,scaffold,Random Forest
Cc1ccc(Sc2ccc(C(=O)c3ccccc3)cc2)cc1,O=C(c1ccccc1)c1ccc(Sc2ccccc2)cc1,-7.615408420562744,-5.671006917091417,1.944401503471327,1.944401503471327,val,scaffold,Random Forest
Cc1ccc2c(c1)OCC(=O)CO2,O=C1COc2ccccc2OC1,-1.1141554117202759,-1.8109070330702333,-0.6967516213499574,0.6967516213499574,val,scaffold,Random Forest
Cc1ccc2c(ccc3c4c5c(cccc5cc32)CC4)c1,c1cc2c3c(c4ccc5ccccc5c4cc3c1)CC2,-7.920000076293945,-7.0371077649675815,0.8828923113263638,0.8828923113263638,val,scaffold,Random Forest
Cc1ccc2cc3c(ccc4ccccc43)c3c2c1CC3,c1cc2c3c(c4ccc5ccccc5c4cc3c1)CC2,-7.966300010681152,-6.954814986167177,1.0114850245139753,1.0114850245139753,val,scaffold,Random Forest
Cc1ccc2oc(/C=C/c3nc4cc(C)ccc4o3)nc2c1,C(=Cc1nc2ccccc2o1)c1nc2ccccc2o1,-6.000482082366943,-5.715600904974359,0.28488117739258456,0.28488117739258456,val,scaffold,Random Forest
Cc1cccc(C)c1OP(=O)(Oc1cccc(OP(=O)(Oc2c(C)cccc2C)Oc2c(C)cccc2C)c1)Oc1c(C)cccc1C,O=P(Oc1ccccc1)(Oc1ccccc1)Oc1cccc(OP(=O)(Oc2ccccc2)Oc2ccccc2)c1,-6.8367533683776855,-6.790358097306476,0.04639527107120944,0.04639527107120944,val,scaffold,Random Forest
Cc1ccccc1OP(Oc1ccccc1C)Oc1ccccc1C,c1ccc(OP(Oc2ccccc2)Oc2ccccc2)cc1,-7.779842853546143,-6.399267399644725,1.3805754539014172,1.3805754539014172,val,scaffold,Random Forest
Cc1ccccc1Oc1cccnn1,c1ccc(Oc2cccnn2)cc1,-1.968999981880188,-2.7463853654008252,-0.7773853835206372,0.7773853835206372,val,scaffold,Random Forest
Cc1ccn2nc(S(=O)(=O)Nc3c(F)cccc3F)nc2n1,O=S(=O)(Nc1ccccc1)c1nc2ncccn2n1,-3.8248000144958496,-3.5172102680274886,0.307589746468361,0.307589746468361,val,scaffold,Random Forest
Cc1ccn[nH]1,c1cn[nH]c1,1.0856250524520874,0.5183093240301853,-0.5673157284219021,0.5673157284219021,val,scaffold,Random Forest
Cc1ccnc2c1NC(=O)c1cccnc1N2C1CC1,O=C1Nc2cccnc2N(C2CC2)c2ncccc21,-3.190000057220459,-3.846586472260279,-0.6565864150398202,0.6565864150398202,val,scaffold,Random Forest
Cc1ccnc2c1ccc1c(C)ccnc12,c1cnc2c(c1)ccc1cccnc12,-3.968600034713745,-3.5833093217727203,0.3852907129410248,0.3852907129410248,val,scaffold,Random Forest
Cc1cn(C2CC(N=[N+]=[N-])C(COC(=O)c3ccncc3)O2)c(=O)[nH]c1=O,O=C(OCC1CCC(n2ccc(=O)[nH]c2=O)O1)c1ccncc1,-2.7200000286102295,-2.5070777271860645,0.21292230142416502,0.21292230142416502,val,scaffold,Random Forest
Cc1cn(Cc2ccccc2)c(=O)[nH]c1=O,O=c1ccn(Cc2ccccc2)c(=O)[nH]1,-2.2558000087738037,-2.2072777584466365,0.04852225032716717,0.04852225032716717,val,scaffold,Random Forest
Cc1cnc(C2=NC(C)(C(C)C)C(=O)N2)c(C(=O)O)c1,O=C1CN=C(c2ccccn2)N1,-2.091099977493286,-2.7645417655784863,-0.6734417880852002,0.6734417880852002,val,scaffold,Random Forest
Cc1cnc2c(ccc3c(C)c(C)cnc32)c1C,c1cnc2c(c1)ccc1cccnc12,-5.193900108337402,-4.652755801921957,0.5411443064154451,0.5411443064154451,val,scaffold,Random Forest
Cc1cnnc2c(O)cccc12,c1ccc2nnccc2c1,-2.678299903869629,-1.547950549215905,1.130349354653724,1.130349354653724,val,scaffold,Random Forest
Cc1csc(=S)n1CC(=O)O,S=c1[nH]ccs1,-1.9631999731063843,-1.8136957251443906,0.14950424796199369,0.14950424796199369,val,scaffold,Random Forest
Cc1nc(C(F)(F)F)c(C(=O)Nc2c(Br)cc(OC(F)(F)F)cc2Br)s1,O=C(Nc1ccccc1)c1cncs1,-5.518599987030029,-6.586452474263927,-1.067852487233898,1.067852487233898,val,scaffold,Random Forest
Cc1nc(C)c(C(=O)Nc2ccccc2)s1,O=C(Nc1ccccc1)c1cncs1,-1.7300000190734863,-3.40723360487264,-1.6772335857991538,1.6772335857991538,val,scaffold,Random Forest
Cc1nc(NS(=O)(=O)c2ccc(N)cc2)oc1C,O=S(=O)(Nc1ncco1)c1ccccc1,-2.2200000286102295,-3.1798956672368814,-0.959895638626652,0.959895638626652,val,scaffold,Random Forest
Cc1nc2ccccc2[nH]1,c1ccc2[nH]cnc2c1,-1.9598000049591064,-1.4619840908139765,0.49781591414512993,0.49781591414512993,val,scaffold,Random Forest
Cc1ncc2n1-c1ccc(Cl)cc1C(c1ccccc1F)=NC2,c1ccc(C2=NCc3cncn3-c3ccccc32)cc1,-4.130000114440918,-4.792701814029422,-0.6627016995885038,0.6627016995885038,val,scaffold,Random Forest
Cc1nn(-c2cccc(S(=O)(=O)O)c2)c(O)c1N=Nc1cc(Cl)cc(S(=O)(=O)O)c1O,c1ccc(N=Nc2cnn(-c3ccccc3)c2)cc1,-1.1331675052642822,-2.063257847818062,-0.9300903425537799,0.9300903425537799,val,scaffold,Random Forest
Cc1nn(-c2ccccc2)c(O)c1N=Nc1cc(Cl)c(S(N)(=O)=O)cc1O,c1ccc(N=Nc2cnn(-c3ccccc3)c2)cc1,-2.6924707889556885,-4.072346484611075,-1.3798756956553868,1.3798756956553868,val,scaffold,Random Forest
Cc1occc1C(=O)Nc1ccccc1,O=C(Nc1ccccc1)c1ccoc1,-3.3036999702453613,-3.138999772424393,0.16470019782096834,0.16470019782096834,val,scaffold,Random Forest
Cc1onc(NS(=O)(=O)c2ccc(N)cc2)c1C,O=S(=O)(Nc1ccon1)c1ccccc1,-2.190000057220459,-3.2658828919939613,-1.0758828347735023,1.0758828347735023,val,scaffold,Random Forest
Cc1oncc1C(=O)O,c1cnoc1,-1.0553611516952515,-1.0169868240549507,0.0383743276403008,0.0383743276403008,val,scaffold,Random Forest
Cc1snnc1C(=O)O,c1csnn1,-0.45980000495910645,-1.0115914749068564,-0.55179146994775,0.55179146994775,val,scaffold,Random Forest
Cl/C=C/C[N+]12CN3CN(CN(C3)C1)C2,C1N2CN3CN1C[NH+](C2)C3,0.08290000259876251,-0.9592039933954069,-1.0421039959941694,1.0421039959941694,val,scaffold,Random Forest
ClC1=C(Cl)C2(Cl)C3C4OC4C(Cl)C3C1(Cl)C2(Cl)Cl,C1=CC2CC1C1CC3OC3C21,-6.289299964904785,-5.7905570630680305,0.4987429018367546,0.4987429018367546,val,scaffold,Random Forest
ClC1=C(Cl)C2(Cl)C3CCC4C(CCC3C1(Cl)C2(Cl)Cl)C1(Cl)C(Cl)=C(Cl)C4(Cl)C1(Cl)Cl,C1=CC2CC1C1CCC3C4C=CC(C4)C3CCC21,-13.171899795532227,-8.44329889251567,4.728600903016556,4.728600903016556,val,scaffold,Random Forest
Clc1cc(Cl)c2c(c1Cl)C1=NC2N=C2NC(N=C3N=C(N=c4[nH]c(c5c(Cl)c(Cl)c(Cl)c(Cl)c45)=N1)c1c(Cl)c(Cl)c(Cl)c(Cl)c13)c1c(Cl)c(Cl)c(Cl)c(Cl)c12,c1ccc2c(c1)C1=NC2=NC2NC(=NC3N=C(N=c4[nH]c(c5ccccc45)=N1)c1ccccc13)c1ccccc12,-9.039323806762695,-7.754134739343141,1.2851890674195543,1.2851890674195543,val,scaffold,Random Forest
Clc1ccc(CSC(Cn2cncn2)=Nc2ccc(Cl)cc2Cl)cc1,c1ccc(CSC(Cn2cncn2)=Nc2ccccc2)cc1,-5.384200096130371,-5.535297121817947,-0.15109702568757566,0.15109702568757566,val,scaffold,Random Forest
Clc1ccc(N2N=NC3C4CC(C5N=NC45)C32)cc1,c1ccc(N2N=NC3C4CC(C5N=NC45)C32)cc1,-4.869999885559082,-3.773058707038524,1.096941178520558,1.096941178520558,val,scaffold,Random Forest
Clc1ccccc1-c1nnc(-c2ccccc2Cl)nn1,c1ccc(-c2nnc(-c3ccccc3)nn2)cc1,-5.4816999435424805,-4.664762297187046,0.8169376463554343,0.8169376463554343,val,scaffold,Random Forest
Cn1c(-c2ccccc2)c(C=CC2=[N+](C)c3ccccc3C2(C)C)c2ccccc21,C(=Cc1c(-c2ccccc2)[nH]c2ccccc12)C1=[NH+]c2ccccc2C1,-1.7439279556274414,-6.557085860433834,-4.813157904806393,4.813157904806393,val,scaffold,Random Forest
Cn1c(=O)[nH]c2[nH]c(=O)[nH]c2c1=O,O=c1[nH]c(=O)c2[nH]c(=O)[nH]c2[nH]1,-1.561400055885315,-2.6657581452902646,-1.1043580894049496,1.1043580894049496,val,scaffold,Random Forest
Cn1c(=O)[nH]c2c(=O)[nH]c(=O)[nH]c21,O=c1[nH]c(=O)c2[nH]c(=O)[nH]c2[nH]1,-3.940000057220459,-2.168103088569074,1.7718969686513848,1.7718969686513848,val,scaffold,Random Forest
Cn1c(=O)[nH]n(-c2ccccc2)c1=O,O=c1[nH]c(=O)n(-c2ccccc2)[nH]1,-2.9804000854492188,-1.3999324735308276,1.5804676119183911,1.5804676119183911,val,scaffold,Random Forest
Cn1c(=O)c2[nH]c(-c3ccccc3)nc2n(C)c1=O,O=c1[nH]c(=O)c2[nH]c(-c3ccccc3)nc2[nH]1,-5.0,-2.8712368911053576,2.1287631088946424,2.1287631088946424,val,scaffold,Random Forest
Cn1c(=O)c2c(n(C)c1=O)n(C)c(=O)n2C,O=c1[nH]c(=O)c2[nH]c(=O)[nH]c2[nH]1,-0.9527000188827515,-1.6358721622143666,-0.6831721433316151,0.6831721433316151,val,scaffold,Random Forest
Cn1c(=O)c2c(nc(-c3ccccc3)n2C)n(C)c1=O,O=c1[nH]c(=O)c2[nH]c(-c3ccccc3)nc2[nH]1,-3.309999942779541,-2.609514389288846,0.7004855534906951,0.7004855534906951,val,scaffold,Random Forest
Cn1c(=O)cc2c3c(c(Br)ccc31)C(=O)c1ccccc1-2,O=C1c2ccccc2-c2cc(=O)[nH]c3cccc1c23,-6.680445194244385,-4.371202572304777,2.3092426219396076,2.3092426219396076,val,scaffold,Random Forest
Cn1c(=O)ncc2nccnc21,O=c1ncc2nccnc2[nH]1,-1.3712999820709229,-1.1269533145073507,0.24434666756357215,0.24434666756357215,val,scaffold,Random Forest
Cn1cc(C(N)=O)c(Nc2ccc(Br)cc2F)c(F)c1=O,O=c1cc(Nc2ccccc2)cc[nH]1,-4.139999866485596,-3.543905047571769,0.5960948189138269,0.5960948189138269,val,scaffold,Random Forest
Cn1cnc([N+](=O)[O-])c1Sc1ncnc2nc[nH]c12,c1nc(Sc2cnc[nH]2)c2[nH]cnc2n1,-3.2100000381469727,-2.788356235546439,0.4216438026005336,0.4216438026005336,val,scaffold,Random Forest
Cn1cnc2[nH]c(=O)nc(NCCO)c21,O=c1ncc2[nH]cnc2[nH]1,0.07999999821186066,-1.324630226362739,-1.4046302245745996,1.4046302245745996,val,scaffold,Random Forest
Cn1nc(S(N)(=O)=O)sc1=NS(=O)(=O)C(F)(F)F,N=c1[nH]ncs1,-1.159999966621399,-2.3782669716433715,-1.2182670050219726,1.2182670050219726,val,scaffold,Random Forest
Cn1nc(S(N)(=O)=O)sc1=NS(C)(=O)=O,N=c1[nH]ncs1,-2.049999952316284,-2.2578154396024828,-0.20781548728619859,0.20781548728619859,val,scaffold,Random Forest
FC(F)(F)c1nc2c(Cl)c(Cl)ccc2[nH]1,c1ccc2[nH]cnc2c1,-3.567699909210205,-4.138737699654198,-0.5710377904439925,0.5710377904439925,val,scaffold,Random Forest
F[N+]12CC[N+](CCl)(CC1)CC2,C1C[NH+]2CC[NH+]1CC2,-0.3038119077682495,-1.9025448004932393,-1.5987328927249898,1.5987328927249898,val,scaffold,Random Forest
Fc1ccc(C(c2ccccc2)(c2ccccc2F)n2ccnc2)cc1,c1ccc(C(c2ccccc2)(c2ccccc2)n2ccnc2)cc1,-8.399999618530273,-5.576177089442808,2.8238225290874652,2.8238225290874652,val,scaffold,Random Forest
Fc1cccc(F)c1-c1nnc(-c2ccccc2Cl)nn1,c1ccc(-c2nnc(-c3ccccc3)nn2)cc1,-6.119999885559082,-4.473048189403678,1.646951696155404,1.646951696155404,val,scaffold,Random Forest
N#Cc1c[nH]cc1-c1cccc2c1OC(F)(F)O2,c1cc2c(c(-c3cc[nH]c3)c1)OCO2,-5.139500141143799,-3.3736303611846346,1.7658697799591643,1.7658697799591643,val,scaffold,Random Forest
N#Cc1ccc(C=Cc2ccc(C=Cc3cccc(C#N)c3)cc2)cc1,C(=Cc1ccc(C=Cc2ccccc2)cc1)c1ccccc1,-8.12372875213623,-6.253750707471492,1.8699780446647383,1.8699780446647383,val,scaffold,Random Forest
N#Cc1ccc2c(c1)N(CCCN1CCC(O)CC1)c1ccccc1S2,c1ccc2c(c1)Sc1ccccc1N2CCCN1CCCCC1,-3.9800000190734863,-4.3653773532694276,-0.3853773341959412,0.3853773341959412,val,scaffold,Random Forest
N#Cc1ccccc1/C=C/c1ccc(/C=C/c2ccccc2C#N)cc1,C(=Cc1ccc(C=Cc2ccccc2)cc1)c1ccccc1,-4.220638751983643,-6.165509215024095,-1.944870463040452,1.944870463040452,val,scaffold,Random Forest
N#Cc1sc2c(=O)c3ccccc3c(=O)c=2sc1C#N,O=c1c2sccsc=2c(=O)c2ccccc12,-6.329999923706055,-3.796605811942155,2.5333941117639,2.5333941117639,val,scaffold,Random Forest
N=C(N)NN=C1C=CC(=NNC(=N)N)c2ccccc21,N=C1C=CC(=N)c2ccccc21,-3.2899999618530273,-1.9938158169153166,1.2961841449377107,1.2961841449377107,val,scaffold,Random Forest
N=C(N)c1cccc(NC(=O)Nc2cccc(C(=N)N)c2)c1,O=C(Nc1ccccc1)Nc1ccccc1,-1.7699999809265137,-2.922203354403317,-1.1522033734768033,1.1522033734768033,val,scaffold,Random Forest
N=C(c1ccccc1)c1ccccc1,N=C(c1ccccc1)c1ccccc1,-2.7811279296875,-2.9182275201440984,-0.13709959045659836,0.13709959045659836,val,scaffold,Random Forest
N=C1C=CC2=CC(S(=O)(=O)O)=CC(=O)C2=C1NNc1ccc(N)cc1S(=O)(=O)O,N=C1C=CC2=CC=CC(=O)C2=C1NNc1ccccc1,0.3165864050388336,-1.720669521949989,-2.0372559269888226,2.0372559269888226,val,scaffold,Random Forest
N=C1C=CC2=CC(S(=O)(=O)O)=CC(=O)C2=C1NNc1ccccc1C(F)(F)F,N=C1C=CC2=CC=CC(=O)C2=C1NNc1ccccc1,-2.0686299800872803,-2.5179243145854806,-0.44929433449820033,0.44929433449820033,val,scaffold,Random Forest
NC(=NO)N1Cc2cccc3c(Cl)ccc(c23)C1,c1cc2c3c(cccc3c1)CNC2,-2.0,-3.021899459949453,-1.021899459949453,1.021899459949453,val,scaffold,Random Forest
NC(=Nc1ccc(N)cc1)N1Cc2cccc3cccc(c23)C1,C(=Nc1ccccc1)N1Cc2cccc3cccc(c23)C1,-1.8300000429153442,-3.7635121845823187,-1.9335121416669745,1.9335121416669745,val,scaffold,Random Forest
NC(=O)C1CCCN1C(=O)COC(=O)c1ccccc1,O=C(OCC(=O)N1CCCC1)c1ccccc1,-2.2699999809265137,-1.994148467375467,0.27585151355104665,0.27585151355104665,val,scaffold,Random Forest
NC(=O)N1c2ccccc2C=Cc2ccccc21,C1=Cc2ccccc2Nc2ccccc21,-3.2899999618530273,-3.9615501308100622,-0.6715501689570349,0.6715501689570349,val,scaffold,Random Forest
NC(=O)NC1(O)NC(=O)NC1(O)C(=O)O,O=C1NCCN1,-0.3700000047683716,-1.5989660642461134,-1.2289660594777418,1.2289660594777418,val,scaffold,Random Forest
NC(=O)NN=C1CCCCC1,N=C1CCCCC1,-1.4127000570297241,-1.541297633893177,-0.12859757686345286,0.12859757686345286,val,scaffold,Random Forest
NC(=O)Nc1cc(Nc2nc(Cl)nc(Nc3ccc(-c4ccc(Nc5nc(Cl)nc(Nc6ccc(N=Nc7cc8c(S(=O)(=O)O)cc(S(=O)(=O)O)cc8cc7S(=O)(=O)O)c(NC(N)=O)c6)n5)cc4S(=O)(=O)O)c(S(=O)(=O)O)c3)n2)ccc1N=Nc1cc2c(S(=O)(=O)O)cc(S(=O)(=O)O)cc2cc1S(=O)(=O)O,c1ccc2cc(N=Nc3ccc(Nc4ncnc(Nc5ccc(-c6ccc(Nc7ncnc(Nc8ccc(N=Nc9ccc%10ccccc%10c9)cc8)n7)cc6)cc5)n4)cc3)ccc2c1,-1.4981682300567627,-1.3502265433332041,0.14794168672355856,0.14794168672355856,val,scaffold,Random Forest
NC(=O)OCC1COC2(CCCCC2)O1,C1CCC2(CC1)OCCO2,-1.8899999856948853,-1.3486376881836108,0.5413622975112744,0.5413622975112744,val,scaffold,Random Forest
NC(=O)OCC1CSC2(CCCCC2)O1,C1CCC2(CC1)OCCS2,-2.819999933242798,-2.162021911219625,0.657978022023173,0.657978022023173,val,scaffold,Random Forest
NC(=O)OCC1CSC2(CCCCC2)S1,C1CCC2(CC1)SCCS2,-3.5199999809265137,-2.669777017084901,0.8502229638416128,0.8502229638416128,val,scaffold,Random Forest
NC(=O)[C@@H]1CCCN1,C1CCNC1,0.7853597402572632,-0.15371367797491195,-0.9390734182321752,0.9390734182321752,val,scaffold,Random Forest
NC(=O)c1ccc[n+](C2OC(COP(=O)([O-])OP(=O)(O)OCC3OC(n4cnc5c(N)ncnc54)C(O)C3O)C(O)C2O)c1,O=[PH](OCC1CCC(n2cnc3cncnc32)O1)O[PH](=O)OCC1CCC([n+]2ccccc2)O1,0.17820489406585693,-1.8241829556838987,-2.0023878497497556,2.0023878497497556,val,scaffold,Random Forest
NC(=O)c1ccc[n+](Cc2ccccc2)c1,c1ccc(C[n+]2ccccc2)cc1,0.2936103641986847,-1.4564927673688552,-1.75010313156754,1.75010313156754,val,scaffold,Random Forest
NC1CONC1=O,O=C1CCON1,-0.009999999776482582,-0.3137079196115297,-0.30370791983504714,0.30370791983504714,val,scaffold,Random Forest
NCCN1CCNC1=O,O=C1NCCN1,0.6335459351539612,-0.2748819556510293,-0.9084278908049905,0.9084278908049905,val,scaffold,Random Forest
NNP(=O)(Oc1ccccc1)Oc1ccccc1,O=[PH](Oc1ccccc1)Oc1ccccc1,-2.237299919128418,-3.014544209240793,-0.7772442901123751,0.7772442901123751,val,scaffold,Random Forest
NS(=O)(=O)c1cc(C(=O)O)c(NCc2ccco2)cc1Cl,c1ccc(NCc2ccco2)cc1,-3.8299999237060547,-2.776750988675991,1.0532489350300636,1.0532489350300636,val,scaffold,Random Forest
NS(=O)(=O)c1cc(C(=O)c2ccc(CN3CCOCC3)cc2)cs1,O=C(c1ccc(CN2CCOCC2)cc1)c1ccsc1,-1.5199999809265137,-2.5579383984960256,-1.0379384175695119,1.0379384175695119,val,scaffold,Random Forest
NS(=O)(=O)c1cc(C(=O)c2ccc(CNCc3ccccc3)cc2)cs1,O=C(c1ccc(CNCc2ccccc2)cc1)c1ccsc1,-3.369999885559082,-3.0982502195352595,0.27174966602382256,0.27174966602382256,val,scaffold,Random Forest
NS(=O)(=O)c1cc(C(=O)c2cccc(CN3CCOCC3)c2)cs1,O=C(c1ccsc1)c1cccc(CN2CCOCC2)c1,-1.9199999570846558,-2.5332034689211644,-0.6132035118365087,0.6132035118365087,val,scaffold,Random Forest
NS(=O)(=O)c1cc(S(=O)(=O)c2ccc(O)cc2)co1,O=S(=O)(c1ccccc1)c1ccoc1,-2.4000000953674316,-2.5930201565780284,-0.19302006121059678,0.19302006121059678,val,scaffold,Random Forest
NS(=O)(=O)c1cc2c(cc1C(F)(F)F)NC(Cc1ccccc1)NS2(=O)=O,O=S1(=O)NC(Cc2ccccc2)Nc2ccccc21,-3.5913000106811523,-2.965594389288061,0.6257056213930912,0.6257056213930912,val,scaffold,Random Forest
NS(=O)(=O)c1cc2c(cc1C(F)(F)F)NC=NS2(=O)=O,O=S1(=O)N=CNc2ccccc21,-0.8185999989509583,-2.74986310039027,-1.9312631014393116,1.9312631014393116,val,scaffold,Random Forest
NS(=O)(=O)c1cc2c(cc1C(F)(F)F)NCNS2(=O)=O,O=S1(=O)NCNc2ccccc21,-2.9700000286102295,-2.6738648270108216,0.29613520159940787,0.29613520159940787,val,scaffold,Random Forest
NS(=O)(=O)c1cc2c(cc1Cl)NC(C(Cl)Cl)NS2(=O)=O,O=S1(=O)NCNc2ccccc21,-3.180000066757202,-2.7889960741737174,0.3910039925834847,0.3910039925834847,val,scaffold,Random Forest
NS(=O)(=O)c1cc2c(cc1Cl)NCNS2(=O)=O,O=S1(=O)NCNc2ccccc21,-2.630000114440918,-2.827217642301939,-0.19721752786102087,0.19721752786102087,val,scaffold,Random Forest
NS(=O)(=O)c1cc2c(s1)C(O)CCS2,c1cc2c(s1)CCCS2,-2.25,-2.3247831887582144,-0.07478318875821444,0.07478318875821444,val,scaffold,Random Forest
NS(=O)(=O)c1cc2c(s1)S(=O)(=O)CC(O)C2,O=S1(=O)CCCc2ccsc21,-1.5399999618530273,-2.3767901413670125,-0.8367901795139852,0.8367901795139852,val,scaffold,Random Forest
NS(=O)(=O)c1cc2c(s1)S(=O)(=O)CCC2,O=S1(=O)CCCc2ccsc21,-2.680000066757202,-2.6703915370363775,0.009608529720824599,0.009608529720824599,val,scaffold,Random Forest
NS(=O)(=O)c1cc2c(s1)S(=O)(=O)CCC2O,O=S1(=O)CCCc2ccsc21,-1.649999976158142,-2.4327470254548595,-0.7827470492967175,0.7827470492967175,val,scaffold,Random Forest
NS(=O)(=O)c1cc2c(s1)SCCC2=O,O=C1CCSc2sccc21,-3.549999952316284,-2.8430995346319006,0.7069004176843836,0.7069004176843836,val,scaffold,Random Forest
NS(=O)(=O)c1cc2c(s1)SCCC2O,c1cc2c(s1)SCCC2,-2.5899999141693115,-2.2821722174564205,0.307827696712891,0.307827696712891,val,scaffold,Random Forest
NS(=O)(=O)c1ccc(CNC(=S)NC(C(=O)O)C(O)c2ccccc2)cc1,S=C(NCCc1ccccc1)NCc1ccccc1,-1.2899999618530273,-2.0281870080779396,-0.7381870462249123,0.7381870462249123,val,scaffold,Random Forest
NS(=O)(=O)c1ccc(Nc2ccnc(NC(=O)NS(=O)(=O)c3ccc(Cl)cc3)n2)cc1,O=C(Nc1nccc(Nc2ccccc2)n1)NS(=O)(=O)c1ccccc1,-4.0,-3.0662449027595935,0.9337550972404065,0.9337550972404065,val,scaffold,Random Forest
NS(=O)(=O)c1ccccc1-c1nc2ccccc2c(=O)[nH]1,O=c1[nH]c(-c2ccccc2)nc2ccccc12,-3.0799999237060547,-3.1116874831747947,-0.03168755946874002,0.03168755946874002,val,scaffold,Random Forest
Nc1c(N=Nc2ccc(S(=O)(=O)CCOS(=O)(=O)O)cc2S(=O)(=O)O)cc(S(=O)(=O)O)c(N)c1N=Nc1ccc(S(=O)(=O)CCOS(=O)(=O)O)cc1,c1ccc(N=Nc2cccc(N=Nc3ccccc3)c2)cc1,-0.2891446352005005,-0.985683226904068,-0.6965385917035675,0.6965385917035675,val,scaffold,Random Forest
Nc1c(Oc2ccccc2)cc(O)c2c1C(=O)c1ccccc1C2=O,O=C1c2ccccc2C(=O)c2cc(Oc3ccccc3)ccc21,-4.219226837158203,-4.878482517243457,-0.6592556800852538,0.6592556800852538,val,scaffold,Random Forest
Nc1c(S(=O)(=O)O)cc(-c2cc(S(=O)(=O)O)c(N)c3c2C(=O)c2ccccc2C3=O)c2c1C(=O)c1ccccc1C2=O,O=C1c2ccccc2C(=O)c2c1cccc2-c1cccc2c1C(=O)c1ccccc1C2=O,-2.030179977416992,-1.550147373214019,0.4800326042029732,0.4800326042029732,val,scaffold,Random Forest
Nc1ccc(-c2ccc(N)c3c2C(=O)c2ccccc2C3=O)c2c1C(=O)c1ccccc1C2=O,O=C1c2ccccc2C(=O)c2c1cccc2-c1cccc2c1C(=O)c1ccccc1C2=O,-6.293710708618164,-5.779789409783073,0.5139212988350907,0.5139212988350907,val,scaffold,Random Forest
Nc1ccc(C2(c3ccc(N)c(Cl)c3)c3ccccc3-c3ccccc32)cc1Cl,c1ccc(C2(c3ccccc3)c3ccccc3-c3ccccc32)cc1,-6.904485702514648,-6.34321006363449,0.5612756388801587,0.5612756388801587,val,scaffold,Random Forest
Nc1ccc(N=Nc2ccc(NC(=O)c3ccc(N=Nc4c(S(=O)(=O)O)cc5c(c4N)C(=O)/C(=N/Nc4ccccc4)C(S(=O)(=O)O)=C5)cc3)cc2)c(N)c1,O=C(Nc1ccc(N=Nc2ccccc2)cc1)c1ccc(N=Nc2ccc3c(c2)C(=O)C(=NNc2ccccc2)C=C3)cc1,-1.3406827449798584,-1.8054886414604205,-0.46480589648056214,0.46480589648056214,val,scaffold,Random Forest
Nc1ccc(N=Nc2ccc(S(=O)(=O)Nc3ccc(N=Nc4c(S(=O)(=O)O)cc5cc(S(=O)(=O)O)c(N=Nc6ccccc6)c(O)c5c4N)cc3)cc2)c(N)c1,O=S(=O)(Nc1ccc(N=Nc2ccc3ccc(N=Nc4ccccc4)cc3c2)cc1)c1ccc(N=Nc2ccccc2)cc1,-0.6029812097549438,-1.3876195534682045,-0.7846383437132607,0.7846383437132607,val,scaffold,Random Forest
Nc1ccc(N=Nc2cccc(N=Nc3ccc(N)cc3N)c2)c(N)c1,c1ccc(N=Nc2cccc(N=Nc3ccccc3)c2)cc1,-4.197152614593506,-5.3807736518921505,-1.1836210372986447,1.1836210372986447,val,scaffold,Random Forest
Nc1ccc(OCc2cccc(F)c2)c(Cl)c1,c1ccc(COc2ccccc2)cc1,-4.693292140960693,-4.09884301051805,0.5944491304426434,0.5944491304426434,val,scaffold,Random Forest
Nc1ccc(S(=O)(=O)N=C2CC=CN2)cc1,O=S(=O)(N=C1CC=CN1)c1ccccc1,-1.690000057220459,-2.464979774516806,-0.7749797172963468,0.7749797172963468,val,scaffold,Random Forest
Nc1ccc(S(=O)(=O)Nc2ccccn2)cc1,O=S(=O)(Nc1ccccn1)c1ccccc1,-2.700000047683716,-2.8747380744645366,-0.17473802678082073,0.17473802678082073,val,scaffold,Random Forest
Nc1ccc(S(=O)(=O)Nc2ccnn2-c2ccccc2)cc1,O=S(=O)(Nc1ccnn1-c1ccccc1)c1ccccc1,-2.3213000297546387,-3.5922859728609144,-1.2709859431062758,1.2709859431062758,val,scaffold,Random Forest
Nc1ccc(S(=O)(=O)Nc2cnccn2)cc1,O=S(=O)(Nc1cnccn1)c1ccccc1,-3.700000047683716,-2.6628928425438687,1.037107205139847,1.037107205139847,val,scaffold,Random Forest
Nc1ccc(S(=O)(=O)Nc2ncc3c(n2)CCCC3)cc1,O=S(=O)(Nc1ncc2c(n1)CCCC2)c1ccccc1,-3.6500000953674316,-3.4413888889922433,0.20861120637518837,0.20861120637518837,val,scaffold,Random Forest
Nc1ccnc(=O)[nH]1,O=c1nccc[nH]1,-1.1426000595092773,-0.9747530198253829,0.16784703968389447,0.16784703968389447,val,scaffold,Random Forest
Nc1cn(N2CCOCC2)n[o+]1,c1cn(N2CCOCC2)n[o+]1,0.14719831943511963,-1.4158280047459317,-1.5630263241810514,1.5630263241810514,val,scaffold,Random Forest
Nc1cnn(CCO)c1N,c1cn[nH]c1,0.4442593455314636,-0.9056547442128117,-1.3499140897442752,1.3499140897442752,val,scaffold,Random Forest
Nc1nc(=O)[nH]c2[nH]cnc12,O=c1ncc2nc[nH]c2[nH]1,-3.380000114440918,-2.2153104970679074,1.1646896173730106,1.1646896173730106,val,scaffold,Random Forest
Nc1nc(=O)[nH]c2nccnc12,O=c1ncc2nccnc2[nH]1,-3.359999895095825,-2.203991436296276,1.1560084587995494,1.1560084587995494,val,scaffold,Random Forest
Nc1nc(=O)[nH]cc1F,O=c1nccc[nH]1,-0.972000002861023,-1.1168225581688842,-0.14482255530786126,0.14482255530786126,val,scaffold,Random Forest
Nc1nc(=O)c2nccnc2[nH]1,O=c1nc[nH]c2nccnc12,-3.9700000286102295,-2.4797287427048404,1.490271285905389,1.490271285905389,val,scaffold,Random Forest
Nc1nc(=O)nc(N)[nH]1,O=c1nc[nH]cn1,-3.229099988937378,-1.6581673884179424,1.5709326005194355,1.5709326005194355,val,scaffold,Random Forest
Nc1nc(Cl)nc(Nc2cc(S(=O)(=O)O)cc3cc(S(=O)(=O)O)c(N=Nc4cc(S(=O)(=O)O)c5cccc(S(=O)(=O)O)c5c4O)c(O)c23)n1,c1ccc2cc(N=Nc3ccc4cccc(Nc5ncncn5)c4c3)ccc2c1,-0.5907814502716064,-1.0691142753149774,-0.47833282504337093,0.47833282504337093,val,scaffold,Random Forest
Nc1nc(Cl)nc(Nc2ccc(S(=O)(=O)O)c(N/N=C3/C(=O)c4c(cc(S(=O)(=O)O)c(N=Nc5cc(S(=O)(=O)O)ccc5S(=O)(=O)O)c4N)C=C3S(=O)(=O)O)c2)n1,O=C1C(=NNc2cccc(Nc3ncncn3)c2)C=Cc2ccc(N=Nc3ccccc3)cc21,-0.5908005833625793,-1.032735151658002,-0.44193456829542255,0.44193456829542255,val,scaffold,Random Forest
Nc1nc(N)nc(-c2ccccc2)n1,c1ccc(-c2ncncn2)cc1,-2.494168519973755,-2.048239705751227,0.44592881422252795,0.44592881422252795,val,scaffold,Random Forest
Nc1nc(N)nc(NC2CC2)n1,c1ncnc(NC2CC2)n1,-1.1790000200271606,-1.9422714247402033,-0.7632714047130427,0.7632714047130427,val,scaffold,Random Forest
Nc1nc2c(ncn2COC(CO)CO)c(=O)[nH]1,O=c1[nH]cnc2[nH]cnc12,-1.7699999809265137,-1.7920587442147093,-0.02205876328819567,0.02205876328819567,val,scaffold,Random Forest
Nc1nc2c(ncn2COCCO)c(=O)[nH]1,O=c1[nH]cnc2[nH]cnc12,-2.119999885559082,-1.7159878910243973,0.4040119945346847,0.4040119945346847,val,scaffold,Random Forest
Nc1nc2nc[nH]c2c(=O)[nH]1,O=c1[nH]cnc2nc[nH]c12,-4.429999828338623,-2.593292407750414,1.8367074205882092,1.8367074205882092,val,scaffold,Random Forest
Nc1ncnc2c1ncn2C1OC(CO)C(O)C1O,c1ncc2ncn(C3CCCO3)c2n1,-1.7300000190734863,-1.5042012865930163,0.22579873248047,0.22579873248047,val,scaffold,Random Forest
Nc1ncnc2c1ncn2C1OC(COP(=O)(O)O)C(O)C1O,c1ncc2ncn(C3CCCO3)c2n1,-1.995302677154541,-1.5311468792903384,0.4641557978642026,0.4641557978642026,val,scaffold,Random Forest
Nc1ncnc2c1ncn2C1OC(COP(=O)(O)OP(=O)(O)OP(=O)(O)O)C(O)C1O,c1ncc2ncn(C3CCCO3)c2n1,0.2948000133037567,-1.645961713723923,-1.9407617270276798,1.9407617270276798,val,scaffold,Random Forest
Nc1ncnc2c1ncn2[C@@H]1O[C@H](COP(=O)(O)OP(=O)(O)OP(=O)(O)O)[C@@H](O)[C@H]1O,c1ncc2ncn(C3CCCO3)c2n1,0.016887962818145752,-1.645961713723923,-1.6628496765420688,1.6628496765420688,val,scaffold,Random Forest
Nc1ncnc2c1ncn2[C@]1(CO)O[C@H](CO)[C@@H](O)[C@H]1O,c1ncc2ncn(C3CCCO3)c2n1,-1.570099949836731,-1.2909191477414856,0.2791808020952453,0.2791808020952453,val,scaffold,Random Forest
O=C(C1CCC1)N(O)C1CCCCC1,O=C(NC1CCCCC1)C1CCC1,-2.700000047683716,-2.121202310950825,0.5787977367328909,0.5787977367328909,val,scaffold,Random Forest
O=C(CC(Cl)Cl)NC1=C(Cl)C(=O)c2ccccc2C1=O,O=C1C=CC(=O)c2ccccc21,-5.03000020980835,-3.8411673840492875,1.1888328257590621,1.1888328257590621,val,scaffold,Random Forest
O=C(CCCCC(=O)Nc1c(I)cc(I)c(C(=O)O)c1I)Nc1c(I)cc(I)c(C(=O)O)c1I,O=C(CCCCC(=O)Nc1ccccc1)Nc1ccccc1,-3.390000104904175,-6.4119226050624185,-3.0219225001582437,3.0219225001582437,val,scaffold,Random Forest
O=C(Cc1ccccc1)NNC(=O)c1ccncc1,O=C(Cc1ccccc1)NNC(=O)c1ccncc1,-2.4700000286102295,-2.1889433177144872,0.28105671089574225,0.28105671089574225,val,scaffold,Random Forest
O=C(Cc1ccccc1)OCCc1ccccc1,O=C(Cc1ccccc1)OCCc1ccccc1,-4.188747882843018,-3.7030875034421302,0.48566037940088735,0.48566037940088735,val,scaffold,Random Forest
O=C(N=C1C=CC2=C(S(=O)(=O)O)C(NNc3ccc4c(S(=O)(=O)O)cccc4c3)=CC(=O)C2=C1)Nc1ccc2c(c1)C=C(S(=O)(=O)O)/C(=N\Nc1ccc3cccc(S(=O)(=O)O)c3c1)C2=O,O=C(N=C1C=CC2=CC(NNc3ccc4ccccc4c3)=CC(=O)C2=C1)Nc1ccc2c(c1)C=CC(=NNc1ccc3ccccc3c1)C2=O,-0.687217116355896,-2.802460502671511,-2.115243386315615,2.115243386315615,val,scaffold,Random Forest
O=C(NC(=O)c1c(F)cccc1F)Nc1ccc(Cl)c(Oc2ncc(C(F)(F)F)cc2Cl)c1,O=C(NC(=O)c1ccccc1)Nc1cccc(Oc2ccccn2)c1,-7.403299808502197,-6.53492492549547,0.8683748830067275,0.8683748830067275,val,scaffold,Random Forest
O=C(NC(=O)c1c(F)cccc1F)Nc1ccc(Oc2ccc(C(F)(F)F)cc2Cl)cc1F,O=C(NC(=O)c1ccccc1)Nc1ccc(Oc2ccccc2)cc1,-8.09000015258789,-6.587901132354777,1.5020990202331133,1.5020990202331133,val,scaffold,Random Forest
O=C(NC1CCCCC1)c1cccnc1,O=C(NC1CCCCC1)c1cccnc1,-2.319000005722046,-2.2234932977770794,0.09550670794496652,0.09550670794496652,val,scaffold,Random Forest
O=C(NCCc1c[nH]cn1)c1ccccc1,O=C(NCCc1c[nH]cn1)c1ccccc1,-0.6340000033378601,-1.6299712045379473,-0.9959712012000872,0.9959712012000872,val,scaffold,Random Forest
O=C(NCN1CCCCC1)c1ccccc1,O=C(NCN1CCCCC1)c1ccccc1,-2.1500000953674316,-2.174568738242782,-0.02456864287535021,0.02456864287535021,val,scaffold,Random Forest
O=C(NCNC(=O)NC1C(=O)NC(=O)N1CO)NC1C(=O)NC(=O)N1CO,O=C(NCNC(=O)NC1NC(=O)NC1=O)NC1NC(=O)NC1=O,0.41083595156669617,-1.3171146733582402,-1.7279506249249363,1.7279506249249363,val,scaffold,Random Forest
O=C(NO)c1ccccc1N=Cc1ccccn1,C(=Nc1ccccc1)c1ccccn1,-3.2100000381469727,-2.836371217426326,0.3736288207206466,0.3736288207206466,val,scaffold,Random Forest
O=C(Nc1cc(S(=O)(=O)O)cc2c1C(=O)/C(=N/Nc1ccc3cc(S(=O)(=O)CCOS(=O)(=O)O)ccc3c1S(=O)(=O)O)C(S(=O)(=O)O)=C2)c1ccccc1,O=C(Nc1cccc2c1C(=O)C(=NNc1ccc3ccccc3c1)C=C2)c1ccccc1,-0.3893149495124817,-1.0342773028564072,-0.6449623533439255,0.6449623533439255,val,scaffold,Random Forest
O=C(Nc1cc2c3cc(NC(=O)c4ccccc4)c4c(=O)c5ccccc5c(=O)c4c3[nH]c2c2c(=O)c3ccccc3c(=O)c12)c1ccccc1,O=C(Nc1cc2c3cc(NC(=O)c4ccccc4)c4c(=O)c5ccccc5c(=O)c4c3[nH]c2c2c(=O)c3ccccc3c(=O)c12)c1ccccc1,-4.522222995758057,-6.116465176702254,-1.5942421809441978,1.5942421809441978,val,scaffold,Random Forest
O=C(Nc1ccc(Cl)cc1)Nc1ccc(Cl)c(Cl)c1,O=C(Nc1ccccc1)Nc1ccccc1,-6.45772647857666,-5.5198963267462595,0.9378301518304006,0.9378301518304006,val,scaffold,Random Forest
O=C(Nc1ccc2c(c1)C=C(S(=O)(=O)O)/C(=N/Nc1ccc(N=Nc3ccc(S(=O)(=O)O)cc3)cc1S(=O)(=O)O)C2=O)Nc1ccc2c(c1)C=C(S(=O)(=O)O)/C(=N/Nc1ccc(N=Nc3ccc(S(=O)(=O)O)cc3)cc1S(=O)(=O)O)C2=O,O=C(Nc1ccc2c(c1)C=CC(=NNc1ccc(N=Nc3ccccc3)cc1)C2=O)Nc1ccc2c(c1)C=CC(=NNc1ccc(N=Nc3ccccc3)cc1)C2=O,-0.5694985389709473,-1.167015682732538,-0.5975171437615907,0.5975171437615907,val,scaffold,Random Forest
O=C(Nc1cccc2c1C(=O)c1ccccc1C2=O)c1ccc(-c2ccc(N=Nc3ccc(-c4ccc(C(=O)Nc5cccc6c5C(=O)c5ccccc5C6=O)cc4)cc3)cc2)cc1,O=C(Nc1cccc2c1C(=O)c1ccccc1C2=O)c1ccc(-c2ccc(N=Nc3ccc(-c4ccc(C(=O)Nc5cccc6c5C(=O)c5ccccc5C6=O)cc4)cc3)cc2)cc1,-5.716458320617676,-6.528160778658811,-0.8117024580411352,0.8117024580411352,val,scaffold,Random Forest
O=C(Nc1ccccc1)C(O)COc1ccccc1,O=C(CCOc1ccccc1)Nc1ccccc1,-2.4100000858306885,-2.455962984499398,-0.045962898668709506,0.045962898668709506,val,scaffold,Random Forest
O=C(Nc1ccccc1)Nc1ccccc1,O=C(Nc1ccccc1)Nc1ccccc1,-3.1507999897003174,-3.483661685434918,-0.33286169573460045,0.33286169573460045,val,scaffold,Random Forest
O=C(Nc1ccccc1)Nc1cnns1,O=C(Nc1ccccc1)Nc1cnns1,-3.8499999046325684,-2.9520093796363382,0.8979905249962301,0.8979905249962301,val,scaffold,Random Forest
O=C(Nc1ccccc1)c1cccnc1,O=C(Nc1ccccc1)c1cccnc1,-3.0929999351501465,-2.5609649294202925,0.532035005729854,0.532035005729854,val,scaffold,Random Forest
O=C(Nc1ccccc1)n1cc(F)c(=O)[nH]c1=O,O=C(Nc1ccccc1)n1ccc(=O)[nH]c1=O,-1.618399977684021,-2.3768343633467532,-0.7584343856627322,0.7584343856627322,val,scaffold,Random Forest
O=C(Nc1ccnc(=O)[nH]1)c1ccccc1,O=C(Nc1ccnc(=O)[nH]1)c1ccccc1,-5.159680366516113,-2.053040979165977,3.1066393873501363,3.1066393873501363,val,scaffold,Random Forest
O=C(O)C(O)C(O)C1OB(O)OC1CO,B1OCCO1,0.3169727921485901,0.10801782729971793,-0.20895496484887216,0.20895496484887216,val,scaffold,Random Forest
O=C(O)C1=C[NH+2]([O-])CC=C1,C1=CC[NH2+2]C=C1,-1.29830002784729,-1.1200574019792904,0.17824262586799966,0.17824262586799966,val,scaffold,Random Forest
O=C(O)C1C2CCC(O2)C1C(=O)O,C1CC2CCC1O2,-0.27000001072883606,-0.2541025230799452,0.015897487648890873,0.015897487648890873,val,scaffold,Random Forest
O=C(O)C1CC(O)CN1,C1CCNC1,0.43992212414741516,0.14764975424167073,-0.29227236990574446,0.29227236990574446,val,scaffold,Random Forest
O=C(O)C1CC1C(=O)Nc1ccc(Cl)cc1Cl,O=C(Nc1ccccc1)C1CC1,-3.8696999549865723,-3.199351418912726,0.6703485360738464,0.6703485360738464,val,scaffold,Random Forest
O=C(O)C1CCCN1,C1CCNC1,1.1291356086730957,0.36667016290440374,-0.7624654457686919,0.7624654457686919,val,scaffold,Random Forest
O=C(O)C1OC(c2ccccc2)OC1C1COC(c2ccccc2)O1,c1ccc(C2OCC(C3COC(c4ccccc4)O3)O2)cc1,-2.450000047683716,-3.1632598292534317,-0.7132597815697159,0.7132597815697159,val,scaffold,Random Forest
O=C(O)CC1(CC(=O)O)OCOC1=O,O=C1COCO1,-0.6110000014305115,-1.274665528865446,-0.6636655274349346,0.6636655274349346,val,scaffold,Random Forest
O=C(O)CC1(O)CC(=O)N(c2ccccc2)C1=O,O=C1CCC(=O)N1c1ccccc1,-0.6800000071525574,-2.134312505696777,-1.4543124985442195,1.4543124985442195,val,scaffold,Random Forest
O=C(O)CCCCC1CCSS1,C1CSSC1,-2.375047445297241,-2.575503855087375,-0.2004564097901338,0.2004564097901338,val,scaffold,Random Forest
O=C(O)CCCCC1SCC2NC(=O)NC21,O=C1NC2CSCC2N1,-3.0460000038146973,-1.8533544359734386,1.1926455678412586,1.1926455678412586,val,scaffold,Random Forest
O=C(O)CN1C(=O)N(c2ccccc2)C(=O)C1Cc1ccccc1,O=C1NC(Cc2ccccc2)C(=O)N1c1ccccc1,-2.9100000858306885,-3.3070902250643077,-0.39709013923361924,0.39709013923361924,val,scaffold,Random Forest
O=C(O)CN1CCCCS1(=O)=O,O=S1(=O)CCCCN1,-0.5899999737739563,-0.1449220457310769,0.4450779280428794,0.4450779280428794,val,scaffold,Random Forest
O=C(O)Cc1sc(-c2ccccc2)nc1-c1ccc(Cl)cc1,c1ccc(-c2csc(-c3ccccc3)n2)cc1,-4.964399814605713,-4.758096291243322,0.20630352336239088,0.20630352336239088,val,scaffold,Random Forest
O=C(O)Cn1c(=O)sc2cccc(Cl)c21,O=c1[nH]c2ccccc2s1,-2.6087000370025635,-2.605872468829226,0.0028275681733376246,0.0028275681733376246,val,scaffold,Random Forest
O=C(O)c1cc(/N=N/c2ccc(S(=O)(=O)Nc3ccccn3)cc2)ccc1O,O=S(=O)(Nc1ccccn1)c1ccc(N=Nc2ccccc2)cc1,-6.139999866485596,-4.499966006537443,1.6400338599481525,1.6400338599481525,val,scaffold,Random Forest
O=C(O)c1cc(Br)nn1-c1ncccc1Cl,c1ccc(-n2cccn2)nc1,-1.4489346742630005,-3.1686396638252257,-1.7197049895622252,1.7197049895622252,val,scaffold,Random Forest
O=C(O)c1cc(N=Nc2ccc(S(=O)(=O)Nc3ccccn3)cc2)ccc1O,O=S(=O)(Nc1ccccn1)c1ccc(N=Nc2ccccc2)cc1,-6.139999866485596,-4.499966006537443,1.6400338599481525,1.6400338599481525,val,scaffold,Random Forest
O=C(O)c1cc2ccccc2c(Cc2c(O)c(C(=O)O)cc3ccccc23)c1O,c1ccc2c(Cc3cccc4ccccc34)cccc2c1,-0.9807589054107666,-4.911353098857258,-3.930594193446491,3.930594193446491,val,scaffold,Random Forest
O=C(O)c1cc[n+]([O-])cc1,c1cc[nH+]cc1,-1.1019999980926514,-1.410084847644642,-0.30808484955199056,0.30808484955199056,val,scaffold,Random Forest
O=C(O)c1ccc(NC(=O)c2cccnc2)cc1,O=C(Nc1ccccc1)c1cccnc1,-3.083199977874756,-2.945381273375933,0.13781870449882305,0.13781870449882305,val,scaffold,Random Forest
O=C(O)c1cccc2cccc(-c3cccc4cccc(C(=O)O)c34)c12,c1ccc2c(-c3cccc4ccccc34)cccc2c1,-2.233440399169922,-5.39457021362851,-3.1611298144585884,3.1611298144585884,val,scaffold,Random Forest
O=C(O)c1ccccc1C(=O)Nc1cccc2ccccc12,O=C(Nc1cccc2ccccc12)c1ccccc1,-3.163300037384033,-4.225590737979957,-1.0622907005959235,1.0622907005959235,val,scaffold,Random Forest
O=C(O)c1ccccc1C(=O)OCCOC(=O)c1ccccc1C(=O)O,O=C(OCCOC(=O)c1ccccc1)c1ccccc1,-2.8299999237060547,-2.77937666432114,0.05062325938491474,0.05062325938491474,val,scaffold,Random Forest
O=C(O)c1cccnc1Nc1cccc(C(F)(F)F)c1,c1ccc(Nc2ccccn2)cc1,-4.171800136566162,-4.074509323718134,0.0972908128480281,0.0972908128480281,val,scaffold,Random Forest
O=C(O)c1cn(C2CC2)c2cc(N3CCNCC3)c(F)cc2c1=O,O=c1ccn(C2CC2)c2cc(N3CCNCC3)ccc12,-3.5999999046325684,-4.521170900127182,-0.9211709954946139,0.9211709954946139,val,scaffold,Random Forest
O=C(OC1CCCCC1)c1ccccc1C(=O)OC1CCCCC1,O=C(OC1CCCCC1)c1ccccc1C(=O)OC1CCCCC1,-5.512605667114258,-5.121498964868525,0.3911067022457324,0.3911067022457324,val,scaffold,Random Forest
O=C(OCC(=O)N1CCCC1)c1ccccc1,O=C(OCC(=O)N1CCCC1)c1ccccc1,-1.5700000524520874,-1.9406493273231138,-0.3706492748710264,0.3706492748710264,val,scaffold,Random Forest
O=C(OCC(=O)N1CCCC1C(=O)O)c1ccccc1,O=C(OCC(=O)N1CCCC1)c1ccccc1,-1.590000033378601,-2.205462153755404,-0.6154621203768031,0.6154621203768031,val,scaffold,Random Forest
O=C(OCC(=O)N1CCCCCC1)c1ccccc1,O=C(OCC(=O)N1CCCCCC1)c1ccccc1,-2.542099952697754,-2.943129152479539,-0.4010291997817852,0.4010291997817852,val,scaffold,Random Forest
O=C(OCC(=O)N1CCC[C@H]1C(=O)O)c1ccccc1,O=C(OCC(=O)N1CCCC1)c1ccccc1,-1.5916999578475952,-2.205462153755404,-0.613762195907809,0.613762195907809,val,scaffold,Random Forest
O=C(OCC(O)CO)c1ccccc1Nc1ccnc2cc(Cl)ccc12,c1ccc(Nc2ccnc3ccccc23)cc1,-4.539999961853027,-3.6936632317374976,0.8463367301155298,0.8463367301155298,val,scaffold,Random Forest
O=C(OCC1CO1)c1ccc(C(=O)OCC2CO2)cc1,O=C(OCC1CO1)c1ccc(C(=O)OCC2CO2)cc1,-3.557960033416748,-2.178582380413644,1.3793776530031039,1.3793776530031039,val,scaffold,Random Forest
O=C(OCCCc1ccccc1)c1ccccc1,O=C(OCCCc1ccccc1)c1ccccc1,-4.800973892211914,-4.190233482413945,0.6107404097979687,0.6107404097979687,val,scaffold,Random Forest
O=C(OCCOC(=O)c1ccccc1)c1ccccc1,O=C(OCCOC(=O)c1ccccc1)c1ccccc1,-5.070092678070068,-3.473624376663929,1.5964683014061394,1.5964683014061394,val,scaffold,Random Forest
O=C(OCCOc1ccc(Cl)cc1Cl)c1ccccc1,O=C(OCCOc1ccccc1)c1ccccc1,-3.811800003051758,-4.567064347333219,-0.7552643442814615,0.7552643442814615,val,scaffold,Random Forest
O=C(OC[C@H]1O[C@@H](Oc2ccccc2CO)[C@H](O)[C@@H](O)[C@@H]1O)c1ccccc1,O=C(OCC1CCCC(Oc2ccccc2)O1)c1ccccc1,-2.8924999237060547,-1.78283768264401,1.1096622410620447,1.1096622410620447,val,scaffold,Random Forest
O=C(OCc1ccccc1)c1sc(Cl)nc1C(F)(F)F,O=C(OCc1ccccc1)c1cncs1,-5.808499813079834,-4.820613014855826,0.9878867982240083,0.9878867982240083,val,scaffold,Random Forest
O=C(OCn1c(=O)[nH]cc(F)c1=O)Oc1ccccc1,O=C(OCn1c(=O)cc[nH]c1=O)Oc1ccccc1,-2.450000047683716,-2.548569163295128,-0.09856911561141235,0.09856911561141235,val,scaffold,Random Forest
O=C(OOC(=O)c1ccc(Cl)cc1Cl)c1ccc(Cl)cc1Cl,O=C(OOC(=O)c1ccccc1)c1ccccc1,-8.278764724731445,-5.667057460971612,2.6117072637598335,2.6117072637598335,val,scaffold,Random Forest
O=C(OOC(=O)c1ccccc1)c1ccccc1,O=C(OOC(=O)c1ccccc1)c1ccccc1,-4.42519998550415,-3.3382485427274595,1.0869514427766909,1.0869514427766909,val,scaffold,Random Forest
O=C(O[C@@H]1Cc2c(O)cc(O)cc2O[C@@H]1c1cc(O)c(O)c(O)c1)c1cc(O)c(O)c(O)c1,O=C(OC1Cc2ccccc2OC1c1ccccc1)c1ccccc1,-1.0591609477996826,-3.251044909289255,-2.191883961489572,2.191883961489572,val,scaffold,Random Forest
O=C(Oc1cc([N+](=O)[O-])c(Cl)cc1Cl)Oc1cc([N+](=O)[O-])c(Cl)cc1Cl,O=C(Oc1ccccc1)Oc1ccccc1,-6.812907695770264,-6.160622310517798,0.6522853852524655,0.6522853852524655,val,scaffold,Random Forest
O=C(Oc1cccc(N=C=S)c1)c1cccnc1,O=C(Oc1ccccc1)c1cccnc1,-4.300000190734863,-3.8922165546388836,0.4077836360959797,0.4077836360959797,val,scaffold,Random Forest
O=C(Oc1ccccc1)Oc1ccccc1,O=C(Oc1ccccc1)Oc1ccccc1,-4.216916561126709,-3.7849900570360426,0.43192650409066635,0.43192650409066635,val,scaffold,Random Forest
O=C(Oc1ccccc1)n1c(C(F)(F)F)nc2cc(Cl)c(Cl)cc21,O=C(Oc1ccccc1)n1cnc2ccccc21,-4.460299968719482,-5.979113587654775,-1.518813618935293,1.518813618935293,val,scaffold,Random Forest
O=C([O-])c1ccc[n+](Cc2ccccc2)c1,c1ccc(C[n+]2ccccc2)cc1,0.5192202925682068,-1.3392532498631333,-1.85847354243134,1.85847354243134,val,scaffold,Random Forest
O=C(c1cc(N2CC2)c([N+](=O)[O-])cc1[N+](=O)[O-])N1CCCCC1,O=C(c1cccc(N2CC2)c1)N1CCCCC1,-3.1700000762939453,-3.283472767799762,-0.11347269150581685,0.11347269150581685,val,scaffold,Random Forest
O=C(c1ccc(F)cc1)C1CCN(CCn2c(=O)[nH]c3ccccc3c2=O)CC1,O=C(c1ccccc1)C1CCN(CCn2c(=O)[nH]c3ccccc3c2=O)CC1,-4.597099781036377,-3.476646362526665,1.1204534185097121,1.1204534185097121,val,scaffold,Random Forest
O=C(c1ccccc1)C1(O)CCCCC1,O=C(c1ccccc1)C1CCCCC1,-2.6647801399230957,-2.781007283073173,-0.11622714315007743,0.11622714315007743,val,scaffold,Random Forest
O=C(c1ccccc1)C1CCCCC1,O=C(c1ccccc1)C1CCCCC1,-4.014709949493408,-3.494171071126593,0.520538878366815,0.520538878366815,val,scaffold,Random Forest
O=C(c1ccccc1)N(O)c1cccc2ccccc12,O=C(Nc1cccc2ccccc12)c1ccccc1,-3.30649995803833,-4.01248427176889,-0.7059843137305597,0.7059843137305597,val,scaffold,Random Forest
O=C(c1ccccc1)c1ccc(OCC(O)COc2ccc(C(=O)c3ccccc3)c(O)c2)cc1O,O=C(c1ccccc1)c1ccc(OCCCOc2ccc(C(=O)c3ccccc3)cc2)cc1,-7.138754844665527,-5.271430190904352,1.867324653761175,1.867324653761175,val,scaffold,Random Forest
O=C(c1ccccc1)c1ccccn1,O=C(c1ccccc1)c1ccccn1,-2.0199999809265137,-2.4061533061891254,-0.3861533252626117,0.3861533252626117,val,scaffold,Random Forest
O=C(c1ccccc1)n1ncc2c(=O)[nH]cnc21,O=C(c1ccccc1)n1ncc2c(=O)[nH]cnc21,-4.230000019073486,-2.5082303658427776,1.7217696532307087,1.7217696532307087,val,scaffold,Random Forest
O=C(c1ccco1)N(O)c1ccccc1,O=C(Nc1ccccc1)c1ccco1,-3.194000005722046,-2.580703066390608,0.613296939331438,0.613296939331438,val,scaffold,Random Forest
O=C(c1ccco1)c1no[n+]([O-])c1C(=O)c1ccco1,O=C(c1ccco1)c1no[nH+]c1C(=O)c1ccco1,-3.8499999046325684,-2.4579258134102733,1.392074091222295,1.392074091222295,val,scaffold,Random Forest
O=C1C(Cl)=C(Cl)C(=O)N1c1ccc(F)cc1,O=C1C=CC(=O)N1c1ccccc1,-4.644199848175049,-3.5966833849320574,1.0475164632429914,1.0475164632429914,val,scaffold,Random Forest
O=C1C(Cl)=C(Cl)C(=O)c2ccccc21,O=C1C=CC(=O)c2ccccc21,-5.023776531219482,-4.189098729663612,0.8346778015558707,0.8346778015558707,val,scaffold,Random Forest
O=C1C(Cl)=C(NC(=O)C(Cl)Cl)C(=O)c2ccccc21,O=C1C=CC(=O)c2ccccc21,-5.026100158691406,-3.710448113331895,1.3156520453595113,1.3156520453595113,val,scaffold,Random Forest
O=C1C(Cl)C(CCl)CN1c1cccc(C(F)(F)F)c1,O=C1CCCN1c1ccccc1,-4.050000190734863,-4.29468021895473,-0.24468002821986712,0.24468002821986712,val,scaffold,Random Forest
O=C1C2(Cl)C3(Cl)C4(Cl)C(Cl)(Cl)C5(Cl)C3(Cl)C1(Cl)C5(Cl)C24Cl,O=C1C2C3C4CC5C3C1C5C42,-5.259399890899658,-5.560857130154014,-0.30145723925435597,0.30145723925435597,val,scaffold,Random Forest
O=C1C=C(O)C[C@@H](c2ccccc2)C1,O=C1C=CCC(c2ccccc2)C1,-2.5113000869750977,-2.8566333063175438,-0.3453332193424461,0.3453332193424461,val,scaffold,Random Forest
O=C1C=CC(=NNc2ccc(N=Nc3ccccc3)c3ccccc23)C=C1,O=C1C=CC(=NNc2ccc(N=Nc3ccccc3)c3ccccc23)C=C1,-6.009200096130371,-6.151334627754439,-0.14213453162406786,0.14213453162406786,val,scaffold,Random Forest
O=C1C=CC(=O)N1c1ccc(Cc2ccc(N3C(=O)C=CC3=O)cc2)cc1,O=C1C=CC(=O)N1c1ccc(Cc2ccc(N3C(=O)C=CC3=O)cc2)cc1,-5.998008728027344,-3.471487989908211,2.5265207381191326,2.5265207381191326,val,scaffold,Random Forest
O=C1C=CC(=O)N1c1ccccc1,O=C1C=CC(=O)N1c1ccccc1,-2.327317476272583,-1.4175419262048814,0.9097755500677016,0.9097755500677016,val,scaffold,Random Forest
O=C1C=CC(=O)O1,O=C1C=CC(=O)O1,0.6181157827377319,-0.13072297456265686,-0.7488387573003887,0.7488387573003887,val,scaffold,Random Forest
O=C1C=CC(O)(c2cc(O)ccc2O)C=C1,O=C1C=CC(c2ccccc2)C=C1,-1.7300000190734863,-1.853336162965971,-0.1233361438924847,0.1233361438924847,val,scaffold,Random Forest
O=C1C=CC=C2C(=O)C(NNc3cc(S(=O)(=O)O)ccc3O)=CC=C12,O=C1C=CC=C2C(=O)C(NNc3ccccc3)=CC=C12,-0.9011960029602051,-1.1344772191134322,-0.23328121615322717,0.23328121615322717,val,scaffold,Random Forest
O=C1C=Cc2ccccc2/C1=N/Nc1ccc(N=Nc2ccc(S(=O)(=O)O)cc2)cc1,O=C1C=Cc2ccccc2C1=NNc1ccc(N=Nc2ccccc2)cc1,-4.658441543579102,-2.503738404267994,2.1547031393111076,2.1547031393111076,val,scaffold,Random Forest
O=C1C=Cc2ccccc2C1=NO,N=C1C(=O)C=Cc2ccccc21,-2.940000057220459,-2.2806279450778586,0.6593721121426004,0.6593721121426004,val,scaffold,Random Forest
O=C1CC(c2ccc(O)c(O)c2)Oc2cc(O)cc(O)c21,O=C1CC(c2ccccc2)Oc2ccccc21,-3.619999885559082,-3.2375764248031524,0.3824234607559296,0.3824234607559296,val,scaffold,Random Forest
O=C1CC/C=C\CCCCCCCCCC1,O=C1CCC=CCCCCCCCCCC1,-4.883187294006348,-5.2022005492855605,-0.31901325527921287,0.31901325527921287,val,scaffold,Random Forest
O=C1CC=CS1,O=C1CC=CS1,-0.2224999964237213,-0.3364964233059101,-0.1139964268821888,0.1139964268821888,val,scaffold,Random Forest
O=C1CCC(C(=O)Nc2ccccc2)N1,O=C1CCC(C(=O)Nc2ccccc2)N1,-1.3278000354766846,-1.677618132006418,-0.3498180965297335,0.3498180965297335,val,scaffold,Random Forest
O=C1CCC/C=C\CCCCCCCCCC1,O=C1CCCC=CCCCCCCCCCC1,-5.560732364654541,-5.675870212040564,-0.1151378473860234,0.1151378473860234,val,scaffold,Random Forest
O=C1CCCCCCCCCCOCCCCO1,O=C1CCCCCCCCCCOCCCCO1,-4.017959117889404,-4.312799110091396,-0.2948399922019913,0.2948399922019913,val,scaffold,Random Forest
O=C1CCCCCCCCCN1,O=C1CCCCCCCCCN1,-1.886199951171875,-1.8773172991073364,0.008882652064538643,0.008882652064538643,val,scaffold,Random Forest
O=C1CCCCCCCCCOCCCCCO1,O=C1CCCCCCCCCOCCCCCO1,-3.8838493824005127,-4.312799110091396,-0.4289497276908829,0.4289497276908829,val,scaffold,Random Forest
O=C1CCCCCN1,O=C1CCCCCN1,0.8601208925247192,0.08640575281548768,-0.7737151397092316,0.7737151397092316,val,scaffold,Random Forest
O=C1CCCCCN1C(=O)Nc1ccc(Cc2ccc(NC(=O)N3CCCCCC3=O)cc2)cc1,O=C1CCCCCN1C(=O)Nc1ccc(Cc2ccc(NC(=O)N3CCCCCC3=O)cc2)cc1,-7.763261318206787,-5.543861781071577,2.21939953713521,2.21939953713521,val,scaffold,Random Forest
O=C1CCCCCN1C(=O)c1ccccc1,O=C1CCCCCN1C(=O)c1ccccc1,-2.1666998863220215,-2.696343353620325,-0.5296434672983037,0.5296434672983037,val,scaffold,Random Forest
O=C1CCCCCO1,O=C1CCCCCO1,0.9425469040870667,0.023853671706143616,-0.918693232380923,0.918693232380923,val,scaffold,Random Forest
O=C1CCN(c2ccccc2)N1,O=C1CCN(c2ccccc2)N1,-1.1448233127593994,-1.3449503803443659,-0.20012706758496646,0.20012706758496646,val,scaffold,Random Forest
O=C1CCc2cccc3c2N1CC3,O=C1CCc2cccc3c2N1CC3,-1.6365000009536743,-1.4964261993099106,0.1400738016437637,0.1400738016437637,val,scaffold,Random Forest
O=C1CN(/N=C/c2ccc([N+](=O)[O-])o2)C(=O)N1,O=C1CN(N=Cc2ccco2)C(=O)N1,-3.380000114440918,-2.7960455427623154,0.5839545716786025,0.5839545716786025,val,scaffold,Random Forest
O=C1CN(/N=C/c2ccc([N+](=O)[O-])o2)C(=O)N1CO,O=C1CN(N=Cc2ccco2)C(=O)N1,-2.9100000858306885,-2.2844469998739063,0.6255530859567822,0.6255530859567822,val,scaffold,Random Forest
O=C1CN(N=Cc2ccc([N+](=O)[O-])o2)C(=O)N1,O=C1CN(N=Cc2ccco2)C(=O)N1,-3.380000114440918,-2.7960455427623154,0.5839545716786025,0.5839545716786025,val,scaffold,Random Forest
O=C1CNC(=O)c2cc(Cl)ccc2N1,O=C1CNC(=O)c2ccccc2N1,-3.049999952316284,-2.1713023704788617,0.8786975818374225,0.8786975818374225,val,scaffold,Random Forest
O=C1CNC(=O)c2ccccc2N1,O=C1CNC(=O)c2ccccc2N1,-2.8499999046325684,-1.8155419997014461,1.0344579049311222,1.0344579049311222,val,scaffold,Random Forest
O=C1CNC(=S)N1c1ccccc1,O=C1CNC(=S)N1c1ccccc1,-3.242500066757202,-1.2322151268705177,2.0102849398866844,2.0102849398866844,val,scaffold,Random Forest
O=C1COc2ccccc2N1,O=C1COc2ccccc2N1,-2.5715999603271484,-1.6533057497493902,0.9182942105777583,0.9182942105777583,val,scaffold,Random Forest
O=C1C[C@@H](c2ccc(O)c(O)c2)Oc2cc(O)cc(O)c21,O=C1CC(c2ccccc2)Oc2ccccc21,-3.6147000789642334,-3.2375764248031524,0.37712365416108096,0.37712365416108096,val,scaffold,Random Forest
O=C1NC(=O)C(=c2[nH]c(=C3C(=O)NC(=O)NC3=O)c3ccccc23)C(=O)N1,O=C1NC(=O)C(=c2[nH]c(=C3C(=O)NC(=O)NC3=O)c3ccccc23)C(=O)N1,-7.564993858337402,-2.626443282962597,4.938550575374805,4.938550575374805,val,scaffold,Random Forest
O=C1NC(=O)C(c2ccc(O)cc2)N1,O=C1NC(=O)C(c2ccccc2)N1,-2.173105001449585,-1.5804480045343405,0.5926569969152444,0.5926569969152444,val,scaffold,Random Forest
O=C1NC(=O)C2(CC2)C(=O)N1,O=C1NC(=O)C2(CC2)C(=O)N1,-1.8899999856948853,-1.639504709455399,0.2504952762394863,0.2504952762394863,val,scaffold,Random Forest
O=C1NC(=O)C2(CCCC2)C(=O)N1,O=C1NC(=O)C2(CCCC2)C(=O)N1,-2.3489999771118164,-2.0673753532957897,0.2816246238160267,0.2816246238160267,val,scaffold,Random Forest
O=C1NC(=O)C2(CCCCCCCCC2)C(=O)N1,O=C1NC(=O)C2(CCCCCCCCC2)C(=O)N1,-4.590000152587891,-3.6494297866905656,0.940570365897325,0.940570365897325,val,scaffold,Random Forest
O=C1NC(=O)C2(CCCCCCCCCCC2)C(=O)N1,O=C1NC(=O)C2(CCCCCCCCCCC2)C(=O)N1,-5.800000190734863,-3.930028452240208,1.8699717384946553,1.8699717384946553,val,scaffold,Random Forest
O=C1NC(=O)C2C3C(C(O)(c4ccccc4)c4ccccn4)=CC(C3=C(c3ccccc3)c3ccccn3)C12,O=C1NC(=O)C2C3C(C(c4ccccc4)c4ccccn4)=CC(C3=C(c3ccccc3)c3ccccn3)C12,-3.930999994277954,-5.110338652905402,-1.1793386586274481,1.1793386586274481,val,scaffold,Random Forest
O=C1NC(=O)c2cccc3cccc1c23,O=C1NC(=O)c2cccc3cccc1c23,-4.692831516265869,-2.7490805759674233,1.9437509402984459,1.9437509402984459,val,scaffold,Random Forest
O=C1NC(=S)NC(=O)C12CCCCC2,O=C1NC(=S)NC(=O)C12CCCCC2,-3.4600000381469727,-2.5235306786836844,0.9364693594632882,0.9364693594632882,val,scaffold,Random Forest
O=C1NCC(=O)N(CC(O)C(O)C(O)CO)c2ccccc21,O=C1CNC(=O)c2ccccc2N1,-1.4600000381469727,-1.6300658989452563,-0.17006586079828367,0.17006586079828367,val,scaffold,Random Forest
O=C1NCCCC1N1C(=O)c2ccccc2S1(=O)=O,O=C1NCCCC1N1C(=O)c2ccccc2S1(=O)=O,-2.640000104904175,-2.547369758553587,0.09263034635058798,0.09263034635058798,val,scaffold,Random Forest
O=C1NCCN1,O=C1NCCN1,0.840273380279541,0.37197471104877655,-0.46829866923076446,0.46829866923076446,val,scaffold,Random Forest
O=C1NCCN1CCO,O=C1NCCN1,0.877677321434021,-0.02779056305154942,-0.9054678844855704,0.9054678844855704,val,scaffold,Random Forest
O=C1NS(=O)(=O)c2ccccc21,O=C1NS(=O)(=O)c2ccccc21,-1.6718324422836304,-1.985782142001342,-0.3139496997177116,0.3139496997177116,val,scaffold,Random Forest
O=C1Nc2cccc3cccc1c23,O=C1Nc2cccc3cccc1c23,-3.2547671794891357,-2.818766681044031,0.4360004984451047,0.4360004984451047,val,scaffold,Random Forest
O=C1OC(=O)C2CC=CCC12,O=C1OC(=O)C2CC=CCC12,-0.7139217853546143,-1.2022937749718874,-0.48837198961727313,0.48837198961727313,val,scaffold,Random Forest
O=C1c2c(Cl)c(Cl)c(Cl)c(Cl)c2C(=O)C1c1ccc2cccc(N3C(=O)c4c(Cl)c(Cl)c(Cl)c(Cl)c4C3=O)c2n1,O=C1c2ccccc2C(=O)C1c1ccc2cccc(N3C(=O)c4ccccc4C3=O)c2n1,-7.727396011352539,-7.443780996474842,0.28361501487769747,0.28361501487769747,val,scaffold,Random Forest
O=C1c2cc(CCCCO)ccc2OCc2ccsc21,O=C1c2ccccc2OCc2ccsc21,-3.9200000762939453,-3.966743139608276,-0.04674306331433087,0.04674306331433087,val,scaffold,Random Forest
O=C1c2ccccc2-c2ccc3c4c([N+](=O)[O-])cc5c6c(ccc(c7ccc1c2c73)c64)C(=O)c1ccccc1-5,O=C1c2ccccc2-c2ccc3c4ccc5c6c(ccc(c7ccc1c2c73)c64)C(=O)c1ccccc1-5,-4.399238109588623,-6.437314178474659,-2.0380760688860358,2.0380760688860358,val,scaffold,Random Forest
O=C1c2ccccc2-c2ccc3c4ccc5c6c(ccc(c7ccc1c2c73)c64)C(=O)c1ccccc1-5,O=C1c2ccccc2-c2ccc3c4ccc5c6c(ccc(c7ccc1c2c73)c64)C(=O)c1ccccc1-5,-5.513312816619873,-6.487650657741403,-0.97433784112153,0.97433784112153,val,scaffold,Random Forest
O=C1c2ccccc2C(=O)C1C(=O)C(c1ccccc1)c1ccc(Cl)cc1,O=C1c2ccccc2C(=O)C1C(=O)C(c1ccccc1)c1ccccc1,-3.5738000869750977,-5.278179274562808,-1.7043791875877101,1.7043791875877101,val,scaffold,Random Forest
O=C1c2ccccc2C(=O)c2c(Nc3nc(Nc4cccc5c4C(=O)c4ccccc4C5=O)nc(-c4ccccc4)n3)cccc21,O=C1c2ccccc2C(=O)c2c(Nc3nc(Nc4cccc5c4C(=O)c4ccccc4C5=O)nc(-c4ccccc4)n3)cccc21,-7.777865886688232,-6.139011175493361,1.6388547111948712,1.6388547111948712,val,scaffold,Random Forest
O=C1c2ccccc2Cc2ccccc2N1CCF,O=C1Nc2ccccc2Cc2ccccc21,-3.5350000858306885,-3.992097360977972,-0.4570972751472837,0.4570972751472837,val,scaffold,Random Forest
O=CNC(N1C=CN(C(NC=O)C(Cl)(Cl)Cl)C=C1)C(Cl)(Cl)Cl,C1=CNC=CN1,-4.190000057220459,-3.420171866688229,0.76982819053223,0.76982819053223,val,scaffold,Random Forest
O=NC1=C(NO)CCCCC1,C1=CCCCCC1,-1.4249000549316406,-1.9587895638201778,-0.5338895088885371,0.5338895088885371,val,scaffold,Random Forest
O=NN1CCCC1,C1CCNC1,0.9994999766349792,0.004663177295780609,-0.9948367993391987,0.9948367993391987,val,scaffold,Random Forest
O=NN1CCCCCC1,C1CCCNCC1,-1.000599980354309,-0.8817279436316328,0.11887203672267632,0.11887203672267632,val,scaffold,Random Forest
O=P(N1CCOCC1)(N1CCOCC1)N1CCOCC1,O=P(N1CCOCC1)(N1CCOCC1)N1CCOCC1,0.29840001463890076,-1.106997717381275,-1.4053977320201758,1.4053977320201758,val,scaffold,Random Forest
O=P(Oc1ccccc1)(Oc1ccccc1)N1CCOCC1,O=P(Oc1ccccc1)(Oc1ccccc1)N1CCOCC1,-2.1424999237060547,-3.583249821522176,-1.4407498978161213,1.4407498978161213,val,scaffold,Random Forest
O=P(Oc1ccccc1)(Oc1ccccc1)Oc1ccc(-c2ccc(OP(=O)(Oc3ccccc3)Oc3ccccc3)cc2)cc1,O=P(Oc1ccccc1)(Oc1ccccc1)Oc1ccc(-c2ccc(OP(=O)(Oc3ccccc3)Oc3ccccc3)cc2)cc1,-7.813287258148193,-6.595162693628636,1.2181245645195578,1.2181245645195578,val,scaffold,Random Forest
O=P(Oc1ccccc1)(Oc1ccccc1)Oc1cccc(OP(=O)(Oc2ccccc2)Oc2ccccc2)c1,O=P(Oc1ccccc1)(Oc1ccccc1)Oc1cccc(OP(=O)(Oc2ccccc2)Oc2ccccc2)c1,-5.738071918487549,-6.61861875343307,-0.8805468349455214,0.8805468349455214,val,scaffold,Random Forest
O=P1(N(CCCl)CCCl)NCCCCO1,O=[PH]1NCCCCO1,-0.9624000191688538,-2.1012245346781393,-1.1388245155092855,1.1388245155092855,val,scaffold,Random Forest
O=P1(N(CCCl)CCCl)NCCCO1,O=[PH]1NCCCO1,-0.8147000074386597,-1.841998021993162,-1.0272980145545023,1.0272980145545023,val,scaffold,Random Forest
O=S(=O)(C1CCCCC1)C1CCCCC1,O=S(=O)(C1CCCCC1)C1CCCCC1,-2.059999942779541,-3.4901384530507302,-1.4301385102711892,1.4301385102711892,val,scaffold,Random Forest
O=S(=O)(Nc1ncccc1Cl)c1ccccc1,O=S(=O)(Nc1ccccn1)c1ccccc1,-3.1700000762939453,-3.538370273749823,-0.3683701974558775,0.3683701974558775,val,scaffold,Random Forest
O=S(=O)(O)c1cc(N=Nc2ccc3c(S(=O)(=O)O)cccc3c2S(=O)(=O)O)c2c(O)c(Nc3nc(Cl)nc(Nc4ccc(Nc5nc(Cl)nc(Nc6c(S(=O)(=O)O)cc7cc(S(=O)(=O)O)cc(N=Nc8ccc9c(S(=O)(=O)O)cccc9c8S(=O)(=O)O)c7c6O)n5)cc4)n3)c(S(=O)(=O)O)cc2c1,c1ccc2cc(N=Nc3cccc4ccc(Nc5ncnc(Nc6ccc(Nc7ncnc(Nc8ccc9cccc(N=Nc%10ccc%11ccccc%11c%10)c9c8)n7)cc6)n5)cc34)ccc2c1,-0.6348683834075928,-1.5287140836075495,-0.8938457001999567,0.8938457001999567,val,scaffold,Random Forest
O=S(=O)(O)c1cc(Nc2nc(Nc3ccccc3)nc(N3CCOCC3)n2)ccc1/C=C/c1ccc(Nc2nc(Nc3ccccc3)nc(N3CCOCC3)n2)cc1S(=O)(=O)O,C(=Cc1ccc(Nc2nc(Nc3ccccc3)nc(N3CCOCC3)n2)cc1)c1ccc(Nc2nc(Nc3ccccc3)nc(N3CCOCC3)n2)cc1,-2.7108383178710938,-1.6094479552742156,1.1013903625968782,1.1013903625968782,val,scaffold,Random Forest
O=S(=O)(O)c1cc(O)c2ccc3c(S(=O)(=O)O)cc(S(=O)(=O)O)c4ccc1c2c34,c1cc2ccc3cccc4ccc(c1)c2c34,-0.24253563582897186,-1.2922916663322037,-1.0497560305032319,1.0497560305032319,val,scaffold,Random Forest
O=S(=O)(O)c1cc(S(=O)(=O)O)c2cc(NS(=O)(=O)c3cccc(N=Nc4ccc(N=Nc5c(O)ccc6ccccc56)cc4)c3)ccc2c1,O=S(=O)(Nc1ccc2ccccc2c1)c1cccc(N=Nc2ccc(N=Nc3cccc4ccccc34)cc2)c1,-1.209646224975586,-1.4824932718999912,-0.2728470469244053,0.2728470469244053,val,scaffold,Random Forest
O=S(=O)(O)c1ccc(N=Nc2ccc(N=Nc3ccc(/C=C/c4ccc(N=Nc5ccc(/C=C/c6ccc(N=Nc7ccc(N=Nc8ccc(S(=O)(=O)O)cc8)cc7)cc6S(=O)(=O)O)c(S(=O)(=O)O)c5)cc4S(=O)(=O)O)c(S(=O)(=O)O)c3)cc2)cc1,C(=Cc1ccc(N=Nc2ccc(N=Nc3ccccc3)cc2)cc1)c1ccc(N=Nc2ccc(C=Cc3ccc(N=Nc4ccc(N=Nc5ccccc5)cc4)cc3)cc2)cc1,-1.2315456867218018,-1.2036418877048853,0.02790379901691642,0.02790379901691642,val,scaffold,Random Forest
O=S(=O)(O)c1ccccc1N=C1C=CC(=C(c2ccc(Nc3ccccc3)cc2)c2ccc(Nc3ccccc3)cc2)C=C1,C1=CC(=C(c2ccc(Nc3ccccc3)cc2)c2ccc(Nc3ccccc3)cc2)C=CC1=Nc1ccccc1,-8.377104759216309,-2.2694904852260414,6.107614273990267,6.107614273990267,val,scaffold,Random Forest
O=S1(=O)CCCC1,O=S1(=O)CCCC1,-0.07980690151453018,0.2842126455333528,0.364019547047883,0.364019547047883,val,scaffold,Random Forest
O=S1(=O)OC2(c3cc(O)ccc3Oc3ccc(O)cc32)c2ccccc21,O=S1(=O)OC2(c3ccccc3Oc3ccccc32)c2ccccc21,-3.5,-3.725706710141663,-0.225706710141663,0.225706710141663,val,scaffold,Random Forest
O=S1OCCO1,O=S1OCCO1,0.22139999270439148,0.40362973766321775,0.18222974495882627,0.18222974495882627,val,scaffold,Random Forest
O=[N+]([O-])OC1COC2C(O[N+](=O)[O-])COC12,C1CC2OCCC2O1,-2.630000114440918,-2.23457687258115,0.39542324185976785,0.39542324185976785,val,scaffold,Random Forest
O=[N+]([O-])O[C@H]1CO[C@H]2[C@@H]1OC[C@H]2O[N+](=O)[O-],C1CC2OCCC2O1,-2.6328001022338867,-2.23457687258115,0.3982232296527366,0.3982232296527366,val,scaffold,Random Forest
O=[N+]([O-])c1cc2cccnc2c2ncccc12,c1cnc2c(c1)ccc1cccnc12,-3.9172000885009766,-3.677967329200826,0.23923275930015064,0.23923275930015064,val,scaffold,Random Forest
O=[N+]([O-])c1ccc(-c2nc3ccc(Cl)cc3[nH]2)o1,c1coc(-c2nc3ccccc3[nH]2)c1,-4.820000171661377,-4.490729136240859,0.3292710354205184,0.3292710354205184,val,scaffold,Random Forest
O=[N+]([O-])c1ccc(-c2nc3ccc(F)cc3[nH]2)o1,c1coc(-c2nc3ccccc3[nH]2)c1,-4.0,-3.942451068854992,0.05754893114500792,0.05754893114500792,val,scaffold,Random Forest
O=[N+]([O-])c1ccc(-c2nc3ccccc3[nH]2)o1,c1coc(-c2nc3ccccc3[nH]2)c1,-3.890000104904175,-3.6376629862494405,0.2523371186547343,0.2523371186547343,val,scaffold,Random Forest
O=[N+]([O-])c1ccc(N=Nc2c(O)c(N=Nc3cc([N+](=O)[O-])cc([N+](=O)[O-])c3O)cc(N=Nc3cc(S(=O)(=O)O)cc4cc(S(=O)(=O)O)cc(O)c34)c2O)cc1,c1ccc(N=Nc2cc(N=Nc3ccccc3)cc(N=Nc3cccc4ccccc34)c2)cc1,-0.9675670266151428,-1.1161880903158272,-0.1486210637006844,0.1486210637006844,val,scaffold,Random Forest
O=[N+]([O-])c1ccc2c3c(cccc13)-c1ccccc1-2,c1ccc2c(c1)-c1cccc3cccc-2c13,-7.103099822998047,-5.264298249373046,1.838801573625001,1.838801573625001,val,scaffold,Random Forest
O=[N+]([O-])c1ccc2ccc3cccc4ccc1c2c34,c1cc2ccc3cccc4ccc(c1)c2c34,-7.321300029754639,-5.318603427073627,2.002696602681012,2.002696602681012,val,scaffold,Random Forest
O=[N+]([O-])c1ccn[nH]1,c1cn[nH]c1,-1.2854728698730469,-0.9083699260187292,0.37710294385431764,0.37710294385431764,val,scaffold,Random Forest
O=[p+]1oc2ccccc2c2ccccc21,O=[p+]1oc2ccccc2c2ccccc21,-1.7796231508255005,-5.108027694168387,-3.328404543342886,3.328404543342886,val,scaffold,Random Forest
O=c1[nH]c(=O)c2[nH]c(=O)[nH]c2[nH]1,O=c1[nH]c(=O)c2[nH]c(=O)[nH]c2[nH]1,-3.619999885559082,-2.7909374358398127,0.8290624497192693,0.8290624497192693,val,scaffold,Random Forest
O=c1[nH]c(=O)n(Cc2ccc(Cl)cc2)cc1F,O=c1ccn(Cc2ccccc2)c(=O)[nH]1,-3.490000009536743,-2.7711917334932705,0.7188082760434726,0.7188082760434726,val,scaffold,Random Forest
O=c1[nH]c(=O)n(Cc2ccc(Cl)cc2Cl)cc1F,O=c1ccn(Cc2ccccc2)c(=O)[nH]1,-3.940000057220459,-3.473909176294568,0.4660908809258908,0.4660908809258908,val,scaffold,Random Forest
O=c1[nH]c(=O)n(Cc2ccccc2)cc1F,O=c1ccn(Cc2ccccc2)c(=O)[nH]1,-2.6500000953674316,-2.228355060582403,0.42164503478502846,0.42164503478502846,val,scaffold,Random Forest
O=c1[nH]c(CN2CCCC2)c(Br)c(=O)[nH]1,O=c1cc(CN2CCCC2)[nH]c(=O)[nH]1,-1.7799999713897705,-2.2294300591226914,-0.4494300877329209,0.4494300877329209,val,scaffold,Random Forest
O=c1[nH]c(CN2CCCC2)c(Cl)c(=O)[nH]1,O=c1cc(CN2CCCC2)[nH]c(=O)[nH]1,-1.5399999618530273,-2.286127052011697,-0.7461270901586698,0.7461270901586698,val,scaffold,Random Forest
O=c1[nH]c(Nc2ccccc2)nc2[nH]cnc12,O=c1[nH]c(Nc2ccccc2)nc2[nH]cnc12,-4.119999885559082,-2.6797564180109785,1.4402434675481035,1.4402434675481035,val,scaffold,Random Forest
O=c1[nH]c2c(c(=O)n1C1CCCCC1)CCC2,O=c1[nH]c2c(c(=O)n1C1CCCCC1)CCC2,-4.591599941253662,-2.385319030433119,2.206280910820543,2.206280910820543,val,scaffold,Random Forest
O=c1[nH]c2cncnc2[nH]1,O=c1[nH]c2cncnc2[nH]1,-1.5140999555587769,-1.8361055640691692,-0.3220056085103924,0.3220056085103924,val,scaffold,Random Forest
O=c1[nH]ccc2ccccc12,O=c1[nH]ccc2ccccc12,-2.4842000007629395,-1.71895052949957,0.7652494712633695,0.7652494712633695,val,scaffold,Random Forest
O=c1[nH]sc2ccccc12,O=c1[nH]sc2ccccc12,-1.9472895860671997,-1.7951726484023447,0.152116937664855,0.152116937664855,val,scaffold,Random Forest
O=c1c2ccc3c(=O)n4c5ccccc5nc4c4ccc(c2c34)c2nc3ccccc3n12,O=c1c2ccc3c(=O)n4c5ccccc5nc4c4ccc(c2c34)c2nc3ccccc3n12,-5.633055686950684,-5.8638022947065425,-0.23074660775585887,0.23074660775585887,val,scaffold,Random Forest
O=c1c2ccccc2c(=O)c2c1ccc1c3ccc4c(=O)c5c(ccc6c7ccc8c(=O)c9ccccc9c(=O)c8c7[nH]c65)c(=O)c4c3[nH]c12,O=c1c2ccccc2c(=O)c2c1ccc1c3ccc4c(=O)c5c(ccc6c7ccc8c(=O)c9ccccc9c(=O)c8c7[nH]c65)c(=O)c4c3[nH]c12,-8.81064510345459,-5.390961594124397,3.419683509330193,3.419683509330193,val,scaffold,Random Forest
O=c1ccc2nc3ccccc3sc-2c1,O=c1ccc2nc3ccccc3sc-2c1,-3.7200000286102295,-3.5538612898094613,0.16613873880076824,0.16613873880076824,val,scaffold,Random Forest
O=c1cccc2[nH]cccc1-2,O=c1cccc2[nH]cccc1-2,-2.5416998863220215,-1.762642174145393,0.7790577121766284,0.7790577121766284,val,scaffold,Random Forest
O=c1cnc2ncncc2[nH]1,O=c1cnc2ncncc2[nH]1,-2.7100000381469727,-2.1039230738512176,0.6060769642957551,0.6060769642957551,val,scaffold,Random Forest
O=c1n(CC2CO2)c(=O)n(CC2CO2)c(=O)n1CC1CO1,O=c1n(CC2CO2)c(=O)n(CC2CO2)c(=O)n1CC1CO1,-1.4954230785369873,-2.009242817158527,-0.5138197386215397,0.5138197386215397,val,scaffold,Random Forest
O=c1n(C[C@@H]2CO2)c(=O)n(C[C@@H]2CO2)c(=O)n1C[C@@H]1CO1,O=c1n(CC2CO2)c(=O)n(CC2CO2)c(=O)n1CC1CO1,-2.468825340270996,-2.009242817158527,0.45958252311246905,0.45958252311246905,val,scaffold,Random Forest
O=c1nc(-c2ccccc2)oc2ccccc12,O=c1nc(-c2ccccc2)oc2ccccc12,-4.610000133514404,-3.9545307207935396,0.6554694127208647,0.6554694127208647,val,scaffold,Random Forest
O=c1nc[nH]c2c1ncn2C1OC(CO)C(O)C1O,O=c1nc[nH]c2c1ncn2C1CCCO1,-1.2298486232757568,-1.4416878742015817,-0.2118392509258249,0.2118392509258249,val,scaffold,Random Forest
O=c1nc[nH]c2cccnc12,O=c1nc[nH]c2cccnc12,-2.0655999183654785,-1.6737425656426281,0.3918573527228504,0.3918573527228504,val,scaffold,Random Forest
O=c1nc[nH]c2nc(-c3ccccc3)c(-c3ccccc3)nc12,O=c1nc[nH]c2nc(-c3ccccc3)c(-c3ccccc3)nc12,-3.1765999794006348,-4.018697654051992,-0.8420976746513569,0.8420976746513569,val,scaffold,Random Forest
O=c1nc[nH]c2nc[nH]c12,O=c1nc[nH]c2nc[nH]c12,-2.288800001144409,-1.6284534674705198,0.6603465336738894,0.6603465336738894,val,scaffold,Random Forest
O=c1nc[nH]c2nccnc12,O=c1nc[nH]c2nccnc12,-1.47160005569458,-1.6874164567178715,-0.21581640102329147,0.21581640102329147,val,scaffold,Random Forest
O=c1ncc2[nH]cnc2[nH]1,O=c1ncc2[nH]cnc2[nH]1,-1.7136000394821167,-1.8810154523746587,-0.16741541289254203,0.16741541289254203,val,scaffold,Random Forest
O=c1ncc2nccnc2[nH]1,O=c1ncc2nccnc2[nH]1,-2.0,-1.9095487176953085,0.09045128230469146,0.09045128230469146,val,scaffold,Random Forest
O=c1nccc[nH]1,O=c1nccc[nH]1,0.6748999953269958,0.2643613172735939,-0.41053867805340194,0.41053867805340194,val,scaffold,Random Forest
O=c1oc(-c2ccc(-c3nc4ccccc4c(=O)o3)cc2)nc2ccccc12,O=c1oc(-c2ccc(-c3nc4ccccc4c(=O)o3)cc2)nc2ccccc12,-6.517040252685547,-5.073745209690044,1.4432950429955032,1.4432950429955032,val,scaffold,Random Forest
O=c1oc2ccccc2c(O)c1C1CCCc2ccccc21,O=c1oc2ccccc2cc1C1CCCc2ccccc21,-4.860000133514404,-4.684248417555081,0.17575171595932293,0.17575171595932293,val,scaffold,Random Forest
OC(CN1CCCCC1)c1ccc(Cl)c2ccccc12,c1ccc2c(CCN3CCCCC3)cccc2c1,-1.5499999523162842,-4.074574681565405,-2.524574729249121,2.524574729249121,val,scaffold,Random Forest
OC(Cn1cncn1)(c1ccc(F)cc1)c1ccccc1F,c1ccc(C(Cn2cncn2)c2ccccc2)cc1,-3.3650999069213867,-3.3058102826931828,0.05928962422820394,0.05928962422820394,val,scaffold,Random Forest
OC(c1ccccc1)(c1ccccc1)C1CCNCC1,c1ccc(C(c2ccccc2)C2CCNCC2)cc1,-1.3899999856948853,-2.636531571356855,-1.2465315856619696,1.2465315856619696,val,scaffold,Random Forest
OC1CSC(O)CS1,C1CSCCS1,-1.4690382480621338,0.11938467752289222,1.588422925585026,1.588422925585026,val,scaffold,Random Forest
OCC1=C[C@@H](O)[C@@H]2C=CO[C@@H](O[C@@H]3O[C@H](CO)[C@@H](O)[C@H](O)[C@H]3O)[C@H]12,C1=CC2C(C=COC2OC2CCCCO2)C1,0.011900000274181366,-1.050467703876315,-1.0623677041504964,1.0623677041504964,val,scaffold,Random Forest
OCC1=C[C@H](N[C@H]2C[C@H](CO)[C@@H](O[C@@H]3O[C@H](CO)[C@@H](O)[C@H](O)[C@H]3O)[C@H](O)[C@H]2O)[C@H](O)[C@@H](O)[C@@H]1O,C1=CC(NC2CCC(OC3CCCCO3)CC2)CCC1,0.30320000648498535,-1.1253017334688218,-1.4285017399538071,1.4285017399538071,val,scaffold,Random Forest
OCC1OC(OCCc2cccc3ccccc23)C(O)C(O)C1O,c1ccc2c(CCOC3CCCCO3)cccc2c1,-1.1100000143051147,-1.6590327899959068,-0.549032775690792,0.549032775690792,val,scaffold,Random Forest
OCC1OC2OC3C(CO)OC(OC4C(CO)OC(OC5C(CO)OC(OC6C(CO)OC(OC7C(CO)OC(OC8C(CO)OC(OC9C(CO)OC(OC1C(O)C2O)C(O)C9O)C(O)C8O)C(O)C7O)C(O)C6O)C(O)C5O)C(O)C4O)C(O)C3O,C1CC2OCC1OC1CCC(CO1)OC1CCC(CO1)OC1CCC(CO1)OC1CCC(CO1)OC1CCC(CO1)OC1CCC(CO1)OC1CCC(CO1)O2,-0.75,-0.9001150300438987,-0.1501150300438987,0.1501150300438987,val,scaffold,Random Forest
OCC1OCOC2COCOC12,C1OCC2OCOCC2O1,-0.6200000047683716,0.322920948362685,0.9429209531310565,0.9429209531310565,val,scaffold,Random Forest
OC[C@H]1O[C@@H](n2cnc3cncnc32)[C@H](O)[C@@H]1O,c1ncc2ncn(C3CCCO3)c2n1,-0.4018000066280365,-1.1385886999325396,-0.7367886933045031,0.7367886933045031,val,scaffold,Random Forest
ON=C(C(=NO)c1ccccc1)c1ccccc1,N=C(C(=N)c1ccccc1)c1ccccc1,-5.900000095367432,-3.1893706319263533,2.7106294634410784,2.7106294634410784,val,scaffold,Random Forest
ON=C1CCCCC1,N=C1CCCCC1,-0.8495729565620422,-1.0125048281655387,-0.16293187160349643,0.16293187160349643,val,scaffold,Random Forest
O[C@@H]1CO[C@H]2[C@@H]1OC[C@@H]2O,C1CC2OCCC2O1,1.177450180053711,0.23532248650994533,-0.9421276935437656,0.9421276935437656,val,scaffold,Random Forest
O[C@]12COC(c3ccccc3)O[C@@H]1[C@H]1OC(c3ccccc3)OC[C@H]1O2,c1ccc(C2OCC3OC4COC(c5ccccc5)OC4C3O2)cc1,-4.437962532043457,-3.1294178313933028,1.3085447006501543,1.3085447006501543,val,scaffold,Random Forest
Oc1cccc2ccnnc12,c1ccc2nnccc2c1,-2.408900022506714,-1.401324500472667,1.0075755220340468,1.0075755220340468,val,scaffold,Random Forest
Oc1ccccc1N=Cc1c(O)ccc2ccccc12,C(=Nc1ccccc1)c1cccc2ccccc12,-7.432469367980957,-4.22874109332427,3.2037282746566866,3.2037282746566866,val,scaffold,Random Forest
S=C(N=Nc1ccccc1)NNc1ccccc1,S=C(N=Nc1ccccc1)NNc1ccccc1,-6.610000133514404,-4.026772939798852,2.583227193715552,2.583227193715552,val,scaffold,Random Forest
S=C(SN1CCOCC1)N1CCOCC1,S=C(SN1CCOCC1)N1CCOCC1,-3.2913007736206055,-1.2437748163316689,2.0475259572889364,2.0475259572889364,val,scaffold,Random Forest
S=C1NCCN1,S=C1NCCN1,-0.708299994468689,0.14938491782338167,0.8576849122920707,0.8576849122920707,val,scaffold,Random Forest
S=c1[nH]c2cncnc2[nH]1,S=c1[nH]c2cncnc2[nH]1,-2.5243000984191895,-1.6714823441627737,0.8528177542564157,0.8528177542564157,val,scaffold,Random Forest
S=c1[nH]sc(=S)[nH]1,S=c1[nH]sc(=S)[nH]1,-1.7618000507354736,-1.2527423786181744,0.5090576721172992,0.5090576721172992,val,scaffold,Random Forest
S=c1ncc2nccnc2[nH]1,S=c1ncc2nccnc2[nH]1,-2.680000066757202,-1.8195998184319895,0.8604002483252127,0.8604002483252127,val,scaffold,Random Forest
[N-]=[N+]=C1C(=O)NC(=O)NC1=O,[N+]=C1C(=O)NC(=O)NC1=O,-1.4717570543289185,-1.703230739278778,-0.23147368494985954,0.23147368494985954,val,scaffold,Random Forest
[O-][S+](Cc1ccccc1)Cc1ccccc1,c1ccc(C[SH+]Cc2ccccc2)cc1,-2.858808755874634,-3.3248510460119656,-0.4660422901373318,0.4660422901373318,val,scaffold,Random Forest
[O-][n+]1ccccc1,c1cc[nH+]cc1,1.0218000411987305,0.15433358542168174,-0.8674664557770487,0.8674664557770487,val,scaffold,Random Forest
[O-][n+]1nc(-n2ccnc2)nc2ccc(Cl)cc21,c1ccc2[nH+]nc(-n3ccnc3)nc2c1,-3.630000114440918,-2.5464008529857614,1.0835992614551566,1.0835992614551566,val,scaffold,Random Forest
c1cc2c3c(c4ccc5ccccc5c4cc3c1)CC2,c1cc2c3c(c4ccc5ccccc5c4cc3c1)CC2,-7.861299991607666,-7.110763182419365,0.7505368091883007,0.7505368091883007,val,scaffold,Random Forest
c1cc2ccc3ccc4ccc5ccc6ccc1c1c2c3c4c5c61,c1cc2ccc3ccc4ccc5ccc6ccc1c1c2c3c4c5c61,-8.829999923706055,-7.8831637664982885,0.9468361572077661,0.9468361572077661,val,scaffold,Random Forest
c1cc2ccc3cccc4ccc(c1)c2c34,c1cc2ccc3cccc4ccc(c1)c2c34,-6.178796768188477,-6.280268525750606,-0.10147175756212956,0.10147175756212956,val,scaffold,Random Forest
c1cc2cccc3c4cccc5cccc(c(c1)c23)c54,c1cc2cccc3c4cccc5cccc(c(c1)c23)c54,-8.699999809265137,-7.5726293237048425,1.1273704855602942,1.1273704855602942,val,scaffold,Random Forest
c1ccc(-c2cccnc2)nc1,c1ccc(-c2cccnc2)nc1,-0.5916000008583069,-1.4731677706354693,-0.8815677697771624,0.8815677697771624,val,scaffold,Random Forest
c1ccc(-c2cnc(-c3ccccc3)o2)cc1,c1ccc(-c2cnc(-c3ccccc3)o2)cc1,-5.553210258483887,-4.677582598010619,0.8756276604732678,0.8756276604732678,val,scaffold,Random Forest
c1ccc(C2=NCCN2)cc1,c1ccc(C2=NCCN2)cc1,-1.1265181303024292,-1.0373009885673596,0.08921714173506956,0.08921714173506956,val,scaffold,Random Forest
c1ccc(CN(CC2=NCCN2)c2ccccc2)cc1,c1ccc(CN(CC2=NCCN2)c2ccccc2)cc1,-2.5999999046325684,-3.039399977949957,-0.4394000733173886,0.4394000733173886,val,scaffold,Random Forest
c1ccc(CN2CCC(Nc3ccccc3)CC2)cc1,c1ccc(CN2CCC(Nc3ccccc3)CC2)cc1,-3.9542229175567627,-4.012621904499375,-0.058398986942612474,0.058398986942612474,val,scaffold,Random Forest
c1ccc(Nc2cccc3ccccc23)cc1,c1ccc(Nc2cccc3ccccc23)cc1,-4.8638916015625,-4.9832952497857095,-0.11940364822320948,0.11940364822320948,val,scaffold,Random Forest
c1ccc2[nH]c(-c3cscn3)nc2c1,c1ccc2[nH]c(-c3cscn3)nc2c1,-3.60479998588562,-2.8533968055770997,0.7514031803085204,0.7514031803085204,val,scaffold,Random Forest
c1ccc2[nH]cnc2c1,c1ccc2[nH]cnc2c1,-1.7691972255706787,-1.2312797351552836,0.5379174904153952,0.5379174904153952,val,scaffold,Random Forest
c1ccc2c(c1)-c1cccc3cc4c(ccc5ccccc54)c-2c13,c1ccc2c(c1)-c1cccc3cc4c(ccc5ccccc54)c-2c13,-8.480600357055664,-7.864164647864021,0.6164357091916433,0.6164357091916433,val,scaffold,Random Forest
c1ccc2c(c1)-c1cccc3cccc-2c13,c1ccc2c(c1)-c1cccc3cccc-2c13,-5.929999828338623,-5.823809181789243,0.10619064654938004,0.10619064654938004,val,scaffold,Random Forest
c1ccc2c(c1)CCc1ccccc1-2,c1ccc2c(c1)CCc1ccccc1-2,-4.634699821472168,-4.642009280408014,-0.007309458935846003,0.007309458935846003,val,scaffold,Random Forest
c1ccc2c(c1)Cc1cc3ccccc3cc1-2,c1ccc2c(c1)Cc1cc3ccccc3cc1-2,-7.732999801635742,-5.91688979486481,1.8161100067709324,1.8161100067709324,val,scaffold,Random Forest
c1ccc2c(c1)Nc1c(ccc3ccccc13)S2,c1ccc2c(c1)Nc1c(ccc3ccccc13)S2,-5.895699977874756,-5.894430926899476,0.0012690509752797396,0.0012690509752797396,val,scaffold,Random Forest
c1ccc2c(c1)Nc1ccc3ccccc3c1S2,c1ccc2c(c1)Nc1ccc3ccccc3c1S2,-6.572700023651123,-5.930242965210843,0.6424570584402804,0.6424570584402804,val,scaffold,Random Forest
c1ccc2c(c1)OCCOCCOc1ccccc1OCCOCCO2,c1ccc2c(c1)OCCOCCOc1ccccc1OCCOCCO2,-4.69350004196167,-3.8180340169876352,0.8754660249740347,0.8754660249740347,val,scaffold,Random Forest
c1ccc2c(c1)c1cccc3ccc4cccc2c4c31,c1ccc2c(c1)c1cccc3ccc4cccc2c4c31,-7.659999847412109,-7.656046061170476,0.003953786241633672,0.003953786241633672,val,scaffold,Random Forest
c1ccc2c(c1)cc1ccc3cccc4ccc2c1c34,c1ccc2c(c1)cc1ccc3cccc4ccc2c1c34,-8.192399978637695,-7.507329661829806,0.6850703168078889,0.6850703168078889,val,scaffold,Random Forest
c1ccc2c(c1)ccc1[nH]c3ccc4ccccc4c3c12,c1ccc2c(c1)ccc1[nH]c3ccc4ccccc4c3c12,-6.627699851989746,-6.531746502986031,0.09595334900371544,0.09595334900371544,val,scaffold,Random Forest
c1ccc2c(c1)ccc1c2ccc2c3ccccc3ccc21,c1ccc2c(c1)ccc1c2ccc2c3ccccc3ccc21,-7.869999885559082,-7.826185050237429,0.04381483532165298,0.04381483532165298,val,scaffold,Random Forest
c1ccc2c(c1)ccc1cc3c(ccc4ccccc43)cc12,c1ccc2c(c1)ccc1cc3c(ccc4ccccc43)cc12,-8.667900085449219,-7.8853320792295305,0.7825680062196883,0.7825680062196883,val,scaffold,Random Forest
c1ccc2c(c1)ccc1cc3ccc4ccccc4c3cc12,c1ccc2c(c1)ccc1cc3ccc4ccccc4c3cc12,-8.43179988861084,-7.827243929208268,0.604555959402572,0.604555959402572,val,scaffold,Random Forest
c1ccc2c(c1)ccc1ccc3ccccc3c12,c1ccc2c(c1)ccc1ccc3ccccc3c12,-7.820700168609619,-7.321777108888147,0.4989230597214718,0.4989230597214718,val,scaffold,Random Forest
c1ccc2c(c1)ccc1nc3c(ccc4ccccc43)cc12,c1ccc2c(c1)ccc1nc3c(ccc4ccccc43)cc12,-6.244699954986572,-6.7343066317316085,-0.4896066767450362,0.4896066767450362,val,scaffold,Random Forest
c1ccc2c(c1)ccc1nccnc12,c1ccc2c(c1)ccc1nccnc12,-2.680000066757202,-2.985915557558745,-0.3059154908015427,0.3059154908015427,val,scaffold,Random Forest
c1ccc2cc3c(cc2c1)-c1cccc2cccc-3c12,c1ccc2cc3c(cc2c1)-c1cccc2cccc-3c12,-8.498900413513184,-7.505023817808536,0.9938765957046476,0.9938765957046476,val,scaffold,Random Forest
c1ccc2cc3c(cc4c5c(cccc53)CC4)cc2c1,c1ccc2cc3c(cc4c5c(cccc53)CC4)cc2c1,-2.9700000286102295,-7.289416467112518,-4.319416438502288,4.319416438502288,val,scaffold,Random Forest
c1ccc2sc(SN(C3CCCCC3)C3CCCCC3)nc2c1,c1ccc2sc(SN(C3CCCCC3)C3CCCCC3)nc2c1,-6.788599967956543,-6.53303556795915,0.2555643999973931,0.2555643999973931,val,scaffold,Random Forest
c1ccc2sc(SSc3nc4ccccc4s3)nc2c1,c1ccc2sc(SSc3nc4ccccc4s3)nc2c1,-4.5218000411987305,-6.286869305988153,-1.7650692647894228,1.7650692647894228,val,scaffold,Random Forest
c1ccc2sccc2c1,c1ccc2sccc2c1,-3.0137999057769775,-3.6004700669110297,-0.5866701611340521,0.5866701611340521,val,scaffold,Random Forest
c1ccnnc1,c1ccnnc1,1.0964000225067139,0.6613278874672953,-0.43507213503941855,0.43507213503941855,val,scaffold,Random Forest
c1cn[nH]c1,c1cn[nH]c1,1.2878895998001099,0.7490368124944276,-0.5388527873056823,0.5388527873056823,val,scaffold,Random Forest
c1cnc2c(c1)ccc1cccnc12,c1cnc2c(c1)ccc1cccnc12,-1.8259999752044678,-3.1108886987974516,-1.2848887235929838,1.2848887235929838,val,scaffold,Random Forest
c1cnoc1,c1cnoc1,0.38269999623298645,0.3268985334231182,-0.05580146280986825,0.05580146280986825,val,scaffold,Random Forest
c1coc(-c2nc3ccccc3[nH]2)c1,c1coc(-c2nc3ccccc3[nH]2)c1,-3.4140000343322754,-2.896231437271329,0.5177685970609462,0.5177685970609462,val,scaffold,Random Forest
c1coc(CNc2ncnc3[nH]cnc23)c1,c1coc(CNc2ncnc3[nH]cnc23)c1,-3.950000047683716,-2.397426833431629,1.552573214252087,1.552573214252087,val,scaffold,Random Forest
Brc1cc(Br)c(OCCOc2c(Br)cc(Br)cc2Br)c(Br)c1,c1ccc(OCCOc2ccccc2)cc1,-6.536300182342529,-7.716450974501081,-1.1801507921585515,1.1801507921585515,test,scaffold,Random Forest
Brc1cccc(Nc2ncnc3cc4[nH]ccc4cc23)c1,c1ccc(Nc2ncnc3cc4[nH]ccc4cc23)cc1,-2.819999933242798,-5.077794948182801,-2.257795014940003,2.257795014940003,test,scaffold,Random Forest
Brc1cccc(Nc2ncnc3cc4[nH]ncc4cc23)c1,c1ccc(Nc2ncnc3cc4[nH]ncc4cc23)cc1,-3.9600000381469727,-4.80050878584532,-0.8405087476983475,0.8405087476983475,test,scaffold,Random Forest
C#CCOS(=O)OC1CCCCC1Oc1ccc(C(C)(C)C)cc1,c1ccc(OC2CCCCC2)cc1,-5.845699787139893,-4.907358449747876,0.9383413373920169,0.9383413373920169,test,scaffold,Random Forest
C/C(=C\C(C)CC(C)CC(C)C)C1CC(=O)OC1=O,O=C1CCC(=O)O1,-4.425503253936768,-4.185805149811603,0.23969810412516424,0.23969810412516424,test,scaffold,Random Forest
C/C(=N/Nc1nc(C)cc(C)n1)c1ccccc1C,C(=NNc1ncccn1)c1ccccc1,-3.1958999633789062,-3.9304000787668754,-0.7345001153879691,0.7345001153879691,test,scaffold,Random Forest
C/C=C/CC(C)C(O)C1C(=O)NC(CC)C(=O)N(C)CC(=O)N(C)C(CC(C)C)C(=O)NC(C(C)C)C(=O)N(C)C(CC(C)C)C(=O)NC(C)C(=O)NC(C)C(=O)N(C)C(CC(C)C)C(=O)N(C)C(CC(C)C)C(=O)N(C)C(C(C)C)C(=O)N1C,O=C1CNC(=O)CNC(=O)CNC(=O)CNC(=O)CNC(=O)CNC(=O)CNC(=O)CNC(=O)CNC(=O)CNC(=O)CN1,-4.639999866485596,-3.725396569507108,0.9146032969784876,0.9146032969784876,test,scaffold,Random Forest
C/C=C1\CC2C=CC1C2,C=C1CC2C=CC1C2,-3.1767964363098145,-3.033601738345338,0.14319469796447626,0.14319469796447626,test,scaffold,Random Forest
C1=CC=CCC=C1,C1=CC=CCC=C1,-2.172100067138672,-2.64478778819426,-0.4726877210555882,0.4726877210555882,test,scaffold,Random Forest
C1=CCC(C2OCC3(CO2)COC(C2CC=CCC2)OC3)CC1,C1=CCC(C2OCC3(CO2)COC(C2CC=CCC2)OC3)CC1,-5.2397356033325195,-4.389353803436968,0.8503817998955512,0.8503817998955512,test,scaffold,Random Forest
C1=COCCC1,C1=COCCC1,-1.038398265838623,-0.377319469871691,0.661078795966932,0.661078795966932,test,scaffold,Random Forest
C1=Cc2cccc3cccc1c23,C1=Cc2cccc3cccc1c23,-3.975600004196167,-4.42123809001297,-0.4456380858168032,0.4456380858168032,test,scaffold,Random Forest
C1=NC=NC2N=C(c3ccccc3)N=C12,C1=NC=NC2N=C(c3ccccc3)N=C12,-3.069999933242798,-1.9066417386171277,1.1633581946256701,1.1633581946256701,test,scaffold,Random Forest
C1CC(COCC2CO2)CCC1COCC1CO1,C1CC(COCC2CO2)CCC1COCC1CO1,-1.8357971906661987,-1.2276095365159703,0.6081876541502285,0.6081876541502285,test,scaffold,Random Forest
C1CC(N2CCOCC2)CCN1,C1CC(N2CCOCC2)CCN1,-2.9027228355407715,-0.36632431482101635,2.536398520719755,2.536398520719755,test,scaffold,Random Forest
C1CCC2CCCCC2C1,C1CCC2CCCCC2C1,-4.1406779289245605,-4.586030919743586,-0.4453529908190257,0.4453529908190257,test,scaffold,Random Forest
C1CCCCCC1,C1CCCCCC1,-3.514899969100952,-3.6876734266639892,-0.17277345756303708,0.17277345756303708,test,scaffold,Random Forest
C1CCCCCCC1,C1CCCCCCC1,-4.152400016784668,-4.256091468075697,-0.10369145129102897,0.10369145129102897,test,scaffold,Random Forest
C1CCN2CC3CC(CN4CCCCC34)C2C1,C1CCN2CC3CC(CN4CCCCC34)C2C1,-1.8899999856948853,-2.786058700739828,-0.8960587150449428,0.8960587150449428,test,scaffold,Random Forest
C1CCN2C[C@@H]3C[C@@H](CN4CCCC[C@@H]34)[C@H]2C1,C1CCN2CC3CC(CN4CCCCC34)C2C1,-1.8870999813079834,-2.786058700739828,-0.8989587194318447,0.8989587194318447,test,scaffold,Random Forest
C1CCOCOC1,C1CCOCOC1,0.4107896685600281,0.2762221017274384,-0.1345675668325897,0.1345675668325897,test,scaffold,Random Forest
C1CC[C@@H]2NCCC[C@H]2C1,C1CCC2NCCCC2C1,-1.0830999612808228,-1.2157096356395267,-0.13260967435870397,0.13260967435870397,test,scaffold,Random Forest
C1CN(SSN2CCOCC2)CCO1,C1CN(SSN2CCOCC2)CCO1,-3.259634256362915,-1.1214830677904957,2.1381511885724196,2.1381511885724196,test,scaffold,Random Forest
C1CN2CCN1CC2,C1CN2CCN1CC2,0.6032999753952026,-0.12137560854194258,-0.7246755839371453,0.7246755839371453,test,scaffold,Random Forest
C1CNCCNCCNCCN1,C1CNCCNCCNCCN1,-0.03102041594684124,-0.6012636723036032,-0.570243256356762,0.570243256356762,test,scaffold,Random Forest
C1N2CN3CN1CN(C2)C3,C1N2CN3CN1CN(C2)C3,0.7924026846885681,-0.7543528516655477,-1.546755536354116,1.546755536354116,test,scaffold,Random Forest
C1OC1C1CO1,C1OC1C1CO1,1.065000057220459,0.44370333780022264,-0.6212967194202363,0.6212967194202363,test,scaffold,Random Forest
C1O[C@@H]1[C@@H]1CO1,C1OC1C1CO1,1.065000057220459,0.44370333780022264,-0.6212967194202363,0.6212967194202363,test,scaffold,Random Forest
C1O[C@@H]1[C@H]1CO1,C1OC1C1CO1,1.065000057220459,0.44370333780022264,-0.6212967194202363,0.6212967194202363,test,scaffold,Random Forest
C1O[C@H]1[C@H]1CO1,C1OC1C1CO1,1.065000057220459,0.44370333780022264,-0.6212967194202363,0.6212967194202363,test,scaffold,Random Forest
C=C(C)C1Cc2c(ccc3c2OC2COc4cc(OC)c(OC)cc4C2C3=O)O1,O=C1c2ccc3c(c2OC2COc4ccccc4C12)CCO3,-4.46999979019165,-4.888870157801443,-0.41887036760979246,0.41887036760979246,test,scaffold,Random Forest
C=C(C)[C@H]1Cc2c(ccc3c2O[C@@H]2COc4cc(OC)c(OC)cc4[C@@H]2C3=O)O1,O=C1c2ccc3c(c2OC2COc4ccccc4C12)CCO3,-6.294899940490723,-4.888870157801443,1.4060297826892798,1.4060297826892798,test,scaffold,Random Forest
C=C(c1ccccc1)c1ccccc1,C=C(c1ccccc1)c1ccccc1,-4.436299800872803,-4.5925927325590035,-0.15629293168620073,0.15629293168620073,test,scaffold,Random Forest
C=C1C2CCC(C2)C1(C)C,C=C1CC2CCC1C2,-4.471540451049805,-4.120592691672617,0.3509477593771875,0.3509477593771875,test,scaffold,Random Forest
C=C1C=CC(=O)O1,C=C1C=CC(=O)O1,-0.982699990272522,0.013958832424919958,0.9966588226974419,0.9966588226974419,test,scaffold,Random Forest
C=C1CC2C(CCC3(C)C2CCC3(OC(C)=O)C(C)=O)C2(C)CCC(=O)C=C12,C=C1CC2C3CCCC3CCC2C2CCC(=O)C=C12,-6.10779333114624,-5.344152904510969,0.7636404266352717,0.7636404266352717,test,scaffold,Random Forest
C=C1CCOC(C=C(C)C)C1,C=C1CCOCC1,-2.510422468185425,-2.5701911286561105,-0.05976866047068574,0.05976866047068574,test,scaffold,Random Forest
C=C1CCO[C@]2(C(O)C(C)(O)CO)NC(=O)[C@@]1(O)NC2=O,C=C1CCOC2NC(=O)C1NC2=O,-0.19709999859333038,-1.031287442193933,-0.8341874436006027,0.8341874436006027,test,scaffold,Random Forest
C=CC(=O)OCC1CC2CC1C1CCC(COC(=O)C=C)C21,C1CC2C3CCC(C3)C2C1,-4.493085861206055,-3.610480574907298,0.8826052862987566,0.8826052862987566,test,scaffold,Random Forest
C=CC(=O)OCCn1c(=O)n(CCOC(=O)C=C)c(=O)n(CCOC(=O)C=C)c1=O,O=c1[nH]c(=O)[nH]c(=O)[nH]1,-2.4514193534851074,-2.4487541500126313,0.0026652034724761187,0.0026652034724761187,test,scaffold,Random Forest
C=CC1CN2CCC1CC2C(=O)c1ccnc2ccc(OC)cc12,O=C(c1ccnc2ccccc12)C1CC2CCN1CC2,-5.031300067901611,-3.7309015117460302,1.300398556155581,1.300398556155581,test,scaffold,Random Forest
C=CC1CN2CCC1CC2C(=O)c1ccnc2ccccc12,O=C(c1ccnc2ccccc12)C1CC2CCN1CC2,-3.190000057220459,-3.4403639024393184,-0.25036384521885946,0.25036384521885946,test,scaffold,Random Forest
C=CCC1(c2ccccc2)C(=O)NC(=O)NC1=O,O=C1NC(=O)C(c2ccccc2)C(=O)N1,-2.180000066757202,-2.4298910240580343,-0.2498909573008321,0.2498909573008321,test,scaffold,Random Forest
C=CCOC(Cn1ccnc1)c1ccc(Cl)cc1Cl,c1ccc(CCn2ccnc2)cc1,-3.2177999019622803,-4.334983686679255,-1.1171837847169748,1.1171837847169748,test,scaffold,Random Forest
C=CCOC1=NS(=O)(=O)c2ccccc21,O=S1(=O)N=Cc2ccccc21,-3.1726999282836914,-2.488658405175147,0.6840415231085446,0.6840415231085446,test,scaffold,Random Forest
C=CCc1ccc2cncnc2c1O,c1ccc2ncncc2c1,-3.619999885559082,-2.1924621365561334,1.4275377490029486,1.4275377490029486,test,scaffold,Random Forest
C=CCn1c(=O)n(CC=C)c(=O)n(CC=C)c1=O,O=c1[nH]c(=O)[nH]c(=O)[nH]1,-1.8526020050048828,-2.003681452634065,-0.15107944762918235,0.15107944762918235,test,scaffold,Random Forest
C=CN1C=CN(C)C1,C1=CNCN1,0.6585803031921387,-0.31159399861542003,-0.9701743018075587,0.9701743018075587,test,scaffold,Random Forest
C=CS(=O)(=O)CCOCCNc1nc(F)nc(Nc2ccc(N=Nc3cc4c(S(=O)(=O)O)cc(S(=O)(=O)O)cc4cc3S(=O)(=O)O)c(NC(N)=O)c2)n1,c1ccc2cc(N=Nc3ccc(Nc4ncncn4)cc3)ccc2c1,-0.4145597219467163,-1.036733673139865,-0.6221739511931488,0.6221739511931488,test,scaffold,Random Forest
CC(=NNc1nc(C)cc(C)n1)c1ccccc1C,C(=NNc1ncccn1)c1ccccc1,-3.200000047683716,-3.9304000787668754,-0.7304000310831595,0.7304000310831595,test,scaffold,Random Forest
CC(=O)/C(=N/Nc1cc(S(N)(=O)=O)ccc1O)C(=O)Nc1ccccc1,O=C(C=NNc1ccccc1)Nc1ccccc1,-2.208470106124878,-2.275833844403504,-0.06736373827862607,0.06736373827862607,test,scaffold,Random Forest
CC(=O)C(N=Nc1ccc(C(=O)Nc2ccc(C(N)=O)cc2)cc1)C(=O)Nc1ccc2[nH]c(=O)[nH]c2c1,O=C(CN=Nc1ccc(C(=O)Nc2ccccc2)cc1)Nc1ccc2[nH]c(=O)[nH]c2c1,-6.672808647155762,-4.372828430599933,2.299980216555829,2.299980216555829,test,scaffold,Random Forest
CC(=O)C(N=Nc1ccc(C)cc1[N+](=O)[O-])C(=O)Nc1ccc(Cl)cc1,O=C(CN=Nc1ccccc1)Nc1ccccc1,-7.605298042297363,-6.247576114857676,1.3577219274396874,1.3577219274396874,test,scaffold,Random Forest
CC(=O)C(N=Nc1ccc(C)cc1[N+](=O)[O-])C(=O)Nc1ccccc1,O=C(CN=Nc1ccccc1)Nc1ccccc1,-7.417968273162842,-5.856761267405653,1.561207005757189,1.561207005757189,test,scaffold,Random Forest
CC(=O)C(N=Nc1ccc(Cl)cc1[N+](=O)[O-])C(=O)Nc1ccc2[nH]c(=O)[nH]c2c1,O=C(CN=Nc1ccccc1)Nc1ccc2[nH]c(=O)[nH]c2c1,-7.473779678344727,-5.363299922816888,2.1104797555278383,2.1104797555278383,test,scaffold,Random Forest
CC(=O)C(N=Nc1ccc(Cl)cc1[N+](=O)[O-])C(=O)Nc1ccccc1Cl,O=C(CN=Nc1ccccc1)Nc1ccccc1,-7.721757888793945,-6.749513809381576,0.972244079412369,0.972244079412369,test,scaffold,Random Forest
CC(=O)C(N=Nc1ccc(S(=O)(=O)O)cc1[N+](=O)[O-])C(=O)Nc1ccccc1,O=C(CN=Nc1ccccc1)Nc1ccccc1,-4.674561977386475,-1.8028792565327199,2.8716827208537548,2.8716827208537548,test,scaffold,Random Forest
CC(=O)C(N=Nc1ccc(S(=O)(=O)O)cc1[N+](=O)[O-])C(=O)Nc1ccccc1Cl,O=C(CN=Nc1ccccc1)Nc1ccccc1,-5.451460838317871,-3.5956068171054185,1.8558540212124526,1.8558540212124526,test,scaffold,Random Forest
CC(=O)C(N=Nc1ccc([N+](=O)[O-])cc1)C(=O)Nc1ccc2[nH]c(=O)[nH]c2c1,O=C(CN=Nc1ccccc1)Nc1ccc2[nH]c(=O)[nH]c2c1,-7.525540351867676,-3.918681392207743,3.6068589596599328,3.6068589596599328,test,scaffold,Random Forest
CC(=O)C(N=Nc1ccccc1C(=O)O)C(=O)Nc1ccc2[nH]c(=O)[nH]c2c1,O=C(CN=Nc1ccccc1)Nc1ccc2[nH]c(=O)[nH]c2c1,-7.330901622772217,-3.2882820474967835,4.042619575275433,4.042619575275433,test,scaffold,Random Forest
CC(=O)C(N=Nc1ccccc1C(F)(F)F)C(=O)Nc1ccc2[nH]c(=O)[nH]c2c1,O=C(CN=Nc1ccccc1)Nc1ccc2[nH]c(=O)[nH]c2c1,-7.455526828765869,-5.525061561674984,1.9304652670908853,1.9304652670908853,test,scaffold,Random Forest
CC(=O)C1(C)CCC2C3C=C(C)C4=CC(=O)CCC4(C)C3CCC21C,O=C1C=C2C=CC3C4CCCC4CCC3C2CC1,-5.27209997177124,-6.267594418903507,-0.9954944471322671,0.9954944471322671,test,scaffold,Random Forest
CC(=O)C1=C(C)C2CC3(C1)C(C)CCC3C2(C)C,C1=CC2CC3CCCC3(C1)C2,-4.613478660583496,-4.667159652399585,-0.05368099181608876,0.05368099181608876,test,scaffold,Random Forest
CC(=O)CC(c1ccc(Cl)cc1)c1c(O)c2ccccc2oc1=O,O=c1oc2ccccc2cc1Cc1ccccc1,-5.839000225067139,-5.178289017414958,0.6607112076521808,0.6607112076521808,test,scaffold,Random Forest
CC(=O)CC(c1ccccc1)c1c(O)c2ccccc2oc1=O,O=c1oc2ccccc2cc1Cc1ccccc1,-4.78000020980835,-3.6407327412331414,1.1392674685752082,1.1392674685752082,test,scaffold,Random Forest
CC(=O)CC1=NCCS1,C1=NCCS1,-1.156000018119812,-0.9044101577393339,0.25158986038047815,0.25158986038047815,test,scaffold,Random Forest
CC(=O)N(c1onc(C)c1C)S(=O)(=O)c1ccc(N)cc1,O=S(=O)(Nc1ccno1)c1ccccc1,-3.5899999141693115,-3.1625498645559498,0.42745004961336175,0.42745004961336175,test,scaffold,Random Forest
CC(=O)N(c1onc(C)c1C)[S+]([O-])c1ccc(N)cc1,c1ccc([SH+]Nc2ccno2)cc1,-3.5899999141693115,-3.241422721609552,0.3485771925597594,0.3485771925597594,test,scaffold,Random Forest
CC(=O)N1CCN(C(=O)/C=C/c2ccc(Sc3ccc4[nH]ccc4c3)c(Cl)c2)CC1,O=C(C=Cc1ccc(Sc2ccc3[nH]ccc3c2)cc1)N1CCNCC1,-2.740000009536743,-4.592480279567223,-1.8524802700304797,1.8524802700304797,test,scaffold,Random Forest
CC(=O)Nc1ccc(N/N=C2\C=C(C)C=CC2=O)cc1,O=C1C=CC=CC1=NNc1ccccc1,-5.357999801635742,-3.5314584921714345,1.8265413094643077,1.8265413094643077,test,scaffold,Random Forest
CC(=O)Nc1ccc(S(=O)(=O)Nc2ncccn2)cc1,O=S(=O)(Nc1ncccn1)c1ccccc1,-3.5899999141693115,-2.741454156601556,0.8485457575677557,0.8485457575677557,test,scaffold,Random Forest
CC(=O)Nc1ccncc1NS(=O)(=O)c1ccc([N+](=O)[O-])cc1,O=S(=O)(Nc1cccnc1)c1ccccc1,-3.390000104904175,-3.566442656451492,-0.17644255154731736,0.17644255154731736,test,scaffold,Random Forest
CC(=O)OC1(C(C)=O)CCC2C3C=C(C)C4=CC(=O)CCC4(C)C3CCC21C,O=C1C=C2C=CC3C4CCCC4CCC3C2CC1,-5.349999904632568,-5.428967378290083,-0.07896747365751455,0.07896747365751455,test,scaffold,Random Forest
CC(=O)OC1(C)CCC23CC1C(C)(C)[C@@H]2CC[C@H]3C,C1CC2CC3CCCC3(C1)C2,-5.42664098739624,-4.346913599116383,1.0797273882798573,1.0797273882798573,test,scaffold,Random Forest
CC(=O)OC1C(C2COC(C)(C)O2)OC2OC(C)(C)OC21,C1OCC(C2CC3OCOC3O2)O1,-1.5199999809265137,-1.8892450673054055,-0.36924508637889186,0.36924508637889186,test,scaffold,Random Forest
CC(=O)OC1C2C(CC(C)C3C=CC(=O)C31C)OC(=O)C2C,O=C1CC2CC3C(=O)C=CC3CCC2O1,-2.190000057220459,-3.26690779394213,-1.076907736721671,1.076907736721671,test,scaffold,Random Forest
CC(=O)OC1CC2CC1C1CCCC21,C1CC2C3CCC(C3)C2C1,-3.33804988861084,-2.885806377758622,0.45224351085221803,0.45224351085221803,test,scaffold,Random Forest
CC(=O)OC1CCC2CCCCC2C1,C1CCC2CCCCC2C1,-3.56050443649292,-3.743782423818552,-0.18327798732563227,0.18327798732563227,test,scaffold,Random Forest
CC(=O)OC1c2ccccc2N(C(N)=O)c2ccccc2C1OC(C)=O,c1ccc2c(c1)CCc1ccccc1N2,-3.549999952316284,-3.9087323380270336,-0.3587323857107494,0.3587323857107494,test,scaffold,Random Forest
CC(=O)OCC1=C(C(=O)O)N2C(=O)C(NC(=O)Cc3cccs3)C2SC1,O=C(Cc1cccs1)NC1C(=O)N2C=CCSC12,-2.940000057220459,-2.3143465028640122,0.6256535543564468,0.6256535543564468,test,scaffold,Random Forest
CC(=O)OCC1=C(C(=O)O)N2C(=O)[C@@H](NC(=O)Cc3cccs3)[C@H]2SC1,O=C(Cc1cccs1)NC1C(=O)N2C=CCSC12,-2.940000057220459,-2.3143465028640122,0.6256535543564468,0.6256535543564468,test,scaffold,Random Forest
CC(=O)OCCN(CCC#N)c1ccc(N=Nc2nc3ccc([N+](=O)[O-])cc3s2)cc1,c1ccc(N=Nc2nc3ccccc3s2)cc1,-4.340909004211426,-6.044682047332383,-1.7037730431209575,1.7037730431209575,test,scaffold,Random Forest
CC(=O)OCCN(CCOC(C)=O)c1ccc(N=Nc2sc([N+](=O)[O-])cc2[N+](=O)[O-])cc1,c1ccc(N=Nc2cccs2)cc1,-7.547293663024902,-5.803583263175631,1.7437103998492711,1.7437103998492711,test,scaffold,Random Forest
CC(=O)OC[C@H]1O[C@@](COC(C)=O)(O[C@H]2O[C@H](COC(C)=O)[C@@H](OC(C)=O)[C@H](OC(C)=O)[C@H]2OC(C)=O)[C@@H](OC(C)=O)[C@@H]1OC(C)=O,C1CCC(OC2CCCO2)OC1,-2.8726000785827637,-2.3876392918498057,0.48496078673295795,0.48496078673295795,test,scaffold,Random Forest
CC(=O)OC[C@H]1O[C@H](O[C@]2(COC(C)=O)O[C@H](COC(=O)C(C)C)[C@@H](OC(=O)C(C)C)[C@@H]2OC(=O)C(C)C)[C@H](OC(=O)C(C)C)[C@@H](OC(=O)C(C)C)[C@@H]1OC(=O)C(C)C,C1CCC(OC2CCCO2)OC1,-6.073534965515137,-4.099942034911265,1.9735929306038713,1.9735929306038713,test,scaffold,Random Forest
CC(=O)OCn1cc2c(=O)n(COC(C)=O)cnc2n1,O=c1[nH]cnc2n[nH]cc12,-1.9900000095367432,-2.08791635533844,-0.09791634580169672,0.09791634580169672,test,scaffold,Random Forest
CC(=O)O[C@@H]1[C@H]2OC(C)(C)O[C@H]2O[C@@H]1[C@H]1COC(C)(C)O1,C1OCC(C2CC3OCOC3O2)O1,-1.5228999853134155,-1.8892450673054055,-0.36634508199199,0.36634508199199,test,scaffold,Random Forest
CC(=O)O[C@]1(C(C)=O)CC[C@H]2[C@@H]3C=C(C)C4=CC(=O)CC[C@]4(C)[C@H]3CC[C@@]21C,O=C1C=C2C=CC3C4CCCC4CCC3C2CC1,-5.283999919891357,-5.428967378290083,-0.1449674583987255,0.1449674583987255,test,scaffold,Random Forest
CC(=O)Oc1c(C)c(C)c2c(c1C)CC[C@@](C)(CCC[C@H](C)CCC[C@H](C)CCCC(C)C)O2,c1ccc2c(c1)CCCO2,-5.77154541015625,-6.66739426593113,-0.8958488557748803,0.8958488557748803,test,scaffold,Random Forest
CC(=O)Oc1ccc(C(C)(C)CC(C)(C)C)cc1C1C(=O)Oc2ccc(C(C)(C)CC(C)(C)C)cc21,O=C1Oc2ccccc2C1c1ccccc1,-6.692582607269287,-6.789939793512579,-0.0973571862432916,0.0973571862432916,test,scaffold,Random Forest
CC(=O)Oc1ccc2c(c1)CC(=O)N2,O=C1Cc2ccccc2N1,-1.5399999618530273,-2.042317517653439,-0.5023175558004116,0.5023175558004116,test,scaffold,Random Forest
CC(=O)c1cc(C(C)(C)C)cc2c1CCC2(C)C,c1ccc2c(c1)CCC2,-4.870866298675537,-4.794228398515969,0.07663790015956806,0.07663790015956806,test,scaffold,Random Forest
CC(=O)c1cc2c(cc1C)C(C)(C)C(C)CC2(C)C,c1ccc2c(c1)CCCC2,-5.315400123596191,-5.017791975424112,0.29760814817207937,0.29760814817207937,test,scaffold,Random Forest
CC(=O)c1cc2ccccc2o1,c1ccc2occc2c1,-2.5484883785247803,-2.6593545908540013,-0.110866212329221,0.110866212329221,test,scaffold,Random Forest
CC(=O)c1ccc(S(=O)(=O)NC(=O)NC2CCCCC2)cc1,O=C(NC1CCCCC1)NS(=O)(=O)c1ccccc1,-2.059999942779541,-3.43910576044299,-1.379105817663449,1.379105817663449,test,scaffold,Random Forest
CC(C(=O)O)c1ccc2c(c1)[nH]c1ccc(Cl)cc12,c1ccc2c(c1)[nH]c1ccccc12,-4.699999809265137,-4.318203272331643,0.3817965369334937,0.3817965369334937,test,scaffold,Random Forest
CC(C)(C)C(=O)C1C(=O)c2ccccc2C1=O,O=C1CC(=O)c2ccccc21,-4.10699987411499,-3.2764468952801336,0.8305529788348567,0.8305529788348567,test,scaffold,Random Forest
CC(C)(C)C(=O)OCn1cc2c(=O)[nH]cnc2n1,O=c1[nH]cnc2n[nH]cc12,-2.1700000762939453,-2.4502790662198475,-0.28027898992590217,0.28027898992590217,test,scaffold,Random Forest
CC(C)(C)C(=O)OCn1cc2c(=O)n(COC(=O)C(C)(C)C)cnc2n1,O=c1[nH]cnc2n[nH]cc12,-3.9100000858306885,-3.7511295515984746,0.15887053423221387,0.15887053423221387,test,scaffold,Random Forest
CC(C)(C)C(O)(CCc1ccc(Cl)cc1)Cn1cncn1,c1ccc(CCCCn2cncn2)cc1,-3.931999921798706,-3.86634281131753,0.06565711048117606,0.06565711048117606,test,scaffold,Random Forest
CC(C)(C)C(O)/C(=C\c1ccc(Cl)cc1)n1cncn1,C(=Cn1cncn1)c1ccccc1,-4.540299892425537,-3.696506694640629,0.8437931977849082,0.8437931977849082,test,scaffold,Random Forest
CC(C)(C)C(O)/C(=C\c1ccc(Cl)cc1Cl)n1cncn1,C(=Cn1cncn1)c1ccccc1,-4.911499977111816,-3.889760923649227,1.0217390534625892,1.0217390534625892,test,scaffold,Random Forest
CC(C)(C)C1CCC(CC2=C(O)C(=O)c3ccccc3C2=O)CC1,O=C1C=C(CC2CCCCC2)C(=O)c2ccccc21,-7.039999961853027,-5.658510961892821,1.3814889999602062,1.3814889999602062,test,scaffold,Random Forest
CC(C)(C)N(CC(=O)c1ccc(O)c(CO)c1)Cc1ccccc1,O=C(CNCc1ccccc1)c1ccccc1,-1.3487765789031982,-3.9949554757208365,-2.6461788968176383,2.6461788968176383,test,scaffold,Random Forest
CC(C)(C)N(NC(=O)c1ccc(Cl)cc1)C(=O)c1ccccc1,O=C(NNC(=O)c1ccccc1)c1ccccc1,-4.440400123596191,-4.264194592444906,0.17620553115128512,0.17620553115128512,test,scaffold,Random Forest
CC(C)(C)NC(=O)C1N(C(=O)C(O)C(Cc2ccccc2)NC(=O)Cc2ccccc2)CSC1(C)C,O=C(Cc1ccccc1)NC(CC(=O)N1CCSC1)Cc1ccccc1,-3.7200000286102295,-3.813824822099198,-0.09382479348896844,0.09382479348896844,test,scaffold,Random Forest
CC(C)(C)NC(=O)[C@@H]1C[C@@H]2CCCC[C@H]2CN1,C1CCC2CNCCC2C1,-2.161609411239624,-1.7060176968529772,0.4555917143866468,0.4555917143866468,test,scaffold,Random Forest
CC(C)(C)NCC(O)COc1cccc2c1CC(O)C(O)C2,c1ccc2c(c1)CCCC2,-1.0099999904632568,-1.984878510125906,-0.9748785196626493,0.9748785196626493,test,scaffold,Random Forest
CC(C)(C)NCC(O)COc1cccc2c1C[C@H](O)[C@H](O)C2,c1ccc2c(c1)CCCC2,-1.5699000358581543,-1.984878510125906,-0.4149784742677518,0.4149784742677518,test,scaffold,Random Forest
CC(C)(C)NCC(O)COc1ccccc1C1CCCC1,c1ccc(C2CCCC2)cc1,-1.840000033378601,-3.8537061146819407,-2.0137060813033396,2.0137060813033396,test,scaffold,Random Forest
CC(C)(C)NC[C@@H](O)COc1ccccc1C1CCCC1,c1ccc(C2CCCC2)cc1,-1.6195000410079956,-3.8537061146819407,-2.234206073673945,2.234206073673945,test,scaffold,Random Forest
CC(C)(C)[C@H](O)/C(=C\c1ccc(Cl)cc1)n1cncn1,C(=Cn1cncn1)c1ccccc1,-4.540299892425537,-3.696506694640629,0.8437931977849082,0.8437931977849082,test,scaffold,Random Forest
CC(C)(C)c1cc(CCC(=O)OCC(COC(=O)CCc2cc(C(C)(C)C)c(O)c(C(C)(C)C)c2)(COC(=O)CCc2cc(C(C)(C)C)c(O)c(C(C)(C)C)c2)COC(=O)CCc2cc(C(C)(C)C)c(O)c(C(C)(C)C)c2)cc(C(C)(C)C)c1O,O=C(CCc1ccccc1)OCC(COC(=O)CCc1ccccc1)(COC(=O)CCc1ccccc1)COC(=O)CCc1ccccc1,-7.071018218994141,-7.287367220632514,-0.21634900163837312,0.21634900163837312,test,scaffold,Random Forest
CC(C)(C)c1cc(Cn2c(=O)n(Cc3cc(C(C)(C)C)c(O)c(C(C)(C)C)c3)c(=O)n(Cc3cc(C(C)(C)C)c(O)c(C(C)(C)C)c3)c2=O)cc(C(C)(C)C)c1O,O=c1n(Cc2ccccc2)c(=O)n(Cc2ccccc2)c(=O)n1Cc1ccccc1,-7.292308807373047,-7.548408184031486,-0.2560993766584394,0.2560993766584394,test,scaffold,Random Forest
CC(C)(C)c1ccc(C(O)CCCN2CCC(C(O)(c3ccccc3)c3ccccc3)CC2)cc1,c1ccc(CCCCN2CCC(C(c3ccccc3)c3ccccc3)CC2)cc1,-6.690000057220459,-5.82365988250219,0.8663401747182693,0.8663401747182693,test,scaffold,Random Forest
CC(C)(C)c1ccc(CCOc2ncnc3ccccc23)cc1,c1ccc(CCOc2ncnc3ccccc23)cc1,-6.143899917602539,-5.22670659906441,0.9171933185381294,0.9171933185381294,test,scaffold,Random Forest
CC(C)(C)c1ccc(CSc2cnn(C(C)(C)C)c(=O)c2Cl)cc1,O=c1cc(SCc2ccccc2)cn[nH]1,-7.482999801635742,-5.826723326163869,1.6562764754718735,1.6562764754718735,test,scaffold,Random Forest
CC(C)(C)c1ccc(OCC2CO2)cc1,c1ccc(OCC2CO2)cc1,-3.430238962173462,-3.0373741941691503,0.3928647680043116,0.3928647680043116,test,scaffold,Random Forest
CC(C)(C)c1ccc(S(=O)(=O)Nc2ccc3cc(S(=O)(=O)c4cc5c(c(S(=O)(=O)O)c4N)Oc4c(Cl)c6c(c(Cl)c4=N5)Oc4c(ccc(N)c4S(=O)(=O)O)N=6)ccc3c2)cc1,O=S(=O)(Nc1ccc2cc(S(=O)(=O)c3ccc4c(c3)N=c3cc5c(cc3O4)=Nc3ccccc3O5)ccc2c1)c1ccccc1,-2.1807658672332764,-2.541135860199847,-0.3603699929665707,0.3603699929665707,test,scaffold,Random Forest
CC(C)(C1CCC(O)CC1)C1CCC(O)CC1,C1CCC(CC2CCCCC2)CC1,-3.097609758377075,-2.869386521820154,0.228223236556921,0.228223236556921,test,scaffold,Random Forest
CC(C)(c1cc(Br)c(OCC2CO2)c(Br)c1)c1cc(Br)c(OCC2CO2)c(Br)c1,c1cc(OCC2CO2)ccc1Cc1ccc(OCC2CO2)cc1,-7.395301818847656,-7.090315193187701,0.3049866256599554,0.3049866256599554,test,scaffold,Random Forest
CC(C)(c1ccc(OCC2CO2)cc1)c1ccc(OCC2CO2)cc1,c1cc(OCC2CO2)ccc1Cc1ccc(OCC2CO2)cc1,-4.799620151519775,-3.9991143542038516,0.8005057973159238,0.8005057973159238,test,scaffold,Random Forest
CC(C)(c1ccc(Oc2ccc(N)cc2)cc1)c1ccc(Oc2ccc(N)cc2)cc1,c1ccc(Oc2ccc(Cc3ccc(Oc4ccccc4)cc3)cc2)cc1,-7.191727161407471,-6.670246322679259,0.5214808387282117,0.5214808387282117,test,scaffold,Random Forest
CC(C)=CC1C(C(=O)OCN2C(=O)C3=C(CCCC3)C2=O)C1(C)C,O=C(OCN1C(=O)C2=C(CCCC2)C1=O)C1CC1,-5.260000228881836,-3.992551230531522,1.2674489983503139,1.2674489983503139,test,scaffold,Random Forest
CC(C)=C[C@@H]1[C@@H](C(=O)OCN2C(=O)C3=C(CCCC3)C2=O)C1(C)C,O=C(OCN1C(=O)C2=C(CCCC2)C1=O)C1CC1,-4.857999801635742,-3.992551230531522,0.8654485711042201,0.8654485711042201,test,scaffold,Random Forest
CC(C)=NNC(=O)NC1c2ccccc2Oc2ccccc21,c1ccc2c(c1)Cc1ccccc1O2,-4.170000076293945,-4.098687711041302,0.07131236525264306,0.07131236525264306,test,scaffold,Random Forest
CC(C)C(C(=O)O)N1CCCNC1=O,O=C1NCCCN1,-1.1028618812561035,-1.518123497297105,-0.4152616160410014,0.4152616160410014,test,scaffold,Random Forest
CC(C)C(NS(=O)(=O)c1ccc(F)cc1)C(=O)NC1CCOC1O,O=C(CNS(=O)(=O)c1ccccc1)NC1CCOC1,-2.380000114440918,-2.2152562140207137,0.16474390042020426,0.16474390042020426,test,scaffold,Random Forest
CC(C)C(Nc1ccc(C(F)(F)F)cc1Cl)C(=O)OC(C#N)c1cccc(Oc2ccccc2)c1,O=C(CNc1ccccc1)OCc1cccc(Oc2ccccc2)c1,-8.0024995803833,-6.788077804218861,1.21442177616444,1.21442177616444,test,scaffold,Random Forest
CC(C)C1(NC(=O)C2CC3c4cccc5[nH]cc(c45)CC3N(C)C2)OC2(O)C3CCCN3C(=O)C(Cc3ccccc3)N2C1=O,O=C(NC1OC2C3CCCN3C(=O)C(Cc3ccccc3)N2C1=O)C1CNC2Cc3c[nH]c4cccc(c34)C2C1,-5.269999980926514,-3.4869926662968966,1.783007314629617,1.783007314629617,test,scaffold,Random Forest
CC(C)C1(O)CCN2CC3c4ccccc4CCc4cccc(c43)C2C1,c1ccc2c(c1)CCc1cccc3c1C2CN1CCCCC31,-3.809999942779541,-4.627993906667782,-0.8179939638882407,0.8179939638882407,test,scaffold,Random Forest
CC(C)C1=CC2=CCC3C(C)(C(=O)O)CCCC3(C)C2CC1,C1=CC2=CCC3CCCCC3C2CC1,-3.799999952316284,-5.304315399895997,-1.504315447579713,1.504315447579713,test,scaffold,Random Forest
CC(C)C1=CC2=CC[C@@H]3[C@](C)(CCC[C@@]3(C)C(=O)O)[C@H]2CC1,C1=CC2=CCC3CCCCC3C2CC1,-3.7959001064300537,-5.304315399895997,-1.5084152934659434,1.5084152934659434,test,scaffold,Random Forest
CC(C)CC(NC(=O)CC(O)C(CC(C)C)NC(=O)C(Cc1c[nH]cn1)NC(=O)C(Cc1ccccc1)NC(=O)OC(C)(C)C)C(=O)NC(C(=O)O)c1ccccc1,O=C(CCCNC(=O)C(Cc1c[nH]cn1)NC(=O)CCc1ccccc1)NCC(=O)NCc1ccccc1,-3.130000114440918,-3.761573671864847,-0.6315735574239292,0.6315735574239292,test,scaffold,Random Forest
CC(C)CC(NC(=O)CC(O)C(CC(C)C)NC(=O)C(Cc1c[nH]cn1)NC(=O)C(Cc1ccccc1)NC(=O)OC(C)(C)C)C(=O)NC(Cc1cccc(CN)c1)C(=O)O,O=C(CCCNC(=O)C(Cc1c[nH]cn1)NC(=O)CCc1ccccc1)NCC(=O)NCCc1ccccc1,-2.819999933242798,-3.261472179932194,-0.4414722466893961,0.4414722466893961,test,scaffold,Random Forest
CC(C)CC(NC(=O)CC(O)C(CC(C)C)NC(=O)C(Cc1c[nH]cn1)NC(=O)C(Cc1ccccc1)NC(=O)OC(C)(C)C)C(=O)NCCC(N)C(=O)O,O=C(CCc1ccccc1)NCCc1c[nH]cn1,-2.2200000286102295,-2.4386890643173462,-0.21868903570711673,0.21868903570711673,test,scaffold,Random Forest
CC(C)CC(NC(=O)CC(O)C(CC(C)C)NC(=O)C(Cc1c[nH]cn1)NC(=O)C(Cc1ccccc1)NC(=O)OC(C)(C)C)C(=O)NCCCN(CCO)CCO,O=C(CCc1ccccc1)NCCc1c[nH]cn1,-2.369999885559082,-2.3684585397880573,0.0015413457710247158,0.0015413457710247158,test,scaffold,Random Forest
CC(C)CC(NC(=O)CC(O)C(CC(C)C)NC(=O)C(Cc1c[nH]cn1)NC(=O)C(Cc1ccccc1)NC(=O)OC(C)(C)C)C(=O)NCc1cccc(CN)c1,O=C(CCCNC(=O)C(Cc1c[nH]cn1)NC(=O)CCc1ccccc1)NCC(=O)NCc1ccccc1,-2.8499999046325684,-3.7835605151073497,-0.9335606104747813,0.9335606104747813,test,scaffold,Random Forest
CC(C)CC(NC(=O)CC(O)C(CC(C)C)NC(=O)C(Cc1c[nH]cn1)NC(=O)C(Cc1ccccc1)NC(=O)OC(C)(C)C)C(=O)NCc1ccccn1,O=C(CCCNC(=O)C(Cc1c[nH]cn1)NC(=O)CCc1ccccc1)NCC(=O)NCc1ccccn1,-3.4200000762939453,-3.670307601710542,-0.25030752541659673,0.25030752541659673,test,scaffold,Random Forest
CC(C)CC(NC(=S)Nc1ccccc1)C(=O)NC1CCOC1O,O=C(CNC(=S)Nc1ccccc1)NC1CCOC1,-2.369999885559082,-2.545127721686982,-0.17512783612790006,0.17512783612790006,test,scaffold,Random Forest
CC(C)N(C(=O)COc1nnc(C(F)(F)F)s1)c1ccc(F)cc1,O=C(COc1nncs1)Nc1ccccc1,-3.8120999336242676,-4.364419229268632,-0.5523192956443648,0.5523192956443648,test,scaffold,Random Forest
CC(C)N(c1n[n+](C)c(N=Nc2ccc(N(C)C)cc2)s1)C(C)C,c1ccc(N=Nc2[nH+]ncs2)cc1,-1.2596983909606934,-4.485585552847774,-3.225887161887081,3.225887161887081,test,scaffold,Random Forest
CC(C)N1C(=O)c2ccccc2NS1(=O)=O,O=C1NS(=O)(=O)Nc2ccccc21,-2.6816999912261963,-2.792839085593602,-0.11113909436740554,0.11113909436740554,test,scaffold,Random Forest
CC(C)OC(=O)C(C(=O)OC(C)C)=C1SCCS1,C=C1SCCS1,-3.730600118637085,-3.2972044608052986,0.43339565783178635,0.43339565783178635,test,scaffold,Random Forest
CC(C)Oc1ccc(C(=O)NS(=O)(=O)c2ccc(N)cc2)cc1,O=C(NS(=O)(=O)c1ccccc1)c1ccccc1,-4.300000190734863,-3.3878198442748464,0.9121803464600169,0.9121803464600169,test,scaffold,Random Forest
CC(C)c1cc(OP(=O)(Oc2ccccc2)Oc2ccccc2)cc(-c2ccccc2)c1,O=P(Oc1ccccc1)(Oc1ccccc1)Oc1cccc(-c2ccccc2)c1,-6.848499774932861,-6.408916977935209,0.43958279699765246,0.43958279699765246,test,scaffold,Random Forest
CC(C)c1ccc2c(c1)CC[C@H]1[C@](C)(C(=O)O)CCC[C@]21C,c1ccc2c(c1)CCC1CCCCC21,-4.658199787139893,-4.931014973064027,-0.27281518592413434,0.27281518592413434,test,scaffold,Random Forest
CC(C)c1nn(C(=O)NC(C)(C)C)c(=O)n1N,O=c1[nH]cn[nH]1,-1.718847393989563,-2.094666357563068,-0.3758189635735052,0.3758189635735052,test,scaffold,Random Forest
CC(CN(C)C)CN1c2ccccc2CCc2ccccc21,c1ccc2c(c1)CCc1ccccc1N2,-4.789999961853027,-4.200574030929695,0.5894259309233325,0.5894259309233325,test,scaffold,Random Forest
CC(CN/C=C1/C=CC=CC1=O)N/C=C1/C=CC=CC1=O,O=C1C=CC=CC1=CNCCNC=C1C=CC=CC1=O,-3.1720235347747803,-3.074620848568658,0.09740268620612236,0.09740268620612236,test,scaffold,Random Forest
CC(Cc1ccc(C(C)(C)C)cc1)CN1CC(C)OC(C)C1,c1ccc(CCCN2CCOCC2)cc1,-2.482100009918213,-4.890810980976592,-2.4087109710583787,2.4087109710583787,test,scaffold,Random Forest
CC(Cc1ccc(C(C)(C)C)cc1)CN1C[C@@H](C)O[C@@H](C)C1,c1ccc(CCCN2CCOCC2)cc1,-4.848700046539307,-4.890810980976592,-0.042110934437284975,0.042110934437284975,test,scaffold,Random Forest
CC(Cc1cccc(CC(C)c2ccc(O)cc2)c1)c1ccc(O)cc1,c1ccc(CCc2cccc(CCc3ccccc3)c2)cc1,-6.238635540008545,-5.883938177533606,0.35469736247493877,0.35469736247493877,test,scaffold,Random Forest
CC(O)C1C(=O)N2C(C(=O)O)=C(SCC(=N)N(C)C)C(C)C12,O=C1CC2CC=CN12,-0.2800000011920929,-1.6395887806577873,-1.3595887794656945,1.3595887794656945,test,scaffold,Random Forest
CC(Oc1ccc(Oc2cnc3cc(Cl)ccc3n2)cc1)C(=O)OC1CCCO1,O=C(COc1ccc(Oc2cnc3ccccc3n2)cc1)OC1CCCO1,-5.019999980926514,-5.47864162642631,-0.4586416454997959,0.4586416454997959,test,scaffold,Random Forest
CC(c1ccc(O)cc1)(c1ccc(O)cc1)c1ccc(O)cc1,c1ccc(C(c2ccccc2)c2ccccc2)cc1,-4.086559772491455,-4.259917999091503,-0.17335822660004752,0.17335822660004752,test,scaffold,Random Forest
CC/C(=C(\c1ccccc1)c1ccc(OCCN(C)C)cc1)c1ccccc1,C(=C(c1ccccc1)c1ccccc1)c1ccccc1,-8.489999771118164,-6.185414602333711,2.3045851687844534,2.3045851687844534,test,scaffold,Random Forest
CC1(C)C2CCC3(C2)C1C(=O)CCC3(C)C,O=C1CCCC23CCC(CC12)C3,-4.097612380981445,-3.8023031893454884,0.2953091916359569,0.2953091916359569,test,scaffold,Random Forest
CC1(C)CC/C(=C\c2ccc(Cl)cc2)C1=O,O=C1CCCC1=Cc1ccccc1,-5.671591281890869,-4.5461489476466905,1.1254423342441786,1.1254423342441786,test,scaffold,Random Forest
CC1(C)CC2(CC(C)(C)N1)OC1(CCCCCCCCCCC1)NC2=O,O=C1NC2(CCCCCCCCCCC2)OC12CCNCC2,-5.084664344787598,-5.157544870458742,-0.07288052567114445,0.07288052567114445,test,scaffold,Random Forest
CC1(C)CCC2OC23C(C)(C)C2CCC13C2,C1CC2OC23CC2CCC3(C1)C2,-4.652928829193115,-4.375363862689367,0.27756496650374807,0.27756496650374807,test,scaffold,Random Forest
CC1(C)COC(=O)C2CC=CCC2C(=O)OC1,O=C1OCCCOC(=O)C2CC=CCC12,-3.004181146621704,-2.863583494859792,0.14059765176191208,0.14059765176191208,test,scaffold,Random Forest
CC1(C)CON(Cc2ccccc2Cl)C1=O,O=C1CCON1Cc1ccccc1,-2.3382999897003174,-3.333014623491133,-0.9947146337908155,0.9947146337908155,test,scaffold,Random Forest
CC1(C)Cc2cccc([N+](=O)[O-])c2O1,c1ccc2c(c1)CCO2,-3.2067999839782715,-2.9141575578671923,0.29264242611107916,0.29264242611107916,test,scaffold,Random Forest
CC1(C)NC(=O)N(Cc2ccccc2)C1=O,O=C1CNC(=O)N1Cc1ccccc1,-1.7999999523162842,-2.081299393752324,-0.2812994414360399,0.2812994414360399,test,scaffold,Random Forest
CC1(C)Nc2cccc3cccc(c23)N1,c1cc2c3c(cccc3c1)NCN2,-2.929898977279663,-3.530259821867516,-0.6003608445878528,0.6003608445878528,test,scaffold,Random Forest
CC1(C)OC(=O)c2cc3ccccc3cc21,O=C1OCc2cc3ccccc3cc21,-2.9844000339508057,-4.031100953372699,-1.0467009194218937,1.0467009194218937,test,scaffold,Random Forest
CC1(C)OC(c2ccco2)CN1C(=O)C(Cl)Cl,c1coc(C2CNCO2)c1,-3.1498000621795654,-3.5211136817347906,-0.3713136195552251,0.3713136195552251,test,scaffold,Random Forest
CC1(c2ccccc2)C(=O)NC(=O)NC1=O,O=C1NC(=O)C(c2ccccc2)C(=O)N1,-2.4581000804901123,-2.041729743024818,0.4163703374652945,0.4163703374652945,test,scaffold,Random Forest
CC12CC(O)C3C(CCC4CC(O)CCC43C)C1CCC2=O,O=C1CCC2C1CCC1C3CCCCC3CCC21,-3.5899999141693115,-3.4587902310765397,0.1312096830927718,0.1312096830927718,test,scaffold,Random Forest
CC12CC(O)C3C(CCC4C[C@@H](O)CCC43C)C1CCC2=O,O=C1CCC2C1CCC1C3CCCCC3CCC21,-3.5931999683380127,-3.4587902310765397,0.13440973726147298,0.13440973726147298,test,scaffold,Random Forest
CC12CCC(=O)C=C1C=CC1C2CCC2(C)C1CCC2(O)CCC(=O)O,O=C1C=C2C=CC3C4CCCC4CCC3C2CC1,-5.170000076293945,-4.3884137167791835,0.7815863595147619,0.7815863595147619,test,scaffold,Random Forest
CC12CCC(=O)C=C1C=CC1C2CCC2(C)C1CCC21CCC(=O)O1,O=C1C=C2C=CC3C(CCC4C3CCC43CCC(=O)O3)C2CC1,-4.100706100463867,-5.105525621306484,-1.0048195208426165,1.0048195208426165,test,scaffold,Random Forest
CC12CCC(=O)C=C1CCC1C2CCC2(C)C(OC(=O)CCc3ccccc3)CCC12,O=C1C=C2CCC3C(CCC4C(OC(=O)CCc5ccccc5)CCC43)C2CC1,-5.269999980926514,-6.008004942412925,-0.7380049614864115,0.7380049614864115,test,scaffold,Random Forest
CC12CCC(=O)C=C1CCC1C2CCC2(C)C(OC(=O)Cc3ccccc3)CCC12,O=C1C=C2CCC3C(CCC4C(OC(=O)Cc5ccccc5)CCC43)C2CC1,-4.659999847412109,-5.792103706386095,-1.132103858973986,1.132103858973986,test,scaffold,Random Forest
CC12CCC3C(=CCc4cc(O)ccc43)C1CCC2O,C1=C2C(CCC3CCCC23)c2ccccc2C1,-4.400000095367432,-4.361065377206714,0.03893471816071781,0.03893471816071781,test,scaffold,Random Forest
CC12CCC3C(CCC4C(C)(C)CCCC43C)(CO1)O2,C1CCC2C(C1)CCC13COC(CCC21)O3,-5.645384788513184,-5.435369503029811,0.21001528548337234,0.21001528548337234,test,scaffold,Random Forest
CC12CCC3C(CCC4CC(O)CCC43C)C1CCC2=O,O=C1CCC2C1CCC1C3CCCCC3CCC21,-4.400000095367432,-4.06685584645123,0.3331442489162013,0.3331442489162013,test,scaffold,Random Forest
CC12CCC3C(CCC4CCCCC43C)C1CCC2=O,O=C1CCC2C1CCC1C3CCCCC3CCC21,-6.699999809265137,-5.566689294864263,1.1333105144008737,1.1333105144008737,test,scaffold,Random Forest
CC12CCCC(C)(CC1)C2=NO,N=C1C2CCCC1CC2,-3.0741522312164307,-2.6906950321856153,0.3834571990308153,0.3834571990308153,test,scaffold,Random Forest
CC12CCc3c(ccc4cc(O)ccc34)C1CCC2O,c1ccc2c3c(ccc2c1)C1CCCC1CC3,-4.639999866485596,-4.498995679827197,0.14100418665839864,0.14100418665839864,test,scaffold,Random Forest
CC1=C(C(=O)Nc2ccccc2)CCCO1,O=C(Nc1ccccc1)C1=COCCC1,-2.559999942779541,-2.963950065566277,-0.4039501227867359,0.4039501227867359,test,scaffold,Random Forest
CC1=C(C(=O)Nc2ccccc2)S(=O)(=O)CCO1,O=C(Nc1ccccc1)C1=COCCS1(=O)=O,-2.430000066757202,-2.4562031034795133,-0.026203036722311168,0.026203036722311168,test,scaffold,Random Forest
CC1=C(C(=O)O)N2C(=O)C(NC(=O)C(N)C3=CCC=CC3)C2SC1,O=C(CC1=CCC=CC1)NC1C(=O)N2C=CCSC12,-1.2200000286102295,-1.677629786027196,-0.45762975741696654,0.45762975741696654,test,scaffold,Random Forest
CC1=C(C)S(=O)(=O)CCS1(=O)=O,O=S1(=O)C=CS(=O)(=O)CC1,-1.659999966621399,-1.8775744102027654,-0.21757444358136646,0.21757444358136646,test,scaffold,Random Forest
CC1=C(CC(=O)O)c2cc(F)ccc2/C1=C/c1ccc([S+](C)[O-])cc1,C1=Cc2ccccc2C1=Cc1ccccc1,-4.5,-4.873001341147872,-0.3730013411478721,0.3730013411478721,test,scaffold,Random Forest
CC1=C(CC(=O)O)c2cc(F)ccc2/C1=C\c1ccc([S+](C)[O-])cc1,C1=Cc2ccccc2C1=Cc1ccccc1,-4.552000045776367,-4.873001341147872,-0.3210012953715049,0.3210012953715049,test,scaffold,Random Forest
CC1=C(CCC(=O)O)C(=O)NC1=O,O=C1C=CC(=O)N1,-0.6607999801635742,-1.406566039770841,-0.7457660596072668,0.7457660596072668,test,scaffold,Random Forest
CC1=C(O)C(=O)C(C)O1,O=C1C=COC1,0.39066988229751587,-0.4812394992689487,-0.8719093815664646,0.8719093815664646,test,scaffold,Random Forest
CC1=C/C(=N\Nc2ccccc2[N+](=O)[O-])C(=O)C=C1,O=C1C=CC=CC1=NNc1ccccc1,-5.74759578704834,-4.297839945220757,1.4497558418275824,1.4497558418275824,test,scaffold,Random Forest
CC1=CC(=C(c2ccc(N)c(S(=O)(=O)O)c2)c2ccc(N)c(S(=O)(=O)O)c2)C=C(S(=O)(=O)O)C1=N,N=C1C=CC(=C(c2ccccc2)c2ccccc2)C=C1,-1.7675632238388062,-1.4431527040409782,0.324410519797828,0.324410519797828,test,scaffold,Random Forest
CC1=CC(=C(c2ccc(N)cc2)c2ccc(N)cc2)C=CC1=N,N=C1C=CC(=C(c2ccccc2)c2ccccc2)C=C1,-2.105483293533325,-4.435275291429863,-2.329791997896538,2.329791997896538,test,scaffold,Random Forest
CC1=CC(=O)N(Cc2cccc(CN3C(=O)C=C(C)C3=O)c2)C1=O,O=C1C=CC(=O)N1Cc1cccc(CN2C(=O)C=CC2=O)c1,-3.9003350734710693,-3.1724727746300276,0.7278622988410417,0.7278622988410417,test,scaffold,Random Forest
CC1=CC(C)(C)Nc2ccccc21,C1=Cc2ccccc2NC1,-5.2386956214904785,-3.3404323233238284,1.89826329816665,1.89826329816665,test,scaffold,Random Forest
CC1=CCC(=O)O1,O=C1CC=CO1,-0.2930000126361847,-0.05178448828951102,0.24121552434667368,0.24121552434667368,test,scaffold,Random Forest
CC1=CCC2C(C1)C2(C)C,C1=CCC2CC2C1,-4.670405387878418,-4.039426029394815,0.6309793584836028,0.6309793584836028,test,scaffold,Random Forest
CC1=CCCC2(C)C(OC=O)C(C)CCC12C,C1=CC2CCCCC2CC1,-5.031142234802246,-4.382866493217529,0.6482757415847171,0.6482757415847171,test,scaffold,Random Forest
CC1=NN(c2cc(Cl)c(S(=O)(=O)O)cc2Cl)C(=O)C1N=Nc1cccc(S(=O)(=O)NCCc2ccccc2)c1,O=C1C(N=Nc2cccc(S(=O)(=O)NCCc3ccccc3)c2)C=NN1c1ccccc1,-2.429980993270874,-3.1029925689654694,-0.6730115756945954,0.6730115756945954,test,scaffold,Random Forest
CC1=NN(c2cc(S(=O)(=O)O)ccc2Cl)C(=O)C1N=Nc1cc(Cl)ccc1Oc1ccccc1Cl,O=C1C(N=Nc2ccccc2Oc2ccccc2)C=NN1c1ccccc1,-2.3162214756011963,-3.265615079273306,-0.9493936036721098,0.9493936036721098,test,scaffold,Random Forest
CC1=NN(c2ccc(C)cc2)C(=O)C1N=Nc1ccc(-c2ccc(N=NC3C(=O)N(c4ccc(C)cc4)N=C3C)c(Cl)c2)cc1Cl,O=C1C(N=Nc2ccc(-c3ccc(N=NC4C=NN(c5ccccc5)C4=O)cc3)cc2)C=NN1c1ccccc1,-8.269885063171387,-7.398263151689349,0.8716219114820376,0.8716219114820376,test,scaffold,Random Forest
CC1=NN(c2ccc(S(=O)(=O)O)cc2)C(=O)C1N/N=C1\C=C([N+](=O)[O-])C=C(Cl)C1=O,O=C1C=CC=CC1=NNC1C=NN(c2ccccc2)C1=O,-0.838577151298523,-1.7640021567232513,-0.9254250054247284,0.9254250054247284,test,scaffold,Random Forest
CC1=NN(c2ccc(S(=O)(=O)O)cc2)C(=O)C1N=Nc1ccc(C)c(S(=O)(=O)Nc2ccccc2)c1,O=C1C(N=Nc2cccc(S(=O)(=O)Nc3ccccc3)c2)C=NN1c1ccccc1,-0.8725523948669434,-1.6535314898193378,-0.7809790949523945,0.7809790949523945,test,scaffold,Random Forest
CC1=NN(c2ccccc2)C(=N)/C1=N/Nc1cc(Cl)c(S(=O)(=O)O)cc1Cl,N=C1C(=NNc2ccccc2)C=NN1c1ccccc1,-1.2370685338974,-4.113722860918051,-2.876654327020651,2.876654327020651,test,scaffold,Random Forest
CC1=NN(c2ccccc2)C(=O)/C1=C/C1C(=O)N(c2ccccc2)N=C1C,O=C1C(=CC2C=NN(c3ccccc3)C2=O)C=NN1c1ccccc1,-7.8822712898254395,-4.251340356213115,3.6309309336123246,3.6309309336123246,test,scaffold,Random Forest
CC1=NN(c2ccccc2)C(=O)C1N=Nc1ccc(-c2ccc(N=NC3C(=O)N(c4ccccc4)N=C3C)cc2S(=O)(=O)O)c(S(=O)(=O)O)c1,O=C1C(N=Nc2ccc(-c3ccc(N=NC4C=NN(c5ccccc5)C4=O)cc3)cc2)C=NN1c1ccccc1,-1.642781138420105,-1.7334541688704632,-0.09067303045035824,0.09067303045035824,test,scaffold,Random Forest
CC1C(C=O)CC2CC1C2(C)C,C1CC2CC(C1)C2,-3.5580403804779053,-2.421537126912523,1.1365032535653823,1.1365032535653823,test,scaffold,Random Forest
CC1C(c2ccc(Cl)cc2)SC(=O)N1C(=O)NC1CCCCC1,O=C(NC1CCCCC1)N1CC(c2ccccc2)SC1=O,-5.849999904632568,-5.286252227840755,0.563747676791813,0.563747676791813,test,scaffold,Random Forest
CC1C/C=C/C=C/C=C/C=C/C(OC2OC(C)C(O)C(N)C2O)CC2OC(O)(CC(O)CC3OC3/C=C/C(=O)O1)CC(O)C2C(=O)O,O=C1C=CC2OC2CCCC2CCCC(CC(OC3CCCCO3)C=CC=CC=CC=CCCO1)O2,-2.2100000381469727,-2.476991305112595,-0.2669912669656225,0.2669912669656225,test,scaffold,Random Forest
CC1CC(CC2CCC(N)C(C)C2)CCC1N,C1CCC(CC2CCCCC2)CC1,-1.8210383653640747,-2.8219217276332684,-1.0008833622691937,1.0008833622691937,test,scaffold,Random Forest
CC1CC(NC(N)=O)NC(=O)N1,O=C1NCCCN1,-1.5314234495162964,-1.177839464292758,0.3535839852235383,0.3535839852235383,test,scaffold,Random Forest
CC1CC(OC(=O)c2ccccc2O)CC(C)(C)C1,O=C(OC1CCCCC1)c1ccccc1,-5.816819190979004,-4.363566550265386,1.4532526407136181,1.4532526407136181,test,scaffold,Random Forest
CC1CC=CC=CC=CC=CC(OC2OC(C)C(O)C(N)C2O)CC2OC(O)(CC(O)CC3OC3C=CC(=O)O1)CC(O)C2C(=O)O,O=C1C=CC2OC2CCCC2CCCC(CC(OC3CCCCO3)C=CC=CC=CC=CCCO1)O2,-3.2100000381469727,-2.476991305112595,0.7330087330343775,0.7330087330343775,test,scaffold,Random Forest
CC1CCC2C(C)C(=O)OCC12,O=C1CC2CCCC2CO1,-1.9249000549316406,-1.289537032375004,0.6353630225566367,0.6353630225566367,test,scaffold,Random Forest
CC1CCCC(C)N1C(=O)COC(=O)c1ccccc1,O=C(OCC(=O)N1CCCCC1)c1ccccc1,-3.259999990463257,-3.244455924390328,0.015544066072928686,0.015544066072928686,test,scaffold,Random Forest
CC1CN(S(=O)(=O)NC(=O)NCC2CC3C=CC2C3)CCO1,O=C(NCC1CC2C=CC1C2)NS(=O)(=O)N1CCOCC1,-2.259999990463257,-1.8106765392860533,0.4493234511772035,0.4493234511772035,test,scaffold,Random Forest
CC1COC(=O)O1,O=C1OCCO1,0.3712323009967804,-0.009834061213914167,-0.38106636221069456,0.38106636221069456,test,scaffold,Random Forest
CC1COC(Cn2cncn2)(c2ccc(Oc3ccc(Cl)cc3)cc2Cl)O1,c1ccc(Oc2ccc(C3(Cn4cncn4)OCCO3)cc2)cc1,-4.909999847412109,-5.193580997918076,-0.28358115050596666,0.28358115050596666,test,scaffold,Random Forest
CC1OC(=O)C(C)OC1=O,O=C1COC(=O)CO1,-0.936025857925415,-0.7585150504593087,0.17751080746610637,0.17751080746610637,test,scaffold,Random Forest
CC1OC(O[C@@H]2C=C3CC[C@@H]4[C@H](CC[C@]5(C)[C@@H](c6ccc(=O)oc6)CC[C@]45O)[C@@]3(C)CC2)C(O)C(O)C1O,O=c1ccc(C2CCC3C2CCC2C4CCC(OC5CCCCO5)C=C4CCC23)co1,-3.9549999237060547,-4.612698834846061,-0.657698911140006,0.657698911140006,test,scaffold,Random Forest
CC1OC1C1OC1C,C1OC1C1CO1,-0.057500001043081284,0.15715090340811805,0.21465090445119933,0.21465090445119933,test,scaffold,Random Forest
CC1OCC(c2ccccc2)O1,c1ccc(C2COCO2)cc1,-1.8054505586624146,-1.9191145812573074,-0.11366402259489283,0.11366402259489283,test,scaffold,Random Forest
CC1c2nc3ccccc3c(=O)n2C(C)CN1C,O=c1c2ccccc2nc2n1CCNC2,-2.0899999141693115,-2.5809060473920975,-0.490906133222786,0.490906133222786,test,scaffold,Random Forest
CC1c2nc3ccccc3c(=O)n2CN1Cc1ccccc1,O=c1c2ccccc2nc2n1CN(Cc1ccccc1)C2,-4.0,-3.6699794348563897,0.33002056514361033,0.33002056514361033,test,scaffold,Random Forest
CCC(=O)OCOC(=O)c1cn(CC)c2nc(C)ccc2c1=O,O=c1cc[nH]c2ncccc12,-2.8299999237060547,-3.330035404348342,-0.5000354806422873,0.5000354806422873,test,scaffold,Random Forest
CCC(C)C1NC(=O)C(Cc2c[nH]c3ccccc23)NC(=O)C2CCCN2C(=O)C(Cc2c[nH]cn2)NC(=O)C2CCCCN2C(=O)C2CCCCN2C1=O,O=C1NCC(=O)N2CCCCC2C(=O)N2CCCCC2C(=O)NC(Cc2c[nH]cn2)C(=O)N2CCCC2C(=O)NC1Cc1c[nH]c2ccccc12,-2.5799999237060547,-2.849212544284607,-0.2692126205785521,0.2692126205785521,test,scaffold,Random Forest
CCC(C)C1NC(=O)C(Cc2ccc3ccccc3c2)NC(=O)C2CCCN2C(=O)C(Cc2c[nH]cn2)NC(=O)C2CCCCN2C(=O)C2CCCCN2C1=O,O=C1NCC(=O)N2CCCCC2C(=O)N2CCCCC2C(=O)NC(Cc2c[nH]cn2)C(=O)N2CCCC2C(=O)NC1Cc1ccc2ccccc2c1,-3.9800000190734863,-3.466975087408959,0.5130249316645275,0.5130249316645275,test,scaffold,Random Forest
CCC(C)C1NC(=O)C(Cc2ccccc2)NC(=O)C2CCCN2C(=O)C(Cc2ccccc2)N(C)C(=O)C(CCCN)NC(=O)C2CCC=NN2C1=O,O=C1CNC(=O)C2CCC=NN2C(=O)CNC(=O)C(Cc2ccccc2)NC(=O)C2CCCN2C(=O)C(Cc2ccccc2)N1,-2.700000047683716,-2.7278832177302776,-0.027883170046561823,0.027883170046561823,test,scaffold,Random Forest
CCC(C)C1NC(=O)C(Cc2ccccc2)NC(=O)C2CCCN2C(=O)C(Cc2ccccc2)N(C)C(=O)C2CCC=NN2C(=O)C2CCC=NN2C1=O,O=C1NCC(=O)N2N=CCCC2C(=O)N2N=CCCC2C(=O)NC(Cc2ccccc2)C(=O)N2CCCC2C(=O)NC1Cc1ccccc1,-4.039999961853027,-3.3516432582650273,0.688356703588,0.688356703588,test,scaffold,Random Forest
CCC(C)C1NC(=O)C(Cc2ccccc2)NC(=O)C2CCCN2C(=O)C(Cc2ccccc2)N(C)C(=O)C2CCCCN2C(=O)C2CCCCN2C1=O,O=C1NCC(=O)N2CCCCC2C(=O)N2CCCCC2C(=O)NC(Cc2ccccc2)C(=O)N2CCCC2C(=O)NC1Cc1ccccc1,-5.570000171661377,-3.6247745502866096,1.9452256213747674,1.9452256213747674,test,scaffold,Random Forest
CCC(C)n1ncn(-c2ccc(N3CCN(c4ccc(O)cc4)CC3)cc2)c1=O,O=c1[nH]ncn1-c1ccc(N2CCN(c3ccccc3)CC2)cc1,-4.828521728515625,-3.7059302277914283,1.1225915007241967,1.1225915007241967,test,scaffold,Random Forest
CCC1(C)Nc2cccc3cccc(c23)N1,c1cc2c3c(cccc3c1)NCN2,-3.247760534286499,-4.123123658190229,-0.8753631239037301,0.8753631239037301,test,scaffold,Random Forest
CCC1(C2=CC3CCC(C2)C3)C(=O)NC(=O)NC1=O,O=C1NC(=O)C(C2=CC3CCC(C2)C3)C(=O)N1,-2.7695999145507812,-2.9106660122274173,-0.14106609767663603,0.14106609767663603,test,scaffold,Random Forest
CCC1(C2=CCCCCC2)C(=O)NC(=O)NC1=O,O=C1NC(=O)C(C2=CCCCCC2)C(=O)N1,-3.0,-2.9585928479272225,0.04140715207277745,0.04140715207277745,test,scaffold,Random Forest
CCC1(CC)C(=O)N(C)N(c2ccccc2)C1=O,O=C1CC(=O)N(c2ccccc2)N1,-2.690000057220459,-2.9801895350119914,-0.29018947779153237,0.29018947779153237,test,scaffold,Random Forest
CCC1(CC)C(=O)NC(=O)N=C1N,O=C1CC=NC(=O)N1,-1.3967000246047974,-1.7920179520911446,-0.3953179274863472,0.3953179274863472,test,scaffold,Random Forest
CCC1(c2ccccc2)C(=O)NC(=O)N(C)C1=O,O=C1NC(=O)C(c2ccccc2)C(=O)N1,-3.680000066757202,-2.4571775532795743,1.2228225134776278,1.2228225134776278,test,scaffold,Random Forest
CCC1(c2ccccc2)C(=O)NC(=O)N(CC(O)CO)C1=O,O=C1NC(=O)C(c2ccccc2)C(=O)N1,-1.7871999740600586,-1.8647041631235084,-0.0775041890634498,0.0775041890634498,test,scaffold,Random Forest
CCC1(c2ccccc2)C(=O)NC(=O)N(CO)C1=O,O=C1NC(=O)C(c2ccccc2)C(=O)N1,-1.600000023841858,-2.2590247559528067,-0.6590247321109488,0.6590247321109488,test,scaffold,Random Forest
CCC1(c2ccccc2)C(=O)NC(=O)NC1=O,O=C1NC(=O)C(c2ccccc2)C(=O)N1,-2.2899999618530273,-2.2365588138865102,0.05344114796651711,0.05344114796651711,test,scaffold,Random Forest
CCC1CCCCN1C(=O)COC(=O)c1ccccc1,O=C(OCC(=O)N1CCCCC1)c1ccccc1,-2.7200000286102295,-3.1235481411618378,-0.4035481125516083,0.4035481125516083,test,scaffold,Random Forest
CCCC(=O)OCOC(=O)c1cn(CC)c2nc(C)ccc2c1=O,O=c1cc[nH]c2ncccc12,-2.950000047683716,-3.5659461278174294,-0.6159460801337135,0.6159460801337135,test,scaffold,Random Forest
CCCC(=O)OCn1cc2c(=O)[nH]cnc2n1,O=c1[nH]cnc2n[nH]cc12,-2.200000047683716,-2.2468358133430915,-0.04683576565937564,0.04683576565937564,test,scaffold,Random Forest
CCCC(=O)OCn1cc2c(=O)n(COC(=O)CCC)cnc2n1,O=c1[nH]cnc2n[nH]cc12,-3.549999952316284,-3.398463447257799,0.15153650505848537,0.15153650505848537,test,scaffold,Random Forest
CCCCC(=O)N(Cc1ccc(-c2ccccc2-c2nnn[nH]2)cc1)C(C(=O)O)C(C)C,c1ccc(-c2ccccc2-c2nnn[nH]2)cc1,-4.199999809265137,-3.7882802534115405,0.4117195558535962,0.4117195558535962,test,scaffold,Random Forest
CCCCC(CC)C1CCON1CCOC(=O)NCCCCCCNC(=O)OCCN1OCCC1C(CC)CCCC,O=C(NCCCCCCNC(=O)OCCN1CCCO1)OCCN1CCCO1,-5.790560722351074,-5.613906990919943,0.1766537314311316,0.1766537314311316,test,scaffold,Random Forest
CCCCC(CC)CNS(=O)(=O)c1ccc(N=Nc2c(C)c(C#N)c(=O)n(CCCC)c2O)cc1,O=c1ccc(N=Nc2ccccc2)c[nH]1,-8.797313690185547,-4.132758857994799,4.664554832190748,4.664554832190748,test,scaffold,Random Forest
CCCCC(CC)COC(=O)C(C#N)=C(c1ccccc1)c1ccccc1,C=C(c1ccccc1)c1ccccc1,-6.5580902099609375,-6.453993367987177,0.10409684197376023,0.10409684197376023,test,scaffold,Random Forest
CCCCC1CCC(C2CCC(=O)CC2)CC1,O=C1CCC(C2CCCCC2)CC1,-6.373645782470703,-4.776931335132077,1.596714447338626,1.596714447338626,test,scaffold,Random Forest
CCCCCC/C=C/C1CC(=O)OC1=O,O=C1CCC(=O)O1,-4.021753311157227,-2.9442153897889134,1.0775379213683132,1.0775379213683132,test,scaffold,Random Forest
CCCCCC/C=C/CCCCCCCc1cccc(OCC2CO2)c1,c1ccc(OCC2CO2)cc1,-6.0798516273498535,-6.296001591594917,-0.21614996424506305,0.21614996424506305,test,scaffold,Random Forest
CCCCCC1CCC(c2ccc(CCC)cc2)CC1,c1ccc(C2CCCCC2)cc1,-6.772570610046387,-6.653838497161598,0.11873211288478913,0.11873211288478913,test,scaffold,Random Forest
CCCCCCCC(=O)OC1C(C(O)CO)OC2OC(C)(C)OC21,C1CC2OCOC2O1,-3.1700000762939453,-3.1077242824381823,0.062275793855762984,0.062275793855762984,test,scaffold,Random Forest
CCCCCCCC1N(CCO)C=CN1CCC(=O)O,C1=CNCN1,0.2127067595720291,-2.6780172838289777,-2.890724043401007,2.890724043401007,test,scaffold,Random Forest
CCCCCCCCC/C=C/CC1CC(=O)OC1=O,O=C1CCC(=O)O1,-4.425503253936768,-4.670264688988486,-0.24476143505171866,0.24476143505171866,test,scaffold,Random Forest
CCCCCCCCCCCCNc1nc(Cl)nc(Nc2ccc3c(O)c(N=Nc4ccc(N=Nc5ccc(S(=O)(=O)O)cc5)cc4)c(S(=O)(=O)O)cc3c2)n1,c1ccc(N=Nc2ccc(N=Nc3ccc4cc(Nc5ncncn5)ccc4c3)cc2)cc1,-3.3589112758636475,-1.799746126262974,1.5591651496006735,1.5591651496006735,test,scaffold,Random Forest
CCCCCCCCSc1nc(Nc2cc(C(C)(C)C)c(O)c(C(C)(C)C)c2)nc(SCCCCCCCC)n1,c1ccc(Nc2ncncn2)cc1,-7.469064712524414,-7.187509439237138,0.28155527328727636,0.28155527328727636,test,scaffold,Random Forest
CCCCCCCCn1sccc1=O,O=c1ccs[nH]1,-2.6301000118255615,-3.3814989802147855,-0.7513989683892239,0.7513989683892239,test,scaffold,Random Forest
CCCCN(CCCC)SN(C)C(=O)Oc1cccc2c1OC(C)(C)C2,c1ccc2c(c1)CCO2,-6.103300094604492,-5.580074430179344,0.5232256644251478,0.5232256644251478,test,scaffold,Random Forest
CCCCN(CCCC)c1ccc2c(c1)Oc1cc(C)c(Nc3ccccc3)cc1C21OC(=O)c2ccccc21,O=C1OC2(c3ccccc3Oc3ccc(Nc4ccccc4)cc32)c2ccccc21,-7.404250144958496,-6.918860278151024,0.48538986680747254,0.48538986680747254,test,scaffold,Random Forest
CCCCN(CCN(CCCC)C(=O)N1CCOCC1)C(=O)N1CCOCC1,O=C(NCCNC(=O)N1CCOCC1)N1CCOCC1,0.09849999845027924,-2.854962312478039,-2.9534623109283182,2.9534623109283182,test,scaffold,Random Forest
CCCCOC(=O)N(C)SN(C)C(=O)Oc1cccc2c1OC(C)(C)C2,c1ccc2c(c1)CCO2,-4.541200160980225,-4.587907820809672,-0.04670765982944758,0.04670765982944758,test,scaffold,Random Forest
CCCCOC(=O)c1ccccc1N/N=C1\C(=O)C(C(=O)Nc2ccc3[nH]c(=O)[nH]c3c2)=Cc2ccccc21,O=C(Nc1ccc2[nH]c(=O)[nH]c2c1)C1=Cc2ccccc2C(=NNc2ccccc2)C1=O,-8.213807106018066,-6.4980807524395985,1.715726353578468,1.715726353578468,test,scaffold,Random Forest
CCCCSC(=Nc1cccnc1)SCc1ccc(C(C)(C)C)cc1,C(=Nc1cccnc1)SCc1ccccc1,-5.571199893951416,-5.849789171856452,-0.27858927790503607,0.27858927790503607,test,scaffold,Random Forest
CCCCc1c(C)[nH]c(N(C)C)nc1=O,O=c1cc[nH]cn1,-2.2416000366210938,-2.11872544459841,0.12287459202268369,0.12287459202268369,test,scaffold,Random Forest
CCCCc1c(C)[nH]c(NCC)nc1=O,O=c1cc[nH]cn1,-3.0199999809265137,-2.518450864993984,0.5015491159325296,0.5015491159325296,test,scaffold,Random Forest
CCCN(CCC)Cc1cccc(C(=O)OCCOCn2cnc3c(=O)[nH]c(N)nc32)c1,O=C(OCCOCn1cnc2c(=O)[nH]cnc21)c1ccccc1,-0.3499999940395355,-3.966154877101656,-3.6161548830621206,3.6161548830621206,test,scaffold,Random Forest
CCCN(CCOc1c(Cl)cc(Cl)cc1Cl)C(=O)n1ccnc1,O=C(NCCOc1ccccc1)n1ccnc1,-4.04449987411499,-4.845300196460786,-0.800800322345796,0.800800322345796,test,scaffold,Random Forest
CCCN1CC(C)n2c(nc3ccccc3c2=O)C1C,O=c1c2ccccc2nc2n1CCNC2,-2.240000009536743,-3.3464898633329763,-1.106489853796233,1.106489853796233,test,scaffold,Random Forest
CCCN1CCn2c(nc3ccccc3c2=O)C1C,O=c1c2ccccc2nc2n1CCNC2,-2.309999942779541,-2.9995240911983103,-0.6895241484187693,0.6895241484187693,test,scaffold,Random Forest
CCCOC(=O)Cn1cc(I)c(=O)c(I)c1,O=c1cc[nH]cc1,-3.503999948501587,-3.5319340106522015,-0.027934062150614558,0.027934062150614558,test,scaffold,Random Forest
CCCSP(=O)(OCC)Oc1cnn(-c2ccc(Cl)cc2)c1,c1ccc(-n2cccn2)cc1,-4.03879976272583,-4.945069387565254,-0.9062696248394237,0.9062696248394237,test,scaffold,Random Forest
CCCc1c2c(c(O)c3c(=O)cc(C(=O)O)oc13)CCCC2,O=c1ccoc2cc3c(cc12)CCCC3,-2.680000066757202,-3.782268867039255,-1.1022688002820527,1.1022688002820527,test,scaffold,Random Forest
CCCc1c2c(cc3c(=O)cc(C(=O)O)oc13)CCCC2,O=c1ccoc2cc3c(cc12)CCCC3,-1.899999976158142,-4.060775242302072,-2.16077526614393,2.16077526614393,test,scaffold,Random Forest
CCCc1cc(=O)[nH]c(=S)[nH]1,O=c1cc[nH]c(=S)[nH]1,-2.150399923324585,-1.9615359315674592,0.18886399175712576,0.18886399175712576,test,scaffold,Random Forest
CCCc1ncnc2c(O)cccc12,c1ccc2ncncc2c1,-2.920599937438965,-2.6772188533993155,0.2433810840396493,0.2433810840396493,test,scaffold,Random Forest
CCCn1c(=O)c2[nH]c(C34CC5CC(CC3C5)C4)nc2n(CCC)c1=O,O=c1[nH]c(=O)c2[nH]c(C34CC5CC(CC3C5)C4)nc2[nH]1,-5.849999904632568,-3.891159042163618,1.9588408624689504,1.9588408624689504,test,scaffold,Random Forest
CCCn1c(=O)c2[nH]c(C3CCC(=O)C3)nc2n(CCC)c1=O,O=C1CCC(c2nc3[nH]c(=O)[nH]c(=O)c3[nH]2)C1,-3.1600000858306885,-3.3628764121942423,-0.2028763263635538,0.2028763263635538,test,scaffold,Random Forest
CCCn1c(=O)c2[nH]c(C3CCCC3)nc2n(CCC)c1=O,O=c1[nH]c(=O)c2[nH]c(C3CCCC3)nc2[nH]1,-4.960000038146973,-3.933412730734932,1.0265873074120409,1.0265873074120409,test,scaffold,Random Forest
CCN(CC)C(=O)COC(=O)c1cn(CC)c2nc(C)ccc2c1=O,O=c1cc[nH]c2ncccc12,-1.4299999475479126,-3.0689629891215175,-1.638963041573605,1.638963041573605,test,scaffold,Random Forest
CCN(CC)C(=O)Cn1cc(Br)c(=O)c(Br)c1,O=c1cc[nH]cc1,-2.309999942779541,-3.1524518472665437,-0.8424519044870027,0.8424519044870027,test,scaffold,Random Forest
CCN(CC)C(=O)Cn1cc(I)c(=O)c(I)c1,O=c1cc[nH]cc1,-3.180000066757202,-3.3087098765175234,-0.1287098097603212,0.1287098097603212,test,scaffold,Random Forest
CCN(CC)C(=O)n1cnc(S(=O)(=O)c2c(C)cc(C)cc2C)n1,O=S(=O)(c1ccccc1)c1nc[nH]n1,-5.146699905395508,-2.8007836108294746,2.3459162945660332,2.3459162945660332,test,scaffold,Random Forest
CCN(CC)CCCNc1nc(Nc2ccc(N=Nc3c(S(=O)(=O)O)cc4cc(S(=O)(=O)O)cc(Nc5nc(NCC(C)N)nc(NCC(C)N)n5)c4c3O)cc2)nc(Nc2ccc(N=Nc3c(S(=O)(=O)O)cc4cc(S(=O)(=O)O)cc(Nc5nc(NCC(C)N)nc(NCC(C)N)n5)c4c3O)cc2)n1,c1cc(Nc2ncncn2)c2cc(N=Nc3ccc(Nc4ncnc(Nc5ccc(N=Nc6ccc7cccc(Nc8ncncn8)c7c6)cc5)n4)cc3)ccc2c1,-0.7942190170288086,-1.3584372561035294,-0.5642182390747208,0.5642182390747208,test,scaffold,Random Forest
CCN(CC)c1ccc([C+](c2ccc(N(CC)CC)cc2)c2ccc(N(CC)CC)cc2)cc1,c1ccc([C+](c2ccccc2)c2ccccc2)cc1,-0.13956089317798615,-6.670206911579263,-6.530646018401277,6.530646018401277,test,scaffold,Random Forest
CCN(CC)c1ccc([C+](c2ccc(N(CC)CC)cc2)c2ccc(S(=O)(=O)O)cc2S(=O)(=O)[O-])cc1,c1ccc([C+](c2ccccc2)c2ccccc2)cc1,-0.40668925642967224,-1.1023695771206545,-0.6956803206909823,0.6956803206909823,test,scaffold,Random Forest
CCN(CCC(=O)OC)c1ccc(N=Nc2snc3ccc([N+](=O)[O-])cc23)cc1,c1ccc(N=Nc2snc3ccccc23)cc1,-7.315402507781982,-5.887780525933946,1.427621981848036,1.427621981848036,test,scaffold,Random Forest
CCN(c1cccc(S(=O)(=O)CCOS(=O)(=O)O)c1)c1nc(Cl)nc(Nc2ccc3c(c2)C=C(S(=O)(=O)O)/C(=N/Nc2ccc(OC)cc2S(=O)(=O)O)C3=O)n1,O=C1C(=NNc2ccccc2)C=Cc2cc(Nc3ncnc(Nc4ccccc4)n3)ccc21,-1.1616711616516113,-1.2221735690988589,-0.06050240744724755,0.06050240744724755,test,scaffold,Random Forest
CCN(c1ccccc1)c1nc(Cl)nc(Nc2cc(S(=O)(=O)O)cc3cc(S(=O)(=O)O)c(N=Nc4ccc5c(S(=O)(=O)O)cccc5c4S(=O)(=O)O)c(O)c23)n1,c1ccc(Nc2ncnc(Nc3cccc4ccc(N=Nc5ccc6ccccc6c5)cc34)n2)cc1,-0.5025263428688049,-1.3203572272116104,-0.8178308843428055,0.8178308843428055,test,scaffold,Random Forest
CCN1C(=O)c2cccnc2N(CC)c2ncccc21,O=C1Nc2cccnc2Nc2ncccc21,-2.859999895095825,-3.730242910714417,-0.8702430156185916,0.8702430156185916,test,scaffold,Random Forest
CCN1C=CC(=CC=Cc2cc[n+](CC)c3ccccc23)c2ccccc21,C(=Cc1cc[nH+]c2ccccc12)C=C1C=CNc2ccccc21,-2.6816000938415527,-5.944323766872526,-3.2627236730309734,3.2627236730309734,test,scaffold,Random Forest
CCN1CC(C)n2c(nc3ccccc3c2=O)C1C,O=c1c2ccccc2nc2n1CCNC2,-2.4600000381469727,-3.2285189634862457,-0.768518925339273,0.768518925339273,test,scaffold,Random Forest
CCN1CCCC1CNC(=O)c1cc(S(N)(=O)=O)ccc1OC,O=C(NCC1CCCN1)c1ccccc1,-2.880000114440918,-2.457973582774755,0.4220265316661629,0.4220265316661629,test,scaffold,Random Forest
CCN1CCn2c(nc3ccccc3c2=O)C1C,O=c1c2ccccc2nc2n1CCNC2,-2.5,-2.625669106186109,-0.12566910618610905,0.12566910618610905,test,scaffold,Random Forest
CCN1c2ccccc2N(C)C(=S)c2cccnc21,S=C1Nc2ccccc2Nc2ncccc21,-4.705999851226807,-3.953511159482613,0.7524886917441935,0.7524886917441935,test,scaffold,Random Forest
CCN1c2nc(N(C)CCO)ccc2NC(=O)c2cccnc21,O=C1Nc2cccnc2Nc2ncccc21,-3.359999895095825,-3.172889714748848,0.18711018034697702,0.18711018034697702,test,scaffold,Random Forest
CCN1c2ncccc2C(=O)N(C)c2ccc(Cl)nc21,O=C1Nc2cccnc2Nc2ncccc21,-4.113999843597412,-4.069550119948788,0.04444972364862387,0.04444972364862387,test,scaffold,Random Forest
CCN1c2ncccc2C(=O)N(C)c2cccnc21,O=C1Nc2cccnc2Nc2ncccc21,-2.619999885559082,-3.568982307978643,-0.9489824224195611,0.9489824224195611,test,scaffold,Random Forest
CCN1c2ncccc2C(=O)Nc2c(C(F)(F)F)cc(C)nc21,O=C1Nc2cccnc2Nc2ncccc21,-4.206999778747559,-4.685788471627444,-0.4787886928798857,0.4787886928798857,test,scaffold,Random Forest
CCN1c2ncccc2C(=O)Nc2c(C)cc(C)nc21,O=C1Nc2cccnc2Nc2ncccc21,-4.553999900817871,-4.22287209051601,0.33112781030186067,0.33112781030186067,test,scaffold,Random Forest
CCN=C1C=CC(=C(c2ccc(NCC)c(C)c2)c2ccc(NCC)c(C)c2)C=C1C,N=C1C=CC(=C(c2ccccc2)c2ccccc2)C=C1,-1.0232212543487549,-6.122528829070133,-5.0993075747213785,5.0993075747213785,test,scaffold,Random Forest
CCOC(=O)C(C#N)=C(c1ccccc1)c1ccccc1,C=C(c1ccccc1)c1ccccc1,-7.744015693664551,-4.250631520767693,3.4933841728968575,3.4933841728968575,test,scaffold,Random Forest
CCOC(=O)C(C)Oc1ccc(Oc2nc3ccc(Cl)cc3s2)cc1,c1ccc(Oc2nc3ccccc3s2)cc1,-5.670000076293945,-5.928087802085314,-0.25808772579136896,0.25808772579136896,test,scaffold,Random Forest
CCOC(=O)C(C)Oc1cccc(Oc2nc3ccc(Cl)cc3s2)c1,c1ccc(Oc2nc3ccccc3s2)cc1,-5.673999786376953,-5.930113681033192,-0.2561138946562389,0.2561138946562389,test,scaffold,Random Forest
CCOC(=O)C(CC(=O)O)=C(c1ccccc1)c1ccccc1,C=C(c1ccccc1)c1ccccc1,-2.1907999515533447,-3.8515976886623524,-1.6607977371090077,1.6607977371090077,test,scaffold,Random Forest
CCOC(=O)C(Cl)Cc1cc(-n2nc(C)n(C(F)F)c2=O)c(F)cc1Cl,O=c1[nH]cnn1-c1ccccc1,-4.27269983291626,-4.393461143493651,-0.12076131057739126,0.12076131057739126,test,scaffold,Random Forest
CCOC(=O)C(c1c(O)c2ccccc2oc1=O)c1c(O)c2ccccc2oc1=O,O=c1oc2ccccc2cc1Cc1cc2ccccc2oc1=O,-3.6600000858306885,-3.751425286795333,-0.09142520096464457,0.09142520096464457,test,scaffold,Random Forest
CCOC(=O)C1=C(C)NC(C)=C(C(=O)OC)C1c1cccc(Cl)c1Cl,C1=CC(c2ccccc2)C=CN1,-5.679999828338623,-4.881775303513282,0.7982245248253408,0.7982245248253408,test,scaffold,Random Forest
CCOC(=O)C1=CC2(CC)CCCN3CCc4c(n1c1ccccc41)C32,C1=Cn2c3c(c4ccccc42)CCN2CCCC1C32,-4.840000152587891,-4.611908751843944,0.22809140074394652,0.22809140074394652,test,scaffold,Random Forest
CCOC(=O)C1=NN(c2ccc(Cl)cc2Cl)C(C)(C(=O)OCC)C1,C1=NN(c2ccccc2)CC1,-4.270999908447266,-4.477930518358785,-0.20693060991151935,0.20693060991151935,test,scaffold,Random Forest
CCOC(=O)C1=NN(c2ccccc2)C(=O)C1N=Nc1ccc(-c2ccc(N=NC3C(=O)N(c4ccccc4)N=C3C(=O)OCC)c(Cl)c2)cc1Cl,O=C1C(N=Nc2ccc(-c3ccc(N=NC4C=NN(c5ccccc5)C4=O)cc3)cc2)C=NN1c1ccccc1,-8.526559829711914,-7.130406678381593,1.3961531513303207,1.3961531513303207,test,scaffold,Random Forest
CCOC(=O)C1CCn2c(C(=O)c3ccccc3)ccc21,O=C(c1ccccc1)c1ccc2n1CCC2,-4.199999809265137,-3.4245562732662,0.7754435359989369,0.7754435359989369,test,scaffold,Random Forest
CCOC(=O)C1OC1(C)c1ccccc1,c1ccc(C2CO2)cc1,-2.3143749237060547,-2.288348106174414,0.02602681753164049,0.02602681753164049,test,scaffold,Random Forest
CCOC(=O)C1OC1c1ccccc1,c1ccc(C2CO2)cc1,-2.409651279449463,-1.9170582434450576,0.4925930360044053,0.4925930360044053,test,scaffold,Random Forest
CCOC(=O)CC(NC1CCC(CC2CCC(NC(CC(=O)OCC)C(=O)OCC)C(C)C2)CC1C)C(=O)OCC,C1CCC(CC2CCCCC2)CC1,-5.066534042358398,-4.558013549582432,0.5085204927759666,0.5085204927759666,test,scaffold,Random Forest
CCOC(=O)CC(NC1CCC(CC2CCC(NC(CC(=O)OCC)C(=O)OCC)CC2)CC1)C(=O)OCC,C1CCC(CC2CCCCC2)CC1,-3.744077682495117,-4.246475978954444,-0.5023982964593268,0.5023982964593268,test,scaffold,Random Forest
CCOC(=O)CCN(SN(C)C(=O)Oc1cccc2c1OC(C)(C)C2)C(C)C,c1ccc2c(c1)CCO2,-4.710299968719482,-4.545122433896084,0.1651775348233988,0.1651775348233988,test,scaffold,Random Forest
CCOC(=O)Cc1[nH]nc2ccc(Cl)cc12,c1ccc2n[nH]cc2c1,-3.025599956512451,-3.0380546180782697,-0.012454661565818537,0.012454661565818537,test,scaffold,Random Forest
CCOC(=O)c1c[nH]c(=S)[nH]c1=O,O=c1cc[nH]c(=S)[nH]1,-2.0985000133514404,-1.968232416772339,0.13026759657910136,0.13026759657910136,test,scaffold,Random Forest
CCOC(=O)c1ccc(N=CN(C)c2ccccc2)cc1,C(=Nc1ccccc1)Nc1ccccc1,-5.450777053833008,-4.1221099936620735,1.3286670601709343,1.3286670601709343,test,scaffold,Random Forest
CCOC(=O)c1ccc2sc3ccccc3c(=O)c2c1,O=c1c2ccccc2sc2ccccc12,-6.7566022872924805,-4.518184402777089,2.2384178845153917,2.2384178845153917,test,scaffold,Random Forest
CCOC(=O)c1nc(C(Cl)(Cl)Cl)n(-c2ccc(Cl)cc2Cl)n1,c1ccc(-n2cncn2)cc1,-5.651599884033203,-5.2758400913256756,0.3757597927075276,0.3757597927075276,test,scaffold,Random Forest
CCOC(=O)c1nn(-c2ccc(OC)cc2)c2c1CCN(c1ccc(N3CCCCC3=O)cc1)C2=O,O=C1CCCCN1c1ccc(N2CCc3cnn(-c4ccccc4)c3C2=O)cc1,-4.6282057762146,-4.826218744047714,-0.1980129678331144,0.1980129678331144,test,scaffold,Random Forest
CCOC1Oc2ccc(OS(C)(=O)=O)cc2C1(C)C,c1ccc2c(c1)CCO2,-3.4200000762939453,-3.3892604789202525,0.030739597373692806,0.030739597373692806,test,scaffold,Random Forest
CCOP(=O)(Cc1ccc(-c2nc3ccccc3s2)cc1)N1CCCC1=O,O=C1CCCN1[PH](=O)Cc1ccc(-c2nc3ccccc3s2)cc1,-3.7300000190734863,-4.64583862732584,-0.9158386082523533,0.9158386082523533,test,scaffold,Random Forest
CCOP(=O)(Sc1ccccc1)Sc1ccccc1,O=[PH](Sc1ccccc1)Sc1ccccc1,-3.3304998874664307,-4.552891186674008,-1.222391299207577,1.222391299207577,test,scaffold,Random Forest
CCOP(=S)(OCC)Oc1cnc2ccccc2n1,c1ccc2nccnc2c1,-4.132199764251709,-3.9960500437210507,0.13614972053065832,0.13614972053065832,test,scaffold,Random Forest
CCOP(=S)(OCC)Oc1ncn(-c2ccccc2)n1,c1ccc(-n2cncn2)cc1,-3.904900074005127,-3.684844167727012,0.2200559062781151,0.2200559062781151,test,scaffold,Random Forest
CCOc1ccc(C(=O)OCCNC(C)c2ccccc2)cc1,O=C(OCCNCc1ccccc1)c1ccccc1,-1.4900000095367432,-4.2971299378158,-2.807129928279057,2.807129928279057,test,scaffold,Random Forest
CCOc1ccc(C2(C(=O)OC(C#N)c3cccc(Oc4ccccc4)c3)CC2(Cl)Cl)cc1,O=C(OCc1cccc(Oc2ccccc2)c1)C1(c2ccccc2)CC1,-6.724299907684326,-6.865120800492313,-0.14082089280798726,0.14082089280798726,test,scaffold,Random Forest
CCOc1ccc(NS(=O)(=O)c2ccc(N)cc2)nn1,O=S(=O)(Nc1cccnn1)c1ccccc1,-2.427000045776367,-3.0044593593334037,-0.5774593135570365,0.5774593135570365,test,scaffold,Random Forest
CCOc1ccc([Si](C)(C)CCCc2ccc(F)c(Oc3ccccc3)c2)cc1,c1ccc(Oc2cccc(CCC[SiH2]c3ccccc3)c2)cc1,-8.611300468444824,-6.527729538074401,2.0835709303704233,2.0835709303704233,test,scaffold,Random Forest
CCOc1ccc2c(c1)C(C)=CC(C)(C)N2,C1=Cc2ccccc2NC1,-3.3327622413635254,-3.9548831081151934,-0.622120866751668,0.622120866751668,test,scaffold,Random Forest
CCOc1nc2cccc(C(=O)O)c2n1Cc1ccc(-c2ccccc2-c2nn[nH]n2)cc1,c1ccc(-c2nn[nH]n2)c(-c2ccc(Cn3cnc4ccccc43)cc2)c1,-6.497781276702881,-4.707479218693795,1.790302058009086,1.790302058009086,test,scaffold,Random Forest
CCOc1no[n+]([O-])c1S(=O)(=O)c1ccccc1,O=S(=O)(c1ccccc1)c1cno[nH+]1,-4.239999771118164,-2.4578070560643472,1.7821927150538168,1.7821927150538168,test,scaffold,Random Forest
CCS(=O)(=O)Oc1ccc2c(c1)C(C)(C)CO2,c1ccc2c(c1)CCO2,-2.9921000003814697,-3.3168012671595597,-0.32470126677808997,0.32470126677808997,test,scaffold,Random Forest
CCS(=O)(=O)c1nc2ccccn2c1S(=O)(=O)NC(=O)Nc1nc(OC)cc(OC)n1,O=C(Nc1ncccn1)NS(=O)(=O)c1cnc2ccccn12,-4.419099807739258,-4.087265195443939,0.3318346122953191,0.3318346122953191,test,scaffold,Random Forest
CC[C@@]12CCCN3CC[C@]4(c5cccc(OC)c5N(C(C)=O)[C@@H]4CC1)[C@H]32,c1ccc2c(c1)NC1CCC3CCCN4CCC21C34,-1.3269000053405762,-4.134011489686828,-2.807111484346252,2.807111484346252,test,scaffold,Random Forest
CC[N+](CC)(CC(=O)Nc1c(C)cccc1C)Cc1ccccc1,O=C(C[NH2+]Cc1ccccc1)Nc1ccccc1,-1.020958662033081,-4.2495277239916645,-3.2285690619585834,3.2285690619585834,test,scaffold,Random Forest
CC[n+]1c(-c2ccccc2)c2cc(N)ccc2c2ccc(N)cc21,c1ccc(-c2[nH+]c3ccccc3c3ccccc23)cc1,-1.294800043106079,-4.5491161593375375,-3.2543161162314584,3.2543161162314584,test,scaffold,Random Forest
CCc1c(C(=O)O)c(=O)cnn1-c1ccc(Cl)cc1,O=c1ccn(-c2ccccc2)nc1,0.4000000059604645,-2.8961453688298096,-3.296145374790274,3.296145374790274,test,scaffold,Random Forest
CCc1ccc(C(=O)NN(C(=O)c2cc(C)cc(C)c2)C(C)(C)C)cc1,O=C(NNC(=O)c1ccccc1)c1ccccc1,-5.6280999183654785,-4.60867229867908,1.0194276196863985,1.0194276196863985,test,scaffold,Random Forest
CCc1cccc2c3c([nH]c12)C(CC)(CC(=O)O)OCC3,c1ccc2c3c([nH]c2c1)COCC3,-3.309999942779541,-3.7553133190420906,-0.44531337626254963,0.44531337626254963,test,scaffold,Random Forest
CCn1c(O)c(N=Nc2ccc(Cl)cc2[N+](=O)[O-])c(C)c(C#N)c1=O,O=c1ccc(N=Nc2ccccc2)c[nH]1,-6.690000057220459,-5.7206942746383795,0.9693057825820794,0.9693057825820794,test,scaffold,Random Forest
CCn1c(O)c(N=Nc2ccc(S(=O)(=O)c3ccc(N=Nc4c(C)c(CS(=O)(=O)O)c(=O)n(CC)c4O)cc3)cc2)c(C)c(CS(=O)(=O)O)c1=O,O=c1ccc(N=Nc2ccc(S(=O)(=O)c3ccc(N=Nc4ccc(=O)[nH]c4)cc3)cc2)c[nH]1,-2.102187395095825,-2.26316744389862,-0.1609800488027946,0.1609800488027946,test,scaffold,Random Forest
CCn1c2ccccc2c2ccccc21,c1ccc2c(c1)[nH]c1ccccc12,-6.813503265380859,-4.432565116865499,2.3809381485153605,2.3809381485153605,test,scaffold,Random Forest
CCn1cc(C(=O)O)c(=O)c2cc3c(cc21)OCO3,O=c1cc[nH]c2cc3c(cc12)OCO3,-4.380000114440918,-2.6601846496990285,1.7198154647418895,1.7198154647418895,test,scaffold,Random Forest
CCn1cc(C(=O)O)c(=O)c2ccc(C)nc21,O=c1cc[nH]c2ncccc12,-3.609999895095825,-2.57226407616765,1.0377358189281751,1.0377358189281751,test,scaffold,Random Forest
CCn1cc(C(=O)OC)c(=O)c2ccc(C)nc21,O=c1cc[nH]c2ncccc12,-2.700000047683716,-2.7811836807116013,-0.08118363302788545,0.08118363302788545,test,scaffold,Random Forest
CCn1cc(C(=O)OCOC(=O)C(C)C)c(=O)c2ccc(C)nc21,O=c1cc[nH]c2ncccc12,-3.0199999809265137,-3.416375421394353,-0.39637544046783946,0.39637544046783946,test,scaffold,Random Forest
CCn1cc(C(=O)OCOC(C)=O)c(=O)c2ccc(C)nc21,O=c1cc[nH]c2ncccc12,-2.490000009536743,-3.1801326537395798,-0.6901326442028366,0.6901326442028366,test,scaffold,Random Forest
CCn1nc2cc(-c3cc4c5c(n(CC)nc5c3)-c3ccccc3C4=O)cc3c2c1-c1ccccc1C3=O,O=C1c2ccccc2-c2[nH]nc3cc(-c4cc5c6c([nH]nc6c4)-c4ccccc4C5=O)cc1c23,-4.393183708190918,-6.272672825810749,-1.8794891176198307,1.8794891176198307,test,scaffold,Random Forest
CN(C(=O)COC(=O)c1ccccc1)C1CCCCC1,O=C(COC(=O)c1ccccc1)NC1CCCCC1,-3.2899999618530273,-3.1176837164433246,0.1723162454097027,0.1723162454097027,test,scaffold,Random Forest
CN(C(=S)SSC(=S)N(C)c1ccccc1)c1ccccc1,S=C(Nc1ccccc1)SSC(=S)Nc1ccccc1,-6.260769844055176,-5.993447320877716,0.26732252317745964,0.26732252317745964,test,scaffold,Random Forest
CN(C)C(=O)COC(=O)C1CCn2c(C(=O)c3ccccc3)ccc21,O=C(c1ccccc1)c1ccc2n1CCC2,-3.0299999713897705,-2.9253811127598244,0.10461885862994613,0.10461885862994613,test,scaffold,Random Forest
CN(C)C(=O)NC1CC2CC1C1CCCC21,C1CC2C3CCC(C3)C2C1,-3.009999990463257,-1.7216914450132503,1.2883085454500065,1.2883085454500065,test,scaffold,Random Forest
CN(C)C(=O)NC1CCCCCCC1,C1CCCCCCC1,-2.259999990463257,-2.1519371783228576,0.10806281214039926,0.10806281214039926,test,scaffold,Random Forest
CN(C)CC/C=C1/c2ccccc2Sc2ccc(Cl)cc21,C=C1c2ccccc2Sc2ccccc21,-5.869999885559082,-5.4871567690027145,0.3828431165563675,0.3828431165563675,test,scaffold,Random Forest
CN(C)CC/C=C1\c2ccccc2COc2ccccc21,C=C1c2ccccc2COc2ccccc21,-3.946899890899658,-4.4135786697819634,-0.46667877888230525,0.46667877888230525,test,scaffold,Random Forest
CN(C)CCC=C1c2ccccc2COc2ccccc21,C=C1c2ccccc2COc2ccccc21,-3.4000000953674316,-4.4135786697819634,-1.0135785744145318,1.0135785744145318,test,scaffold,Random Forest
CN(C)CCCN1c2ccccc2CCc2ccccc21,c1ccc2c(c1)CCc1ccccc1N2,-4.186999797821045,-4.146351791471638,0.04064800634940724,0.04064800634940724,test,scaffold,Random Forest
CN(C)CCCOC1(Cc2ccccc2)CCCCCC1,c1ccc(CC2CCCCCC2)cc1,-1.6200000047683716,-4.3997462329165975,-2.779746228148226,2.779746228148226,test,scaffold,Random Forest
CN(C)CCN(Cc1cccs1)c1ccccn1,c1ccc(NCc2cccs2)nc1,-2.6382999420166016,-3.1681893376661527,-0.5298893956495512,0.5298893956495512,test,scaffold,Random Forest
CN(C)Cc1ccc(C(=O)OCCOCn2cnc3c(=O)[nH]c(N)nc32)cc1,O=C(OCCOCn1cnc2c(=O)[nH]cnc21)c1ccccc1,-2.4700000286102295,-2.468330303402692,0.001669725207537276,0.001669725207537276,test,scaffold,Random Forest
CN(C)[C@@H]1C(O)=C(C(N)=O)C(=O)[C@@]2(O)C(=O)C3=C(O)c4c(O)cccc4[C@@](C)(O)[C@H]3[C@H](O)[C@@H]12,O=C1C=CCC2CC3Cc4ccccc4C=C3C(=O)C12,-3.0899999141693115,-2.7357786202158856,0.35422129395342594,0.35422129395342594,test,scaffold,Random Forest
CN(C)c1ccc(C(c2ccc(N(C)C)cc2)c2ccc(N(C)C)cc2)cc1,c1ccc(C(c2ccccc2)c2ccccc2)cc1,-5.458398342132568,-5.805520173691231,-0.3471218315586624,0.3471218315586624,test,scaffold,Random Forest
CN(C)c1ccc([C+](c2ccc(N(C)C)cc2)c2ccc(N(C)C)cc2)cc1,c1ccc([C+](c2ccccc2)c2ccccc2)cc1,-2.0085885524749756,-5.652605914681814,-3.6440173622068386,3.6440173622068386,test,scaffold,Random Forest
CN(O)C(=O)C1CCCCCC1,C1CCCCCC1,-1.4500000476837158,-1.4502767081219756,-0.00027666043825980147,0.00027666043825980147,test,scaffold,Random Forest
CN(c1ccc2c(c1)C=C(S(=O)(=O)O)/C(=N/Nc1ccccc1S(=O)(=O)O)C2=O)c1nc(Cl)nc(Nc2cccc(S(=O)(=O)O)c2)n1,O=C1C(=NNc2ccccc2)C=Cc2cc(Nc3ncnc(Nc4ccccc4)n3)ccc21,-0.7520300149917603,-1.0418691080850033,-0.28983909309324307,0.28983909309324307,test,scaffold,Random Forest
CN(c1ccccc1)S(=O)(=O)C1=CC(=O)C2=C(NNc3ccc(NC(=O)CCl)cc3S(=O)(=O)O)C(=N)C=CC2=C1,N=C1C=CC2=CC(S(=O)(=O)Nc3ccccc3)=CC(=O)C2=C1NNc1ccccc1,-4.358857154846191,-1.8729231159119677,2.4859340389342237,2.4859340389342237,test,scaffold,Random Forest
CN1/C(=C(/O)Nc2ccccn2)C(=O)c2ccccc2S1(=O)=O,O=C1C(=CNc2ccccn2)NS(=O)(=O)c2ccccc21,-4.158599853515625,-3.324913001159017,0.8336868523566081,0.8336868523566081,test,scaffold,Random Forest
CN1C(=O)C(Cc2ccc(O)cc2)N(CC(=O)O)C1=O,O=C1NC(=O)C(Cc2ccccc2)N1,-0.05000000074505806,-2.1129225741840356,-2.0629225734389776,2.0629225734389776,test,scaffold,Random Forest
CN1C(=O)c2ccc3c4ccc5c6c(ccc(c7ccc(c2c37)C1=O)c64)C(=O)N(C)C5=O,O=C1NC(=O)c2ccc3c4ccc5c6c(ccc(c7ccc1c2c73)c64)C(=O)NC5=O,-7.718510150909424,-5.587631927446006,2.1308782234634176,2.1308782234634176,test,scaffold,Random Forest
CN1C(=O)c2cccnc2Oc2ccccc21,O=C1Nc2ccccc2Oc2ncccc21,-3.671999931335449,-3.66258346935744,0.00941646197800905,0.00941646197800905,test,scaffold,Random Forest
CN1C(C(=O)Nc2ccccn2)=C(O)c2ccccc2S1(=O)=O,O=C(Nc1ccccn1)C1=Cc2ccccc2S(=O)(=O)N1,-4.5,-3.040829871074075,1.459170128925925,1.459170128925925,test,scaffold,Random Forest
CN1C(C)(C)CC(OC(=O)CC(C(=O)OC2CC(C)(C)N(C)C(C)(C)C2)C(CC(=O)OC2CC(C)(C)N(C)C(C)(C)C2)C(=O)OC2CC(C)(C)N(C)C(C)(C)C2)CC1(C)C,O=C(CC(C(=O)OC1CCNCC1)C(CC(=O)OC1CCNCC1)C(=O)OC1CCNCC1)OC1CCNCC1,-4.672731876373291,-6.383805179339791,-1.7110733029664997,1.7110733029664997,test,scaffold,Random Forest
CN1C2CC(OC(=O)C(CO)c3ccccc3)CC1C1OC12,O=C(Cc1ccccc1)OC1CC2NC(C1)C1OC21,-1.2400000095367432,-2.2252082705449943,-0.9852082610082511,0.9852082610082511,test,scaffold,Random Forest
CN1C2CCC1C(C(=O)O)C(O)C2,C1CC2CCC(C1)N2,-0.019999999552965164,-0.29225500849079,-0.27225500893782484,0.27225500893782484,test,scaffold,Random Forest
CN1C2CCC1CC(OC(=O)c1ccccc1)C2,O=C(OC1CC2CCC(C1)N2)c1ccccc1,-2.36899995803833,-3.076380444846633,-0.7073804868083031,0.7073804868083031,test,scaffold,Random Forest
CN1C2CCC1[C@@H](C(=O)O)[C@@H](O)C2,C1CC2CCC(C1)N2,-0.01730000041425228,-0.29225500849079,-0.2749550080765377,0.2749550080765377,test,scaffold,Random Forest
CN1C2CCCC1CC(=O)C2,O=C1CC2CCCC(C1)N2,0.41670000553131104,-0.9689989898146486,-1.3856989953459595,1.3856989953459595,test,scaffold,Random Forest
CN1C=CC=C/C1=C\N=O,C=C1C=CC=CN1,-0.7404999732971191,-1.6294127750838994,-0.8889128017867802,0.8889128017867802,test,scaffold,Random Forest
CN1CC(O)C2=CC(=NNC(N)=O)C(=O)C=C21,N=C1C=C2CCNC2=CC1=O,-2.7200000286102295,-1.6941044797968718,1.0258955488133576,1.0258955488133576,test,scaffold,Random Forest
CN1CCC(c2c(O)cc(O)c3c(=O)cc(-c4ccccc4Cl)oc23)C(O)C1,O=c1cc(-c2ccccc2)oc2c(C3CCNCC3)cccc12,-4.260000228881836,-4.078342695171694,0.18165753371014226,0.18165753371014226,test,scaffold,Random Forest
CN1CCC23CCCCC2C1Cc1ccc(O)cc13,c1ccc2c(c1)CC1NCCC23CCCCC13,-2.7200000286102295,-2.957013089999762,-0.2370130613895327,0.2370130613895327,test,scaffold,Random Forest
CN1CCCN(C)C1=O,O=C1NCCCN1,0.8921966552734375,0.1897100445986688,-0.7024866106747687,0.7024866106747687,test,scaffold,Random Forest
CN1CCN(C(c2ccccc2)c2ccccc2)CC1,c1ccc(C(c2ccccc2)N2CCNCC2)cc1,-2.42549991607666,-3.289270141965841,-0.8637702258891808,0.8637702258891808,test,scaffold,Random Forest
CN1CCN(Cc2ccc(Cl)nc2)C1=NC#N,N=C1NCCN1Cc1cccnc1,-2.130000114440918,-2.2411318449200297,-0.11113173047911173,0.11113173047911173,test,scaffold,Random Forest
CN1COCN=C1N[N+](=O)[O-],C1=NCOCN1,-1.002292275428772,-1.3951955823428013,-0.3929033069140293,0.3929033069140293,test,scaffold,Random Forest
CN1CSC(=S)N(C)C1,S=C1NCNCS1,-1.7331000566482544,-1.1592566194002238,0.5738434372480306,0.5738434372480306,test,scaffold,Random Forest
CN1[C@@H]2CC(OC(=O)[C@H](CO)c3ccccc3)C[C@H]1C1OC12,O=C(Cc1ccccc1)OC1CC2NC(C1)C1OC21,-0.5040000081062317,-2.2252082705449943,-1.7212082624387626,1.7212082624387626,test,scaffold,Random Forest
CNC(=O)/C(C#N)=c1\[nH]c(=C2C(=O)NC(=O)NC2=O)c2ccccc12,C=c1[nH]c(=C2C(=O)NC(=O)NC2=O)c2ccccc12,-7.52800989151001,-2.130685522136762,5.397324369373248,5.397324369373248,test,scaffold,Random Forest
CNC(=O)Oc1cccc2c1OC(C)(C)C2,c1ccc2c(c1)CCO2,-2.4200000762939453,-2.5486098026724844,-0.12860972637853907,0.12860972637853907,test,scaffold,Random Forest
CNC(=O)c1cccc(NCC(=O)NCCc2ccc(OC)c(OC)c2)c1,O=C(CNc1ccccc1)NCCc1ccccc1,-1.850000023841858,-2.6562747600544987,-0.8062747362126408,0.8062747362126408,test,scaffold,Random Forest
CNC1(c2ccccc2Cl)CCCCC1=O,O=C1CCCCC1c1ccccc1,-0.13699999451637268,-3.3779520852828298,-3.240952090766457,3.240952090766457,test,scaffold,Random Forest
CNC1=C(c2cccc(C(F)(F)F)c2)C(=O)C(c2ccccc2)O1,O=C1C(c2ccccc2)=COC1c1ccccc1,-3.978800058364868,-4.607088148978022,-0.6282880906131538,0.6282880906131538,test,scaffold,Random Forest
CNCCCN1c2ccccc2CCc2ccccc21,c1ccc2c(c1)CCc1ccccc1N2,-3.6576170921325684,-3.8828709938414976,-0.22525390170892923,0.22525390170892923,test,scaffold,Random Forest
CNS(=O)(=O)c1cc(OC)c(N/N=C2\C(=O)C(C(=O)Nc3ccc4[nH]c(=O)[nH]c4c3)=Cc3ccccc32)cc1C,O=C(Nc1ccc2[nH]c(=O)[nH]c2c1)C1=Cc2ccccc2C(=NNc2ccccc2)C1=O,-8.217167854309082,-4.507812036617998,3.709355817691084,3.709355817691084,test,scaffold,Random Forest
CNS(=O)(=O)c1cc(OC)c(N/N=C2\C(=O)C(C(=O)Nc3ccc4[nH]c(=O)[nH]c4c3)=Cc3ccccc32)cc1OC,O=C(Nc1ccc2[nH]c(=O)[nH]c2c1)C1=Cc2ccccc2C(=NNc2ccccc2)C1=O,-7.891636371612549,-4.2183736569929335,3.6732627146196153,3.6732627146196153,test,scaffold,Random Forest
CNc1cc(NS(C)(=O)=O)ccc1Nc1c2ccccc2nc2ccccc12,c1ccc(Nc2c3ccccc3nc3ccccc23)cc1,-2.940000057220459,-5.1342583930644095,-2.1942583358439505,2.1942583358439505,test,scaffold,Random Forest
CNc1ccc(/C=C/c2ccc(Nc3nc(Nc4ccc(S(=O)(=O)O)cc4)nc(N4CCOCC4)n3)cc2S(=O)(=O)O)c(S(=O)(=O)O)c1,C(=Cc1ccc(Nc2nc(Nc3ccccc3)nc(N3CCOCC3)n2)cc1)c1ccccc1,-0.4843358099460602,-1.0466390081737484,-0.5623031982276883,0.5623031982276883,test,scaffold,Random Forest
COC(=O)/C(=C/c1ccccc1)S(=O)(=O)c1ccc([N+](=O)[O-])cc1,O=S(=O)(C=Cc1ccccc1)c1ccccc1,-4.570000171661377,-4.045955893098046,0.5240442785633306,0.5240442785633306,test,scaffold,Random Forest
COC(=O)C(C)N(C(=O)Cc1ccccc1)c1c(C)cccc1C,O=C(Cc1ccccc1)Nc1ccccc1,-3.944200038909912,-3.7093479258774624,0.23485211303244968,0.23485211303244968,test,scaffold,Random Forest
COC(=O)C1=C(C)NC(C)=C(C(=O)OC)C1c1ccccc1[N+](=O)[O-],C1=CC(c2ccccc2)C=CN1,-4.760000228881836,-3.567300119101451,1.192700109780385,1.192700109780385,test,scaffold,Random Forest
COC(=O)C1=CO[C@@H](O[C@@H]2O[C@H](CO)[C@@H](O)[C@H](O)[C@H]2O)[C@H]2[C@@H]1C(=O)C[C@@H]2C,O=C1CCC2C(OC3CCCCO3)OC=CC12,-0.26499998569488525,-1.580562636264213,-1.3155626505693276,1.3155626505693276,test,scaffold,Random Forest
COC(=O)C1C(OC(=O)c2ccccc2)CC2CCC1N2C,O=C(OC1CC2CCC(C1)N2)c1ccccc1,-2.2300000190734863,-3.0240676778093767,-0.7940676587358904,0.7940676587358904,test,scaffold,Random Forest
COC(=O)C1CC(=O)C(C(=O)OC)CC1=O,O=C1CCC(=O)CC1,-4.154195785522461,-1.4587243211156242,2.695471464406837,2.695471464406837,test,scaffold,Random Forest
COC(=O)[C@@H]1C2CCC(C[C@@H]1OC(=O)c1ccccc1)N2C,O=C(OC1CC2CCC(C1)N2)c1ccccc1,-2.2267000675201416,-3.0240676778093767,-0.7973676102892351,0.7973676102892351,test,scaffold,Random Forest
COC(=O)c1cc(N=NC(C(C)=O)C(=O)Nc2ccc3[nH]c(=O)[nH]c3c2)cc(C(=O)OC)c1,O=C(CN=Nc1ccccc1)Nc1ccc2[nH]c(=O)[nH]c2c1,-6.3777384757995605,-3.7940150761098526,2.583723399689708,2.583723399689708,test,scaffold,Random Forest
COC(=O)c1ccc(C(=O)Nc2cc(Cl)ccc2Cl)cc1N/N=C1\C(=O)C(C(=O)Nc2ccccc2OC)=Cc2ccccc21,O=C(Nc1ccccc1)C1=Cc2ccccc2C(=NNc2cccc(C(=O)Nc3ccccc3)c2)C1=O,-8.175068855285645,-7.325554180711115,0.8495146745745297,0.8495146745745297,test,scaffold,Random Forest
COC(=O)c1ccc(C(=O)OC)c(N=NC(C(C)=O)C(=O)Nc2ccc3[nH]c(=O)[nH]c3c2)c1,O=C(CN=Nc1ccccc1)Nc1ccc2[nH]c(=O)[nH]c2c1,-6.3140692710876465,-3.9254429358681904,2.388626335219456,2.388626335219456,test,scaffold,Random Forest
COC(=O)c1sccc1S(=O)(=O)NC(=O)Nc1nc(C)nc(OC)n1,O=C(Nc1ncncn1)NS(=O)(=O)c1ccsc1,-2.2379000186920166,-2.862640813271993,-0.6247407945799766,0.6247407945799766,test,scaffold,Random Forest
COC(=O)c1sccc1S(=O)(=O)NC(=O)Nc1nc(OC)nc(OC)n1,O=C(Nc1ncncn1)NS(=O)(=O)c1ccsc1,-3.190000057220459,-3.2816681425643948,-0.09166808534393578,0.09166808534393578,test,scaffold,Random Forest
COC1=C(C(=O)O)N2C(=O)C(NC(=O)C(N)C3=CCC=CC3)C2SC1,O=C(CC1=CCC=CC1)NC1C(=O)N2C=CCSC12,-1.8899999856948853,-1.9551977642418457,-0.0651977785469604,0.0651977785469604,test,scaffold,Random Forest
COC1=C(OC)C2C(=O)OCC2C=C1,O=C1OCC2C=CC=CC12,-1.8990000486373901,-1.5185050324885152,0.38049501614887493,0.38049501614887493,test,scaffold,Random Forest
COC1=CC2OC3C=CC(O)=CC3C(=O)C2C(O)=C1,O=C1C2C=CC=CC2OC2C=CC=CC12,-2.943000078201294,-2.658004341887596,0.2849957363136979,0.2849957363136979,test,scaffold,Random Forest
COC1CCC=CO1,C1=COCCC1,-0.8533331155776978,-0.628228994938488,0.2251041206392097,0.2251041206392097,test,scaffold,Random Forest
COCCCn1c(=O)c2c(N)c3c(=O)c4ccccc4c(=O)c3c(N)c2c1=O,O=c1[nH]c(=O)c2cc3c(=O)c4ccccc4c(=O)c3cc12,-7.323792934417725,-2.652060577092929,4.671732357324796,4.671732357324796,test,scaffold,Random Forest
COCCOCCCn1c(=O)c2c(N)c3c(=O)c4ccccc4c(=O)c3c(N)c2c1=O,O=c1[nH]c(=O)c2cc3c(=O)c4ccccc4c(=O)c3cc12,-8.26504898071289,-2.6351110284732338,5.629937952239657,5.629937952239657,test,scaffold,Random Forest
CON(C(=O)c1cc(C)oc1C)C1CCCCC1,O=C(NC1CCCCC1)c1ccoc1,-2.9200000762939453,-4.008423819988965,-1.08842374369502,1.08842374369502,test,scaffold,Random Forest
CO[C@]1(C)CCC23C[C@@H]1C(C)(C)[C@@H]2CC[C@H]3C,C1CC2CC3CCCC3(C1)C2,-4.740177154541016,-4.3051592861451775,0.4350178683958381,0.4350178683958381,test,scaffold,Random Forest
COc1c(C(=O)O)oc2ccccc12,c1ccc2occc2c1,-2.885699987411499,-2.5164244407408187,0.3692755466706803,0.3692755466706803,test,scaffold,Random Forest
COc1cc(C2c3cc4c(cc3C(OC3OC5COC(C)OC5C(O)C3O)C3COC(=O)C23)OCO4)cc(OC)c1O,O=C1OCC2C(OC3CCC4OCOCC4O3)c3cc4c(cc3C(c3ccccc3)C12)OCO4,-3.4700000286102295,-2.981805262763882,0.4881947658463477,0.4881947658463477,test,scaffold,Random Forest
COc1cc(N=Nc2ccc(S(=O)(=O)O)cc2)c(C)cc1N/N=C1/C(=O)c2ccc(Nc3ccccc3)cc2C=C1S(=O)(=O)O,O=C1C(=NNc2ccc(N=Nc3ccccc3)cc2)C=Cc2cc(Nc3ccccc3)ccc21,-2.0454015731811523,-1.5519706551092793,0.493430918071873,0.493430918071873,test,scaffold,Random Forest
COc1cc(NC(=O)C2=Cc3ccccc3/C(=N/Nc3cc(C(=O)Nc4ccccc4)ccc3OC)C2=O)c(OC)cc1Cl,O=C(Nc1ccccc1)C1=Cc2ccccc2C(=NNc2cccc(C(=O)Nc3ccccc3)c2)C1=O,-7.846560478210449,-7.230235106498869,0.6163253717115804,0.6163253717115804,test,scaffold,Random Forest
COc1cc(NS(=O)(=O)c2ccc(C)cc2)c2c(c1N)C(=O)c1ccccc1C2=O,O=C1c2ccccc2C(=O)c2c(NS(=O)(=O)c3ccccc3)cccc21,-5.112570285797119,-4.979735691381034,0.13283459441608514,0.13283459441608514,test,scaffold,Random Forest
COc1cc(NS(=O)(=O)c2ccc(N)cc2)nc(C)n1,O=S(=O)(Nc1ccncn1)c1ccccc1,-2.5429999828338623,-3.1755423542658203,-0.632542371431958,0.632542371431958,test,scaffold,Random Forest
COc1cc(NS(=O)(=O)c2ccc(N)cc2)nc(OC)n1,O=S(=O)(Nc1ccncn1)c1ccccc1,-2.9565000534057617,-3.037213027001818,-0.08071297359605634,0.08071297359605634,test,scaffold,Random Forest
COc1cc(NS(=O)(=O)c2ccccc2)c2c(c1N)C(=O)c1ccccc1C2=O,O=C1c2ccccc2C(=O)c2c(NS(=O)(=O)c3ccccc3)cccc21,-2.3558504581451416,-4.86547567694015,-2.5096252187950085,2.5096252187950085,test,scaffold,Random Forest
COc1cc(OC)c(NC(=O)C2=Cc3ccccc3/C(=N\Nc3cc(C(=O)Nc4ccc(C(N)=O)cc4)ccc3OC)C2=O)cc1Cl,O=C(Nc1ccccc1)C1=Cc2ccccc2C(=NNc2cccc(C(=O)Nc3ccccc3)c2)C1=O,-7.86624002456665,-7.099994425846657,0.7662455987199932,0.7662455987199932,test,scaffold,Random Forest
COc1cc(OC)c2c(c1Cl)O[C@]1(C2=O)C(OC)CC(=O)C[C@H]1C,O=C1CCC2(CC1)Oc1ccccc1C2=O,-4.611000061035156,-3.9378828951408837,0.6731171658942725,0.6731171658942725,test,scaffold,Random Forest
COc1cc(OC)nc(NC(=O)NS(=O)(=O)c2c(Cl)nc3ccccn23)n1,O=C(Nc1ncccn1)NS(=O)(=O)c1cnc2ccccn12,-4.788599967956543,-3.6019527728396747,1.1866471951168682,1.1866471951168682,test,scaffold,Random Forest
COc1cc([C@@H]2c3cc4c(c(O)c3C[C@H]3COC(=O)[C@@H]32)OCO4)cc(OC)c1O,O=C1OCC2Cc3cc4c(cc3C(c3ccccc3)C12)OCO4,-4.125400066375732,-3.8437250740520996,0.2816749923236328,0.2816749923236328,test,scaffold,Random Forest
COc1cc([C@@H]2c3cc4c(c(O)c3C[C@H]3COC(=O)[C@@H]32)OCO4)cc(OC)c1OC,O=C1OCC2Cc3cc4c(cc3C(c3ccccc3)C12)OCO4,-4.503499984741211,-4.144840463445852,0.35865952129535916,0.35865952129535916,test,scaffold,Random Forest
COc1cc([C@@H]2c3cc4c(cc3[C@H](O)[C@H]3COC(=O)[C@@H]23)OCO4)cc(OC)c1OC,O=C1OCC2Cc3cc4c(cc3C(c3ccccc3)C12)OCO4,-3.6173999309539795,-4.106594309698572,-0.4891943787445925,0.4891943787445925,test,scaffold,Random Forest
COc1cc2c(c(OC)c1OC)-c1ccc(OC)c(=O)cc1C(NC(C)=O)CC2,O=c1cccc2c(c1)CCCc1ccccc1-2,-0.9399999976158142,-4.554762497779671,-3.614762500163857,3.614762500163857,test,scaffold,Random Forest
COc1cc2c(c(OC)c1OC)-c1ccc(OC)c(=O)cc1[C@@H](NC(C)=O)CC2,O=c1cccc2c(c1)CCCc1ccccc1-2,-0.948199987411499,-4.554762497779671,-3.606562510368172,3.606562510368172,test,scaffold,Random Forest
COc1cc2c(c3c1c(=O)c1cccnc1n3C)C=CC(C)(C)O2,O=c1c2cccnc2[nH]c2c3c(ccc12)OCC=C3,-3.9600000381469727,-4.34116836506814,-0.3811683269211672,0.3811683269211672,test,scaffold,Random Forest
COc1cc2nccnc2c(N)c1OC,c1ccc2nccnc2c1,-1.7101999521255493,-2.22041284088203,-0.5102128887564805,0.5102128887564805,test,scaffold,Random Forest
COc1ccc(-c2cc(=O)c3c(O)cc(O)cc3o2)cc1O,O=c1cc(-c2ccccc2)oc2ccccc12,-6.198752403259277,-3.5120365969142306,2.6867158063450467,2.6867158063450467,test,scaffold,Random Forest
COc1ccc(/C=C2/N=C(c3ccc(C4=N/C(=C/c5ccc(OC)cc5)C(=O)O4)cc3)OC2=O)cc1,O=C1OC(c2ccc(C3=NC(=Cc4ccccc4)C(=O)O3)cc2)=NC1=Cc1ccccc1,-6.9835710525512695,-5.471528813455116,1.5120422390961537,1.5120422390961537,test,scaffold,Random Forest
COc1ccc(C(=O)CC(=O)c2ccc(C(C)(C)C)cc2)cc1,O=C(CC(=O)c1ccccc1)c1ccccc1,-7.060548305511475,-4.851255993998418,2.2092923115130567,2.2092923115130567,test,scaffold,Random Forest
COc1ccc(C(=O)Cc2c(CCN(C)C)cc3c(c2OC)OCO3)c(C(=O)O)c1OC,O=C(Cc1ccc2c(c1)OCO2)c1ccccc1,-2.5350000858306885,-4.09417802996342,-1.5591779441327311,1.5591779441327311,test,scaffold,Random Forest
COc1ccc(C(=O)Nc2ccccc2)cc1N/N=C1\C(=O)C(C(=O)Nc2cc(Cl)ccc2C)=Cc2ccccc21,O=C(Nc1ccccc1)C1=Cc2ccccc2C(=NNc2cccc(C(=O)Nc3ccccc3)c2)C1=O,-7.752070903778076,-7.095886567138017,0.6561843366400595,0.6561843366400595,test,scaffold,Random Forest
COc1ccc(C(=O)Nc2ccccc2)cc1N/N=C1\C(=O)C(C(=O)Nc2cc(Cl)ccc2OC)=Cc2ccccc21,O=C(Nc1ccccc1)C1=Cc2ccccc2C(=NNc2cccc(C(=O)Nc3ccccc3)c2)C1=O,-8.18441390991211,-7.023973135514155,1.1604407743979541,1.1604407743979541,test,scaffold,Random Forest
COc1ccc(C(O)(c2cncnc2)C2CC2)cc1,c1ccc(C(c2cncnc2)C2CC2)cc1,-2.595900058746338,-2.735515515389739,-0.13961545664340091,0.13961545664340091,test,scaffold,Random Forest
COc1ccc(CC2NC(=O)N(C(C)C(=O)O)C2=O)cc1,O=C1NC(=O)C(Cc2ccccc2)N1,-0.8600000143051147,-2.1249702009879026,-1.2649701866827878,1.2649701866827878,test,scaffold,Random Forest
COc1ccc(CC2NC(=O)N(C)C2=O)cc1,O=C1NC(=O)C(Cc2ccccc2)N1,-0.8899999856948853,-2.12261021240374,-1.2326102267088546,1.2326102267088546,test,scaffold,Random Forest
COc1ccc(CCC(=O)c2c(O)cc(O[C@@H]3O[C@H](CO)[C@@H](O)[C@H](O)[C@H]3O[C@@H]3O[C@@H](C)[C@H](O)[C@@H](O)[C@H]3O)cc2O)cc1O,O=C(CCc1ccccc1)c1ccc(OC2OCCCC2OC2CCCCO2)cc1,-3.185103416442871,-2.3035907923793952,0.8815126240634759,0.8815126240634759,test,scaffold,Random Forest
COc1ccc(CCNC(=O)CNc2cccc(C(N)=O)c2)cc1OC,O=C(CNc1ccccc1)NCCc1ccccc1,-2.690000057220459,-2.8016398176497614,-0.11163976042930246,0.11163976042930246,test,scaffold,Random Forest
COc1ccc(Cc2nccc3cc(OC)c(OC)cc23)cc1OC,c1ccc(Cc2nccc3ccccc23)cc1,-3.869999885559082,-4.661508821098261,-0.7915089355391789,0.7915089355391789,test,scaffold,Random Forest
COc1ccc(N2CCN(c3ccc(-n4cn[nH]c4=O)cc3)CC2)cc1,O=c1[nH]ncn1-c1ccc(N2CCN(c3ccccc3)CC2)cc1,-6.4889092445373535,-3.2234873975169385,3.265421847020415,3.265421847020415,test,scaffold,Random Forest
COc1ccc(N2CCN(c3ccc([N+](=O)[O-])cc3)CC2)cc1,c1ccc(N2CCN(c3ccccc3)CC2)cc1,-6.929013252258301,-4.045677185486236,2.883336066772065,2.883336066772065,test,scaffold,Random Forest
COc1ccc(N=NC(C(C)=O)C(=O)Nc2ccccc2OC)c([N+](=O)[O-])c1,O=C(CN=Nc1ccccc1)Nc1ccccc1,-8.308242797851562,-5.5652162996748125,2.74302649817675,2.74302649817675,test,scaffold,Random Forest
COc1ccc(N=Nc2ccc(N=Nc3cccc(S(=O)(=O)O)c3)cc2OC)cc1,c1ccc(N=Nc2ccc(N=Nc3ccccc3)cc2)cc1,-0.8354591727256775,-1.4510285221904862,-0.6155693494648087,0.6155693494648087,test,scaffold,Random Forest
COc1ccc(NC(=O)C2=Cc3ccccc3/C(=N/Nc3cc(C(=O)Nc4cccc(S(=O)(=O)O)c4)ccc3C)C2=O)cc1,O=C(Nc1ccccc1)C1=Cc2ccccc2C(=NNc2cccc(C(=O)Nc3ccccc3)c2)C1=O,-7.050930976867676,-2.36733078849477,4.683600188372906,4.683600188372906,test,scaffold,Random Forest
COc1ccc(NS(=O)(=O)c2ccc(N)cc2)nn1,O=S(=O)(Nc1cccnn1)c1ccccc1,-2.680000066757202,-2.940036969358931,-0.26003690260172885,0.26003690260172885,test,scaffold,Random Forest
COc1ccc(S(=O)(=O)CCOS(=O)(=O)O)cc1N/N=C1/C(=O)c2c(cc(S(=O)(=O)O)c(N=Nc3ccc(S(=O)(=O)CCOS(=O)(=O)O)cc3)c2N)C=C1S(=O)(=O)O,O=C1C(=NNc2ccccc2)C=Cc2ccc(N=Nc3ccccc3)cc21,-0.4161044955253601,-1.1720185665130136,-0.7559140709876535,0.7559140709876535,test,scaffold,Random Forest
COc1ccc([C@@H]2CC(=O)c3c(O)cc(O[C@@H]4O[C@H](CO)[C@@H](O)[C@H](O)[C@H]4O[C@@H]4O[C@@H](C)[C@H](O)[C@@H](O)[C@H]4O)cc3O2)cc1O,O=C1CC(c2ccccc2)Oc2cc(OC3OCCCC3OC3CCCCO3)ccc21,-5.185848712921143,-3.0987417502179637,2.087106962703179,2.087106962703179,test,scaffold,Random Forest
COc1ccc2c(c1)C13CCCCC1C(C2)N(C)CC3,c1ccc2c(c1)CC1NCCC23CCCCC13,-3.4800000190734863,-3.6685478946384054,-0.18854787556491903,0.18854787556491903,test,scaffold,Random Forest
COc1ccc2c(c1)CCCC2,c1ccc2c(c1)CCCC2,-2.7477385997772217,-2.990934121080572,-0.24319552130335031,0.24319552130335031,test,scaffold,Random Forest
COc1ccc2c(c1)[nH]c1c(C)nccc12,c1ccc2c(c1)[nH]c1cnccc12,-4.480000019073486,-3.087568911357177,1.3924311077163094,1.3924311077163094,test,scaffold,Random Forest
COc1ccc2c(c1O)C13CCN(C)C(C2)C1C=CC(=O)C3,O=C1C=CC2C3Cc4ccccc4C2(CCN3)C1,-1.8700000047683716,-2.4525775775306338,-0.5825775727622622,0.5825775727622622,test,scaffold,Random Forest
COc1ccc2c(c1OC)C(=O)OC2C1c2c(cc3c(c2OC)OCO3)CCN1C,O=C1OC(C2NCCc3cc4c(cc32)OCO4)c2ccccc21,-3.140000104904175,-4.136208491115342,-0.9962083862111673,0.9962083862111673,test,scaffold,Random Forest
COc1ccc2c(c1OC)C(=O)OC2C1c2cc3c(cc2CCN1C)OCO3,O=C1OC(C2NCCc3cc4c(cc32)OCO4)c2ccccc21,-4.106500148773193,-3.837627617464414,0.2688725313087792,0.2688725313087792,test,scaffold,Random Forest
COc1ccc2c(c1OC)C(=O)O[C@@H]2[C@H]1c2c(cc3c(c2OC)OCO3)CCN1C,O=C1OC(C2NCCc3cc4c(cc32)OCO4)c2ccccc21,-3.1393001079559326,-4.136208491115342,-0.9969083831594094,0.9969083831594094,test,scaffold,Random Forest
COc1ccc2c3c1CCCC3CN(C(=N)N)C2,c1cc2c3c(c1)CNCC3CCC2,-1.2200000286102295,-2.7438669367793667,-1.5238669081691372,1.5238669081691372,test,scaffold,Random Forest
COc1ccc2c3c1CCCC3CN(C(N)=NO)C2,c1cc2c3c(c1)CNCC3CCC2,-1.7799999713897705,-2.8004805482491437,-1.0204805768593732,1.0204805768593732,test,scaffold,Random Forest
COc1ccc2cc(C(C)C(=O)OC3CCCCC3=O)ccc2c1,O=C(Cc1ccc2ccccc2c1)OC1CCCCC1=O,-5.590000152587891,-5.37977013167313,0.21023002091476073,0.21023002091476073,test,scaffold,Random Forest
COc1ccc2cc(C(C)C(=O)OCCCCN3CCN(C)CC3)ccc2c1,O=C(Cc1ccc2ccccc2c1)OCCCCN1CCNCC1,-1.2899999618530273,-4.188179013070484,-2.898179051217457,2.898179051217457,test,scaffold,Random Forest
COc1ccc2cc(C(C)C(=O)OCCCCN3CCOCC3)ccc2c1,O=C(Cc1ccc2ccccc2c1)OCCCCN1CCOCC1,-3.700000047683716,-4.3679585625395605,-0.6679585148558447,0.6679585148558447,test,scaffold,Random Forest
COc1ccc2cc(C(C)C(=O)OCCN3CCN(C)CC3)ccc2c1,O=C(Cc1ccc2ccccc2c1)OCCN1CCNCC1,-1.4900000095367432,-3.6058459717062443,-2.115845962169501,2.115845962169501,test,scaffold,Random Forest
COc1ccc2cc(C(C)C(=O)OCCN3CCNCC3)ccc2c1,O=C(Cc1ccc2ccccc2c1)OCCN1CCNCC1,-1.5199999809265137,-3.2551839309062753,-1.7351839499797617,1.7351839499797617,test,scaffold,Random Forest
COc1ccc2cc(C(C)C(=O)OCCOC(=O)C(N)Cc3ccccc3)ccc2c1,O=C(CCc1ccccc1)OCCOC(=O)Cc1ccc2ccccc2c1,-3.75,-4.273149837992335,-0.5231498379923352,0.5231498379923352,test,scaffold,Random Forest
COc1ccc2cc(C(C)C(=O)OCCOC(=O)CN3CCOCC3)ccc2c1,O=C(Cc1ccc2ccccc2c1)OCCOC(=O)CN1CCOCC1,-4.300000190734863,-3.5553908062949002,0.744609384439963,0.744609384439963,test,scaffold,Random Forest
COc1cccc(C(=O)NN(C(=O)c2cc(C)cc(C)c2)C(C)(C)C)c1C,O=C(NNC(=O)c1ccccc1)c1ccccc1,-5.566400051116943,-4.915169808918969,0.6512302421979745,0.6512302421979745,test,scaffold,Random Forest
COc1ccccc1N=NC(C(C)=O)C(=O)Nc1ccc2[nH]c(=O)[nH]c2c1,O=C(CN=Nc1ccccc1)Nc1ccc2[nH]c(=O)[nH]c2c1,-7.630599498748779,-3.8031155447716665,3.827483953977113,3.827483953977113,test,scaffold,Random Forest
COc1ccccc1NC(=O)C(N=Nc1ccc(Cl)cc1[N+](=O)[O-])C(C)=O,O=C(CN=Nc1ccccc1)Nc1ccccc1,-7.306378364562988,-6.516730230751495,0.7896481338114931,0.7896481338114931,test,scaffold,Random Forest
COc1ccccc1OCCNCC(O)COc1cccc2[nH]c3ccccc3c12,c1ccc(OCCNCCCOc2cccc3[nH]c4ccccc4c23)cc1,-4.260000228881836,-4.673625537881542,-0.4136253089997064,0.4136253089997064,test,scaffold,Random Forest
COc1ccsc1CN(C(=O)CCl)c1c(C)cccc1C,c1ccc(NCc2cccs2)cc1,-4.468900203704834,-4.234360112668501,0.2345400910363331,0.2345400910363331,test,scaffold,Random Forest
COc1cnc(NS(=O)(=O)c2ccc(N)cc2)nc1,O=S(=O)(Nc1ncccn1)c1ccccc1,-2.5843000411987305,-2.665224226761876,-0.08092418556314573,0.08092418556314573,test,scaffold,Random Forest
CS(=O)(=O)c1ccc(C2=C(c3ccccc3)C(=O)OC2)cc1,O=C1OCC(c2ccccc2)=C1c1ccccc1,-4.519999980926514,-3.856620584429886,0.6633793964966275,0.6633793964966275,test,scaffold,Random Forest
CSC(=O)c1cccc2nnsc12,c1ccc2snnc2c1,-4.436299800872803,-2.737266829772325,1.6990329711004777,1.6990329711004777,test,scaffold,Random Forest
C[C@@H]1O[C@@H](O[C@H]2[C@H](Oc3cc(O)c4c(c3)O[C@H](c3ccc(O)cc3)CC4=O)O[C@H](CO)[C@@H](O)[C@@H]2O)[C@H](O)[C@H](O)[C@H]1O,O=C1CC(c2ccccc2)Oc2cc(OC3OCCCC3OC3CCCCO3)ccc21,-2.7224388122558594,-2.8108624944063973,-0.08842368215053797,0.08842368215053797,test,scaffold,Random Forest
C[C@@H]1[C@@H](CN)C[C@H]2C[C@@H]1C2(C)C,C1CC2CC(C1)C2,-2.5159153938293457,-1.9220820656443447,0.593833328185001,0.593833328185001,test,scaffold,Random Forest
C[C@H]1C(c2ccc(Cl)cc2)SC(=O)N1C(=O)NC1CCCCC1,O=C(NC1CCCCC1)N1CC(c2ccccc2)SC1=O,-5.848700046539307,-5.286252227840755,0.5624478186985513,0.5624478186985513,test,scaffold,Random Forest
C[C@H]1CCC2(O)C(C)(C)C3CC[C@@]2(C)C1C3,C1CC2CC3CCC2C(C1)C3,-3.7259037494659424,-3.7516927197496748,-0.025788970283732393,0.025788970283732393,test,scaffold,Random Forest
C[C@]1(Cn2ccnn2)[C@H](C(=O)O)N2C(=O)C[C@H]2S1(=O)=O,O=C1CC2N1CC(Cn1ccnn1)S2(=O)=O,-1.8384616374969482,-2.3381104959318684,-0.49964885843492013,0.49964885843492013,test,scaffold,Random Forest
C[C@]12CC[C@@H](O)C[C@@H]1CC[C@@H]1[C@@H]2CC[C@]2(C)C(=O)CC[C@@H]12,O=C1CCC2C1CCC1C3CCCCC3CCC21,-4.4019999504089355,-4.06685584645123,0.3351441039577052,0.3351441039577052,test,scaffold,Random Forest
C[C@]12CC[C@@H]3C4=C(CC[C@H]3[C@@H]1CC[C@@H]2O)CC(=O)CC4,O=C1CCC2=C(CCC3C2CCC2CCCC23)C1,-4.947028636932373,-3.760483944028614,1.1865446929037589,1.1865446929037589,test,scaffold,Random Forest
C[C@]12CC[C@H](O)C[C@@H]1CC[C@@H]1[C@@H]2CC[C@]2(C)C(=O)CC[C@@H]12,O=C1CCC2C1CCC1C3CCCCC3CCC21,-4.157700061798096,-4.06685584645123,0.09084421534686538,0.09084421534686538,test,scaffold,Random Forest
C[Si](Cn1cncn1)(c1ccc(F)cc1)c1ccc(F)cc1,c1ccc([SiH](Cn2cncn2)c2ccccc2)cc1,-3.7664999961853027,-2.9413568098646556,0.8251431863206471,0.8251431863206471,test,scaffold,Random Forest
C[Si]1(C)O[Si](C)(C)O[Si](C)(C)O[Si](C)(C)O1,O1[SiH2]O[SiH2]O[SiH2]O[SiH2]1,-6.953686714172363,-3.7650468621968267,3.1886398519755366,3.1886398519755366,test,scaffold,Random Forest
Cc1[nH]c(C)c(Cl)c(=O)c1Cl,O=c1cc[nH]cc1,-4.283400058746338,-2.470420289337464,1.8129797694088738,1.8129797694088738,test,scaffold,Random Forest
Cc1c(C)c2c(c(C)c1O)CC[C@@](C)(CCC[C@H](C)CCC[C@H](C)CCCC(C)C)O2,c1ccc2c(c1)CCCO2,-8.520248413085938,-6.434186912297964,2.0860615007879737,2.0860615007879737,test,scaffold,Random Forest
Cc1c(COC(=O)C2C(/C=C(\Cl)C(F)(F)F)C2(C)C)cccc1-c1ccccc1,O=C(OCc1cccc(-c2ccccc2)c1)C1CC1,-6.626200199127197,-6.722569966280275,-0.0963697671530781,0.0963697671530781,test,scaffold,Random Forest
Cc1c(Nc2nc(Cl)nc(Nc3cccc(S(=O)(=O)O)c3)n2)c(C)c(S(=O)(=O)O)c(C)c1Nc1cc(S(=O)(=O)O)c(N)c2c1C(=O)c1ccccc1C2=O,O=C1c2ccccc2C(=O)c2c(Nc3cccc(Nc4ncnc(Nc5ccccc5)n4)c3)cccc21,-0.42442798614501953,-1.1211997285294664,-0.6967717423844468,0.6967717423844468,test,scaffold,Random Forest
Cc1c(Nc2nc(Cl)nc(Nc3ccccc3S(=O)(=O)O)n2)c(C)c(S(=O)(=O)O)c(C)c1Nc1cc(S(=O)(=O)O)c(N)c2c1C(=O)c1ccccc1C2=O,O=C1c2ccccc2C(=O)c2c(Nc3cccc(Nc4ncnc(Nc5ccccc5)n4)c3)cccc21,-0.42442798614501953,-1.371825289043307,-0.9473973028982874,0.9473973028982874,test,scaffold,Random Forest
Cc1c(O)cc2c(c1C)OC(C)(CCCC(C)CCCC(C)CCCC(C)C)CC2,c1ccc2c(c1)CCCO2,-8.50586986541748,-6.608818132175337,1.8970517332421437,1.8970517332421437,test,scaffold,Random Forest
Cc1c(OCc2ccccc2)ccc2c(=O)cc(N3CCOCC3)oc12,O=c1cc(N2CCOCC2)oc2cc(OCc3ccccc3)ccc12,-5.159999847412109,-4.2224885422076515,0.9375113052044579,0.9375113052044579,test,scaffold,Random Forest
Cc1c(OCc2ccccn2)ccc2c(=O)cc(N3CCOCC3)oc12,O=c1cc(N2CCOCC2)oc2cc(OCc3ccccn3)ccc12,-4.449999809265137,-3.9107117799336795,0.5392880293314573,0.5392880293314573,test,scaffold,Random Forest
Cc1c2ccccc2c(CN2CCOCC2)c2ccccc12,c1ccc2c(CN3CCOCC3)c3ccccc3cc2c1,-4.400000095367432,-4.911632652641175,-0.5116325572737432,0.5116325572737432,test,scaffold,Random Forest
Cc1c[nH]c(=S)[nH]c1=O,O=c1cc[nH]c(=S)[nH]1,-2.4460999965667725,-1.52758327044721,0.9185167261195624,0.9185167261195624,test,scaffold,Random Forest
Cc1cc(=O)[nH]c(=S)[nH]1,O=c1cc[nH]c(=S)[nH]1,-2.4258999824523926,-1.5473047747035462,0.8785952077488464,0.8785952077488464,test,scaffold,Random Forest
Cc1cc(=O)[nH]o1,O=c1cco[nH]1,-0.066600002348423,-0.19402535402517582,-0.1274253516767528,0.1274253516767528,test,scaffold,Random Forest
Cc1cc(=O)n(O)c2ccc3ccccc3c12,O=c1ccc2c(ccc3ccccc32)[nH]1,-4.0,-3.3534574934508594,0.6465425065491406,0.6465425065491406,test,scaffold,Random Forest
Cc1cc(=O)oc2c3c4c(cc12)CCCN4CCC3,O=c1ccc2cc3c4c(c2o1)CCCN4CCC3,-3.890000104904175,-3.898340997995594,-0.008340893091419055,0.008340893091419055,test,scaffold,Random Forest
Cc1cc(C(C)(C)C)c(O)c(C)c1Cn1c(=O)n(Cc2c(C)cc(C(C)(C)C)c(O)c2C)c(=O)n(Cc2c(C)cc(C(C)(C)C)c(O)c2C)c1=O,O=c1n(Cc2ccccc2)c(=O)n(Cc2ccccc2)c(=O)n1Cc1ccccc1,-7.5440263748168945,-7.172161427589476,0.3718649472274187,0.3718649472274187,test,scaffold,Random Forest
Cc1cc(C(O)(c2ccc(N)cc2)c2ccc(N)cc2)ccc1N,c1ccc(C(c2ccccc2)c2ccccc2)cc1,-3.0271999835968018,-3.5597835543468666,-0.5325835707500648,0.5325835707500648,test,scaffold,Random Forest
Cc1cc(C)nc(NS(=O)(=O)c2ccc(N)cc2)n1,O=S(=O)(Nc1ncccn1)c1ccccc1,-2.7300000190734863,-3.1488469158492665,-0.41884689677578013,0.41884689677578013,test,scaffold,Random Forest
Cc1cc(C2CC2)nc(Nc2ccccc2)n1,c1ccc(Nc2nccc(C3CC3)n2)cc1,-4.050000190734863,-3.717904557651632,0.3320956330832314,0.3320956330832314,test,scaffold,Random Forest
Cc1cc(N)n(-c2ccccc2)n1,c1ccc(-n2cccn2)cc1,-0.9376000165939331,-1.8939071846462752,-0.9563071680523421,0.9563071680523421,test,scaffold,Random Forest
Cc1cc(NS(=O)(=O)c2ccc(N)cc2)nc(C)n1,O=S(=O)(Nc1ccncn1)c1ccccc1,-2.299999952316284,-3.110059711654243,-0.810059759337959,0.810059759337959,test,scaffold,Random Forest
Cc1cc(Nc2nc(NCCO)nc(Nc3ccc(N=Nc4cc(S(=O)(=O)O)c5cccc(S(=O)(=O)O)c5c4)c(C)c3)n2)ccc1N=Nc1cc(S(=O)(=O)O)c2cccc(S(=O)(=O)O)c2c1,c1ccc2cc(N=Nc3ccc(Nc4ncnc(Nc5ccc(N=Nc6ccc7ccccc7c6)cc5)n4)cc3)ccc2c1,-1.1748734712600708,-1.4651166223087515,-0.2902431510486807,0.2902431510486807,test,scaffold,Random Forest
Cc1cc(OC(=O)N(C)C)n(-c2ccccc2)n1,c1ccc(-n2cccn2)cc1,-2.088599920272827,-3.0112526523016747,-0.9226527320288476,0.9226527320288476,test,scaffold,Random Forest
Cc1cc2ccccc2cn1,c1ccc2cnccc2c1,-2.190000057220459,-2.378581635948862,-0.1885815787284031,0.1885815787284031,test,scaffold,Random Forest
Cc1cc2nc3c(C)c(N)ccc3[n+](-c3ccccc3)c2cc1N,c1ccc(-[n+]2c3ccccc3nc3ccccc32)cc1,-0.8461999893188477,-3.852189502002229,-3.0059895126833815,3.0059895126833815,test,scaffold,Random Forest
Cc1ccc(C(=O)COc2c(C(=O)c3ccc(Cl)c(C)c3Cl)c(C)nn2C)cc1,O=C(COc1[nH]ncc1C(=O)c1ccccc1)c1ccccc1,-6.520899772644043,-5.540650212270833,0.9802495603732098,0.9802495603732098,test,scaffold,Random Forest
Cc1ccc(C(=O)OC(C)C)cc1N=Nc1c(O)c(C(=O)Nc2cc(Cl)c(NC(=O)c3cc4ccccc4c(N=Nc4cc(C(=O)OC(C)C)ccc4C)c3O)cc2Cl)cc2ccccc12,O=C(Nc1ccc(NC(=O)c2cc(N=Nc3ccccc3)c3ccccc3c2)cc1)c1cc(N=Nc2ccccc2)c2ccccc2c1,-7.007487773895264,-6.867783271685557,0.13970450220970676,0.13970450220970676,test,scaffold,Random Forest
Cc1ccc(C(=O)OCCCl)cc1N/N=C1/C(=O)C(C(=O)Nc2cc(C)c(NC(=O)C3=Cc4ccccc4/C(=N/Nc4c(C)cccc4C(=O)OCCCl)C3=O)cc2C)=Cc2ccccc21,O=C(Nc1ccc(NC(=O)C2=Cc3ccccc3C(=NNc3ccccc3)C2=O)cc1)C1=Cc2ccccc2C(=NNc2ccccc2)C1=O,-7.8142409324646,-6.559852324162958,1.2543886083016416,1.2543886083016416,test,scaffold,Random Forest
Cc1ccc(Cl)cc1N/N=C1\C(=O)C(C(=O)Nc2cc(C)c(NC(=O)C3=Cc4ccccc4/C(=N\Nc4cc(Cl)ccc4C)C3=O)cc2C)=Cc2ccccc21,O=C(Nc1ccc(NC(=O)C2=Cc3ccccc3C(=NNc3ccccc3)C2=O)cc1)C1=Cc2ccccc2C(=NNc2ccccc2)C1=O,-7.678196430206299,-7.098102732666745,0.5800936975395539,0.5800936975395539,test,scaffold,Random Forest
Cc1ccc(N2C(=O)N(c3ccc(C)c(N=C=O)c3)C2=O)cc1N=C=O,O=C1N(c2ccccc2)C(=O)N1c1ccccc1,-5.036826133728027,-4.801632081528506,0.23519405219952105,0.23519405219952105,test,scaffold,Random Forest
Cc1ccc(N=c2sccn2C)c(C)c1,c1ccc(N=c2[nH]ccs2)cc1,-3.1630001068115234,-3.4525738067506357,-0.2895736999391123,0.2895736999391123,test,scaffold,Random Forest
Cc1ccc(NC(=O)C(O)(O)C(=O)Nc2ccc(C)cc2)cc1,O=C(CC(=O)Nc1ccccc1)Nc1ccccc1,-3.0999999046325684,-2.6962177899683115,0.40378211466425684,0.40378211466425684,test,scaffold,Random Forest
Cc1ccc(Nc2cc(C(=O)O)c(Nc3ccc(C)cc3)cc2C(=O)O)cc1,c1ccc(Nc2ccc(Nc3ccccc3)cc2)cc1,-5.0705132484436035,-5.973318507263192,-0.9028052588195887,0.9028052588195887,test,scaffold,Random Forest
Cc1ccc(S(=O)(=O)NC(=O)NC2CCCCC2)cc1,O=C(NC1CCCCC1)NS(=O)(=O)c1ccccc1,-4.206999778747559,-3.353783665462617,0.8532161132849416,0.8532161132849416,test,scaffold,Random Forest
Cc1ccc(S(=O)(=O)Nc2cc(S(=O)(=O)O)cc3c2C(=O)/C(=N/Nc2ccc(Oc4ccccc4C)cc2Oc2ccccc2C)C(S(=O)(=O)O)=C3)cc1,O=C1C(=NNc2ccc(Oc3ccccc3)cc2Oc2ccccc2)C=Cc2cccc(NS(=O)(=O)c3ccccc3)c21,-2.566969156265259,-1.3455819674688023,1.2213871887964565,1.2213871887964565,test,scaffold,Random Forest
Cc1ccc2[nH]c3cc4c(=O)c5cc(C)ccc5[nH]c4cc3c(=O)c2c1,O=c1c2ccccc2[nH]c2cc3c(=O)c4ccccc4[nH]c3cc12,-7.783778667449951,-4.96289090248028,2.8208877649696715,2.8208877649696715,test,scaffold,Random Forest
Cc1ccc2c(c1)Oc1ncc(N)cc1C(=O)N2C,O=C1Nc2ccccc2Oc2ncccc21,-3.0429999828338623,-3.875137898715227,-0.8321379158813649,0.8321379158813649,test,scaffold,Random Forest
Cc1ccc2c3c1CCCC3CN(C(N)=NO)C2,c1cc2c3c(c1)CNCC3CCC2,-1.2000000476837158,-2.6557324457786136,-1.4557323980948977,1.4557323980948977,test,scaffold,Random Forest
Cc1ccc2ccccc2c1NS(=O)(=O)c1ccc(N)cc1,O=S(=O)(Nc1cccc2ccccc12)c1ccccc1,-4.5,-4.307191749161137,0.19280825083886288,0.19280825083886288,test,scaffold,Random Forest
Cc1ccc2nc(-c3ccc(N=Nc4ccc(-c5nc6ccc(C)c(S(=O)(=O)O)c6s5)cc4)cc3)sc2c1S(=O)(=O)O,c1ccc2sc(-c3ccc(N=Nc4ccc(-c5nc6ccccc6s5)cc4)cc3)nc2c1,-1.2223095893859863,-2.5717298855569286,-1.3494202961709423,1.3494202961709423,test,scaffold,Random Forest
Cc1ccc2nc(-c3ccc(NC(=O)/C(C#N)=C/c4ccc(N(C)CCS(=O)(=O)O)cc4)cc3)sc2c1S(=O)(=O)O,O=C(C=Cc1ccccc1)Nc1ccc(-c2nc3ccccc3s2)cc1,-0.4159499406814575,-2.1100106622642945,-1.694060721582837,1.694060721582837,test,scaffold,Random Forest
Cc1cccc(C)c1N(C(=O)CCl)C1CCOC1=O,O=C1OCCC1Nc1ccccc1,-3.2855000495910645,-2.9404953605166044,0.34500468907446,0.34500468907446,test,scaffold,Random Forest
Cc1cccc(C)c1N(Cn1cccn1)C(=O)CCl,c1ccc(NCn2cccn2)cc1,-2.8101999759674072,-2.998107576356756,-0.18790760038934895,0.18790760038934895,test,scaffold,Random Forest
Cc1cccc(CN2CCN(C(c3ccccc3)c3ccc(Cl)cc3)CC2)c1,c1ccc(CN2CCN(C(c3ccccc3)c3ccccc3)CC2)cc1,-4.630000114440918,-5.708331449866235,-1.0783313354253172,1.0783313354253172,test,scaffold,Random Forest
Cc1cccc(N(O)C(=O)CCc2ccccc2)c1,O=C(CCc1ccccc1)Nc1ccccc1,-3.4100000858306885,-3.570620453661396,-0.16062036783070743,0.16062036783070743,test,scaffold,Random Forest
Cc1cccc(N(c2ccccc2)c2ccc(-c3ccc(N(c4ccccc4)c4cccc(C)c4)cc3)cc2)c1,c1ccc(N(c2ccccc2)c2ccc(-c3ccc(N(c4ccccc4)c4ccccc4)cc3)cc2)cc1,-6.412198543548584,-7.362451778725028,-0.9502532351764437,0.9502532351764437,test,scaffold,Random Forest
Cc1cccc2sc3nncn3c12,c1ccc2c(c1)sc1nncn12,-2.0729000568389893,-2.5458375626794276,-0.47293750584043837,0.47293750584043837,test,scaffold,Random Forest
Cc1ccccc1COC1CC2(C(C)C)CCC1(C)O2,c1ccc(COC2CC3CCC2O3)cc1,-3.6391000747680664,-4.866215746595157,-1.2271156718270904,1.2271156718270904,test,scaffold,Random Forest
Cc1ccccc1N(O)C(=O)CCc1ccccc1,O=C(CCc1ccccc1)Nc1ccccc1,-2.7899999618530273,-3.3475168077759645,-0.5575168459229372,0.5575168459229372,test,scaffold,Random Forest
Cc1ccccc1N=C(N)Nc1ccccc1C,C(=Nc1ccccc1)Nc1ccccc1,-3.5338845252990723,-3.750622856368306,-0.21673833106923368,0.21673833106923368,test,scaffold,Random Forest
Cc1ccccc1NC(=O)C(=O)C(=O)Nc1ccccc1C,O=C(Nc1ccccc1)C(=O)C(=O)Nc1ccccc1,-2.200000047683716,-3.2065285329709914,-1.0065284852872756,1.0065284852872756,test,scaffold,Random Forest
Cc1ccccc1NC(=O)CC(=O)CN=Nc1ccc(S(=O)(=O)O)cc1[N+](=O)[O-],O=C(CN=Nc1ccccc1)CC(=O)Nc1ccccc1,-7.739803791046143,-2.5063062388110358,5.233497552235107,5.233497552235107,test,scaffold,Random Forest
Cc1ccccc1OCC1CO1,c1ccc(OCC2CO2)cc1,-2.291104555130005,-1.5749250579688359,0.716179497161169,0.716179497161169,test,scaffold,Random Forest
Cc1ccccc1Oc1ccccc1N/N=C1/C(=O)c2c(cc(S(=O)(=O)O)cc2NC(=O)c2ccccc2)C=C1S(=O)(=O)O,O=C(Nc1cccc2c1C(=O)C(=NNc1ccccc1Oc1ccccc1)C=C2)c1ccccc1,-2.0506715774536133,-1.3764022251097088,0.6742693523439045,0.6742693523439045,test,scaffold,Random Forest
Cc1ccnc(NC(=O)c2cnccn2)n1,O=C(Nc1ncccn1)c1cnccn1,-0.7307999730110168,-2.058826676503179,-1.3280267034921622,1.3280267034921622,test,scaffold,Random Forest
Cc1ccnc(NS(=O)(=O)c2ccc(N)cc2)n1,O=S(=O)(Nc1ncccn1)c1ccccc1,-2.630000114440918,-2.7326626312828597,-0.10266251684194172,0.10266251684194172,test,scaffold,Random Forest
Cc1cnc(C(=O)NCCc2ccc(S(=O)(=O)NC(=O)NC3CCCCC3)cc2)cn1,O=C(NC1CCCCC1)NS(=O)(=O)c1ccc(CCNC(=O)c2cnccn2)cc1,-5.489999771118164,-3.2443498389271714,2.2456499321909926,2.2456499321909926,test,scaffold,Random Forest
Cc1cnc(NC(=O)C2=C(O)c3ccccc3S(=O)(=O)N2C)s1,O=C(Nc1nccs1)C1=Cc2ccccc2S(=O)(=O)N1,-1.9199999570846558,-3.28050753931583,-1.360507582231174,1.360507582231174,test,scaffold,Random Forest
Cc1cnc(NS(=O)(=O)c2ccc(N)cc2)nc1,O=S(=O)(Nc1ncccn1)c1ccccc1,-2.819999933242798,-2.6936681756312275,0.12633175761157034,0.12633175761157034,test,scaffold,Random Forest
Cc1cnc(NS(=O)(=O)c2ccc(N)cc2)nc1C,O=S(=O)(Nc1ncccn1)c1ccccc1,-3.1435000896453857,-3.018684294910464,0.12481579473492177,0.12481579473492177,test,scaffold,Random Forest
Cc1nc(=O)c2cc([N+](=O)[O-])ccc2[nH]1,O=c1nc[nH]c2ccccc12,-2.2200000286102295,-2.5565704474125996,-0.33657041880237015,0.33657041880237015,test,scaffold,Random Forest
Cc1nc2n(c(=O)c1CCCl)CCCC2,O=c1ccnc2n1CCCC2,0.5797669291496277,-2.330991609107768,-2.9107585382573955,2.9107585382573955,test,scaffold,Random Forest
Cc1nccc2c1[nH]c1ccccc12,c1ccc2c(c1)[nH]c1cnccc12,-3.7899999618530273,-2.8803917184347014,0.9096082434183259,0.9096082434183259,test,scaffold,Random Forest
Cc1ncnc2c(O)cccc12,c1ccc2ncncc2c1,-2.6024999618530273,-1.5710034621167008,1.0314964997363265,1.0314964997363265,test,scaffold,Random Forest
Cc1nn(-c2ccccc2)c(C)c1N=O,c1ccc(-n2cccn2)cc1,-3.7355000972747803,-3.487362730875537,0.24813736639924322,0.24813736639924322,test,scaffold,Random Forest
Cc1nn(-c2ccccc2)c(N)c1C,c1ccc(-n2cccn2)cc1,-1.6704000234603882,-2.390115515598805,-0.719715492138417,0.719715492138417,test,scaffold,Random Forest
Cc1nn(-c2ccccc2)c(O)c1N=Nc1c(O)cc(S(=O)(=O)O)c2ccccc12,c1ccc(-n2cc(N=Nc3cccc4ccccc34)cn2)cc1,-1.2121028900146484,-2.4854106202698785,-1.27330773025523,1.27330773025523,test,scaffold,Random Forest
Cc1nn(C)c(OCC(=O)c2ccccc2)c1C(=O)c1ccc(Cl)cc1Cl,O=C(COc1[nH]ncc1C(=O)c1ccccc1)c1ccccc1,-2.651400089263916,-4.931123264223807,-2.2797231749598907,2.2797231749598907,test,scaffold,Random Forest
Cc1nn(C)c(Oc2ccccc2)c1/C=N/OCc1ccc(C(=O)OC(C)(C)C)cc1,C(=NOCc1ccccc1)c1cn[nH]c1Oc1ccccc1,-7.460400104522705,-5.3959251047887085,2.0644749997339966,2.0644749997339966,test,scaffold,Random Forest
Cc1nnc(-c2ccccc2)c(=O)n1N,O=c1[nH]cnnc1-c1ccccc1,-2.050600051879883,-1.74178403071048,0.3088160211694029,0.3088160211694029,test,scaffold,Random Forest
Cc1nnc(N)nc1C,c1cnncn1,-1.0938999652862549,-0.7655149625155424,0.3283850027707125,0.3283850027707125,test,scaffold,Random Forest
Cc1nnc(SCC2=C(C(=O)O)N3C(=O)C(NC(=O)Cn4cnnn4)C3SC2)s1,O=C(Cn1cnnn1)NC1C(=O)N2C=C(CSc3nncs3)CSC12,-2.619999885559082,-1.951430711575418,0.6685691739836641,0.6685691739836641,test,scaffold,Random Forest
Cc1noc(NS(=O)(=O)c2ccc(N)cc2)c1C,O=S(=O)(Nc1ccno1)c1ccccc1,-2.9100000858306885,-3.163677075551984,-0.2536769897212956,0.2536769897212956,test,scaffold,Random Forest
Cc1onc(-c2ccccc2)c1-c1ccc(S(N)(=O)=O)cc1,c1ccc(-c2conc2-c2ccccc2)cc1,-4.519999980926514,-4.056326627634427,0.46367335329208625,0.46367335329208625,test,scaffold,Random Forest
ClC(Cl)=C(c1ccc(Cl)cc1)c1ccc(Cl)cc1,C=C(c1ccccc1)c1ccccc1,-6.900400161743164,-7.0801196269969235,-0.17971946525375948,0.17971946525375948,test,scaffold,Random Forest
ClC(Cl)=C(c1ccc(Cl)cc1)c1ccccc1Cl,C=C(c1ccccc1)c1ccccc1,-6.356299877166748,-6.956031939549019,-0.5997320623822713,0.5997320623822713,test,scaffold,Random Forest
ClC1=C(Cl)C(Cl)(C2(Cl)C(Cl)=C(Cl)C(Cl)=C2Cl)C(Cl)=C1Cl,C1=CC(C2C=CC=C2)C=C1,-7.27839994430542,-8.25724755511649,-0.9788476108110693,0.9788476108110693,test,scaffold,Random Forest
ClC1=C(Cl)C2(Cl)C3C(Cl)C=CC3C1(Cl)C2(Cl)Cl,C1=CC2C3C=CC(C3)C2C1,-6.316800117492676,-6.785255990029882,-0.46845587253720655,0.46845587253720655,test,scaffold,Random Forest
ClC1=C(Cl)C2(Cl)C3C4C=CC(C4)C3C1(Cl)C2(Cl)Cl,C1=CC2CC1C1C3C=CC(C3)C21,-6.309999942779541,-6.605456706720057,-0.2954567639405159,0.2954567639405159,test,scaffold,Random Forest
ClC1=C(Cl)C2(Cl)C3C4CC(C5OC45)C3C1(Cl)C2(Cl)Cl,C1=CC2CC1C1C3CC(C4OC34)C21,-6.290800094604492,-5.744020582235048,0.5467795123694446,0.5467795123694446,test,scaffold,Random Forest
ClC1=C(Cl)C2(Cl)C3CC=CC3C1(Cl)C2(Cl)Cl,C1=CC2C3C=CC(C3)C2C1,-5.639999866485596,-6.493386179660757,-0.8533863131751609,0.8533863131751609,test,scaffold,Random Forest
Clc1c(Cl)c(Cl)c2nccnc2c1Cl,c1ccc2nccnc2c1,-5.427999973297119,-5.1170924668170175,0.3109075064801017,0.3109075064801017,test,scaffold,Random Forest
Clc1cc(Cl)cc(C2(CC(Cl)(Cl)Cl)CO2)c1,c1ccc(C2CO2)cc1,-5.25,-6.2778071978139645,-1.0278071978139645,1.0278071978139645,test,scaffold,Random Forest
Clc1cc(Cl)nc(-c2ccccc2)n1,c1ccc(-c2ncccn2)cc1,-4.954400062561035,-3.72169150307297,1.2327085594880653,1.2327085594880653,test,scaffold,Random Forest
Clc1ccc(C2(Cn3cncn3)CC(Br)CO2)c(Cl)c1,c1ccc(C2(Cn3cncn3)CCCO2)cc1,-3.877500057220459,-4.224806951666743,-0.3473068944462838,0.3473068944462838,test,scaffold,Random Forest
Clc1nc(Cl)nc(Nc2ccccc2Cl)n1,c1ccc(Nc2ncncn2)cc1,-4.537099838256836,-4.217832085068643,0.31926775318819267,0.31926775318819267,test,scaffold,Random Forest
Cn1c(=O)c2n[se]nc2n(C)c1=O,O=c1[nH]c(=O)c2n[se]nc2[nH]1,-2.2994000911712646,-1.9948552279163536,0.30454486325491104,0.30454486325491104,test,scaffold,Random Forest
Cn1c(=O)ncc2[nH]c(=O)[nH]c21,O=c1ncc2[nH]c(=O)[nH]c2[nH]1,-0.7940000295639038,-2.0473657772630136,-1.2533657476991098,1.2533657476991098,test,scaffold,Random Forest
Cn1c(=O)on(-c2ccc(Cl)c(Cl)c2)c1=O,O=c1[nH]c(=O)n(-c2ccccc2)o1,-2.819999933242798,-2.9701831335049276,-0.15018320026212972,0.15018320026212972,test,scaffold,Random Forest
Cn1cc2nccnc2nc1=O,O=c1nc2nccnc2c[nH]1,-0.9089000225067139,-1.1095742188258786,-0.20067419631916472,0.20067419631916472,test,scaffold,Random Forest
Cn1ccc2cc3c(Nc4cccc(Br)c4)ncnc3cc21,c1ccc(Nc2ncnc3cc4[nH]ccc4cc23)cc1,-3.309999942779541,-5.126472216145386,-1.8164722733658447,1.8164722733658447,test,scaffold,Random Forest
Cn1cnc2c(=O)n(C)c(=O)n(C)c2c1=O,O=c1[nH]c(=O)c2nc[nH]c(=O)c2[nH]1,-1.9850000143051147,-1.5301714598528615,0.45482855445225323,0.45482855445225323,test,scaffold,Random Forest
Cn1ncc2cc3c(Nc4cccc(Br)c4)ncnc3cc21,c1ccc(Nc2ncnc3cc4[nH]ncc4cc23)cc1,-3.4800000190734863,-4.798913299488657,-1.3189132804151704,1.3189132804151704,test,scaffold,Random Forest
FC(F)(F)N=C1SC(=Nc2ccccc2)N(c2ccccc2)C1=NC(F)(F)F,N=C1SC(=Nc2ccccc2)N(c2ccccc2)C1=N,-5.420000076293945,-6.35867054956168,-0.9386704732677345,0.9386704732677345,test,scaffold,Random Forest
FC1(F)C(F)(F)C(F)(F)C2(F)C(F)(F)C(F)(F)C(F)(F)C(F)(F)C2(F)C1(F)F,C1CCC2CCCCC2C1,-7.6647114753723145,-7.141141645876499,0.5235698294958153,0.5235698294958153,test,scaffold,Random Forest
Fc1ccc(C(c2ccc(F)cc2)N2CCNCC2)cc1,c1ccc(C(c2ccccc2)N2CCNCC2)cc1,-2.87860107421875,-3.3012250341607476,-0.42262395994199764,0.42262395994199764,test,scaffold,Random Forest
Fc1ccc(Oc2ccnc3cc(Cl)cc(Cl)c23)cc1,c1ccc(Oc2ccnc3ccccc23)cc1,-6.424300193786621,-5.997010557090405,0.4272896366962158,0.4272896366962158,test,scaffold,Random Forest
Fc1ccc2c(c1)CC[C@@H]([C@@H]1CO1)O2,c1ccc2c(c1)CCC(C1CO1)O2,-3.0521011352539062,-1.9854517066176183,1.066649428636288,1.066649428636288,test,scaffold,Random Forest
Fc1cccc(F)c1C1SCc2nc3ccccc3n21,c1ccc(C2SCc3nc4ccccc4n32)cc1,-3.759999990463257,-4.877657424821998,-1.1176574343587413,1.1176574343587413,test,scaffold,Random Forest
N#CC(=C1CCCCC1)c1ccccc1,C(=C1CCCCC1)c1ccccc1,-4.4200239181518555,-4.254051595746926,0.16597232240492943,0.16597232240492943,test,scaffold,Random Forest
N#CC(CCc1ccc(Cl)cc1)(Cn1cncn1)c1ccccc1,c1ccc(CCC(Cn2cncn2)c2ccccc2)cc1,-6.226399898529053,-4.586129095726782,1.640270802802271,1.640270802802271,test,scaffold,Random Forest
N#CC1(N2CCCCC2)CCN(Cc2ccccc2)CC1,c1ccc(CN2CCC(N3CCCCC3)CC2)cc1,-2.2459921836853027,-3.5345044922530775,-1.2885123085677748,1.2885123085677748,test,scaffold,Random Forest
N#CCCN(CCOC(=O)c1ccccc1)c1ccc(N=Nc2ccc([N+](=O)[O-])cc2)cc1,O=C(OCCNc1ccc(N=Nc2ccccc2)cc1)c1ccccc1,-7.169735908508301,-6.2621224272032,0.9076134813051011,0.9076134813051011,test,scaffold,Random Forest
N#CN=C1NCCN1Cc1ccc(Cl)nc1,N=C1NCCN1Cc1cccnc1,-2.630000114440918,-2.213594240385597,0.41640587405532115,0.41640587405532115,test,scaffold,Random Forest
N#Cc1c(O)[nH]c(Cl)cc1=O,O=c1cc[nH]cc1,-1.2318999767303467,-2.0400031994280132,-0.8081032226976665,0.8081032226976665,test,scaffold,Random Forest
N#Cc1nn(-c2c(Cl)cc(C(F)(F)F)cc2Cl)c(N)c1[S+]([O-])C(F)(F)F,c1ccc(-n2cccn2)cc1,-5.3618998527526855,-5.413607975976335,-0.051708123223649594,0.051708123223649594,test,scaffold,Random Forest
N12[Si]34N5[Si]16N3[Si]25N46,N12[Si]34N5[Si]16N3[Si]25N46,-5.669893264770508,-0.847962206492268,4.82193105827824,4.82193105827824,test,scaffold,Random Forest
N=C(N)c1ccc(CCc2ccc(C(=N)N)o2)o1,c1coc(CCc2ccco2)c1,-1.0199999809265137,-2.2377223647246582,-1.2177223837981446,1.2177223837981446,test,scaffold,Random Forest
N=C1C=CC2=CC(S(=O)(=O)O)=CC(=O)C2=C1NNc1ccccc1S(=O)(=O)c1ccccc1,N=C1C=CC2=CC=CC(=O)C2=C1NNc1ccccc1S(=O)(=O)c1ccccc1,-2.088831663131714,-1.8503293713375142,0.23850229179419968,0.23850229179419968,test,scaffold,Random Forest
NC(=NO)N1Cc2cccc3c2C(CCC3)C1,c1cc2c3c(c1)CNCC3CCC2,-1.350000023841858,-2.2249047621901528,-0.8749047383482949,0.8749047383482949,test,scaffold,Random Forest
NC(=Nc1ccccc1)Nc1ccccc1,C(=Nc1ccccc1)Nc1ccccc1,-2.1575164794921875,-3.0255654824376124,-0.8680490029454249,0.8680490029454249,test,scaffold,Random Forest
NC(=O)N1c2ccccc2C(O)C(O)c2ccccc21,c1ccc2c(c1)CCc1ccccc1N2,-2.0299999713897705,-2.9839793217407995,-0.953979350351029,0.953979350351029,test,scaffold,Random Forest
NC(=O)Nc1cc(Nc2nc(N)nc(Cl)n2)ccc1N=Nc1cc2c(S(=O)(=O)O)cc(S(=O)(=O)O)cc2cc1S(=O)(=O)O,c1ccc2cc(N=Nc3ccc(Nc4ncncn4)cc3)ccc2c1,-1.0000005960464478,-1.1408340869833693,-0.14083349093692155,0.14083349093692155,test,scaffold,Random Forest
NC(Cc1[nH]nc2ccccc12)C(=O)O,c1ccc2n[nH]cc2c1,-1.40910005569458,-1.6614563717299062,-0.25235631603532616,0.25235631603532616,test,scaffold,Random Forest
NC1=CC(=O)C(=O)c2ccccc21,O=C1C=Cc2ccccc2C1=O,-3.8399999141693115,-1.7882539160127446,2.0517459981565667,2.0517459981565667,test,scaffold,Random Forest
NC1=NC(N)C(=O)C(=O)N1,O=C1CN=CNC1=O,-1.6978000402450562,-1.562389444159333,0.13541059608572326,0.13541059608572326,test,scaffold,Random Forest
NC1CCC(CC2CCC(N)CC2)CC1,C1CCC(CC2CCCCC2)CC1,-1.624003529548645,-2.1051215622313815,-0.48111803268273645,0.48111803268273645,test,scaffold,Random Forest
NNc1nncc2ccccc12,c1ccc2cnncc2c1,-2.5999999046325684,-1.5094162624419498,1.0905836421906185,1.0905836421906185,test,scaffold,Random Forest
NS(=O)(=O)c1cc2c(s1)C(=O)CCS2,O=C1CCSc2ccsc21,-3.490000009536743,-2.7556962419513567,0.7343037675853865,0.7343037675853865,test,scaffold,Random Forest
NS(=O)(=O)c1cc2c(s1)C(O)CCS2(=O)=O,O=S1(=O)CCCc2sccc21,-1.2799999713897705,-2.415181606997882,-1.1351816356081117,1.1351816356081117,test,scaffold,Random Forest
NS(=O)(=O)c1cc2c(s1)CC(O)CS2(=O)=O,O=S1(=O)CCCc2sccc21,-1.590000033378601,-2.416875155583969,-0.8268751222053679,0.8268751222053679,test,scaffold,Random Forest
NS(=O)(=O)c1cc2c(s1)S(=O)(=O)CCC2=O,O=C1CCS(=O)(=O)c2sccc21,-3.0199999809265137,-3.1895915382265567,-0.16959155730004305,0.16959155730004305,test,scaffold,Random Forest
NS(=O)(=O)c1cc2cc(CNCc3ccccn3)sc2o1,c1ccc(CNCc2cc3ccoc3s2)nc1,-1.3300000429153442,-3.0234171091249196,-1.6934170662095753,1.6934170662095753,test,scaffold,Random Forest
NS(=O)(=O)c1ccc(NC2O[C@H](CO)[C@@H](O)[C@H](O)[C@@H]2O)cc1,c1ccc(NC2CCCCO2)cc1,-0.9800999760627747,-1.372119664058904,-0.3920196879961293,0.3920196879961293,test,scaffold,Random Forest
NS(=O)(=O)c1ccc(Nc2ccnc(NS(=O)(=O)Cc3ccccc3)n2)cc1,O=S(=O)(Cc1ccccc1)Nc1nccc(Nc2ccccc2)n1,-2.700000047683716,-2.9648108880436856,-0.2648108403599698,0.2648108403599698,test,scaffold,Random Forest
NS(=O)(=O)c1ccc(Nc2ccnc(NS(=O)(=O)c3c(F)c(F)c(F)c(F)c3F)n2)cc1,O=S(=O)(Nc1nccc(Nc2ccccc2)n1)c1ccccc1,-1.5700000524520874,-3.4210148891782546,-1.8510148367261672,1.8510148367261672,test,scaffold,Random Forest
NS(=O)(=O)c1ccc(Nc2ccnc(NS(=O)(=O)c3ccc(Br)cc3)n2)cc1,O=S(=O)(Nc1nccc(Nc2ccccc2)n1)c1ccccc1,-2.619999885559082,-3.4925116454755116,-0.8725117599164296,0.8725117599164296,test,scaffold,Random Forest
NS(=O)(=O)c1ccc(Nc2ccnc(NS(=O)(=O)c3cccc(C(F)(F)F)c3)n2)cc1,O=S(=O)(Nc1nccc(Nc2ccccc2)n1)c1ccccc1,-1.8200000524520874,-3.7567059474994857,-1.9367058950473983,1.9367058950473983,test,scaffold,Random Forest
NS(=O)(=O)c1ccc(Nc2ccnc(NS(=O)(=O)c3ccccc3)n2)cc1,O=S(=O)(Nc1nccc(Nc2ccccc2)n1)c1ccccc1,-2.549999952316284,-3.007905935117982,-0.45790598280169803,0.45790598280169803,test,scaffold,Random Forest
NS(=O)(=O)c1nnc(NC(=O)c2c(F)c(F)c(F)c(F)c2F)s1,O=C(Nc1nncs1)c1ccccc1,-1.3700000047683716,-2.2090770603004932,-0.8390770555321216,0.8390770555321216,test,scaffold,Random Forest
NS(=O)(=O)c1nnc(NS(=O)(=O)Cc2ccccc2)s1,O=S(=O)(Cc1ccccc1)Nc1nncs1,-2.700000047683716,-2.1428832117309793,0.5571168359527365,0.5571168359527365,test,scaffold,Random Forest
Nc1[nH]c(=O)[nH]c2nc(=O)[nH]c1-2,O=c1nc2[nH]c(=O)[nH]cc-2[nH]1,-3.4600000381469727,-2.3241237629426386,1.135876275204334,1.135876275204334,test,scaffold,Random Forest
Nc1c(N=Nc2cc(Nc3nc(Cl)nc(Nc4cccc(S(=O)(=O)O)c4)n3)ccc2S(=O)(=O)O)c(S(=O)(=O)O)cc2c1C(=O)/C(=N\Nc1cc(Nc3nc(Cl)nc(Nc4cccc(S(=O)(=O)O)c4)n3)ccc1S(=O)(=O)O)C(S(=O)(=O)O)=C2,O=C1C(=NNc2cccc(Nc3ncnc(Nc4ccccc4)n3)c2)C=Cc2ccc(N=Nc3cccc(Nc4ncnc(Nc5ccccc5)n4)c3)cc21,-0.9572055339813232,-1.4121734243180777,-0.45496789033675444,0.45496789033675444,test,scaffold,Random Forest
Nc1c(N=Nc2ccc(S(=O)(=O)CCOS(=O)(=O)O)cc2)c(S(=O)(=O)O)cc2c1C(=O)/C(=N/Nc1cc(Nc3nc(F)nc(F)c3Cl)ccc1S(=O)(=O)O)C(S(=O)(=O)O)=C2,O=C1C(=NNc2cccc(Nc3ccncn3)c2)C=Cc2ccc(N=Nc3ccccc3)cc21,-0.9138010144233704,-1.5829056571497224,-0.6691046427263521,0.6691046427263521,test,scaffold,Random Forest
Nc1c(N=Nc2ccc(S(=O)(=O)CCOS(=O)(=O)O)cc2)c(S(=O)(=O)O)cc2c1C(=O)/C(=N\Nc1ccc(S(=O)(=O)CCOS(=O)(=O)O)cc1)C(S(=O)(=O)O)=C2,O=C1C(=NNc2ccccc2)C=Cc2ccc(N=Nc3ccccc3)cc21,-0.2552865147590637,-1.0097654724769478,-0.7544789577178841,0.7544789577178841,test,scaffold,Random Forest
Nc1c(N=Nc2ccc([N+](=O)[O-])cc2)c(S(=O)(=O)O)cc2c1C(=O)/C(=N/Nc1ccccc1)C(S(=O)(=O)O)=C2,O=C1C(=NNc2ccccc2)C=Cc2ccc(N=Nc3ccccc3)cc21,-1.2800594568252563,-1.9766385885620559,-0.6965791317367995,0.6965791317367995,test,scaffold,Random Forest
Nc1c(OCCOC(=O)Oc2ccccc2)cc(O)c2c1C(=O)c1ccccc1C2=O,O=C(OCCOc1ccc2c(c1)C(=O)c1ccccc1C2=O)Oc1ccccc1,-8.054415702819824,-4.952323593238359,3.1020921095814655,3.1020921095814655,test,scaffold,Random Forest
Nc1c(S(=O)(=O)O)cc(Nc2ccc(S(=O)(=O)O)c(Nc3nc(Cl)nc(Cl)n3)c2)c2c1C(=O)c1ccccc1C2=O,O=C1c2ccccc2C(=O)c2c(Nc3cccc(Nc4ncncn4)c3)cccc21,0.1956000030040741,-1.7920275370665095,-1.9876275400705836,1.9876275400705836,test,scaffold,Random Forest
Nc1cc(=O)nc(N)[nH]1,O=c1cc[nH]cn1,-1.3781466484069824,-1.6247062644502739,-0.24655961604329146,0.24655961604329146,test,scaffold,Random Forest
Nc1ccc(/N=N/c2ccccc2)c(N)n1,c1ccc(N=Nc2cccnc2)cc1,-4.190000057220459,-3.188180731634364,1.0018193255860948,1.0018193255860948,test,scaffold,Random Forest
Nc1ccc(C#Cc2ccc(N)cc2)cc1,C(#Cc1ccccc1)c1ccccc1,-2.4326000213623047,-2.4869148889466657,-0.05431486758436099,0.05431486758436099,test,scaffold,Random Forest
Nc1ccc(N=Nc2ccc(N=Nc3c(S(=O)(=O)O)cc4c(c3N)C(=O)/C(=N/Nc3ccccc3)C(S(=O)(=O)O)=C4)cc2)c(N)c1,O=C1C(=NNc2ccccc2)C=Cc2ccc(N=Nc3ccc(N=Nc4ccccc4)cc3)cc21,-0.8273975849151611,-1.8145786466135314,-0.9871810616983703,0.9871810616983703,test,scaffold,Random Forest
Nc1ccc(N=Nc2ccc(N=Nc3c(S(=O)(=O)O)cc4c(c3N)C(=O)/C(=N\Nc3ccc(N=Nc5ccc(N)cc5N)cc3)C(S(=O)(=O)O)=C4)cc2)c(N)c1,O=C1C(=NNc2ccc(N=Nc3ccccc3)cc2)C=Cc2ccc(N=Nc3ccc(N=Nc4ccccc4)cc3)cc21,-1.5687181949615479,-1.6083371744053387,-0.03961897944379089,0.03961897944379089,test,scaffold,Random Forest
Nc1ccc(N=Nc2ccccc2)c(N)n1,c1ccc(N=Nc2cccnc2)cc1,-4.239999771118164,-3.188180731634364,1.0518190394837998,1.0518190394837998,test,scaffold,Random Forest
Nc1ccc(OP(=S)(Oc2ccc(N)cc2)Oc2ccc(N)cc2)cc1,S=P(Oc1ccccc1)(Oc1ccccc1)Oc1ccccc1,-5.3094072341918945,-4.966435957556054,0.3429712766358408,0.3429712766358408,test,scaffold,Random Forest
Nc1ccc(S(=O)(=O)NC(=O)c2ccccc2)cc1,O=C(NS(=O)(=O)c1ccccc1)c1ccccc1,-2.9500999450683594,-2.7074184453133383,0.24268149975502107,0.24268149975502107,test,scaffold,Random Forest
Nc1ccc(S(=O)(=O)Nc2ccc(I)nc2)cc1,O=S(=O)(Nc1cccnc1)c1ccccc1,-1.809999942779541,-3.681738531392404,-1.871738588612863,1.871738588612863,test,scaffold,Random Forest
Nc1ccc(S(=O)(=O)Nc2cnc3ccccc3n2)cc1,O=S(=O)(Nc1cnc2ccccc2n1)c1ccccc1,-4.60260009765625,-3.5357497166592293,1.0668503809970207,1.0668503809970207,test,scaffold,Random Forest
Nc1ccc(S(=O)(=O)Nc2ncccn2)cc1,O=S(=O)(Nc1ncccn1)c1ccccc1,-2.1600000858306885,-2.6371557809375923,-0.4771556951069038,0.4771556951069038,test,scaffold,Random Forest
Nc1ccc2c(O)c(N=Nc3ccc(N=Nc4ccc(S(=O)(=O)O)cc4)cc3)c(S(=O)(=O)O)cc2c1,c1ccc(N=Nc2ccc(N=Nc3ccc4ccccc4c3)cc2)cc1,-0.4603540897369385,-1.6558292843493871,-1.1954751946124487,1.1954751946124487,test,scaffold,Random Forest
Nc1ccc2snnc2c1,c1ccc2snnc2c1,-1.3044999837875366,-1.5615298791834027,-0.25702989539586607,0.25702989539586607,test,scaffold,Random Forest
Nc1nc(-c2ccc3ccccc3c2)cs1,c1ccc2cc(-c3cscn3)ccc2c1,-4.849542140960693,-4.112217056700948,0.7373250842597452,0.7373250842597452,test,scaffold,Random Forest
Nc1nc(=O)c(O[C@@H]2O[C@H](CO)[C@@H](O)[C@H](O)[C@H]2O)c(N)[nH]1,O=c1nc[nH]cc1OC1CCCCO1,-1.483199954032898,-1.5675090535250604,-0.08430909949216248,0.08430909949216248,test,scaffold,Random Forest
Nc1nc(=O)n(-c2ccccc2)[nH]1,O=c1nc[nH]n1-c1ccccc1,-2.4700000286102295,-1.8191772426709378,0.6508227859392917,0.6508227859392917,test,scaffold,Random Forest
Nc1nc(O)c2ncn(C3C=CC(CO)C3)c2n1,C1=CC(n2cnc3cncnc32)CC1,-2.299999952316284,-1.554954495528086,0.7450454567881981,0.7450454567881981,test,scaffold,Random Forest
Nc1nc2[nH]cc(CCc3ccc(C(=O)O)cc3)c2c(=O)[nH]1,O=c1[nH]cnc2[nH]cc(CCc3ccccc3)c12,-3.574289083480835,-2.600216369741195,0.9740727137396399,0.9740727137396399,test,scaffold,Random Forest
Nc1nc2[nH]cnc2c(=S)[nH]1,S=c1[nH]cnc2[nH]cnc12,-3.309999942779541,-2.2552431898783696,1.0547567529011714,1.0547567529011714,test,scaffold,Random Forest
Nc1nc2c(ncn2COCCOC(=O)c2ccc(CN3CCOCC3)cc2)c(=O)[nH]1,O=C(OCCOCn1cnc2c(=O)[nH]cnc21)c1ccc(CN2CCOCC2)cc1,-2.75,-2.815174992151193,-0.06517499215119305,0.06517499215119305,test,scaffold,Random Forest
Nc1nnc(-c2ccc(O)cc2)o1,c1ccc(-c2nnco2)cc1,-0.7699999809265137,-1.7579488753742547,-0.987948894447741,0.987948894447741,test,scaffold,Random Forest
O=C(/C=C/c1ccc(O)c(O)c1)O[C@@H]1C[C@](O)(C(=O)O)C[C@@H](O)[C@H]1O,O=C(C=Cc1ccccc1)OC1CCCCC1,-0.9473000168800354,-2.0503133755742335,-1.1030133586941981,1.1030133586941981,test,scaffold,Random Forest
O=C(/C=C/c1ccccc1)OCCc1ccccc1,O=C(C=Cc1ccccc1)OCCc1ccccc1,-5.401939392089844,-4.6201816171280745,0.7817577749617692,0.7817577749617692,test,scaffold,Random Forest
O=C(C1CCCC1)N(O)C1CCCCC1,O=C(NC1CCCCC1)C1CCCC1,-3.1600000858306885,-2.5301916817064094,0.6298084041242791,0.6298084041242791,test,scaffold,Random Forest
O=C(C1CCCCC1)N1CC(=O)N2CCc3ccccc3C2C1,O=C(C1CCCCC1)N1CC(=O)N2CCc3ccccc3C2C1,-2.892699956893921,-3.291136974263601,-0.3984370173696803,0.3984370173696803,test,scaffold,Random Forest
O=C(CC(=O)c1ccccc1)c1ccccc1,O=C(CC(=O)c1ccccc1)c1ccccc1,-5.65790319442749,-3.2996683319478253,2.358234862479665,2.358234862479665,test,scaffold,Random Forest
O=C(COC(=O)c1ccccc1)NC1CCCCC1,O=C(COC(=O)c1ccccc1)NC1CCCCC1,-3.9000000953674316,-2.8025340717805443,1.0974660235868874,1.0974660235868874,test,scaffold,Random Forest
O=C(Cn1ccnc1[N+](=O)[O-])NCc1ccccc1,O=C(Cn1ccnc1)NCc1ccccc1,-2.812999963760376,-2.3272333356057286,0.48576662815464733,0.48576662815464733,test,scaffold,Random Forest
O=C(NC(=O)c1c(F)cccc1F)Nc1cc(Cl)c(Oc2ncc(C(F)(F)F)cc2Cl)c(Cl)c1,O=C(NC(=O)c1ccccc1)Nc1ccc(Oc2ccccn2)cc1,-8.649999618530273,-6.826595194120963,1.8234044244093104,1.8234044244093104,test,scaffold,Random Forest
O=C(NC(=O)c1cccnc1)Nc1ccccc1,O=C(NC(=O)c1cccnc1)Nc1ccccc1,-3.382499933242798,-2.7895601340712846,0.5929397991715133,0.5929397991715133,test,scaffold,Random Forest
O=C(NNC(=O)c1ccccc1)c1ccccc1,O=C(NNC(=O)c1ccccc1)c1ccccc1,-1.5882999897003174,-2.4219136643683115,-0.8336136746679941,0.8336136746679941,test,scaffold,Random Forest
O=C(Nc1cc(Cl)c(NC(=O)C2=Cc3ccccc3/C(=N\Nc3cc(C(F)(F)F)ccc3Cl)C2=O)cc1Cl)C1=Cc2ccccc2/C(=N/Nc2cc(C(F)(F)F)ccc2Cl)C1=O,O=C(Nc1ccc(NC(=O)C2=Cc3ccccc3C(=NNc3ccccc3)C2=O)cc1)C1=Cc2ccccc2C(=NNc2ccccc2)C1=O,-7.692243576049805,-7.438015121610945,0.25422845443885933,0.25422845443885933,test,scaffold,Random Forest
O=C(Nc1cc(Cl)c(NC(=O)C2=Cc3ccccc3/C(=N\Nc3cc(Cl)ccc3Cl)C2=O)cc1Cl)C1=Cc2ccccc2/C(=N/Nc2cc(Cl)ccc2Cl)C1=O,O=C(Nc1ccc(NC(=O)C2=Cc3ccccc3C(=NNc3ccccc3)C2=O)cc1)C1=Cc2ccccc2C(=NNc2ccccc2)C1=O,-8.15086841583252,-7.472759415024411,0.6781090008081083,0.6781090008081083,test,scaffold,Random Forest
O=C(Nc1ccc(Cc2ccc(NC(=O)NC3CCCCC3)cc2)cc1)NC1CCCCC1,O=C(Nc1ccc(Cc2ccc(NC(=O)NC3CCCCC3)cc2)cc1)NC1CCCCC1,-5.142667293548584,-6.329798776266831,-1.1871314827182466,1.1871314827182466,test,scaffold,Random Forest
O=C(Nc1ccc(Cl)cc1C(O)c1ccccc1)c1ccncc1,O=C(Nc1ccccc1Cc1ccccc1)c1ccncc1,-5.529900074005127,-4.591741653355399,0.938158420649728,0.938158420649728,test,scaffold,Random Forest
O=C(Nc1ccc(NC(=O)C2=Cc3ccccc3/C(=N\Nc3cc(Cl)ccc3Cl)C2=O)c(Cl)c1)C1=Cc2ccccc2/C(=N\Nc2cc(Cl)ccc2Cl)C1=O,O=C(Nc1ccc(NC(=O)C2=Cc3ccccc3C(=NNc3ccccc3)C2=O)cc1)C1=Cc2ccccc2C(=NNc2ccccc2)C1=O,-7.869298458099365,-7.473896619618495,0.3954018384808702,0.3954018384808702,test,scaffold,Random Forest
O=C(Nc1ccc2[nH]c(=O)[nH]c2c1)C1=Cc2ccccc2/C(=N/Nc2cc(Cl)ccc2Cl)C1=O,O=C(Nc1ccc2[nH]c(=O)[nH]c2c1)C1=Cc2ccccc2C(=NNc2ccccc2)C1=O,-7.4618000984191895,-7.121385148674723,0.3404149497444662,0.3404149497444662,test,scaffold,Random Forest
O=C(Nc1ccc2c(c1)C=C(S(=O)(=O)O)/C(=N/Nc1ccc(N=Nc3ccc(S(=O)(=O)O)cc3)cc1)C2=O)c1ccccc1,O=C(Nc1ccc2c(c1)C=CC(=NNc1ccc(N=Nc3ccccc3)cc1)C2=O)c1ccccc1,-2.1566765308380127,-1.4201448090899857,0.736531721748027,0.736531721748027,test,scaffold,Random Forest
O=C(Nc1cccc2c(NC(=O)C3=Cc4ccccc4/C(=N\Nc4cccc(Cl)c4Cl)C3=O)cccc12)C1=Cc2ccccc2/C(=N/Nc2cccc(Cl)c2Cl)C1=O,O=C(Nc1cccc2c(NC(=O)C3=Cc4ccccc4C(=NNc4ccccc4)C3=O)cccc12)C1=Cc2ccccc2C(=NNc2ccccc2)C1=O,-9.227651596069336,-6.836474925954032,2.3911766701153043,2.3911766701153043,test,scaffold,Random Forest
O=C(Nc1ccccc1)C(O)(O)C(=O)Nc1ccccc1,O=C(CC(=O)Nc1ccccc1)Nc1ccccc1,-2.4567999839782715,-1.9927793979305208,0.46402058604775065,0.46402058604775065,test,scaffold,Random Forest
O=C(Nc1ccccc1)N(Cc1ccc(Cl)cc1)C1CCCC1,O=C(Nc1ccccc1)N(Cc1ccccc1)C1CCCC1,-5.914999961853027,-5.520121184606166,0.39487877724686093,0.39487877724686093,test,scaffold,Random Forest
O=C(Nc1ccccc1)Nc1ccccc1NS(=O)(=O)c1ccccc1,O=C(Nc1ccccc1)Nc1ccccc1NS(=O)(=O)c1ccccc1,-4.578402996063232,-4.6382182792459865,-0.059815283182754087,0.059815283182754087,test,scaffold,Random Forest
O=C(Nc1ncccn1)c1cnccn1,O=C(Nc1ncccn1)c1cnccn1,-0.303600013256073,-1.792128829573345,-1.488528816317272,1.488528816317272,test,scaffold,Random Forest
O=C(O)C(NCCCCCNC(C(=O)O)c1ccccc1)c1ccccc1,c1ccc(CNCCCCCNCc2ccccc2)cc1,-2.0199999809265137,-2.8745570946438543,-0.8545571137173407,0.8545571137173407,test,scaffold,Random Forest
O=C(O)C(Oc1ccccc1Cl)Oc1ccccc1Cl,c1ccc(OCOc2ccccc2)cc1,-2.8299999237060547,-4.282229992509977,-1.4522300688039227,1.4522300688039227,test,scaffold,Random Forest
O=C(O)C(SCCSC(C(=O)O)c1ccccc1)c1ccccc1,c1ccc(CSCCSCc2ccccc2)cc1,-3.4100000858306885,-4.495798615295047,-1.0857985294643582,1.0857985294643582,test,scaffold,Random Forest
O=C(O)C1=CCCc2ccccc21,C1=Cc2ccccc2CC1,-2.7939000129699707,-2.327703793117284,0.4661962198526868,0.4661962198526868,test,scaffold,Random Forest
O=C(O)C1CCC(=O)N1CN1C(=O)CCC1C(=O)O,O=C1CCCN1CN1CCCC1=O,-1.309999942779541,-1.7114117370435102,-0.4014117942639692,0.4014117942639692,test,scaffold,Random Forest
O=C(O)C1CCC(C(=O)O)SS1,C1CCSSC1,-1.9299999475479126,-1.0294308886193924,0.9005690589285202,0.9005690589285202,test,scaffold,Random Forest
O=C(O)C1CCC(C(=O)O)[Se]1,C1CC[Se]C1,-0.5450000166893005,-0.5571033426346479,-0.012103325945347354,0.012103325945347354,test,scaffold,Random Forest
O=C(O)CN1C(=O)NC(=O)C1Cc1ccccc1,O=C1NC(=O)C(Cc2ccccc2)N1,-1.7899999618530273,-1.9526748971894425,-0.1626749353364152,0.1626749353364152,test,scaffold,Random Forest
O=C(O)Cn1ccc2cc3c(Nc4cccc(Br)c4)ncnc3cc21,c1ccc(Nc2ncnc3cc4[nH]ccc4cc23)cc1,-1.9600000381469727,-5.020565834976938,-3.060565796829965,3.060565796829965,test,scaffold,Random Forest
O=C(O)[C@@H]1CC[C@H](C(=O)O)SS1,C1CCSSC1,-1.1708999872207642,-1.0294308886193924,0.1414690986013718,0.1414690986013718,test,scaffold,Random Forest
O=C(O)[C@H]1CC[C@H](C(=O)O)SS1,C1CCSSC1,-1.5240999460220337,-1.0294308886193924,0.49466905740264133,0.49466905740264133,test,scaffold,Random Forest
O=C(O)[C@H]1CC[C@H](C(=O)O)[Se][Se]1,C1CC[Se][Se]C1,-2.105299949645996,-1.1655192433819115,0.9397807062640846,0.9397807062640846,test,scaffold,Random Forest
O=C(O)c1cc(=O)c2cc3c(cc2o1)CCCC3,O=c1ccoc2cc3c(cc12)CCCC3,-1.0499999523162842,-3.3027048173024065,-2.2527048649861223,2.2527048649861223,test,scaffold,Random Forest
O=C(O)c1cc(Nc2ccccc2)c(C(=O)O)cc1Nc1ccccc1,c1ccc(Nc2ccc(Nc3ccccc3)cc2)cc1,-4.985723495483398,-5.056726342114744,-0.07100284663134548,0.07100284663134548,test,scaffold,Random Forest
O=C(O)c1cc(S(=O)(=O)O)ccc1NN/C(=N\Nc1cc(S(=O)(=O)O)cc(Nc2nc(Cl)nc(N=C3C=C(S(=O)(=O)O)C(=Nc4nc(Cl)nc(Nc5cccc(S(=O)(=O)O)c5)n4)C=C3S(=O)(=O)O)n2)c1O)c1ccccc1,C1=CC(=Nc2ncnc(Nc3cccc(NN=C(NNc4ccccc4)c4ccccc4)c3)n2)C=CC1=Nc1ncnc(Nc2ccccc2)n1,-0.8254112601280212,-1.4008185323290048,-0.5754072722009835,0.5754072722009835,test,scaffold,Random Forest
O=C(O)c1ccc(P(=O)(O)c2ccccc2)cc1,O=[PH](c1ccccc1)c1ccccc1,-4.070000171661377,-2.4159327297769186,1.6540674418844583,1.6540674418844583,test,scaffold,Random Forest
O=C(O)c1ccc(P(=O)(c2ccccc2)c2ccc(C(=O)O)cc2)cc1,O=P(c1ccccc1)(c1ccccc1)c1ccccc1,-6.010000228881836,-3.258704374674845,2.7512958542069907,2.7512958542069907,test,scaffold,Random Forest
O=C(O)c1ccc[n+](-c2nc(NCCNc3ccc4c(c3S(=O)(=O)[O-])Oc3c(Cl)c5c(c(Cl)c3=N4)Oc3c(ccc(NCCNc4nc(Nc6cc(S(=O)(=O)O)ccc6S(=O)(=O)O)nc(-[n+]6cccc(C(=O)O)c6)n4)c3S(=O)(=O)[O-])N=5)nc(Nc3cc(S(=O)(=O)O)ccc3S(=O)(=O)O)n2)c1,c1ccc(Nc2nc(NCCNc3ccc4c(c3)Oc3cc5c(cc3=N4)Oc3cc(NCCNc4nc(Nc6ccccc6)nc(-[n+]6ccccc6)n4)ccc3N=5)nc(-[n+]3ccccc3)n2)cc1,-0.9522048234939575,-1.3322803816541082,-0.3800755581601507,0.3800755581601507,test,scaffold,Random Forest
O=C(O)c1ccccc1C(=O)c1ccc(-c2ccccc2)cc1,O=C(c1ccccc1)c1ccc(-c2ccccc2)cc1,-4.828233242034912,-4.330408583014415,0.49782465902049733,0.49782465902049733,test,scaffold,Random Forest
O=C(O)c1ccccc1C(c1ccc(O)cc1)c1ccc(O)cc1,c1ccc(C(c2ccccc2)c2ccccc2)cc1,-3.2625999450683594,-4.107685774731888,-0.8450858296635282,0.8450858296635282,test,scaffold,Random Forest
O=C(OC(=O)c1ccccc1)c1ccccc1,O=C(OC(=O)c1ccccc1)c1ccccc1,-4.354599952697754,-3.1086688170270618,1.2459311356706921,1.2459311356706921,test,scaffold,Random Forest
O=C(OC1CCCCC1)c1ccccc1O,O=C(OC1CCCCC1)c1ccccc1,-4.554076194763184,-3.801840700909647,0.7522354938535365,0.7522354938535365,test,scaffold,Random Forest
O=C(OCC(=O)N(C1CCCCC1)C1CCCCC1)c1ccccc1,O=C(OCC(=O)N(C1CCCCC1)C1CCCCC1)c1ccccc1,-5.059999942779541,-4.533760008570222,0.5262399342093191,0.5262399342093191,test,scaffold,Random Forest
O=C(OCC(=O)N1CCC(O)CC1)c1ccccc1,O=C(OCC(=O)N1CCCCC1)c1ccccc1,-1.3486000299453735,-2.0565630103151396,-0.707962980369766,0.707962980369766,test,scaffold,Random Forest
O=C(OCC(=O)N1CCCCC1)c1ccccc1,O=C(OCC(=O)N1CCCCC1)c1ccccc1,-2.5011000633239746,-2.544024734930859,-0.04292467160688451,0.04292467160688451,test,scaffold,Random Forest
O=C(OCC1CCC2OC2C1)C1CCC2OC2C1,O=C(OCC1CCC2OC2C1)C1CCC2OC2C1,-1.2604846954345703,-2.368926031894294,-1.1084413364597236,1.1084413364597236,test,scaffold,Random Forest
O=C(OCC1CO1)C1CC=CCC1C(=O)OCC1CO1,O=C(OCC1CO1)C1CC=CCC1C(=O)OCC1CO1,-1.340108871459961,-1.5116262385909338,-0.17151736713097288,0.17151736713097288,test,scaffold,Random Forest
O=C(OCCOCCOC(=O)c1ccccc1)c1ccccc1,O=C(OCCOCCOC(=O)c1ccccc1)c1ccccc1,-3.9374887943267822,-3.6516118861864775,0.28587690814030475,0.28587690814030475,test,scaffold,Random Forest
O=C(OCn1ncc2c(=O)[nH]cnc21)c1ccccc1,O=C(OCn1ncc2c(=O)[nH]cnc21)c1ccccc1,-4.050000190734863,-2.553303186925471,1.496697003809392,1.496697003809392,test,scaffold,Random Forest
O=C(Oc1ccccc1)c1ccccc1C(=O)Oc1ccccc1,O=C(Oc1ccccc1)c1ccccc1C(=O)Oc1ccccc1,-6.589099884033203,-5.00804603348901,1.5810538505441931,1.5810538505441931,test,scaffold,Random Forest
O=C(Oc1ccccc1)n1c(=O)[nH]cc(F)c1=O,O=C(Oc1ccccc1)n1c(=O)cc[nH]c1=O,-3.2200000286102295,-2.366939478779517,0.8530605498307127,0.8530605498307127,test,scaffold,Random Forest
O=C(c1ccc(F)cc1)C1CCNCC1,O=C(c1ccccc1)C1CCNCC1,0.5890195965766907,-2.3510358694325584,-2.940055466009249,2.940055466009249,test,scaffold,Random Forest
O=C(c1ccc(Oc2ccccc2)cc1)c1ccc(C(=O)c2ccc(Oc3ccccc3)cc2)cc1,O=C(c1ccc(Oc2ccccc2)cc1)c1ccc(C(=O)c2ccc(Oc3ccccc3)cc2)cc1,-7.973611831665039,-6.9747994812146725,0.9988123504503665,0.9988123504503665,test,scaffold,Random Forest
O=C(c1cccc2ccccc12)N(O)c1ccccc1,O=C(Nc1ccccc1)c1cccc2ccccc12,-3.9433000087738037,-4.070193221830615,-0.12689321305681123,0.12689321305681123,test,scaffold,Random Forest
O=C(c1ccccc1)c1ccc2n1CCC2C(=O)O,O=C(c1ccccc1)c1ccc2n1CCC2,-3.259999990463257,-2.991723111113859,0.2682768793493979,0.2682768793493979,test,scaffold,Random Forest
O=C1/C(=C2/Nc3ccccc3C2=O)Nc2ccccc21,O=C1C(=C2Nc3ccccc3C2=O)Nc2ccccc21,-6.719775199890137,-4.182376384540682,2.537398815349455,2.537398815349455,test,scaffold,Random Forest
O=C1C(=C2Nc3ccccc3C=C2O)C(=O)c2ccccc21,O=C1C(=C2C=Cc3ccccc3N2)C(=O)c2ccccc21,-7.046360015869141,-4.250473758150108,2.795886257719032,2.795886257719032,test,scaffold,Random Forest
O=C1C(O)=C(C2CCC(c3ccc(Cl)cc3)CC2)C(=O)c2ccccc21,O=C1C=C(C2CCC(c3ccccc3)CC2)C(=O)c2ccccc21,-5.931000232696533,-5.799350258762874,0.1316499739336594,0.1316499739336594,test,scaffold,Random Forest
O=C1C(O)=C(O)OC1C(O)CO,O=C1C=COC1,0.2770000100135803,0.1352855945080281,-0.14171441550555222,0.14171441550555222,test,scaffold,Random Forest
O=C1C(O)=C(O)O[C@@H]1[C@H](O)CO,O=C1C=COC1,-0.13254477083683014,0.1352855945080281,0.26783036534485827,0.26783036534485827,test,scaffold,Random Forest
O=C1C(S(=O)(=O)O)=C(O)c2ccccc21,O=C1C=Cc2ccccc21,-2.2300000190734863,-1.571059001417375,0.6589410176561112,0.6589410176561112,test,scaffold,Random Forest
O=C1C(S(=O)(=O)O)=Cc2cc(S(=O)(=O)O)ccc2/C1=N\Nc1ccc(S(=O)(=O)O)c2ccccc12,O=C1C=Cc2ccccc2C1=NNc1cccc2ccccc12,-1.0824140310287476,-1.108649420077721,-0.02623538904897349,0.02623538904897349,test,scaffold,Random Forest
O=C1C=C(O)C(N=Nc2ccc(N=Nc3ccc(Nc4ccc([N+](=O)[O-])cc4S(=O)(=O)O)cc3)c3c(S(=O)(=O)O)cccc23)=C/C1=N/Nc1ccc(Nc2ccc([N+](=O)[O-])cc2S(=O)(=O)O)cc1,O=C1C=CC(N=Nc2ccc(N=Nc3ccc(Nc4ccccc4)cc3)c3ccccc23)=CC1=NNc1ccc(Nc2ccccc2)cc1,-0.3225773274898529,-1.538816918358522,-1.2162395908686692,1.2162395908686692,test,scaffold,Random Forest
O=C1C=C(S(=O)(=O)O)c2cc([N+](=O)[O-])ccc2/C1=N\Nc1c(O)ccc2ccccc12,O=C1C=Cc2ccccc2C1=NNc1cccc2ccccc12,-5.166184425354004,-3.2376962534397355,1.9284881719142684,1.9284881719142684,test,scaffold,Random Forest
O=C1C=C/C(=N\Nc2cc(S(=O)(=O)O)cc3cc(S(=O)(=O)O)cc(O)c23)C(O)=C1,O=C1C=CC(=NNc2cccc3ccccc23)C=C1,-1.3075464963912964,-1.3475959740052172,-0.04004947761392086,0.04004947761392086,test,scaffold,Random Forest
O=C1C=C2CC3(O)COc4c(ccc(O)c4O)C3=C2C=C1O,O=C1C=CC2=C3c4ccccc4OCC3CC2=C1,-2.699399948120117,-2.757710424018736,-0.05831047589861882,0.05831047589861882,test,scaffold,Random Forest
O=C1C=Cc2cc(S(=O)(=O)O)cc(S(=O)(=O)O)c2/C1=N/Nc1ccc(S(=O)(=O)O)c2ccccc12,O=C1C=Cc2ccccc2C1=NNc1cccc2ccccc12,-0.8783000111579895,-1.0848641473607126,-0.20656413620272307,0.20656413620272307,test,scaffold,Random Forest
O=C1C=Cc2cc(S(=O)(=O)O)ccc2/C1=N\Nc1ccc(N=Nc2ccc(Nc3ccccc3)c(S(=O)(=O)O)c2)c2ccccc12,O=C1C=Cc2ccccc2C1=NNc1ccc(N=Nc2ccc(Nc3ccccc3)cc2)c2ccccc12,-1.0156300067901611,-1.4621849862669132,-0.44655497947675205,0.44655497947675205,test,scaffold,Random Forest
O=C1C=Cc2ccccc2/C1=N/Nc1ccc(-c2ccc(N/N=C3\C(=O)C=Cc4ccccc43)cc2S(=O)(=O)O)c(S(=O)(=O)O)c1,O=C1C=Cc2ccccc2C1=NNc1ccc(-c2ccc(NN=C3C(=O)C=Cc4ccccc43)cc2)cc1,-1.8973139524459839,-2.225524306142495,-0.3282103536965111,0.3282103536965111,test,scaffold,Random Forest
O=C1C=Cc2ccccc2/C1=N\Nc1ccc(S(=O)(=O)O)c2ccccc12,O=C1C=Cc2ccccc2C1=NNc1cccc2ccccc12,-2.4263930320739746,-3.618223272900073,-1.1918302408260986,1.1918302408260986,test,scaffold,Random Forest
O=C1CC(=O)CC(c2ccccc2)C1,O=C1CC(=O)CC(c2ccccc2)C1,-2.509999990463257,-2.3177942418628357,0.19220574860042117,0.19220574860042117,test,scaffold,Random Forest
O=C1CC(c2ccccc2)CC(=O)C1[N+](=O)[O-],O=C1CC(=O)CC(c2ccccc2)C1,-1.6687999963760376,-2.650431182791832,-0.9816311864157945,0.9816311864157945,test,scaffold,Random Forest
O=C1CC2OCC=C3C[N+]4(O)CCC56c7ccccc7N1C5C2C3CC64,O=C1CC2OCC=C3C[NH+]4CCC56c7ccccc7N1C5C2C3CC46,-1.2799999713897705,-3.1100349244705114,-1.830034953080741,1.830034953080741,test,scaffold,Random Forest
O=C1CCC(=O)O1,O=C1CCC(=O)O1,-0.20166628062725067,0.171371242140637,0.3730375227678877,0.3730375227678877,test,scaffold,Random Forest
O=C1CCCCC1C1=CCCCC1,O=C1CCCCC1C1=CCCCC1,-2.7739999294281006,-3.304541924243408,-0.5305419948153074,0.5305419948153074,test,scaffold,Random Forest
O=C1CCCCCCC/C=C\CCCCCCO1,O=C1CCCCCCCC=CCCCCCCO1,-5.629397392272949,-5.662016164680718,-0.032618772407769114,0.032618772407769114,test,scaffold,Random Forest
O=C1CCCCCCCCCCC(=O)OCCO1,O=C1CCCCCCCCCCC(=O)OCCO1,-3.5337584018707275,-3.653598675837828,-0.11984027396710051,0.11984027396710051,test,scaffold,Random Forest
O=C1CCCCCCCCCCC1,O=C1CCCCCCCCCCC1,-3.845829963684082,-3.8132114031428386,0.03261856054124346,0.03261856054124346,test,scaffold,Random Forest
O=C1CCCCCCCCCCCCCCCCCN1,O=C1CCCCCCCCCCCCCCCCCN1,-2.847399950027466,-5.387758506770016,-2.54035855674255,2.54035855674255,test,scaffold,Random Forest
O=C1CCCCCCCCCCCN1,O=C1CCCCCCCCCCCN1,-2.8195042610168457,-2.799329479397433,0.020174781619412663,0.020174781619412663,test,scaffold,Random Forest
O=C1CCCCCCCN1,O=C1CCCCCCCN1,0.6328999996185303,-1.135808309085964,-1.7687083087044944,1.7687083087044944,test,scaffold,Random Forest
O=C1CCCCCN1C(=O)NCCCCCCNC(=O)N1CCCCCC1=O,O=C1CCCCCN1C(=O)NCCCCCCNC(=O)N1CCCCCC1=O,-3.906400680541992,-2.8869159932938944,1.0194846872480978,1.0194846872480978,test,scaffold,Random Forest
O=C1CCCCCNC(=O)CCCCCNC(=O)CCCCCNC(=O)CCCCCN1,O=C1CCCCCNC(=O)CCCCCNC(=O)CCCCCNC(=O)CCCCCN1,-2.8125998973846436,-3.838900370375148,-1.0263004729905045,1.0263004729905045,test,scaffold,Random Forest
O=C1CCN(Cc2ccccc2)CC1,O=C1CCN(Cc2ccccc2)CC1,-1.016982913017273,-2.09100784372902,-1.0740249307117469,1.0740249307117469,test,scaffold,Random Forest
O=C1Cc2c(ccc3ccccc23)O1,O=C1Cc2c(ccc3ccccc23)O1,-2.7077999114990234,-2.8507590953668074,-0.14295918386778395,0.14295918386778395,test,scaffold,Random Forest
O=C1Cc2cc(CCCl)c(Cl)cc2N1,O=C1Cc2ccccc2N1,-4.777574062347412,-3.2511761924091482,1.5263978699382639,1.5263978699382639,test,scaffold,Random Forest
O=C1Cc2ccc(Cl)cc2N1,O=C1Cc2ccccc2N1,-2.9689886569976807,-2.0617641853455577,0.9072244716521229,0.9072244716521229,test,scaffold,Random Forest
O=C1Cc2cccc(F)c2N1,O=C1Cc2ccccc2N1,-2.2251369953155518,-1.6476922181570042,0.5774447771585476,0.5774447771585476,test,scaffold,Random Forest
O=C1NC(=O)C(=O)C(=O)N1,O=C1NC(=O)C(=O)C(=O)N1,-1.25,-1.2634935152066138,-0.013493515206613793,0.013493515206613793,test,scaffold,Random Forest
O=C1NC(=O)C(O)(C2(O)C(=O)NC(=O)NC2=O)C(=O)N1,O=C1NC(=O)C(C2C(=O)NC(=O)NC2=O)C(=O)N1,-1.9941999912261963,-1.5046551175027674,0.4895448737234289,0.4895448737234289,test,scaffold,Random Forest
O=C1NC(=O)C(c2ccccc2)(c2ccccc2)C(=O)N1,O=C1NC(=O)C(c2ccccc2)(c2ccccc2)C(=O)N1,-4.199999809265137,-2.996664482144846,1.203335327120291,1.203335327120291,test,scaffold,Random Forest
O=C1NC(=O)C2(CCC2)C(=O)N1,O=C1NC(=O)C2(CCC2)C(=O)N1,-1.659999966621399,-1.8403254617508034,-0.18032549512940443,0.18032549512940443,test,scaffold,Random Forest
O=C1NC(=O)C2(CCCCCCC2)C(=O)N1,O=C1NC(=O)C2(CCCCCCC2)C(=O)N1,-2.9800000190734863,-2.684885076947905,0.2951149421255814,0.2951149421255814,test,scaffold,Random Forest
O=C1NC(=O)C2=C1CCCC2,O=C1NC(=O)C2=C1CCCC2,-1.9745177030563354,-1.2550885415602202,0.7194291614961152,0.7194291614961152,test,scaffold,Random Forest
O=C1NC(=O)c2ccc3c4ccc5c6c(ccc(c7ccc1c2c73)c64)C(=O)NC5=O,O=C1NC(=O)c2ccc3c4ccc5c6c(ccc(c7ccc1c2c73)c64)C(=O)NC5=O,-7.591458797454834,-4.643149619927325,2.948309177527509,2.948309177527509,test,scaffold,Random Forest
O=C1NC2C=CC1C2,O=C1NC2C=CC1C2,0.9361608028411865,-0.16228465283560575,-1.0984454556767922,1.0984454556767922,test,scaffold,Random Forest
O=C1NCN(c2ccccc2)C12CCN(CCCC(c1ccc(F)cc1)c1ccc(F)cc1)CC2,O=C1NCN(c2ccccc2)C12CCN(CCCC(c1ccccc1)c1ccccc1)CC2,-4.677199840545654,-5.336597219957012,-0.6593973794113577,0.6593973794113577,test,scaffold,Random Forest
O=C1Nc2ccc(Cl)cc2C(=O)N2CCCC12,O=C1Nc2ccccc2C(=O)N2CCCC12,-4.699999809265137,-3.1486831705473333,1.5513166387178035,1.5513166387178035,test,scaffold,Random Forest
O=C1Nc2ccccc2C(=O)N2CC(O)CC12,O=C1Nc2ccccc2C(=O)N2CCCC12,-2.369999885559082,-2.100371653203207,0.26962823235587496,0.26962823235587496,test,scaffold,Random Forest
O=C1Nc2ccccc2C(=O)N2CCCC12,O=C1Nc2ccccc2C(=O)N2CCCC12,-3.75,-2.040404144067527,1.709595855932473,1.709595855932473,test,scaffold,Random Forest
O=C1OC(=O)C2C1C1(Cl)C(Cl)=C(Cl)C2(Cl)C1(Cl)Cl,O=C1OC(=O)C2C3C=CC(C3)C12,-5.171235084533691,-4.207699195608066,0.9635358889256258,0.9635358889256258,test,scaffold,Random Forest
O=C1OC(=O)c2ccc3c4ccc5c6c(ccc(c7ccc1c2c73)c64)C(=O)OC5=O,O=C1OC(=O)c2ccc3c4ccc5c6c(ccc(c7ccc1c2c73)c64)C(=O)OC5=O,-5.593642711639404,-5.677932691274411,-0.08428997963500695,0.08428997963500695,test,scaffold,Random Forest
O=C1OC(c2ccc(Br)cc2)C(Br)C1=O,O=C1CC(c2ccccc2)OC1=O,-3.049999952316284,-3.54664152913174,-0.49664157681545573,0.49664157681545573,test,scaffold,Random Forest
O=C1OC(c2ccc(O)cc2)(c2ccc(O)cc2)c2ccccc21,O=C1OC(c2ccccc2)(c2ccccc2)c2ccccc21,-2.9007999897003174,-4.003850382670208,-1.103050392969891,1.103050392969891,test,scaffold,Random Forest
O=C1OC(c2ccccc2)(c2ccccc2)c2ccccc21,O=C1OC(c2ccccc2)(c2ccccc2)c2ccccc21,-3.8499999046325684,-5.056041142617941,-1.2060412379853727,1.2060412379853727,test,scaffold,Random Forest
O=C1OCC(CO)O1,O=C1OCCO1,0.9277942180633545,0.18979628530062023,-0.7379979327627343,0.7379979327627343,test,scaffold,Random Forest
O=C1OCCO1,O=C1OCCO1,0.9461910724639893,0.3916923677523881,-0.5544987047116012,0.5544987047116012,test,scaffold,Random Forest
O=C1OCc2ccc3ccccc3c21,O=C1OCc2ccc3ccccc3c21,-3.3062000274658203,-3.1595885955036946,0.14661143196212567,0.14661143196212567,test,scaffold,Random Forest
O=C1c2c(Cl)c(Cl)c(Cl)c(Cl)c2C2=Nc3cccc4cccc(c34)N12,O=C1c2ccccc2C2=Nc3cccc4cccc(c34)N12,-7.133614540100098,-6.859876693215515,0.2737378468845826,0.2737378468845826,test,scaffold,Random Forest
O=C1c2c(O)cccc2[C@@H]([C@@H]2O[C@H](CO)[C@@H](O)[C@H](O)[C@H]2O)c2cc(CO)cc(O)c21,O=C1c2ccccc2C(C2CCCCO2)c2ccccc21,-1.7024999856948853,-2.172526501190064,-0.4700265154951788,0.4700265154951788,test,scaffold,Random Forest
O=C1c2ccc3c4ccc5c6c(ccc(c7ccc(c2c37)C(=O)N1CCc1ccccc1)c64)C(=O)N(CCc1ccccc1)C5=O,O=C1c2ccc3c4ccc5c6c(ccc(c7ccc(c2c37)C(=O)N1CCc1ccccc1)c64)C(=O)N(CCc1ccccc1)C5=O,-8.47614860534668,-6.606329231768296,1.869819373578384,1.869819373578384,test,scaffold,Random Forest
O=C1c2ccccc2/C(=N/O)C1[N+](=O)[O-],N=C1CC(=O)c2ccccc21,-2.680000066757202,-2.2340853460131203,0.4459147207440819,0.4459147207440819,test,scaffold,Random Forest
O=C1c2ccccc2C(=O)C1c1ccc2cc(S(=O)(=O)O)cc(S(=O)(=O)O)c2n1,O=C1c2ccccc2C(=O)C1c1ccc2ccccc2n1,-0.3778369426727295,-1.3675396708274632,-0.9897027281547337,0.9897027281547337,test,scaffold,Random Forest
O=C1c2ccccc2C(=O)C1c1ccc2ccccc2n1,O=C1c2ccccc2C(=O)C1c1ccc2ccccc2n1,-4.701186180114746,-4.096415943563297,0.6047702365514489,0.6047702365514489,test,scaffold,Random Forest
O=C1c2ccccc2C(=O)C1c1nc2ccccc2c(Br)c1O,O=C1c2ccccc2C(=O)C1c1ccc2ccccc2n1,-4.8670973777771,-4.7762036492679485,0.09089372850915112,0.09089372850915112,test,scaffold,Random Forest
O=C1c2ccccc2C(=O)c2c1ccc1[nH]c(-c3cc(Cl)c(-c4nc5c6c(ccc5[nH]4)C(=O)c4ccccc4C6=O)cc3Cl)nc21,O=C1c2ccccc2C(=O)c2c1ccc1[nH]c(-c3ccc(-c4nc5c6c(ccc5[nH]4)C(=O)c4ccccc4C6=O)cc3)nc21,-4.524775981903076,-6.585666343313598,-2.0608903614105216,2.0608903614105216,test,scaffold,Random Forest
O=C1c2ccccc2C(=O)c2c1ccc1c2[nH]c2ccc3c4ccccc4c(=O)c4ccc1c2c43,O=C1c2ccccc2C(=O)c2c1ccc1c2[nH]c2ccc3c4ccccc4c(=O)c4ccc1c2c43,-5.50656795501709,-5.686256888396369,-0.17968893337927927,0.17968893337927927,test,scaffold,Random Forest
O=C1c2ccccc2C2=Nc3cccc4cccc(c34)N12,O=C1c2ccccc2C2=Nc3cccc4cccc(c34)N12,-7.255740165710449,-4.7630669394685,2.4926732262419495,2.4926732262419495,test,scaffold,Random Forest
O=C=Nc1ccc(C(c2ccc(N=C=O)cc2)c2ccc(N=C=O)cc2)cc1,c1ccc(C(c2ccccc2)c2ccccc2)cc1,-6.565096378326416,-5.439778854561703,1.1253175237647133,1.1253175237647133,test,scaffold,Random Forest
O=C=Nc1ccc(OP(=S)(Oc2ccc(N=C=O)cc2)Oc2ccc(N=C=O)cc2)cc1,S=P(Oc1ccccc1)(Oc1ccccc1)Oc1ccccc1,-6.4917192459106445,-5.845463971283352,0.6462552746272925,0.6462552746272925,test,scaffold,Random Forest
O=CC1CC2C3C1C1(Cl)C(Cl)(Cl)C3(Cl)C3(Cl)C2C13Cl,C1CC2C3C1C1CC3C3C1C23,-7.2006001472473145,-4.578713712693538,2.621886434553776,2.621886434553776,test,scaffold,Random Forest
O=CC1CCC2C3CCC(C3)C12,C1CC2C3CCC(C3)C2C1,-2.4199676513671875,-2.0638518381446422,0.35611581322254526,0.35611581322254526,test,scaffold,Random Forest
O=N/C=C1\C=CC=CN1,C=C1C=CC=CN1,-1.0004518032073975,-1.0057597165884744,-0.005307913381076945,0.005307913381076945,test,scaffold,Random Forest
O=P(Oc1ccccc1)(N1CCOCC1)N1CCOCC1,O=P(Oc1ccccc1)(N1CCOCC1)N1CCOCC1,0.39250001311302185,-2.580685995446931,-2.973186008559953,2.973186008559953,test,scaffold,Random Forest
O=P(c1ccccc1)(c1ccccc1)c1ccccc1,O=P(c1ccccc1)(c1ccccc1)c1ccccc1,-2.8774728775024414,-3.1845544639050014,-0.30708158640256,0.30708158640256,test,scaffold,Random Forest
O=P1(O)OP(=O)(O)OP(=O)(O)O1,O=[PH]1O[PH](=O)O[PH](=O)O1,-0.06230946630239487,-1.2310983121388503,-1.1687888458364555,1.1687888458364555,test,scaffold,Random Forest
O=P12OB(O1)O2,O=P12OB(O1)O2,-2.8690757751464844,0.02560292675496989,2.894678701901454,2.894678701901454,test,scaffold,Random Forest
O=S(=O)(Nc1cccnc1Cl)c1ccccc1,O=S(=O)(Nc1cccnc1)c1ccccc1,-3.759999990463257,-3.679853264535546,0.08014672592771088,0.08014672592771088,test,scaffold,Random Forest
O=S(=O)(O)c1cc(Nc2nc(Nc3ccccc3)nc(Nc3ccccc3)n2)ccc1/C=C/c1ccc(Nc2nc(Nc3ccccc3)nc(Nc3ccccc3)n2)cc1S(=O)(=O)O,C(=Cc1ccc(Nc2nc(Nc3ccccc3)nc(Nc3ccccc3)n2)cc1)c1ccc(Nc2nc(Nc3ccccc3)nc(Nc3ccccc3)n2)cc1,-3.825587511062622,-1.9541488102259386,1.8714387008366835,1.8714387008366835,test,scaffold,Random Forest
O=S(=O)(O)c1cc(O)c2cc(Nc3ccccc3)ccc2c1,c1ccc(Nc2ccc3ccccc3c2)cc1,-1.9763000011444092,-2.2228024772068267,-0.24650247606241749,0.24650247606241749,test,scaffold,Random Forest
O=S(=O)(O)c1ccc(Nc2nc(Cl)nc(Cl)n2)cc1,c1ccc(Nc2ncncn2)cc1,-1.3810309171676636,-1.784035975183088,-0.4030050580154245,0.4030050580154245,test,scaffold,Random Forest
O=S(=O)(O)c1ccc2nc(-c3ccccc3)[nH]c2c1,c1ccc(-c2nc3ccccc3[nH]2)cc1,-2.961106061935425,-1.578075231052093,1.383030830883332,1.383030830883332,test,scaffold,Random Forest
O=S(=O)(O)c1cccc2cc(Nc3ccccc3)cc(Nc3ccccc3)c12,c1ccc(Nc2cc(Nc3ccccc3)c3ccccc3c2)cc1,-4.6725029945373535,-2.3582224944096613,2.3142805001276923,2.3142805001276923,test,scaffold,Random Forest
O=S1(=O)CCCO1,O=S1(=O)CCCO1,-0.08687569200992584,0.20935048226194353,0.29622617427186937,0.29622617427186937,test,scaffold,Random Forest
O=S1(=O)OCC2C(CO1)C1(Cl)C(Cl)=C(Cl)C2(Cl)C1(Cl)Cl,O=S1(=O)OCC2C3C=CC(C3)C2CO1,-5.945000171661377,-4.686507753531902,1.2584924181294745,1.2584924181294745,test,scaffold,Random Forest
O=S1(=O)c2ccccc2-c2ccccc21,O=S1(=O)c2ccccc2-c2ccccc21,-4.570000171661377,-3.798631351554659,0.7713688201067179,0.7713688201067179,test,scaffold,Random Forest
O=[N+]([O-])C12COP(=O)(OC1)OC2,O=P12OCC(CO1)CO2,-0.8100000023841858,-1.6600796692532203,-0.8500796668690345,0.8500796668690345,test,scaffold,Random Forest
O=[N+]([O-])N1CN([N+](=O)[O-])CN([N+](=O)[O-])CN([N+](=O)[O-])C1,C1NCNCNCN1,-4.8251166343688965,-2.206776753535796,2.6183398808331004,2.6183398808331004,test,scaffold,Random Forest
O=[N+]([O-])NC1=NCCN1Cc1ccc(Cl)nc1,C1=NCCN1Cc1cccnc1,-2.622299909591675,-2.5745674228150146,0.0477324867766602,0.0477324867766602,test,scaffold,Random Forest
O=[N+]([O-])OC1CCCCCC1O[N+](=O)[O-],C1CCCCCC1,-3.0199999809265137,-2.1917529466321497,0.828247034294364,0.828247034294364,test,scaffold,Random Forest
O=[N+]([O-])c1cc(C2CCCCC2)c(O)c([N+](=O)[O-])c1,c1ccc(C2CCCCC2)cc1,-4.249199867248535,-4.226491132997744,0.02270873425079145,0.02270873425079145,test,scaffold,Random Forest
O=[N+]([O-])c1cc(S(=O)(=O)Nc2ccccc2)ccc1Nc1ccccc1,O=S(=O)(Nc1ccccc1)c1ccc(Nc2ccccc2)cc1,-6.269000053405762,-5.282853212491346,0.9861468409144161,0.9861468409144161,test,scaffold,Random Forest
O=[N+]([O-])c1ccc(Nc2ccc(Nc3ccccc3)c(S(=O)(=O)O)c2)c([N+](=O)[O-])c1,c1ccc(Nc2ccc(Nc3ccccc3)cc2)cc1,-2.1991374492645264,-2.3145560259573528,-0.1154185766928264,0.1154185766928264,test,scaffold,Random Forest
O=[N+]([O-])c1ccc(OP(=S)(Oc2ccc([N+](=O)[O-])cc2)Oc2ccc([N+](=O)[O-])cc2)cc1,S=P(Oc1ccccc1)(Oc1ccccc1)Oc1ccccc1,-5.678833961486816,-5.634673147063056,0.044160814423760186,0.044160814423760186,test,scaffold,Random Forest
O=c1[nH]c(=O)[nH]c(=O)[nH]1,O=c1[nH]c(=O)[nH]c(=O)[nH]1,-1.8076460361480713,-1.2425038336341285,0.5651422025139428,0.5651422025139428,test,scaffold,Random Forest
O=c1[nH]c(=O)c2nc[nH]c2[nH]1,O=c1[nH]c(=O)c2nc[nH]c2[nH]1,-3.869999885559082,-2.480753123017382,1.3892467625417,1.3892467625417,test,scaffold,Random Forest
O=c1[nH]c(=O)n(Cl)c(=O)n1Cl,O=c1[nH]c(=O)[nH]c(=O)[nH]1,-0.8951600193977356,-1.9880086783178574,-1.0928486589201218,1.0928486589201218,test,scaffold,Random Forest
O=c1[nH]c2cc(Cl)ccc2n1C1CCNCC1,O=c1[nH]c2ccccc2n1C1CCNCC1,-2.6630759239196777,-3.2475133907875398,-0.584437466867862,0.584437466867862,test,scaffold,Random Forest
O=c1[nH]c2cncnc2[nH]c1=O,O=c1[nH]c2cncnc2[nH]c1=O,-2.690000057220459,-2.261068231707686,0.4289318255127732,0.4289318255127732,test,scaffold,Random Forest
O=c1[nH]c2nc[nH]c(=O)c2[nH]c1=O,O=c1[nH]c2nc[nH]c(=O)c2[nH]c1=O,-3.690000057220459,-2.7054263958322453,0.9845736613882137,0.9845736613882137,test,scaffold,Random Forest
O=c1[nH]ccc2cccnc12,O=c1[nH]ccc2cccnc12,-1.142799973487854,-1.4093504075770853,-0.2665504340892313,0.2665504340892313,test,scaffold,Random Forest
O=c1[nH]cncc1Br,O=c1ccnc[nH]1,-0.4471000134944916,-1.7819210907126133,-1.3348210772181217,1.3348210772181217,test,scaffold,Random Forest
O=c1c(CO)c/c(=N\Nc2ccc(S(=O)(=O)O)c3ccccc23)c(=O)/c1=N/Nc1ccc(S(=O)(=O)O)c2ccccc12,O=c1ccc(=NNc2cccc3ccccc23)c(=O)c1=NNc1cccc2ccccc12,-0.8171647191047668,-1.1304357909997234,-0.3132710718949565,0.3132710718949565,test,scaffold,Random Forest
O=c1c(O)c(-c2ccc(O)c(O)c2)oc2cc(O)cc(O)c12,O=c1cc(-c2ccccc2)oc2ccccc12,-1.9900000095367432,-3.019807621153259,-1.029807611616516,1.029807611616516,test,scaffold,Random Forest
O=c1c(O)c(-c2ccc(O)cc2O)oc2cc(O)cc(O)c12,O=c1cc(-c2ccccc2)oc2ccccc12,-3.082409143447876,-3.1052855834038877,-0.02287643995601174,0.02287643995601174,test,scaffold,Random Forest
O=c1c2cc(Br)c3cccc4c(=O)c5cc(Br)c6cccc1c6c5-c2c34,O=c1c2ccc3cccc4c(=O)c5ccc6cccc1c6c5-c2c34,-7.633199214935303,-6.269913273333871,1.3632859416014318,1.3632859416014318,test,scaffold,Random Forest
O=c1c2cc(Cl)ccc2[nH]c2cc3c(=O)c4cc(Cl)ccc4[nH]c3cc12,O=c1c2ccccc2[nH]c2cc3c(=O)c4ccccc4[nH]c3cc12,-7.419805526733398,-5.713277956268544,1.7065275704648544,1.7065275704648544,test,scaffold,Random Forest
O=c1c2cc(F)ccc2nc(-n2cncn2)n1-c1ccc(Cl)cc1Cl,O=c1c2ccccc2nc(-n2cncn2)n1-c1ccccc1,-5.575399875640869,-4.347413057432525,1.2279868182083442,1.2279868182083442,test,scaffold,Random Forest
O=c1c2cc3[nH]c4c(Cl)cccc4c(=O)c3cc2[nH]c2c(Cl)cccc12,O=c1c2ccccc2[nH]c2cc3c(=O)c4ccccc4[nH]c3cc12,-6.457321643829346,-5.608982651587199,0.8483389922421463,0.8483389922421463,test,scaffold,Random Forest
O=c1c2ccc3c4c(ccc(c24)c2nc4ccccc4n12)c(=O)n1c2ccccc2nc31,O=c1c2ccc3c4c(ccc(c24)c2nc4ccccc4n12)c(=O)n1c2ccccc2nc31,-7.757994651794434,-5.8638022947065425,1.8941923570878911,1.8941923570878911,test,scaffold,Random Forest
O=c1c2ccccc2[nH]c2cc3c(=O)c4c(Cl)c(Cl)ccc4[nH]c3cc12,O=c1c2ccccc2[nH]c2cc3c(=O)c4ccccc4[nH]c3cc12,-7.066625595092773,-5.459069352536613,1.6075562425561607,1.6075562425561607,test,scaffold,Random Forest
O=c1c2ccccc2[nH]c2cc3c(=O)c4ccccc4[nH]c3cc12,O=c1c2ccccc2[nH]c2cc3c(=O)c4ccccc4[nH]c3cc12,-7.481773853302002,-4.401366839488821,3.080407013813181,3.080407013813181,test,scaffold,Random Forest
O=c1c2ccccc2c2ccc3sc4ccccc4c4ccc1c2c34,O=c1c2ccccc2c2ccc3sc4ccccc4c4ccc1c2c34,-7.982807159423828,-6.38976727877155,1.5930398806522783,1.5930398806522783,test,scaffold,Random Forest
O=c1c2ccccc2nc2n1CCC2O,O=c1c2ccccc2nc2n1CCC2,-2.0999999046325684,-1.5340324900231954,0.5659674146093729,0.5659674146093729,test,scaffold,Random Forest
O=c1c2ccccc2nc2n1CC[C@@H]2O,O=c1c2ccccc2nc2n1CCC2,-2.1059999465942383,-1.5340324900231954,0.5719674565710429,0.5719674565710429,test,scaffold,Random Forest
O=c1cc(-c2ccc(O)c(O)c2)oc2cc(O)cc(O)c12,O=c1cc(-c2ccccc2)oc2ccccc12,-3.609999895095825,-3.054868602709383,0.555131292386442,0.555131292386442,test,scaffold,Random Forest
O=c1cc(O)nc[nH]1,O=c1ccnc[nH]1,-1.5871610641479492,-0.699619211479243,0.8875418526687062,0.8875418526687062,test,scaffold,Random Forest
O=c1cc/c(=N\Nc2ccc(S(=O)(=O)O)c3ccccc23)c(=O)/c1=N/Nc1ccc(S(=O)(=O)O)c2ccccc12,O=c1ccc(=NNc2cccc3ccccc23)c(=O)c1=NNc1cccc2ccccc12,-2.6038410663604736,-1.5202417206812362,1.0835993456792374,1.0835993456792374,test,scaffold,Random Forest
O=c1cc[nH]c(=S)[nH]1,O=c1cc[nH]c(=S)[nH]1,-2.2572999000549316,-1.2424268534234557,1.014873046631476,1.014873046631476,test,scaffold,Random Forest
O=c1cc[nH]c(O)c1,O=c1cc[nH]cc1,-1.2497999668121338,-0.569282324002698,0.6805176428094358,0.6805176428094358,test,scaffold,Random Forest
O=c1cc[nH]cc1,O=c1cc[nH]cc1,1.0218000411987305,0.21768843450062914,-0.8041116066981013,0.8041116066981013,test,scaffold,Random Forest
O=c1ccc(=O)[nH][nH]1,O=c1ccc(=O)[nH][nH]1,-1.271399974822998,-0.8461434796025837,0.4252564952204143,0.4252564952204143,test,scaffold,Random Forest
O=c1ccc2ccc[nH]c-2c1,O=c1ccc2ccc[nH]c-2c1,-2.5037999153137207,-1.738392352835832,0.7654075624778887,0.7654075624778887,test,scaffold,Random Forest
O=c1ccn(CCO)c(C(O)c2ccccc2)c1O,O=c1cc[nH]c(Cc2ccccc2)c1,-2.819999933242798,-1.7217826789969368,1.098217254245861,1.098217254245861,test,scaffold,Random Forest
O=c1ccnc[nH]1,O=c1ccnc[nH]1,0.5860000252723694,0.18494569234576583,-0.40105433292660353,0.40105433292660353,test,scaffold,Random Forest
O=c1cnc2[nH]c(=O)[nH]c(=O)c2[nH]1,O=c1cnc2[nH]c(=O)[nH]c(=O)c2[nH]1,-3.130000114440918,-2.929816303919661,0.20018381052125678,0.20018381052125678,test,scaffold,Random Forest
O=c1cnc2c(=O)[nH]c(=O)[nH]c2[nH]1,O=c1cnc2c(=O)[nH]c(=O)[nH]c2[nH]1,-3.3399999141693115,-2.9420986576228887,0.39790125654642283,0.39790125654642283,test,scaffold,Random Forest
O=c1n(CCO)c(=O)n(CCO)c(=O)n1CCO,O=c1[nH]c(=O)[nH]c(=O)[nH]1,0.34036633372306824,-1.1321457682328686,-1.4725121019559368,1.4725121019559368,test,scaffold,Random Forest
O=c1n(Cl)c(=O)n(Cl)c(=O)n1Cl,O=c1[nH]c(=O)[nH]c(=O)[nH]1,-1.2870999574661255,-1.9742653021433791,-0.6871653446772537,0.6871653446772537,test,scaffold,Random Forest
O=c1nc(-c2ccccc2)[nH]c(-c2ccccc2)n1,O=c1nc(-c2ccccc2)[nH]c(-c2ccccc2)n1,-5.493585109710693,-3.4095487291886224,2.084036380522071,2.084036380522071,test,scaffold,Random Forest
O=c1nc(-c2ccccc2)[nH]cc1Br,O=c1cc[nH]c(-c2ccccc2)n1,-3.4791998863220215,-3.0919465684271223,0.38725331789489914,0.38725331789489914,test,scaffold,Random Forest
O=c1ncc2[nH]c(=O)[nH]c2[nH]1,O=c1ncc2[nH]c(=O)[nH]c2[nH]1,-3.5999999046325684,-2.470461383654632,1.1295385209779365,1.1295385209779365,test,scaffold,Random Forest
O=c1oc2ccccc2c(O)c1C(CC(O)c1ccc(-c2ccc(Br)cc2)cc1)c1ccccc1,O=c1oc2ccccc2cc1C(CCc1ccc(-c2ccccc2)cc1)c1ccccc1,-4.449999809265137,-6.4297176189308685,-1.9797178096657317,1.9797178096657317,test,scaffold,Random Forest
O=c1oc2ccccc2c(O)c1Cc1c(O)c2ccccc2oc1=O,O=c1oc2ccccc2cc1Cc1cc2ccccc2oc1=O,-4.269999980926514,-3.6349216372095556,0.635078343716958,0.635078343716958,test,scaffold,Random Forest
O=c1occo1,O=c1occo1,0.7770765423774719,-0.03673441342609125,-0.8138109558035632,0.8138109558035632,test,scaffold,Random Forest
OC(Cn1ccnc1)c1ccc(Cl)cc1Cl,c1ccc(CCn2ccnc2)cc1,-3.264007806777954,-3.317215184276835,-0.05320737749888105,0.05320737749888105,test,scaffold,Random Forest
OC(Cn1cncn1)(Cn1cncn1)c1ccc(F)cc1F,c1ccc(C(Cn2cncn2)Cn2cncn2)cc1,-1.7999999523162842,-2.58953185821403,-0.7895319058977459,0.7895319058977459,test,scaffold,Random Forest
OC(c1ccccc1)(c1ccccc1)c1ccccc1,c1ccc(C(c2ccccc2)c2ccccc2)cc1,-2.2595999240875244,-4.16265179077233,-1.9030518666848053,1.9030518666848053,test,scaffold,Random Forest
OC1(c2ccc(Cl)cc2)CCCCCC1n1cncn1,c1ccc(C2CCCCCC2n2cncn2)cc1,-3.3680999279022217,-3.7771183799841093,-0.4090184520818876,0.4090184520818876,test,scaffold,Random Forest
OC1C=CC2C1C1(Cl)C(Cl)=C(Cl)C2(Cl)C1(Cl)Cl,C1=CC2C3C=CC(C3)C2C1,-5.460000038146973,-4.628931578968319,0.8310684591786535,0.8310684591786535,test,scaffold,Random Forest
OC1CCCCCC1,C1CCCCCC1,-0.8799999952316284,-1.0070714260259865,-0.12707143079435812,0.12707143079435812,test,scaffold,Random Forest
OC1CCCCCCC1,C1CCCCCCC1,-1.2899999618530273,-1.517678869039747,-0.22767890718671957,0.22767890718671957,test,scaffold,Random Forest
OCC(O)C(O)c1nn(-c2ccccc2)c2nc3ccccc3nc12,c1ccc(-n2ncc3nc4ccccc4nc32)cc1,-3.130000114440918,-2.5715023848102936,0.5584977296306244,0.5584977296306244,test,scaffold,Random Forest
OCC(O)C1OC2OC(C(Cl)(Cl)Cl)OC2C1O,C1CC2OCOC2O1,-1.840000033378601,-0.8811953010562058,0.9588047323223953,0.9588047323223953,test,scaffold,Random Forest
OCC(O)[C@H]1OC2O[C@H](C(Cl)(Cl)Cl)O[C@@H]2[C@H]1O,C1CC2OCOC2O1,-1.843000054359436,-0.8811953010562058,0.9618047533032302,0.9618047533032302,test,scaffold,Random Forest
OCC1CC2CC1C1CCC(CO)C21,C1CC2C3CCC(C3)C2C1,-1.2515054941177368,-0.661436963713674,0.5900685304040628,0.5900685304040628,test,scaffold,Random Forest
OCC1CN2CCN1CC2,C1CN2CCN1CC2,0.8470942974090576,0.24773653790759753,-0.5993577595014601,0.5993577595014601,test,scaffold,Random Forest
OCC1OC(OC2(CO)OC(CO)C(O)C2O)C(O)C(O)C1O,C1CCC(OC2CCCO2)OC1,0.7900000214576721,-0.5921298842304041,-1.3821299056880763,1.3821299056880763,test,scaffold,Random Forest
OCC1OC(OC2C(CO)OC(O)C(O)C2O)C(O)C(O)C1O,C1CCC(OC2CCCOC2)OC1,0.357699990272522,-0.1327570528581495,-0.4904570431306715,0.4904570431306715,test,scaffold,Random Forest
OCC1OC(OCC2OC(OC3(CO)OC(CO)C(O)C3O)C(O)C(O)C2O)C(O)C(O)C1O,C1CCC(OCC2CCCC(OC3CCCO3)O2)OC1,0.30000001192092896,-0.8608334492911613,-1.1608334612120903,1.1608334612120903,test,scaffold,Random Forest
OCC1OC(n2c(-c3ccco3)nc3ccccc32)C(O)C(O)C1O,c1coc(-c2nc3ccccc3n2C2CCCCO2)c1,-2.3299999237060547,-1.755303782187549,0.5746961415185057,0.5746961415185057,test,scaffold,Random Forest
OCC1OC(n2c(-c3ccco3)nc3ccccc32)C(O)C1O,c1coc(-c2nc3ccccc3n2C2CCCO2)c1,-2.9200000762939453,-2.1035955961438066,0.8164044801501387,0.8164044801501387,test,scaffold,Random Forest
OCC1OC2OC(C(Cl)(Cl)Cl)OC2C1O,C1CC2OCOC2O1,-2.119999885559082,-0.7272429759790294,1.3927569095800525,1.3927569095800525,test,scaffold,Random Forest
OCC1OC2OC3C(CO)OC(OC4C(CO)OC(OC5C(CO)OC(OC6C(CO)OC(OC7C(CO)OC(OC1C(O)C2O)C(O)C7O)C(O)C6O)C(O)C5O)C(O)C4O)C(O)C3O,C1CC2OCC1OC1CCC(CO1)OC1CCC(CO1)OC1CCC(CO1)OC1CCC(CO1)OC1CCC(CO1)O2,-0.9100000262260437,-0.9291077494128488,-0.019107723186805092,0.019107723186805092,test,scaffold,Random Forest
OC[C@H]1O[C@@H](O[C@@H]2[C@@H](CO)O[C@](O)(CO)[C@H]2O)[C@H](O)[C@@H](O)[C@H]1O,C1CCC(OC2CCOC2)OC1,0.34869998693466187,-0.5299328895828997,-0.8786328765175616,0.8786328765175616,test,scaffold,Random Forest
OC[C@H]1O[C@@H](O[C@H]2[C@H](O)[C@@H](O)[C@H](O)O[C@@H]2CO)[C@H](O)[C@@H](O)[C@H]1O,C1CCC(OC2CCCOC2)OC1,-0.8166999816894531,-0.1327570528581495,0.6839429288313036,0.6839429288313036,test,scaffold,Random Forest
OC[C@H]1O[C@@](CO)(O[C@H]2O[C@H](CO)[C@@H](O)[C@H](O)[C@H]2O)[C@@H](O)[C@@H]1O,C1CCC(OC2CCCO2)OC1,0.7878000140190125,-0.5921298842304041,-1.3799298982494166,1.3799298982494166,test,scaffold,Random Forest
OC[C@H]1O[C@H](OC[C@H]2O[C@H](O[C@]3(CO)O[C@H](CO)[C@@H](O)[C@@H]3O)[C@H](O)[C@@H](O)[C@@H]2O)[C@H](O)[C@@H](O)[C@H]1O,C1CCC(OCC2CCCC(OC3CCCO3)O2)OC1,-0.3962000012397766,-0.8608334492911613,-0.46463344805138473,0.46463344805138473,test,scaffold,Random Forest
ON=C1C=CC(=NO)c2ncccc21,N=C1C=CC(=N)c2ncccc21,-3.799799919128418,-2.071818260567396,1.727981658561022,1.727981658561022,test,scaffold,Random Forest
ON=C1CCCCCCCCC1=NO,N=C1CCCCCCCCC1=N,-2.5813000202178955,-2.913440790913889,-0.33214077069599357,0.33214077069599357,test,scaffold,Random Forest
O[Si](O)(c1ccccc1)c1ccccc1,c1ccc([SiH2]c2ccccc2)cc1,-2.733020544052124,-1.2669507845249197,1.4660697595272043,1.4660697595272043,test,scaffold,Random Forest
Oc1c(-c2ccccc2)cccc1-c1ccccc1,c1ccc(-c2cccc(-c3ccccc3)c2)cc1,-5.683909893035889,-5.100464190249876,0.5834457027860127,0.5834457027860127,test,scaffold,Random Forest
Oc1ccc(C2CCCCC2)c(O)c1,c1ccc(C2CCCCC2)cc1,-2.5762999057769775,-2.8852715656044183,-0.3089716598274408,0.3089716598274408,test,scaffold,Random Forest
Oc1ccc(C2CCCCC2)cc1,c1ccc(C2CCCCC2)cc1,-3.4679999351501465,-3.357960584005036,0.11003935114511032,0.11003935114511032,test,scaffold,Random Forest
Oc1ccc2c(c1)CCC2,c1ccc2c(c1)CCC2,-1.3285000324249268,-1.3125160322214018,0.015984000203524973,0.015984000203524973,test,scaffold,Random Forest
Oc1ccc2c(c1)CCCC2,c1ccc2c(c1)CCCC2,-1.9947999715805054,-1.7194045117369399,0.2753954598435655,0.2753954598435655,test,scaffold,Random Forest
Oc1cccc2cncnc12,c1ccc2ncncc2c1,-2.036099910736084,-1.2951051441124153,0.7409947666236687,0.7409947666236687,test,scaffold,Random Forest
Oc1cccc2nccnc12,c1ccc2nccnc2c1,-1.3467999696731567,-1.3372494300354654,0.009550539637691369,0.009550539637691369,test,scaffold,Random Forest
Oc1cnn(-c2ccccc2)c1,c1ccc(-n2cccn2)cc1,-1.9615999460220337,-1.553005162340866,0.40859478368116764,0.40859478368116764,test,scaffold,Random Forest
S=C(SSSSSSC(=S)N1CCCCC1)N1CCCCC1,S=C(SSSSSSC(=S)N1CCCCC1)N1CCCCC1,-7.631731986999512,-6.248234995575605,1.3834969914239066,1.3834969914239066,test,scaffold,Random Forest
S=P(Oc1ccccc1)(Oc1ccccc1)Oc1ccccc1,S=P(Oc1ccccc1)(Oc1ccccc1)Oc1ccccc1,-6.9546942710876465,-5.639319962136415,1.315374308951231,1.315374308951231,test,scaffold,Random Forest
S=c1[nH]c2ccccc2o1,S=c1[nH]c2ccccc2o1,-2.179500102996826,-2.2584802924827962,-0.07898018948597008,0.07898018948597008,test,scaffold,Random Forest
S=c1[nH]c2ccccc2s1,S=c1[nH]c2ccccc2s1,-3.1515049934387207,-2.8200776316746685,0.3314273617640522,0.3314273617640522,test,scaffold,Random Forest
S=c1[nH]cnc2[nH]cnc12,S=c1[nH]cnc2[nH]cnc12,-2.950000047683716,-1.549524365651691,1.4004756820320248,1.4004756820320248,test,scaffold,Random Forest
S=c1[nH]nc(SSc2n[nH]c(=S)s2)s1,S=c1[nH]nc(SSc2n[nH]c(=S)s2)s1,-3.2522132396698,-3.8761826253345717,-0.6239693856647719,0.6239693856647719,test,scaffold,Random Forest
S=c1nc[nH]c2nccnc12,S=c1nc[nH]c2nccnc12,-2.6470999717712402,-1.7457737484033422,0.901326223367898,0.901326223367898,test,scaffold,Random Forest
S=c1ncc2[nH]cnc2[nH]1,S=c1ncc2[nH]cnc2[nH]1,-2.5803000926971436,-1.7196436599661729,0.8606564327309707,0.8606564327309707,test,scaffold,Random Forest
[N-]=[N+]=C1C=Cc2c(cccc2S(=O)(=O)Oc2ccc(C(=O)c3ccccc3)c(OS(=O)(=O)c3cccc4c3C=CC(=[N+]=[N-])C4=O)c2OS(=O)(=O)c2cccc3c2C=CC(=[N+]=[N-])C3=O)C1=O,[N+]=C1C=Cc2c(cccc2S(=O)(=O)Oc2ccc(C(=O)c3ccccc3)c(OS(=O)(=O)c3cccc4c3C=CC(=[N+])C4=O)c2OS(=O)(=O)c2cccc3c2C=CC(=[N+])C3=O)C1=O,-6.820895195007324,-4.664383537332316,2.156511657675008,2.156511657675008,test,scaffold,Random Forest
c1cc(N(CC2CO2)CC2CO2)ccc1Cc1ccc(N(CC2CO2)CC2CO2)cc1,c1cc(N(CC2CO2)CC2CO2)ccc1Cc1ccc(N(CC2CO2)CC2CO2)cc1,-4.662064552307129,-3.551405337955658,1.1106592143514709,1.1106592143514709,test,scaffold,Random Forest
c1cc(N(CC2CO2)CC2CO2)ccc1OCC1CO1,c1cc(N(CC2CO2)CC2CO2)ccc1OCC1CO1,-1.9192347526550293,-2.002834017544347,-0.08359926488931757,0.08359926488931757,test,scaffold,Random Forest
c1cc(OCC2CO2)c2ccc(OCC3CO3)cc2c1,c1cc(OCC2CO2)c2ccc(OCC3CO3)cc2c1,-3.9191737174987793,-3.2228966774022703,0.696277040096509,0.696277040096509,test,scaffold,Random Forest
c1cc(OCC2CO2)cc(N(CC2CO2)CC2CO2)c1,c1cc(OCC2CO2)cc(N(CC2CO2)CC2CO2)c1,-2.192561149597168,-2.1822725381926573,0.01028861140451065,0.01028861140451065,test,scaffold,Random Forest
c1cc2c3c(c1)ccc1cccc(c13)C2,c1cc2c3c(c1)ccc1cccc(c13)C2,-5.2378997802734375,-5.366828402228053,-0.12892862195461507,0.12892862195461507,test,scaffold,Random Forest
c1cc2c3c(ccc4c3c1CCC4)CCC2,c1cc2c3c(ccc4c3c1CCC4)CCC2,-5.960000038146973,-5.0161498503999775,0.9438501877469951,0.9438501877469951,test,scaffold,Random Forest
c1ccc(-c2cccc(-c3ccccc3)c2)cc1,c1ccc(-c2cccc(-c3ccccc3)c2)cc1,-5.183000087738037,-6.209416036736741,-1.0264159489987037,1.0264159489987037,test,scaffold,Random Forest
c1ccc(-c2cnc(-c3ccc(CN4CCOCC4)cc3)o2)cc1,c1ccc(-c2cnc(-c3ccc(CN4CCOCC4)cc3)o2)cc1,-4.349999904632568,-4.3366889320733515,0.013310972559216872,0.013310972559216872,test,scaffold,Random Forest
c1ccc(-c2ncc[nH]2)cc1,c1ccc(-c2ncc[nH]2)cc1,-1.88938307762146,-1.6955384044888568,0.19384467313260312,0.19384467313260312,test,scaffold,Random Forest
c1ccc(C(c2ccccc2)(c2ccccc2)N2CCOCC2)cc1,c1ccc(C(c2ccccc2)(c2ccccc2)N2CCOCC2)cc1,-7.216800212860107,-4.882000899822782,2.3347993130373252,2.3347993130373252,test,scaffold,Random Forest
c1ccc(C2CCCCC2)cc1,c1ccc(C2CCCCC2)cc1,-4.3415021896362305,-4.7318904030431455,-0.390388213406915,0.390388213406915,test,scaffold,Random Forest
c1ccc(C2CO2)cc1,c1ccc(C2CO2)cc1,-1.906541109085083,-1.5257692199547814,0.3807718891303016,0.3807718891303016,test,scaffold,Random Forest
c1ccc(CCNCc2ccccc2)cc1,c1ccc(CCNCc2ccccc2)cc1,-2.722899913787842,-3.12714128471503,-0.40424137092718837,0.40424137092718837,test,scaffold,Random Forest
c1ccc(CCOC2CCCCC2)cc1,c1ccc(CCOC2CCCCC2)cc1,-2.4180901050567627,-4.277518496836159,-1.859428391779396,1.859428391779396,test,scaffold,Random Forest
c1ccc(CNC23OC4C5C6CC(C7C6C4C72)C53)cc1,c1ccc(CNC23OC4C5C6CC(C7C6C4C72)C53)cc1,-3.4000000953674316,-2.982512292990974,0.41748780237645766,0.41748780237645766,test,scaffold,Random Forest
c1ccc(CNCCNCc2ccccc2)cc1,c1ccc(CNCCNCc2ccccc2)cc1,-1.7864999771118164,-2.95186796312117,-1.1653679860093535,1.1653679860093535,test,scaffold,Random Forest
c1ccc(CNCc2ccccc2)cc1,c1ccc(CNCc2ccccc2)cc1,-2.6876301765441895,-3.045196395660949,-0.3575662191167597,0.3575662191167597,test,scaffold,Random Forest
c1ccc(CNc2ncnc3[nH]cnc23)cc1,c1ccc(CNc2ncnc3[nH]cnc23)cc1,-3.5999999046325684,-2.595834638239543,1.0041652663930254,1.0041652663930254,test,scaffold,Random Forest
c1ccc(COc2ccc3ccccc3c2)cc1,c1ccc(COc2ccc3ccccc3c2)cc1,-6.4776740074157715,-5.33077732591731,1.1468966814984611,1.1468966814984611,test,scaffold,Random Forest
c1ccc(N=NNc2ccccc2)cc1,c1ccc(N=NNc2ccccc2)cc1,-2.5959999561309814,-4.05384706358052,-1.4578471074495383,1.4578471074495383,test,scaffold,Random Forest
c1ccc(Nc2ccc(Nc3ccccc3)cc2)cc1,c1ccc(Nc2ccc(Nc3ccccc3)cc2)cc1,-6.239449501037598,-5.751539250084648,0.4879102509529494,0.4879102509529494,test,scaffold,Random Forest
c1ccc(Nc2ccc3ccccc3c2)cc1,c1ccc(Nc2ccc3ccccc3c2)cc1,-5.495914936065674,-4.5004631503306385,0.9954517857350353,0.9954517857350353,test,scaffold,Random Forest
c1ccc(OCC2CO2)cc1,c1ccc(OCC2CO2)cc1,-1.7963922023773193,-1.42918455132156,0.36720765105575937,0.36720765105575937,test,scaffold,Random Forest
c1ccc(OCCOc2ccccc2)cc1,c1ccc(OCCOc2ccccc2)cc1,-3.9885265827178955,-3.6420593884787316,0.34646719423916394,0.34646719423916394,test,scaffold,Random Forest
c1ccc2c(c1)-c1cccc3c1c-2cc1ccccc13,c1ccc2c(c1)-c1cccc3c1c-2cc1ccccc13,-8.225899696350098,-7.461297866128785,0.7646018302213129,0.7646018302213129,test,scaffold,Random Forest
c1ccc2c(c1)CCC2,c1ccc2c(c1)CCC2,-3.035099983215332,-2.429619849602843,0.6054801336124891,0.6054801336124891,test,scaffold,Random Forest
c1ccc2c(c1)CCCC2,c1ccc2c(c1)CCCC2,-3.5673680305480957,-2.8450446883350047,0.722323342213091,0.722323342213091,test,scaffold,Random Forest
c1ccc2c(c1)CCN2,c1ccc2c(c1)CCN2,-1.0427000522613525,-0.9268098718379103,0.11589018042344224,0.11589018042344224,test,scaffold,Random Forest
c1ccc2c(c1)[nH]c1ccccc12,c1ccc2c(c1)[nH]c1ccccc12,-5.210427761077881,-3.4677271263885996,1.7427006346892813,1.7427006346892813,test,scaffold,Random Forest
c1ccc2c(c1)[nH]c1cnccc12,c1ccc2c(c1)[nH]c1cnccc12,-3.7300000190734863,-2.551186473683971,1.1788135453895152,1.1788135453895152,test,scaffold,Random Forest
c1ccc2c(c1)c1ccccc1c1ccccc21,c1ccc2c(c1)c1ccccc1c1ccccc21,-6.744699954986572,-6.767902698895203,-0.023202743908631085,0.023202743908631085,test,scaffold,Random Forest
c1ccc2c(c1)ccc1c3ccc4ccccc4c3[nH]c21,c1ccc2c(c1)ccc1c3ccc4ccccc4c3[nH]c21,-7.409999847412109,-6.515152103866851,0.8948477435452586,0.8948477435452586,test,scaffold,Random Forest
c1ccc2c(c1)ccc1ncccc12,c1ccc2c(c1)ccc1ncccc12,-3.3573999404907227,-3.2103014129730103,0.14709852751771235,0.14709852751771235,test,scaffold,Random Forest
c1ccc2c3c(ccc2c1)Nc1ccc2ccccc2c1S3,c1ccc2c3c(ccc2c1)Nc1ccc2ccccc2c1S3,-6.878600120544434,-6.466282760472525,0.412317360071909,0.412317360071909,test,scaffold,Random Forest
c1ccc2c3c(ccc2c1)Sc1ccc2ccccc2c1N3,c1ccc2c3c(ccc2c1)Sc1ccc2ccccc2c1N3,-7.908100128173828,-6.457278999756772,1.450821128417056,1.450821128417056,test,scaffold,Random Forest
c1ccc2cnccc2c1,c1ccc2cnccc2c1,-1.4559999704360962,-1.4447186479761922,0.011281322459903986,0.011281322459903986,test,scaffold,Random Forest
c1ccc2cnncc2c1,c1ccc2cnncc2c1,-0.4154999852180481,-1.2883578545512968,-0.8728578693332487,0.8728578693332487,test,scaffold,Random Forest
c1ccc2n[nH]nc2c1,c1ccc2n[nH]nc2c1,-0.7793999910354614,-0.49142511910495773,0.2879748719305037,0.2879748719305037,test,scaffold,Random Forest
c1ccc2nc3ccccc3nc2c1,c1ccc2nc3ccccc3nc2c1,-3.700000047683716,-2.9663609692270776,0.7336390784566382,0.7336390784566382,test,scaffold,Random Forest
c1ccc2nccnc2c1,c1ccc2nccnc2c1,0.7050999999046326,-0.8906465018273036,-1.595746501731936,1.595746501731936,test,scaffold,Random Forest
c1ccc2sc(SN3CCOCC3)nc2c1,c1ccc2sc(SN3CCOCC3)nc2c1,-3.810962677001953,-3.5014589950130706,0.30950368198888256,0.30950368198888256,test,scaffold,Random Forest
c1ncc2n[nH]nc2n1,c1ncc2n[nH]nc2n1,-0.23190000653266907,-0.545893007110972,-0.3139930005783029,0.3139930005783029,test,scaffold,Random Forest
