smiles,scaffold,y_true,y_pred,residual,abs_error,partition,split_method,model
B#N,<ACYCLIC>,-6.394784450531006,0.5859417915344238,6.98072624206543,6.98072624206543,val,random,Small GNN
Br/C=C/Br,<ACYCLIC>,-1.7415000200271606,-1.6995590925216675,0.041940927505493164,0.041940927505493164,val,random,Small GNN
Brc1c(Br)c(Br)c(Oc2c(Br)c(Br)c(Br)c(Br)c2Br)c(Br)c1Br,c1ccc(Oc2ccccc2)cc1,-9.98189640045166,-9.67013931274414,0.31175708770751953,0.31175708770751953,val,random,Small GNN
Brc1cc(Br)c(OCCOc2c(Br)cc(Br)cc2Br)c(Br)c1,c1ccc(OCCOc2ccccc2)cc1,-6.536300182342529,-7.711155891418457,-1.1748557090759277,1.1748557090759277,val,random,Small GNN
Brc1cc(Br)cc(Br)c1,c1ccccc1,-5.600399971008301,-4.855528831481934,0.7448711395263672,0.7448711395263672,val,random,Small GNN
Brc1ccc(Br)c(Br)c1,c1ccccc1,-4.808000087738037,-4.804096221923828,0.0039038658142089844,0.0039038658142089844,val,random,Small GNN
Brc1ccc2c(c1)Sc1ccccc1N2,c1ccc2c(c1)Nc1ccccc1S2,-6.1118998527526855,-5.961363315582275,0.15053653717041016,0.15053653717041016,val,random,Small GNN
Brc1cccc(Nc2ncnc3cc4[nH]ccc4cc23)c1,c1ccc(Nc2ncnc3cc4[nH]ccc4cc23)cc1,-2.819999933242798,-5.254251003265381,-2.434251070022583,2.434251070022583,val,random,Small GNN
Brc1ccccc1Br,c1ccccc1,-3.5,-3.109351634979248,0.39064836502075195,0.39064836502075195,val,random,Small GNN
C#C,<ACYCLIC>,-1.3364263772964478,0.21132326126098633,1.547749638557434,1.547749638557434,val,random,Small GNN
C#CC(O)CCC,<ACYCLIC>,-0.4120999872684479,-0.66560959815979,-0.25350961089134216,0.25350961089134216,val,random,Small GNN
C#CC1(OC(=O)c2ccccc2)CCC2C3CCC4=CC(=O)CCC4C3CCC21C,O=C1C=C2CCC3C(CCC4C(OC(=O)c5ccccc5)CCC43)C2CC1,-7.75,-5.282465934753418,2.467534065246582,2.467534065246582,val,random,Small GNN
C#C[C@]1(O)CC[C@H]2[C@@H]3CCc4cc(O)ccc4[C@H]3CC[C@@]21C,c1ccc2c(c1)CCC1C2CCC2CCCC21,-4.4191999435424805,-4.40690279006958,0.01229715347290039,0.01229715347290039,val,random,Small GNN
C(=C/CSc1nnc(-c2ccccc2)c(-c2ccccc2)n1)\CSc1nnc(-c2ccccc2)c(-c2ccccc2)n1,C(=CCSc1nnc(-c2ccccc2)c(-c2ccccc2)n1)CSc1nnc(-c2ccccc2)c(-c2ccccc2)n1,-7.025125503540039,-5.1650896072387695,1.8600358963012695,1.8600358963012695,val,random,Small GNN
C/C=C/C#N,<ACYCLIC>,-0.4287000000476837,-0.6117086410522461,-0.18300864100456238,0.18300864100456238,val,random,Small GNN
C1=CCC(C2OCC3(CO2)COC(C2CC=CCC2)OC3)CC1,C1=CCC(C2OCC3(CO2)COC(C2CC=CCC2)OC3)CC1,-5.2397356033325195,-2.206050395965576,3.0336852073669434,3.0336852073669434,val,random,Small GNN
C1=C\CCCCCC/1,C1=CCCCCCC1,-3.7703399658203125,-4.038302898406982,-0.2679629325866699,0.2679629325866699,val,random,Small GNN
C1CCC2CCCCC2C1,C1CCC2CCCCC2C1,-4.1406779289245605,-5.167442798614502,-1.0267648696899414,1.0267648696899414,val,random,Small GNN
C1CCCCC1,C1CCCCC1,-3.0999999046325684,-4.647800922393799,-1.5478010177612305,1.5478010177612305,val,random,Small GNN
C1CCNCC1,C1CCNCC1,1.0698153972625732,0.3236818313598633,-0.74613356590271,0.74613356590271,val,random,Small GNN
C1CCOCOC1,C1CCOCOC1,0.4107896685600281,0.06295657157897949,-0.3478330969810486,0.3478330969810486,val,random,Small GNN
C1O[C@@H]1[C@@H]1CO1,C1OC1C1CO1,1.065000057220459,-0.03435850143432617,-1.0993585586547852,1.0993585586547852,val,random,Small GNN
C=C(C)C(=O)NC(C)C,<ACYCLIC>,-0.6201428771018982,-0.9440531730651855,-0.32391029596328735,0.32391029596328735,val,random,Small GNN
C=C(C)C(=O)OCCCCCCCCCCCCCCCCCC,<ACYCLIC>,-8.529656410217285,-7.216948509216309,1.3127079010009766,1.3127079010009766,val,random,Small GNN
C=C(C)CN(CC)c1c([N+](=O)[O-])cc(C(F)(F)F)cc1[N+](=O)[O-],c1ccccc1,-6.124000072479248,-4.978452205657959,1.145547866821289,1.145547866821289,val,random,Small GNN
C=C(C)OC(C)=O,<ACYCLIC>,-0.5277513861656189,-0.20261621475219727,0.32513517141342163,0.32513517141342163,val,random,Small GNN
C=C(C)[C@H]1CC=C(C)CC1,C1=CCCCC1,-4.346837997436523,-3.407569646835327,0.9392683506011963,0.9392683506011963,val,random,Small GNN
C=C(C)[C@H]1Cc2c(ccc3c2O[C@@H]2COc4cc(OC)c(OC)cc4[C@@H]2C3=O)O1,O=C1c2ccc3c(c2OC2COc4ccccc4C12)CCO3,-6.294899940490723,-5.061468124389648,1.2334318161010742,1.2334318161010742,val,random,Small GNN
C=C1C2CCC(C2)C1(C)C,C=C1CC2CCC1C2,-4.471540451049805,-4.680506229400635,-0.20896577835083008,0.20896577835083008,val,random,Small GNN
C=C1C2CCC3C2C(C)(C)CCCC13C,C=C1C2CCC3C1CCCCC23,-4.412762641906738,-6.137893199920654,-1.725130558013916,1.725130558013916,val,random,Small GNN
C=C1CCC(C)=CCCC=C(C)CC[C@@H]1C(C)=O,C=C1CCC=CCCC=CCCC1,-5.449126243591309,-2.614471912384033,2.8346543312072754,2.8346543312072754,val,random,Small GNN
C=C1c2cccc(O)c2C(O)=C2C(=O)[C@]3(O)C(=O)/C(=C(/N)O)C(=O)[C@@H](N(C)C)[C@@H]3[C@@H](O)[C@H]12,C=C1C(=O)CC2CC3C(=C)c4ccccc4C=C3C(=O)C2C1=O,-1.7680000066757202,-2.411630392074585,-0.6436303853988647,0.6436303853988647,val,random,Small GNN
C=CC(=O)NC(C)(C)CS(=O)(=O)O,<ACYCLIC>,0.33869287371635437,0.46662139892578125,0.12792852520942688,0.12792852520942688,val,random,Small GNN
C=CC(=O)OC(C)(C)C,<ACYCLIC>,-1.8045936822891235,-1.5114754438400269,0.2931182384490967,0.2931182384490967,val,random,Small GNN
C=CC(=O)OCC(CC)(COCC(CC)(COC(=O)C=C)COC(=O)C=C)COC(=O)C=C,<ACYCLIC>,-4.492785453796387,-4.255116939544678,0.23766851425170898,0.23766851425170898,val,random,Small GNN
C=CC(=O)OCCC(C)CCOC(=O)C=C,<ACYCLIC>,-2.6214334964752197,-3.285902261734009,-0.6644687652587891,0.6644687652587891,val,random,Small GNN
C=CC(=O)OCCCO,<ACYCLIC>,0.8855791687965393,-0.21230196952819824,-1.0978811383247375,1.0978811383247375,val,random,Small GNN
C=CC(=O)OCCCS(=O)(=O)O,<ACYCLIC>,1.1562683582305908,0.4499807357788086,-0.7062876224517822,0.7062876224517822,val,random,Small GNN
C=CC(=O)O[Si](C(C)C)(C(C)C)C(C)C,<ACYCLIC>,-4.943737983703613,-4.119394302368164,0.8243436813354492,0.8243436813354492,val,random,Small GNN
C=CC1(C)OC(=O)N(c2cc(Cl)cc(Cl)c2)C1=O,O=C1COC(=O)N1c1ccccc1,-4.925000190734863,-4.053442478179932,0.8715577125549316,0.8715577125549316,val,random,Small GNN
C=CCC,<ACYCLIC>,-1.940000057220459,-1.4572566747665405,0.48274338245391846,0.48274338245391846,val,random,Small GNN
C=CCC1(C(C)CCC)C(=O)NC(=O)NC1=O,O=C1CC(=O)NC(=O)N1,-2.359999895095825,-2.9269652366638184,-0.5669653415679932,0.5669653415679932,val,random,Small GNN
C=CCC1(CC)C(=O)NC(=O)NC1=O,O=C1CC(=O)NC(=O)N1,-1.6100000143051147,-2.2016005516052246,-0.5916005373001099,0.5916005373001099,val,random,Small GNN
C=CCC1(c2ccccc2)C(=O)NC(=O)NC1=O,O=C1NC(=O)C(c2ccccc2)C(=O)N1,-2.180000066757202,-2.8261537551879883,-0.6461536884307861,0.6461536884307861,val,random,Small GNN
C=CCCCCCCC,<ACYCLIC>,-5.052000045776367,-5.293539047241211,-0.24153900146484375,0.24153900146484375,val,random,Small GNN
C=CCCCCCCCCC(=O)O,<ACYCLIC>,-3.552826166152954,-3.471421718597412,0.08140444755554199,0.08140444755554199,val,random,Small GNN
C=CCOC(=O)CCC1CCCCC1,C1CCCCC1,-4.0624494552612305,-4.009075164794922,0.053374290466308594,0.053374290466308594,val,random,Small GNN
C=CCOC(=O)COc1ccccc1,c1ccccc1,-2.5363731384277344,-2.5071983337402344,0.0291748046875,0.0291748046875,val,random,Small GNN
C=CCOCC(O)CS(=O)(=O)O,<ACYCLIC>,0.553839921951294,0.6858580112457275,0.1320180892944336,0.1320180892944336,val,random,Small GNN
C=CCOCC1CO1,C1CO1,0.04975688084959984,-0.5653607845306396,-0.6151176653802395,0.6151176653802395,val,random,Small GNN
C=CCS(=O)(=O)O,<ACYCLIC>,0.6949528455734253,-0.09680557250976562,-0.7917584180831909,0.7917584180831909,val,random,Small GNN
C=CN1CCCCCC1=O,O=C1CCCCCN1,-0.4507860839366913,-0.9454388618469238,-0.49465277791023254,0.49465277791023254,val,random,Small GNN
C=COC(=O)CCCCCC(C)(C)C,<ACYCLIC>,-4.581332683563232,-5.008395671844482,-0.42706298828125,0.42706298828125,val,random,Small GNN
C=COCCCCO,<ACYCLIC>,-0.18999533355236053,-0.5328395366668701,-0.3428442031145096,0.3428442031145096,val,random,Small GNN
C=C[C@@](C)(/C=C/c1ccc(O)cc1)CCC=C(C)C,c1ccccc1,-6.33701753616333,-5.162225723266602,1.1747918128967285,1.1747918128967285,val,random,Small GNN
C=C[C@H]1CN2CC[C@H]1C[C@@H]2[C@@H](O)c1ccnc2ccc(OC)cc12,c1ccc2c(CC3CC4CCN3CC4)ccnc2c1,-2.812143087387085,-2.7653894424438477,0.046753644943237305,0.046753644943237305,val,random,Small GNN
C=C[Si](C)(OC)OC,<ACYCLIC>,0.5776236057281494,-2.479541778564453,-3.0571653842926025,3.0571653842926025,val,random,Small GNN
C=Cc1ccc(C)cc1,c1ccccc1,-3.123199939727783,-3.172229766845703,-0.04902982711791992,0.04902982711791992,val,random,Small GNN
C=Cn1cc[n+](C)c1,c1c[nH+]c[nH]1,0.6570841073989868,0.8781142234802246,0.2210301160812378,0.2210301160812378,val,random,Small GNN
C=NO,<ACYCLIC>,0.5767999887466431,0.16195321083068848,-0.4148467779159546,0.4148467779159546,val,random,Small GNN
CC(/C=N/O)=N\O,<ACYCLIC>,-0.3499999940395355,-0.05408048629760742,0.2959195077419281,0.2959195077419281,val,random,Small GNN
CC(=NNc1nc(C)cc(C)n1)c1ccccc1C,C(=NNc1ncccn1)c1ccccc1,-3.200000047683716,-3.3164031505584717,-0.11640310287475586,0.11640310287475586,val,random,Small GNN
CC(=O)/C=C/c1ccccc1,c1ccccc1,-2.050971269607544,-2.6219985485076904,-0.5710272789001465,0.5710272789001465,val,random,Small GNN
CC(=O)C(N=Nc1ccc(Cl)cc1[N+](=O)[O-])C(=O)Nc1ccc2[nH]c(=O)[nH]c2c1,O=C(CN=Nc1ccccc1)Nc1ccc2[nH]c(=O)[nH]c2c1,-7.473779678344727,-6.454205513000488,1.0195741653442383,1.0195741653442383,val,random,Small GNN
CC(=O)C1=C(C)C2CC3(C1)C(C)CCC3C2(C)C,C1=CC2CC3CCCC3(C1)C2,-4.613478660583496,-5.040395259857178,-0.42691659927368164,0.42691659927368164,val,random,Small GNN
CC(=O)C=C(C)NC1CCCCC1NC(C)=CC(C)=O,C1CCCCC1,-2.109999895095825,-1.7807035446166992,0.329296350479126,0.329296350479126,val,random,Small GNN
CC(=O)CC(=O)c1ccccc1,c1ccccc1,-2.626800060272217,-1.5564162731170654,1.0703837871551514,1.0703837871551514,val,random,Small GNN
CC(=O)CC(C)=Nc1ccc(O)cc1,c1ccccc1,-3.5899999141693115,-1.3707873821258545,2.219212532043457,2.219212532043457,val,random,Small GNN
CC(=O)CC(N)=O,<ACYCLIC>,0.9952273368835449,0.6453835964202881,-0.34984374046325684,0.34984374046325684,val,random,Small GNN
CC(=O)CC(c1ccc(Cl)cc1)c1c(O)oc2ccccc2c1=O,O=c1c(Cc2ccccc2)coc2ccccc12,-5.835999965667725,-4.009945869445801,1.8260540962219238,1.8260540962219238,val,random,Small GNN
CC(=O)CO,<ACYCLIC>,1.1303000450134277,1.5235135555267334,0.39321351051330566,0.39321351051330566,val,random,Small GNN
CC(=O)N(C)C(=O)COC(=O)c1ccccc1,c1ccccc1,-2.8664000034332275,-1.4850832223892212,1.3813167810440063,1.3813167810440063,val,random,Small GNN
CC(=O)N(C)c1ccc(S(=O)(=O)N(C)C)cc1,c1ccccc1,-2.299999952316284,-2.373108386993408,-0.07310843467712402,0.07310843467712402,val,random,Small GNN
CC(=O)N(CCN(C(C)=O)C(C)=O)C(C)=O,<ACYCLIC>,-2.2792258262634277,-0.33866310119628906,1.9405627250671387,1.9405627250671387,val,random,Small GNN
CC(=O)NC(C(=O)O)C(C)C,<ACYCLIC>,-0.6324999928474426,-0.49835920333862305,0.13414078950881958,0.13414078950881958,val,random,Small GNN
CC(=O)NCC(=O)Nc1ccccc1,c1ccccc1,-1.5678000450134277,-1.502323031425476,0.06547701358795166,0.06547701358795166,val,random,Small GNN
CC(=O)Nc1ccc(NC(=O)c2cc3ccccc3cc2O)cc1,O=C(Nc1ccccc1)c1ccc2ccccc2c1,-5.250349521636963,-5.105525970458984,0.14482355117797852,0.14482355117797852,val,random,Small GNN
CC(=O)Nc1ccc(OC(C)=O)cc1,c1ccccc1,-1.9076000452041626,-1.8201489448547363,0.08745110034942627,0.08745110034942627,val,random,Small GNN
CC(=O)Nc1ccncc1NS(=O)(=O)c1ccc([N+](=O)[O-])cc1,O=S(=O)(Nc1cccnc1)c1ccccc1,-3.390000104904175,-3.4074857234954834,-0.017485618591308594,0.017485618591308594,val,random,Small GNN
CC(=O)Nc1nc2c(ncn2COCCOC(C)=O)c(=O)[nH]1,O=c1[nH]cnc2[nH]cnc12,-2.140000104904175,-2.413325548171997,-0.27332544326782227,0.27332544326782227,val,random,Small GNN
CC(=O)OC(C)(C)Cc1ccccc1,c1ccccc1,-2.3946499824523926,-2.657348871231079,-0.2626988887786865,0.2626988887786865,val,random,Small GNN
CC(=O)OC(C)C,<ACYCLIC>,-0.546768069267273,-0.28705763816833496,0.259710431098938,0.259710431098938,val,random,Small GNN
CC(=O)OC1C2(C)CCC(C2)C1(C)C,C1CC2CCC1C2,-3.8745968341827393,-4.090068817138672,-0.21547198295593262,0.21547198295593262,val,random,Small GNN
CC(=O)OC1CCC2(C)C(=CCC3C4CCC(=O)C4(C)CCC32)C1,O=C1CCC2C1CCC1C3CCCCC3=CCC21,-4.53000020980835,-4.340197563171387,0.1898026466369629,0.1898026466369629,val,random,Small GNN
CC(=O)OC1CCC2CCCCC2C1,C1CCC2CCCCC2C1,-3.56050443649292,-3.2121622562408447,0.3483421802520752,0.3483421802520752,val,random,Small GNN
CC(=O)OCC(=O)[C@@]1(O)CC[C@H]2[C@@H]3CCC4=CC(=O)CC[C@]4(C)[C@H]3[C@@H](O)C[C@@]21C,O=C1C=C2CCC3C4CCCC4CCC3C2CC1,-4.457699775695801,-3.6028366088867188,0.854863166809082,0.854863166809082,val,random,Small GNN
CC(=O)OCC(COC(C)=O)(COC(C)=O)COC(C)=O,<ACYCLIC>,-1.568600058555603,-1.6116923093795776,-0.04309225082397461,0.04309225082397461,val,random,Small GNN
CC(=O)OCC1=C(C(=O)O)N2C(=O)[C@@H](NC(=O)Cc3cccs3)[C@H]2SC1,O=C(Cc1cccs1)NC1C(=O)N2C=CCSC12,-2.940000057220459,-2.680009603500366,0.2599904537200928,0.2599904537200928,val,random,Small GNN
CC(=O)OCCN(CCOC(C)=O)c1ccc(N=Nc2ccc([N+](=O)[O-])cc2C#N)cc1,c1ccc(N=Nc2ccccc2)cc1,-7.300465106964111,-5.630182266235352,1.6702828407287598,1.6702828407287598,val,random,Small GNN
CC(=O)OCCS,<ACYCLIC>,-1.5,-0.22310972213745117,1.2768902778625488,1.2768902778625488,val,random,Small GNN
CC(=O)OCn1cnc2c1c(=O)n(C)c(=O)n2C,O=c1[nH]c(=O)c2[nH]cnc2[nH]1,-1.8300000429153442,-1.3307145833969116,0.4992854595184326,0.4992854595184326,val,random,Small GNN
CC(=O)O[C@@H]1C[C@H](C)CC[C@H]1C(C)C,C1CCCCC1,-3.975116491317749,-2.822021484375,1.153095006942749,1.153095006942749,val,random,Small GNN
CC(=O)O[C@H]1CC[C@H]2[C@@H]3CC[C@H]4CC(=O)C[C@H](C)[C@]4(C)[C@H]3CC[C@]12C,O=C1CCC2C(CCC3C4CCCC4CCC23)C1,-5.092558860778809,-4.617517471313477,0.47504138946533203,0.47504138946533203,val,random,Small GNN
CC(=O)Oc1ccc(NC(=O)c2ccccc2)cc1,O=C(Nc1ccccc1)c1ccccc1,-4.139999866485596,-4.163302421569824,-0.023302555084228516,0.023302555084228516,val,random,Small GNN
CC(=O)Oc1ccccc1/C=C/C(=O)O,c1ccccc1,-3.155900001525879,-2.1382248401641846,1.0176751613616943,1.0176751613616943,val,random,Small GNN
CC(=O)Oc1ccccc1C(=O)OCS(C)(=O)=O,c1ccccc1,-3.3935999870300293,-1.934635043144226,1.4589649438858032,1.4589649438858032,val,random,Small GNN
CC(=O)[C@H]1CC[C@H]2[C@@H]3CCC4=CC(=O)CC[C@]4(C)[C@H]3CC[C@]12C,O=C1C=C2CCC3C4CCCC4CCC3C2CC1,-4.552599906921387,-4.803741931915283,-0.2511420249938965,0.2511420249938965,val,random,Small GNN
CC(=O)c1c(O)c(C)c(O)c2c1OC1=CC(=O)C(C(C)=O)C(=O)C12C,O=C1C=C2Oc3ccccc3C2C(=O)C1,-3.5369999408721924,-2.948341131210327,0.5886588096618652,0.5886588096618652,val,random,Small GNN
CC(=O)c1cc(Nc2nc(Nc3cc(C(C)=O)c(N)c4c3C(=O)c3ccccc3C4=O)nc(-c3ccccc3)n2)c2c(c1N)C(=O)c1ccccc1C2=O,O=C1c2ccccc2C(=O)c2c(Nc3nc(Nc4cccc5c4C(=O)c4ccccc4C5=O)nc(-c4ccccc4)n3)cccc21,-4.950431823730469,-5.904722213745117,-0.9542903900146484,0.9542903900146484,val,random,Small GNN
CC(Br)(CBr)COc1c(Br)cc(C(C)(C)c2cc(Br)c(OCC(C)(Br)CBr)c(Br)c2)cc1Br,c1ccc(Cc2ccccc2)cc1,-7.686491012573242,-8.702034950256348,-1.0155439376831055,1.0155439376831055,val,random,Small GNN
CC(C(=O)O)N(C(=O)c1ccccc1)c1ccc(F)c(Cl)c1,O=C(Nc1ccccc1)c1ccccc1,-4.247399806976318,-3.2714338302612305,0.9759659767150879,0.9759659767150879,val,random,Small GNN
CC(C)(C)C(O)C(Oc1ccc(Cl)cc1)n1cncn1,c1ccc(OCn2cncn2)cc1,-3.3917999267578125,-3.745911121368408,-0.3541111946105957,0.3541111946105957,val,random,Small GNN
CC(C)(C)CC(=O)OCC(=O)C12OC(C)(C)OC1CC1C3CCC4=CC(=O)C=CC4(C)C3(F)C(O)CC12C,O=C1C=CC2C(=C1)CCC1C2CCC2C1CC1OCOC12,-5.119999885559082,-4.733519554138184,0.38648033142089844,0.38648033142089844,val,random,Small GNN
CC(C)(C)CO,<ACYCLIC>,-0.40119999647140503,-0.10967063903808594,0.2915293574333191,0.2915293574333191,val,random,Small GNN
CC(C)(C)N,<ACYCLIC>,1.1358510255813599,0.3568885326385498,-0.7789624929428101,0.7789624929428101,val,random,Small GNN
CC(C)(C)NC(=O)COC(=O)c1ccccc1,c1ccccc1,-2.866499900817871,-2.834953784942627,0.03154611587524414,0.03154611587524414,val,random,Small GNN
CC(C)(C)NC(=O)[C@@H]1C[C@@H]2CCCC[C@H]2CN1,C1CCC2CNCCC2C1,-2.161609411239624,-1.6372780799865723,0.5243313312530518,0.5243313312530518,val,random,Small GNN
CC(C)(C)NC[C@@H](O)COc1ccccc1C1CCCC1,c1ccc(C2CCCC2)cc1,-1.6195000410079956,-3.6805858612060547,-2.061085820198059,2.061085820198059,val,random,Small GNN
CC(C)(C)OOC(C)(C)C,<ACYCLIC>,-2.9320404529571533,-2.836090326309204,0.09595012664794922,0.09595012664794922,val,random,Small GNN
CC(C)(C)OOC(C)(C)c1ccccc1,c1ccccc1,-4.290934085845947,-3.979048490524292,0.3118855953216553,0.3118855953216553,val,random,Small GNN
CC(C)(C)[C@@H](O)[C@H](Oc1ccc(Cl)cc1)n1cncn1,c1ccc(OCn2cncn2)cc1,-3.6786000728607178,-3.745911121368408,-0.06731104850769043,0.06731104850769043,val,random,Small GNN
CC(C)(C)c1cc(CCC(=O)OCCCCCCOC(=O)CCc2cc(C(C)(C)C)c(O)c(C(C)(C)C)c2)cc(C(C)(C)C)c1O,O=C(CCc1ccccc1)OCCCCCCOC(=O)CCc1ccccc1,-8.106483459472656,-6.884860992431641,1.2216224670410156,1.2216224670410156,val,random,Small GNN
CC(C)(C)c1cc(Cc2cc(C(C)(C)C)c(O)c(C(C)(C)C)c2)cc(C(C)(C)C)c1O,c1ccc(Cc2ccccc2)cc1,-8.628050804138184,-6.979434967041016,1.648615837097168,1.648615837097168,val,random,Small GNN
CC(C)(C)c1ccc(CSc2cnn(C(C)(C)C)c(=O)c2Cl)cc1,O=c1cc(SCc2ccccc2)cn[nH]1,-7.482999801635742,-5.976120471954346,1.5068793296813965,1.5068793296813965,val,random,Small GNN
CC(C)(C)c1ccccc1O,c1ccccc1,-2.1899588108062744,-2.6130576133728027,-0.4230988025665283,0.4230988025665283,val,random,Small GNN
CC(C)(CCC(C)(C)CC(=O)O)CC(=O)O,<ACYCLIC>,-3.1319000720977783,-1.817415475845337,1.3144845962524414,1.3144845962524414,val,random,Small GNN
CC(C)(CO)C(O)C(=O)NCCCO,<ACYCLIC>,0.43767645955085754,0.13924312591552734,-0.2984333336353302,0.2984333336353302,val,random,Small GNN
CC(C)(COCc1cccc(Oc2ccccc2)c1)c1ccc(OC(F)(F)Br)cc1,c1ccc(CCOCc2cccc(Oc3ccccc3)c2)cc1,-9.979900360107422,-6.4870195388793945,3.4928808212280273,3.4928808212280273,val,random,Small GNN
CC(C)(O)CC(C)(O)c1cccc2ccccc12,c1ccc2ccccc2c1,-3.2418999671936035,-2.548433542251587,0.6934664249420166,0.6934664249420166,val,random,Small GNN
CC(C)(OO)c1ccccc1,c1ccccc1,-1.0393798351287842,-1.833911418914795,-0.7945315837860107,0.7945315837860107,val,random,Small GNN
CC(C)(SC(=O)N1CCCCC1)c1ccccc1,O=C(SCc1ccccc1)N1CCCCC1,-4.11959981918335,-3.8322863578796387,0.28731346130371094,0.28731346130371094,val,random,Small GNN
CC(C)(c1ccc(OC#N)cc1)c1ccc(OC#N)cc1,c1ccc(Cc2ccccc2)cc1,-5.469558238983154,-5.3056135177612305,0.16394472122192383,0.16394472122192383,val,random,Small GNN
CC(C)=CC1CC(C)CCO1,C1CCOCC1,-2.2244458198547363,-2.1127283573150635,0.11171746253967285,0.11171746253967285,val,random,Small GNN
CC(C)=CCC[C@@H](C)CCO,<ACYCLIC>,-2.7067344188690186,-2.710669994354248,-0.003935575485229492,0.003935575485229492,val,random,Small GNN
CC(C)C1(C)CCCC(O)C1,C1CCCCC1,-0.6000000238418579,-2.6429221630096436,-2.0429221391677856,2.0429221391677856,val,random,Small GNN
CC(C)C1(NC(=O)C2CC3c4cccc5[nH]cc(c45)CC3N(C)C2)OC2(O)C3CCCN3C(=O)C(Cc3ccccc3)N2C1=O,O=C(NC1OC2C3CCCN3C(=O)C(Cc3ccccc3)N2C1=O)C1CNC2Cc3c[nH]c4cccc(c34)C2C1,-5.269999980926514,-3.3821487426757812,1.8878512382507324,1.8878512382507324,val,random,Small GNN
CC(C)C1CCC(Cc2ccc(Cl)cc2)C1(O)Cn1cncn1,c1ccc(CC2CCCC2Cn2cncn2)cc1,-4.682799816131592,-3.522463083267212,1.1603367328643799,1.1603367328643799,val,random,Small GNN
CC(C)C1OCC2(CO1)COC(C(C)C)OC2,C1OCC2(CO1)COCOC2,-3.109999895095825,-1.0718464851379395,2.0381534099578857,2.0381534099578857,val,random,Small GNN
CC(C)CC(C)O,<ACYCLIC>,-0.7944999933242798,-0.4917337894439697,0.30276620388031006,0.30276620388031006,val,random,Small GNN
CC(C)CC(C)OC(=O)CC(C(=O)OC(C)CC(C)C)S(=O)(=O)O,<ACYCLIC>,0.1096259355545044,-0.8372514247894287,-0.9468773603439331,0.9468773603439331,val,random,Small GNN
CC(C)CC(CC(C)C)(CC(C)C)C(=O)NO,<ACYCLIC>,-4.0,-3.2001125812530518,0.7998874187469482,0.7998874187469482,val,random,Small GNN
CC(C)CC(N)C(=O)NC(C(=O)O)C(C)C,<ACYCLIC>,-0.17000000178813934,-1.0396000146865845,-0.8696000128984451,0.8696000128984451,val,random,Small GNN
CC(C)CC(N)C(=O)NC(Cc1c[nH]c2ccccc12)C(=O)O,c1ccc2[nH]ccc2c1,-1.1200000047683716,-2.2336599826812744,-1.1136599779129028,1.1136599779129028,val,random,Small GNN
CC(C)CC(O)CC(C)C,<ACYCLIC>,-2.1589999198913574,-1.9648548364639282,0.1941450834274292,0.1941450834274292,val,random,Small GNN
CC(C)CC1(CCO)C(=O)NC(=S)NC1=O,O=C1CC(=O)NC(=S)N1,-2.619999885559082,-2.1169850826263428,0.5030148029327393,0.5030148029327393,val,random,Small GNN
CC(C)CCC1(CCO)C(=O)NC(=S)NC1=O,O=C1CC(=O)NC(=S)N1,-2.559999942779541,-2.376133918762207,0.18386602401733398,0.18386602401733398,val,random,Small GNN
CC(C)CCCCCC(=O)NCCCCCC(=O)O,<ACYCLIC>,-2.7708535194396973,-3.272730588912964,-0.5018770694732666,0.5018770694732666,val,random,Small GNN
CC(C)CCCCCCCCCCCCCCC(=O)OC(CO)CO,<ACYCLIC>,-6.855595588684082,-5.3833537101745605,1.4722418785095215,1.4722418785095215,val,random,Small GNN
CC(C)CCCCCCCCCCCCCCC(=O)OCC(COC(=O)CCCCCCCCCCCCCCC(C)C)(COC(=O)CCCCCCCCCCCCCCC(C)C)COC(=O)CCCCCCCCCCCCCCC(C)C,<ACYCLIC>,-7.3809428215026855,-8.301881790161133,-0.9209389686584473,0.9209389686584473,val,random,Small GNN
CC(C)CCCCCOC(=O)CCS,<ACYCLIC>,-4.454381465911865,-4.788986682891846,-0.33460521697998047,0.33460521697998047,val,random,Small GNN
CC(C)CN1CCOCC1,C1COCCN1,-0.708899974822998,-0.4985175132751465,0.21038246154785156,0.21038246154785156,val,random,Small GNN
CC(C)CNC(=O)N1CCNC1=O,O=C1NCCN1,-2.1538000106811523,-1.6742833852767944,0.4795166254043579,0.4795166254043579,val,random,Small GNN
CC(C)CNC(=O)c1cc(N2CC2)c([N+](=O)[O-])cc1[N+](=O)[O-],c1ccc(N2CC2)cc1,-3.8499999046325684,-4.731415271759033,-0.8814153671264648,0.8814153671264648,val,random,Small GNN
CC(C)COC(=O)C(C)(C)O,<ACYCLIC>,-0.7275999784469604,-0.8246665000915527,-0.09706652164459229,0.09706652164459229,val,random,Small GNN
CC(C)COC(=O)n1c(-c2cscn2)nc2ccccc21,c1ccc2[nH]c(-c3cscn3)nc2c1,-4.170000076293945,-3.991223096847534,0.17877697944641113,0.17877697944641113,val,random,Small GNN
CC(C)C[C@H](N)C(=O)N[C@H](CCC(N)=O)C(=O)O,<ACYCLIC>,-1.5686999559402466,-0.8236203193664551,0.7450796365737915,0.7450796365737915,val,random,Small GNN
CC(C)Cc1ccc(C(C)C(=O)NO)cc1,c1ccccc1,-3.0439999103546143,-3.1505930423736572,-0.10659313201904297,0.10659313201904297,val,random,Small GNN
CC(C)N=c1cc2n(-c3ccc(Cl)cc3)c3ccccc3nc-2cc1Nc1ccc(Cl)cc1,N=c1cc2n(-c3ccccc3)c3ccccc3nc-2cc1Nc1ccccc1,-6.239999771118164,-6.577155113220215,-0.3371553421020508,0.3371553421020508,val,random,Small GNN
CC(C)NC(=O)COC(=O)c1ccccc1,c1ccccc1,-2.732100009918213,-2.3338630199432373,0.3982369899749756,0.3982369899749756,val,random,Small GNN
CC(C)NC(=O)c1cc(N2CC2)c([N+](=O)[O-])cc1[N+](=O)[O-],c1ccc(N2CC2)cc1,-3.5,-4.4119672775268555,-0.9119672775268555,0.9119672775268555,val,random,Small GNN
CC(C)Nc1nc(N)nc(Cl)n1,c1ncncn1,-2.7063000202178955,-2.403498888015747,0.30280113220214844,0.30280113220214844,val,random,Small GNN
CC(C)OC(=O)C(F)(F)F,<ACYCLIC>,-1.3360787630081177,-1.7962905168533325,-0.46021175384521484,0.46021175384521484,val,random,Small GNN
CC(C)OC(=O)C(O)(c1ccc(Cl)cc1)c1cccc(Cl)c1,c1ccc(Cc2ccccc2)cc1,-4.53000020980835,-4.982343673706055,-0.4523434638977051,0.4523434638977051,val,random,Small GNN
CC(C)OC(=O)C1(S(=O)(=O)c2ccc(Cl)cc2)CC1,O=S(=O)(c1ccccc1)C1CC1,-3.54010009765625,-4.46946907043457,-0.9293689727783203,0.9293689727783203,val,random,Small GNN
CC(C)OC(=O)C1(S(=O)(=O)c2ccc([N+](=O)[O-])cc2)CCC1,O=S(=O)(c1ccccc1)C1CCC1,-3.7599000930786133,-4.114116668701172,-0.3542165756225586,0.3542165756225586,val,random,Small GNN
CC(C)OC(=O)CCCCC(=O)OC(C)C,<ACYCLIC>,-3.1070289611816406,-3.1095166206359863,-0.002487659454345703,0.002487659454345703,val,random,Small GNN
CC(C)OC(=O)Nc1ccccc1,c1ccccc1,-3.000499963760376,-2.8993873596191406,0.10111260414123535,0.10111260414123535,val,random,Small GNN
CC(C)OP(=O)(F)OC(C)C,<ACYCLIC>,-1.0777000188827515,-0.4995296001434326,0.5781704187393188,0.5781704187393188,val,random,Small GNN
CC(C)O[N+](=O)[O-],<ACYCLIC>,-1.4593000411987305,-1.2692523002624512,0.1900477409362793,0.1900477409362793,val,random,Small GNN
CC(C)Oc1cccc(NC(=O)c2ccccc2C(F)(F)F)c1,O=C(Nc1ccccc1)c1ccccc1,-4.694699764251709,-5.741841793060303,-1.0471420288085938,1.0471420288085938,val,random,Small GNN
CC(C)[C@@H](C(=O)O[C@@H](C#N)c1cccc(Oc2ccccc2)c1)c1ccc(Cl)cc1,O=C(Cc1ccccc1)OCc1cccc(Oc2ccccc2)c1,-8.322099685668945,-6.526234149932861,1.795865535736084,1.795865535736084,val,random,Small GNN
CC(C)[C@@]12CC[C@@](C)(O1)[C@@H](O)C2,C1CC2CCC1O2,-0.28809264302253723,-2.977818250656128,-2.6897256076335907,2.6897256076335907,val,random,Small GNN
CC(C)c1cc(OP(=O)(Oc2ccccc2)Oc2ccccc2)cc(-c2ccccc2)c1,O=P(Oc1ccccc1)(Oc1ccccc1)Oc1cccc(-c2ccccc2)c1,-6.848499774932861,-5.96057653427124,0.8879232406616211,0.8879232406616211,val,random,Small GNN
CC(C)c1ccc(-c2ccccc2)cc1,c1ccc(-c2ccccc2)cc1,-5.609857559204102,-4.908159255981445,0.7016983032226562,0.7016983032226562,val,random,Small GNN
CC(C)c1cccc2ccccc12,c1ccc2ccccc2c1,-4.782393455505371,-4.817458629608154,-0.0350651741027832,0.0350651741027832,val,random,Small GNN
CC(C)c1nn(C(=O)NC(C)(C)C)c(=O)n1N,O=c1[nH]cn[nH]1,-1.718847393989563,-2.534374237060547,-0.8155268430709839,0.8155268430709839,val,random,Small GNN
CC(C=NNC(N)=O)=NNC(N)=O,<ACYCLIC>,-1.9500000476837158,-0.9098360538482666,1.0401639938354492,1.0401639938354492,val,random,Small GNN
CC(CCC(=O)O)C1CCC2C3C(O)CC4CCCCC4(C)C3CCC12C,C1CCC2C(C1)CCC1C3CCCC3CCC21,-6.460000038146973,-4.766694068908691,1.6933059692382812,1.6933059692382812,val,random,Small GNN
CC(CCC(=O)O)NC(=O)c1ccccc1,c1ccccc1,-1.6916999816894531,-1.6317102909088135,0.05998969078063965,0.05998969078063965,val,random,Small GNN
CC(CCCCO[N+](=O)O)O[N+](=O)O,<ACYCLIC>,-2.8399999141693115,-2.8462624549865723,-0.006262540817260742,0.006262540817260742,val,random,Small GNN
CC(CCNCCNCCC(C)CC(C)(C)C)CC(C)(C)C,<ACYCLIC>,-2.240000009536743,-4.421420097351074,-2.181420087814331,2.181420087814331,val,random,Small GNN
CC(CCOS(=O)(=O)c1ccccc1)Nc1ccc(NC(C)CCOS(=O)(=O)c2ccccc2)c2c1C(=O)c1ccccc1C2=O,O=C1c2ccccc2C(=O)c2c(NCCCOS(=O)(=O)c3ccccc3)ccc(NCCCOS(=O)(=O)c3ccccc3)c21,-0.43764612078666687,-6.274038314819336,-5.836392194032669,5.836392194032669,val,random,Small GNN
CC(O)(C(=O)O)c1ccccc1,c1ccccc1,-0.8949000239372253,-0.7830791473388672,0.11182087659835815,0.11182087659835815,val,random,Small GNN
CC(O)C(=O)NCCCCCCNC(=O)C(C)O,<ACYCLIC>,-0.699999988079071,-0.9629597663879395,-0.2629597783088684,0.2629597783088684,val,random,Small GNN
CC(O)C(F)(F)F,<ACYCLIC>,0.3093999922275543,-0.39934563636779785,-0.7087456285953522,0.7087456285953522,val,random,Small GNN
CC(O)C(O)C(O)C(O)C=NNC(N)=O,<ACYCLIC>,-0.699999988079071,-0.31485629081726074,0.3851436972618103,0.3851436972618103,val,random,Small GNN
CC(O)COc1ccc(C(C)(C)c2ccc(OCC(C)O)cc2)cc1,c1ccc(Cc2ccccc2)cc1,-3.4997010231018066,-4.230080604553223,-0.730379581451416,0.730379581451416,val,random,Small GNN
CC(Oc1ccc(Oc2ccc(Cl)cc2Cl)cc1)C(=O)O,c1ccc(Oc2ccccc2)cc1,-5.039999961853027,-4.384150505065918,0.6558494567871094,0.6558494567871094,val,random,Small GNN
CC(Oc1ccc(Oc2cnc3cc(Cl)ccc3n2)cc1)C(=O)OCC1CCCO1,O=C(COc1ccc(Oc2cnc3ccccc3n2)cc1)OCC1CCCO1,-5.030300140380859,-4.430168151855469,0.6001319885253906,0.6001319885253906,val,random,Small GNN
CC(Oc1ccccc1Cl)C(=O)O,c1ccccc1,-2.2232000827789307,-1.6857513189315796,0.5374487638473511,0.5374487638473511,val,random,Small GNN
CC(c1ccc(O)cc1)(c1ccc(O)cc1)c1ccc(O)cc1,c1ccc(C(c2ccccc2)c2ccccc2)cc1,-4.086559772491455,-3.124891757965088,0.9616680145263672,0.9616680145263672,val,random,Small GNN
CC(c1ccccc1)c1ccc(Nc2ccc(C(C)c3ccccc3)cc2)cc1,c1ccc(Cc2ccc(Nc3ccc(Cc4ccccc4)cc3)cc2)cc1,-5.964168548583984,-6.711165428161621,-0.7469968795776367,0.7469968795776367,val,random,Small GNN
CC/C(=C(/CC)c1ccc(O)cc1)c1ccc(O)cc1,C(=Cc1ccccc1)c1ccccc1,-4.3495001792907715,-3.339745044708252,1.0097551345825195,1.0097551345825195,val,random,Small GNN
CC/C=C/CCOC(=O)OC,<ACYCLIC>,-3.0698306560516357,-2.3252954483032227,0.7445352077484131,0.7445352077484131,val,random,Small GNN
CC/C=C/CCOC(=O)c1ccccc1O,c1ccccc1,-4.643981456756592,-3.4498291015625,1.1941523551940918,1.1941523551940918,val,random,Small GNN
CC1(C(=O)O)NCCc2cc(O)c(O)cc21,c1ccc2c(c1)CCNC2,-0.75,-1.1214935779571533,-0.3714935779571533,0.3714935779571533,val,random,Small GNN
CC1(C)C(C=C(Cl)Cl)C1C(=O)OC(C#N)c1ccc(F)c(Oc2ccccc2)c1,O=C(OCc1cccc(Oc2ccccc2)c1)C1CC1,-7.336999893188477,-6.812411308288574,0.5245885848999023,0.5245885848999023,val,random,Small GNN
CC1(C)C2CCC1(C)[C@@H](O)C2,C1CC2CCC1C2,-2.319000005722046,-3.587519407272339,-1.268519401550293,1.268519401550293,val,random,Small GNN
CC1(C)CC(=O)CC(=O)C1,O=C1CCCC(=O)C1,-1.5276000499725342,-0.6792261600494385,0.8483738899230957,0.8483738899230957,val,random,Small GNN
CC1(C)CC(O)CC(C)(C)N1,C1CCNCC1,-0.1966099888086319,-0.44965481758117676,-0.25304482877254486,0.25304482877254486,val,random,Small GNN
CC1(C)CCCC2(C)C1CCC1(C)OCCC12,C1CCC2C(C1)CCC1OCCC12,-5.099487781524658,-4.926298141479492,0.17318964004516602,0.17318964004516602,val,random,Small GNN
CC1(C)CON(Cc2ccccc2Cl)C1=O,O=C1CCON1Cc1ccccc1,-2.3382999897003174,-3.6824350357055664,-1.344135046005249,1.344135046005249,val,random,Small GNN
CC1(C)O[C@@H]2C[C@H]3[C@@H]4CCC5=CC(=O)C=C[C@]5(C)[C@@]4(F)[C@@H](O)C[C@]3(C)[C@]2(C(=O)CO)O1,O=C1C=CC2C(=C1)CCC1C2CCC2C1CC1OCOC12,-4.315800189971924,-3.684598922729492,0.6312012672424316,0.6312012672424316,val,random,Small GNN
CC1(C)SC2C(NC(=O)C(N)c3ccc(N)cc3)C(=O)N2C1c1nnn[nH]1,O=C(Cc1ccccc1)NC1C(=O)N2C(c3nnn[nH]3)CSC12,-1.5700000524520874,-2.309907913208008,-0.7399078607559204,0.7399078607559204,val,random,Small GNN
CC1(C)[C@H](C(=O)O[C@H](C#N)c2cccc(Oc3ccccc3)c2)[C@@H]1/C=C\C(=O)OC(C(F)(F)F)C(F)(F)F,O=C(OCc1cccc(Oc2ccccc2)c1)C1CC1,-7.432499885559082,-6.485809803009033,0.9466900825500488,0.9466900825500488,val,random,Small GNN
CC1(C)[C@H](C(=O)O[C@H](C#N)c2cccc(Oc3ccccc3)c2)[C@@H]1C(Br)C(Br)(Br)Br,O=C(OCc1cccc(Oc2ccccc2)c1)C1CC1,-6.9197001457214355,-6.706058502197266,0.21364164352416992,0.21364164352416992,val,random,Small GNN
CC1(C)[C@H](C=C(Cl)Cl)[C@H]1C(=O)OCc1c(F)c(F)cc(F)c1F,O=C(OCc1ccccc1)C1CC1,-6.813700199127197,-6.437314033508301,0.3763861656188965,0.3763861656188965,val,random,Small GNN
CC1(C)[C@H]2C[C@@H]3O[C@]3(C)[C@@H]1C2,C1C2CC1C1OC1C2,-2.593688488006592,-4.964824676513672,-2.37113618850708,2.37113618850708,val,random,Small GNN
CC1(N)CN(c2cc3c(cc2F)c(=O)c(C(=O)O)cn3C2CC2)C1,O=c1ccn(C2CC2)c2cc(N3CCC3)ccc12,-5.619999885559082,-4.266719818115234,1.3532800674438477,1.3532800674438477,val,random,Small GNN
CC1(O)CC(c2ccccc2)c2c(c3ccccc3oc2=O)O1,O=c1oc2ccccc2c2c1C(c1ccccc1)CCO2,-4.739999771118164,-3.7746973037719727,0.9653024673461914,0.9653024673461914,val,random,Small GNN
CC12CC(=O)C3C(CCC4=CC(=O)CCC43C)C1CCC2=O,O=C1C=C2CCC3C4CCC(=O)C4CC(=O)C3C2CC1,-3.4800000190734863,-3.5835928916931152,-0.1035928726196289,0.1035928726196289,val,random,Small GNN
CC12CCC(=O)C=C1CCC1C2C2CC3(C(O)O2)C(C(=O)CO)CCC13,O=C1C=C2CCC3C(C4CC5(CCCC35)CO4)C2CC1,-3.8499999046325684,-3.277935743331909,0.5720641613006592,0.5720641613006592,val,random,Small GNN
CC12CCC(=O)C=C1CCC1C2CCC2(C)C(C(=O)CO)CCC12,O=C1C=C2CCC3C4CCCC4CCC3C2CC1,-3.75,-4.2091474533081055,-0.45914745330810547,0.45914745330810547,val,random,Small GNN
CC12CCC(=O)C=C1CCC1C2CCC2(C)C(OC(=O)CCC(=O)O)CCC12,O=C1C=C2CCC3C4CCCC4CCC3C2CC1,-5.079999923706055,-4.250816822052002,0.8291831016540527,0.8291831016540527,val,random,Small GNN
CC12CCC(=O)C=C1CCC1C3CCC(O)(C(=O)CO)C3(C)CC(O)C12F,O=C1C=C2CCC3C4CCCC4CCC3C2CC1,-3.430000066757202,-3.3196794986724854,0.1103205680847168,0.1103205680847168,val,random,Small GNN
CC12CCC3C(CC=C4CC(OC=O)CCC43C)C1CCC2=O,O=C1CCC2C1CCC1C3CCCCC3=CCC21,-4.409999847412109,-4.282495975494385,0.1275038719177246,0.1275038719177246,val,random,Small GNN
CC1=C(C(=O)Nc2ccccc2)S(=O)(=O)CCO1,O=C(Nc1ccccc1)C1=COCCS1(=O)=O,-2.430000066757202,-2.479020595550537,-0.04902052879333496,0.04902052879333496,val,random,Small GNN
CC1=C(C(=O)O)N2C(=O)C(N)C2SC1,O=C1CC2SCC=CN12,-3.0453553199768066,-1.649561882019043,1.3957934379577637,1.3957934379577637,val,random,Small GNN
CC1=CCCN1C,C1=CNCC1,0.1264999955892563,0.02898263931274414,-0.09751735627651215,0.09751735627651215,val,random,Small GNN
CC1CC(=O)CC(C)(C)C1,O=C1CCCCC1,-1.647141456604004,-2.02536678314209,-0.37822532653808594,0.37822532653808594,val,random,Small GNN
CC1CC(C)C(=O)C(C(O)CC2CC(=O)NC(=O)C2)C1,O=C1CC(CCC2CCCCC2=O)CC(=O)N1,-1.1299999952316284,-1.3430545330047607,-0.21305453777313232,0.21305453777313232,val,random,Small GNN
CC1CC(CC2CCC(N)C(C)C2)CCC1N,C1CCC(CC2CCCCC2)CC1,-1.8210383653640747,-1.6765832901000977,0.14445507526397705,0.14445507526397705,val,random,Small GNN
CC1CCC(C(C)C)C(O)C1,C1CCCCC1,-2.488009214401245,-2.6368367671966553,-0.14882755279541016,0.14882755279541016,val,random,Small GNN
CC1CCC(C(C)C)c2nc(NS(=O)(=O)c3ccc(N)cc3)ncc21,O=S(=O)(Nc1ncc2c(n1)CCCC2)c1ccccc1,-4.179999828338623,-4.430244445800781,-0.2502446174621582,0.2502446174621582,val,random,Small GNN
CC1CCCCC1=O,O=C1CCCCC1,-0.9399999976158142,-1.5738739967346191,-0.6338739991188049,0.6338739991188049,val,random,Small GNN
CC1CN(c2c(F)c(N)c3c(=O)c(C(=O)O)cn(C4CC4)c3c2F)CC(C)N1,O=c1ccn(C2CC2)c2cc(N3CCNCC3)ccc12,-3.369999885559082,-3.492635726928711,-0.1226358413696289,0.1226358413696289,val,random,Small GNN
CC1CNC(C)CN1,C1CNCCN1,0.49000000953674316,1.4190642833709717,0.9290642738342285,0.9290642738342285,val,random,Small GNN
CC1OC(C)OC(C)O1,C1OCOCO1,-0.07190000265836716,-0.77262282371521,-0.7007228210568428,0.7007228210568428,val,random,Small GNN
CC1OC(OC2C(O)CC(OC3C(O)CC(OC4CCC5(C)C(CCC6C5CC(O)C5(C)C(C7=CC(=O)OC7)CCC65O)C4)OC3C)OC2C)CC(O)C1O,O=C1C=C(C2CCC3C2CCC2C4CCC(OC5CCC(OC6CCC(OC7CCCCO7)CO6)CO5)CC4CCC23)CO1,-4.159999847412109,-3.0107181072235107,1.1492817401885986,1.1492817401885986,val,random,Small GNN
CC=CC(=O)Nc1ccc(O)cc1,c1ccccc1,-2.646399974822998,-2.1454813480377197,0.5009186267852783,0.5009186267852783,val,random,Small GNN
CC=CC=O,<ACYCLIC>,0.3199999928474426,-0.2728397846221924,-0.592839777469635,0.592839777469635,val,random,Small GNN
CC=CCC1(C)C(=O)NC(=O)N(C)C1=O,O=C1CC(=O)NC(=O)N1,-1.5444999933242798,-1.791980504989624,-0.24748051166534424,0.24748051166534424,val,random,Small GNN
CCC#CC(C)C,<ACYCLIC>,-2.744800090789795,-2.2167611122131348,0.5280389785766602,0.5280389785766602,val,random,Small GNN
CCC(=O)Nc1cccc(Nc2cc(S(=O)(=O)O)c(N)c3c2C(=O)c2ccccc2C3=O)c1,O=C1c2ccccc2C(=O)c2c(Nc3ccccc3)cccc21,-2.6879470348358154,-2.379847288131714,0.30809974670410156,0.30809974670410156,val,random,Small GNN
CCC(Br)(Br)C(=O)O,<ACYCLIC>,-0.8722000122070312,-1.2261357307434082,-0.35393571853637695,0.35393571853637695,val,random,Small GNN
CCC(Br)(CC)C(=O)NC(N)=O,<ACYCLIC>,-2.680000066757202,-1.9540205001831055,0.7259795665740967,0.7259795665740967,val,random,Small GNN
CCC(C(=O)O)C(C(=O)O)c1ccccc1,c1ccccc1,-2.3255999088287354,-1.4571237564086914,0.868476152420044,0.868476152420044,val,random,Small GNN
CCC(C)(C)C1CCCCC1OC(C)=O,C1CCCCC1,-4.446203708648682,-4.11665153503418,0.32955217361450195,0.32955217361450195,val,random,Small GNN
CCC(C)(C)c1cc(O)c(C(C)(C)CC)cc1O,c1ccccc1,-6.495512962341309,-5.02933406829834,1.4661788940429688,1.4661788940429688,val,random,Small GNN
CCC(C)(CC)OC(N)=O,<ACYCLIC>,-1.5599000453948975,-1.6919811964035034,-0.13208115100860596,0.13208115100860596,val,random,Small GNN
CCC(C)C(C)(C)C,<ACYCLIC>,-4.677599906921387,-4.783692359924316,-0.10609245300292969,0.10609245300292969,val,random,Small GNN
CCC(C)C(N)C(=O)OCCCCOC(=O)C(C)c1ccc2cc(OC)ccc2c1,c1ccc2ccccc2c1,-4.519999980926514,-4.9500837326049805,-0.4300837516784668,0.4300837516784668,val,random,Small GNN
CCC(C)CC(O)CC,<ACYCLIC>,-1.860200047492981,-1.624049186706543,0.236150860786438,0.236150860786438,val,random,Small GNN
CCC(C)CCCC(C)(C)O,<ACYCLIC>,-2.74934458732605,-2.9646718502044678,-0.21532726287841797,0.21532726287841797,val,random,Small GNN
CCC(C)Nc1c([N+](=O)[O-])cc(C(C)(C)C)cc1[N+](=O)[O-],c1ccccc1,-5.470300197601318,-5.42790412902832,0.04239606857299805,0.04239606857299805,val,random,Small GNN
CCC(C)OC,<ACYCLIC>,-0.7305999994277954,-0.5412933826446533,0.1893066167831421,0.1893066167831421,val,random,Small GNN
CCC(C)c1cc([N+](=O)[O-])cc([N+](=O)[O-])c1OC(C)=O,c1ccccc1,-2.25,-4.275821685791016,-2.0258216857910156,2.0258216857910156,val,random,Small GNN
CCC(C=O)CC,<ACYCLIC>,-1.5199999809265137,-1.1909153461456299,0.3290846347808838,0.3290846347808838,val,random,Small GNN
CCC(CC)(C(=O)NC(N)=O)C(=O)OCC(=O)OC,<ACYCLIC>,-2.009999990463257,-1.5484226942062378,0.46157729625701904,0.46157729625701904,val,random,Small GNN
CCC(CC)(S(=O)(=O)CC)S(=O)(=O)CC,<ACYCLIC>,-2.0625,-2.4695897102355957,-0.4070897102355957,0.4070897102355957,val,random,Small GNN
CCC(CO)(CO)[N+](=O)[O-],<ACYCLIC>,0.8263999819755554,-0.23241829872131348,-1.058818280696869,1.058818280696869,val,random,Small GNN
CCC(CO)[N+](=O)[O-],<ACYCLIC>,-0.34360000491142273,-0.5680155754089355,-0.22441557049751282,0.22441557049751282,val,random,Small GNN
CCC(O)C(C)(C)C,<ACYCLIC>,-1.1513999700546265,-1.114426851272583,0.03697311878204346,0.03697311878204346,val,random,Small GNN
CCC(O)CO,<ACYCLIC>,1.0451692342758179,0.9270594120025635,-0.1181098222732544,0.1181098222732544,val,random,Small GNN
CCC(SC(CC)C(=O)O)C(=O)O,<ACYCLIC>,-0.7099999785423279,-1.4431567192077637,-0.7331567406654358,0.7331567406654358,val,random,Small GNN
CCC1(CC)C(=O)N(C)N(c2ccccc2)C1=O,O=C1CC(=O)N(c2ccccc2)N1,-2.690000057220459,-2.8953473567962646,-0.20534729957580566,0.20534729957580566,val,random,Small GNN
CCC1(CCO)C(=O)NC(=S)NC1=O,O=C1CC(=O)NC(=S)N1,-1.4700000286102295,-1.7854243516921997,-0.3154243230819702,0.3154243230819702,val,random,Small GNN
CCC1(c2ccccc2)NC(=O)NC1=O,O=C1NC(=O)C(c2ccccc2)N1,-2.640000104904175,-2.7378084659576416,-0.0978083610534668,0.0978083610534668,val,random,Small GNN
CCC1=C(C2(CC)C(=O)NC(=O)NC2=O)CCCC1,O=C1NC(=O)C(C2=CCCCC2)C(=O)N1,-3.5299999713897705,-3.1909825801849365,0.339017391204834,0.339017391204834,val,random,Small GNN
CCC1CN2CCC1CC2C(O)c1ccnc2ccc(OC)cc12,c1ccc2c(CC3CC4CCN3CC4)ccnc2c1,-3.0513999462127686,-2.8063600063323975,0.2450399398803711,0.2450399398803711,val,random,Small GNN
CCCC(=O)OC(C)(C)Cc1ccccc1,c1ccccc1,-4.135942459106445,-3.816713571548462,0.3192288875579834,0.3192288875579834,val,random,Small GNN
CCCC(=O)OCCC(C)C,<ACYCLIC>,-2.932852029800415,-3.267470121383667,-0.33461809158325195,0.33461809158325195,val,random,Small GNN
CCCC(=O)OCCOC(=O)CCC,<ACYCLIC>,-2.6068999767303467,-2.4447720050811768,0.16212797164916992,0.16212797164916992,val,random,Small GNN
CCCC(C)(C)C(=O)Nc1ccc(Cl)cc1,c1ccccc1,-4.0218000411987305,-5.556089401245117,-1.5342893600463867,1.5342893600463867,val,random,Small GNN
CCCC(C)(COC(N)=O)COC(N)=O,<ACYCLIC>,-1.7400000095367432,-1.8197983503341675,-0.07979834079742432,0.07979834079742432,val,random,Small GNN
CCCC(C)(O)CC,<ACYCLIC>,-1.0010000467300415,-0.8205974102020264,0.18040263652801514,0.18040263652801514,val,random,Small GNN
CCCC(C)(O)CCC,<ACYCLIC>,-1.5866999626159668,-1.419311761856079,0.1673882007598877,0.1673882007598877,val,random,Small GNN
CCCC(C)C(=O)OCC,<ACYCLIC>,-2.4896905422210693,-2.248918056488037,0.24077248573303223,0.24077248573303223,val,random,Small GNN
CCCC(C)CO,<ACYCLIC>,-1.1100000143051147,-0.9863559007644653,0.12364411354064941,0.12364411354064941,val,random,Small GNN
CCCC(CCC)CCCC1COCCN1CCO,C1COCCN1,0.9642581343650818,-2.154606819152832,-3.118864953517914,3.118864953517914,val,random,Small GNN
CCCC1(CC)C(=O)NC(=O)NC1=O,O=C1CC(=O)NC(=O)N1,-1.4900000095367432,-2.259761333465576,-0.769761323928833,0.769761323928833,val,random,Small GNN
CCCC1C(=O)N2C(N(C)C)=Nc3ccc(C)cc3N2C1=O,O=C1CC(=O)N2c3ccccc3N=CN12,-3.5380001068115234,-5.179149627685547,-1.6411495208740234,1.6411495208740234,val,random,Small GNN
CCCC1OC1(CC)C(N)=O,C1CO1,-1.1744999885559082,-2.193606376647949,-1.019106388092041,1.019106388092041,val,random,Small GNN
CCCCBr,<ACYCLIC>,-2.1977641582489014,-2.5792789459228516,-0.3815147876739502,0.3815147876739502,val,random,Small GNN
CCCCC(=O)OCC(CO)(CO)COCC(CO)(CO)CO,<ACYCLIC>,-6.830456733703613,-0.6314892768859863,6.198967456817627,6.198967456817627,val,random,Small GNN
CCCCC(=O)OCN1C(=O)NC(c2ccccc2)(c2ccccc2)C1=O,O=C1NC(=O)C(c2ccccc2)(c2ccccc2)N1,-4.679999828338623,-4.427035331726074,0.25296449661254883,0.25296449661254883,val,random,Small GNN
CCCCC(C)(C)O,<ACYCLIC>,-1.0784000158309937,-1.2444509267807007,-0.16605091094970703,0.16605091094970703,val,random,Small GNN
CCCCC(C)CCC,<ACYCLIC>,-6.047399997711182,-5.589600563049316,0.45779943466186523,0.45779943466186523,val,random,Small GNN
CCCCC(CC)C(=O)OCC(COC(=O)C(CC)CCCC)(COC(=O)C(CC)CCCC)COC(=O)C(CC)CCCC,<ACYCLIC>,-9.20475959777832,-6.9372758865356445,2.267483711242676,2.267483711242676,val,random,Small GNN
CCCCC(CC)CN,<ACYCLIC>,-1.7134804725646973,-1.5366383790969849,0.1768420934677124,0.1768420934677124,val,random,Small GNN
CCCCC(CC)COC(=O)C(C)O,<ACYCLIC>,-2.673525810241699,-3.07909893989563,-0.40557312965393066,0.40557312965393066,val,random,Small GNN
CCCCC(CC)COC(=O)CC(CC(=O)OCC(CC)CCCC)(OC(C)=O)C(=O)OCC(CC)CCCC,<ACYCLIC>,-7.057519912719727,-6.30233097076416,0.7551889419555664,0.7551889419555664,val,random,Small GNN
CCCCC(CC)COC(C)=O,<ACYCLIC>,-4.645140171051025,-3.849867343902588,0.7952728271484375,0.7952728271484375,val,random,Small GNN
CCCCC(CCC(=O)O)CC(=O)O,<ACYCLIC>,-1.3974000215530396,-1.5588377714157104,-0.1614377498626709,0.1614377498626709,val,random,Small GNN
CCCCC/C(C=O)=C/c1ccccc1,c1ccccc1,-3.046658515930176,-4.666791915893555,-1.620133399963379,1.620133399963379,val,random,Small GNN
CCCCC1C(=O)N(c2ccccc2)N(c2ccccc2)C1=O,O=C1CC(=O)N(c2ccccc2)N1c1ccccc1,-3.8124001026153564,-4.416225433349609,-0.6038253307342529,0.6038253307342529,val,random,Small GNN
CCCCCC#CC(=O)OC,<ACYCLIC>,-3.0091328620910645,-2.9687962532043457,0.04033660888671875,0.04033660888671875,val,random,Small GNN
CCCCCC(O)C=CC1C(O)CC(=O)C1CC=CCCCC(=O)O,O=C1CCCC1,-2.4700000286102295,-2.9611170291900635,-0.491117000579834,0.491117000579834,val,random,Small GNN
CCCCCCC(C(C)O)n1cnc2c(N)ncnc21,c1ncc2nc[nH]c2n1,-2.25,-3.347687244415283,-1.0976872444152832,1.0976872444152832,val,random,Small GNN
CCCCCCC(C)O,<ACYCLIC>,-2.065500020980835,-2.3466789722442627,-0.28117895126342773,0.28117895126342773,val,random,Small GNN
CCCCCCCC(=O)OCN1C(=O)NC(c2ccccc2)(c2ccccc2)C1=O,O=C1NC(=O)C(c2ccccc2)(c2ccccc2)N1,-6.519999980926514,-5.095041751861572,1.4249582290649414,1.4249582290649414,val,random,Small GNN
CCCCCCCC(CC)CCCC(CC)CCCC,<ACYCLIC>,-6.269131183624268,-7.588996887207031,-1.3198657035827637,1.3198657035827637,val,random,Small GNN
CCCCCCCC/C=C/CCCCCCCC(=O)NCCCN(C)C,<ACYCLIC>,-4.149259567260742,-5.274847984313965,-1.1255884170532227,1.1255884170532227,val,random,Small GNN
CCCCCCCC/C=C/CCCCCCCC(=O)OCCC(C)C,<ACYCLIC>,-8.070164680480957,-7.312128067016602,0.7580366134643555,0.7580366134643555,val,random,Small GNN
CCCCCCCC/C=C/CCCCCCCCN(CCO)CCO,<ACYCLIC>,-4.780118465423584,-4.600625514984131,0.17949295043945312,0.17949295043945312,val,random,Small GNN
CCCCCCCC/C=C/CCCCCCCCOC(=O)C(CC(=O)O)S(=O)(=O)O,<ACYCLIC>,-0.9624269008636475,-2.1882519721984863,-1.2258250713348389,1.2258250713348389,val,random,Small GNN
CCCCCCCC/C=C\CCCCCCCCCCCC(=O)OCCCCCCCC/C=C\CCCCCCCC,<ACYCLIC>,-7.071179389953613,-8.326643943786621,-1.2554645538330078,1.2554645538330078,val,random,Small GNN
CCCCCCCC/C=C\CCCCCCCCNC(=O)CC(C(=O)O)S(=O)(=O)O,<ACYCLIC>,-0.019515782594680786,-1.9750713109970093,-1.9555555284023285,1.9555555284023285,val,random,Small GNN
CCCCCCCC1CCCC1=O,O=C1CCCC1,-3.769441604614258,-4.756016731262207,-0.9865751266479492,0.9865751266479492,val,random,Small GNN
CCCCCCCCC(=O)NNC(=O)c1ccncc1,c1ccncc1,-3.5199999809265137,-3.405207633972168,0.1147923469543457,0.1147923469543457,val,random,Small GNN
CCCCCCCCCC(=O)OC,<ACYCLIC>,-4.626748561859131,-4.8066182136535645,-0.1798696517944336,0.1798696517944336,val,random,Small GNN
CCCCCCCCCC(=O)Oc1ccc(C(=O)O)cc1,c1ccccc1,-5.4245476722717285,-4.963561058044434,0.4609866142272949,0.4609866142272949,val,random,Small GNN
CCCCCCCCCC(C)C=O,<ACYCLIC>,-5.151636123657227,-4.866672515869141,0.28496360778808594,0.28496360778808594,val,random,Small GNN
CCCCCCCCCC1(CC)C(=O)NC(=O)NC1=O,O=C1CC(=O)NC(=O)N1,-4.460000038146973,-4.132946968078613,0.3270530700683594,0.3270530700683594,val,random,Small GNN
CCCCCCCCCCCC(=O)N(C)C,<ACYCLIC>,-3.9093070030212402,-4.689977645874023,-0.7806706428527832,0.7806706428527832,val,random,Small GNN
CCCCCCCCCCCC(=O)OCC[N+](C)(C)C,<ACYCLIC>,-2.2111003398895264,-1.705194115638733,0.5059062242507935,0.5059062242507935,val,random,Small GNN
CCCCCCCCCCCC(CC)CCCCCCC(CC)CCCCCCC,<ACYCLIC>,-5.40505313873291,-8.380162239074707,-2.975109100341797,2.975109100341797,val,random,Small GNN
CCCCCCCCCCCCC(CO)CCCCCCCCCC,<ACYCLIC>,-5.549815654754639,-7.200654029846191,-1.6508383750915527,1.6508383750915527,val,random,Small GNN
CCCCCCCCCCCCC1CO1,C1CO1,-5.984684944152832,-6.513089656829834,-0.528404712677002,0.528404712677002,val,random,Small GNN
CCCCCCCCCCCCCCCCC(CO)CCCCCCCCCCCCCC,<ACYCLIC>,-5.669204235076904,-7.879264831542969,-2.2100605964660645,2.2100605964660645,val,random,Small GNN
CCCCCCCCCCCCCCCCCC(=O)OC(CCCCCC)CCCCCCCCCCC(=O)OCCCCCCCCCCCCCC(C)C,<ACYCLIC>,-8.755372047424316,-8.452418327331543,0.30295372009277344,0.30295372009277344,val,random,Small GNN
CCCCCCCCCCCCCCCCCCCC,<ACYCLIC>,-8.17240047454834,-8.135300636291504,0.03709983825683594,0.03709983825683594,val,random,Small GNN
CCCCCCCCCCCCCCCCCCCCCC(=O)NCCCN(C)C,<ACYCLIC>,-6.628141403198242,-6.024720191955566,0.6034212112426758,0.6034212112426758,val,random,Small GNN
CCCCCCCCCCCCCCCCCCCN,<ACYCLIC>,-5.857124328613281,-6.091222286224365,-0.23409795761108398,0.23409795761108398,val,random,Small GNN
CCCCCCCCCCCCCCCCCCOCCCCCCCCCCCCCCCCCC,<ACYCLIC>,-7.0195207595825195,-8.466508865356445,-1.4469881057739258,1.4469881057739258,val,random,Small GNN
CCCCCCCCCCCCCCCCN(C)C,<ACYCLIC>,-4.652434825897217,-5.881217956542969,-1.228783130645752,1.228783130645752,val,random,Small GNN
CCCCCCCCCCCCN,<ACYCLIC>,-3.3759000301361084,-4.02960729598999,-0.6537072658538818,0.6537072658538818,val,random,Small GNN
CCCCCCCCCCCCN=C(N)N,<ACYCLIC>,-2.6591999530792236,-3.9413809776306152,-1.2821810245513916,1.2821810245513916,val,random,Small GNN
CCCCCCCCCCCCOP(=O)(O)O,<ACYCLIC>,-3.7844860553741455,-2.3516664505004883,1.4328196048736572,1.4328196048736572,val,random,Small GNN
CCCCCCCCCCN,<ACYCLIC>,-2.456399917602539,-2.8964080810546875,-0.44000816345214844,0.44000816345214844,val,random,Small GNN
CCCCCCCCCCNC(=O)c1cccnc1,c1ccncc1,-3.0764999389648438,-4.257211685180664,-1.1807117462158203,1.1807117462158203,val,random,Small GNN
CCCCCCCCCO,<ACYCLIC>,-3.013011932373047,-3.2304913997650146,-0.21747946739196777,0.21747946739196777,val,random,Small GNN
CCCCCCCCCOC(=O)c1cccnc1,c1ccncc1,-3.0957999229431152,-4.683544635772705,-1.5877447128295898,1.5877447128295898,val,random,Small GNN
CCCCCCCCNC(=O)C(C)O,<ACYCLIC>,-2.2827000617980957,-2.4751369953155518,-0.19243693351745605,0.19243693351745605,val,random,Small GNN
CCCCCCCCO,<ACYCLIC>,-2.6375930309295654,-2.488903045654297,0.14868998527526855,0.14868998527526855,val,random,Small GNN
CCCCCCCCOCC(O)CO,<ACYCLIC>,-1.920799970626831,-2.073080539703369,-0.15228056907653809,0.15228056907653809,val,random,Small GNN
CCCCCCCOC(=O)C(C)c1ccc2cc(OC)ccc2c1,c1ccc2ccccc2c1,-7.119999885559082,-6.580063819885254,0.5399360656738281,0.5399360656738281,val,random,Small GNN
CCCCCCCOC(=O)c1ccc(O)cc1,c1ccccc1,-4.072500228881836,-4.512512683868408,-0.44001245498657227,0.44001245498657227,val,random,Small GNN
CCCCCCCc1ccccc1,c1ccccc1,-5.595900058746338,-5.571222305297852,0.024677753448486328,0.024677753448486328,val,random,Small GNN
CCCCCCOC(=O)Oc1ccc(NC(C)=O)cc1,c1ccccc1,-4.320000171661377,-4.461887359619141,-0.14188718795776367,0.14188718795776367,val,random,Small GNN
CCCCCCP(=O)(OCC)OCC,<ACYCLIC>,-2.568700075149536,-1.6687465906143188,0.8999534845352173,0.8999534845352173,val,random,Small GNN
CCCCCCc1ccc(O)cc1O,c1ccccc1,-2.5894999504089355,-3.181749105453491,-0.5922491550445557,0.5922491550445557,val,random,Small GNN
CCCCCOC(=O)CCC,<ACYCLIC>,-2.4670000076293945,-3.5963144302368164,-1.1293144226074219,1.1293144226074219,val,random,Small GNN
CCCCCOC(=O)CCOCC,<ACYCLIC>,-2.1956000328063965,-2.685197114944458,-0.4895970821380615,0.4895970821380615,val,random,Small GNN
CCCCCOP(=O)(OCC)OCC,<ACYCLIC>,-1.4757000207901,-1.51487135887146,-0.03917133808135986,0.03917133808135986,val,random,Small GNN
CCCCCc1c2ccccc2cc2c1ccc1ccccc12,c1ccc2cc3c(ccc4ccccc43)cc2c1,-8.569999694824219,-6.897254467010498,1.6727452278137207,1.6727452278137207,val,random,Small GNN
CCCCN(CCCC)C(=S)S,<ACYCLIC>,-5.675922870635986,-3.2952399253845215,2.380682945251465,2.380682945251465,val,random,Small GNN
CCCCNC(=O)n1c(NC(=O)OC)nc2ccccc21,c1ccc2[nH]cnc2c1,-4.860000133514404,-3.64457368850708,1.2154264450073242,1.2154264450073242,val,random,Small GNN
CCCCNC1(P(=O)(OCCCC)OCCCC)CCCCC1,C1CCCCC1,-3.310499906539917,-3.5762839317321777,-0.26578402519226074,0.26578402519226074,val,random,Small GNN
CCCCNc1cc(C(=O)O)cc(S(N)(=O)=O)c1Oc1ccccc1,c1ccc(Oc2ccccc2)cc1,-3.559999942779541,-2.9102344512939453,0.6497654914855957,0.6497654914855957,val,random,Small GNN
CCCCOC(=O)/C=C/c1ccccc1,c1ccccc1,-1.611199975013733,-4.948176383972168,-3.336976408958435,3.336976408958435,val,random,Small GNN
CCCCOC(=O)/C=C\C(=O)OCCCC,<ACYCLIC>,-3.1280341148376465,-4.296375274658203,-1.1683411598205566,1.1683411598205566,val,random,Small GNN
CCCCOC(=O)CC(O)(CC(=O)OCCCC)C(=O)OCCCC,<ACYCLIC>,-3.5452709197998047,-4.072981357574463,-0.5277104377746582,0.5277104377746582,val,random,Small GNN
CCCCOC(=O)Oc1ccc(NC(C)=O)cc1,c1ccccc1,-3.369999885559082,-3.5221405029296875,-0.15214061737060547,0.15214061737060547,val,random,Small GNN
CCCCOC(=O)c1ccc(N)cc1,c1ccccc1,-3.059999942779541,-3.0846171379089355,-0.02461719512939453,0.02461719512939453,val,random,Small GNN
CCCCOCC(C)O,<ACYCLIC>,-0.40523797273635864,-0.4509735107421875,-0.04573553800582886,0.04573553800582886,val,random,Small GNN
CCCCOCCOC(=O)c1ccccc1,c1ccccc1,-3.322422504425049,-3.3434977531433105,-0.02107524871826172,0.02107524871826172,val,random,Small GNN
CCCCOP(=S)(S)OCCCC,<ACYCLIC>,-2.5083839893341064,-1.5041263103485107,1.0042576789855957,1.0042576789855957,val,random,Small GNN
CCCCOP(C)(=O)OCCCC,<ACYCLIC>,-1.4155000448226929,-0.9747426509857178,0.4407573938369751,0.4407573938369751,val,random,Small GNN
CCCC[C@H](N)C(=O)O,<ACYCLIC>,-1.038699984550476,-0.49384212493896484,0.5448578596115112,0.5448578596115112,val,random,Small GNN
CCCC[N+](=O)[O-],<ACYCLIC>,-1.350600004196167,-1.4762665033340454,-0.12566649913787842,0.12566649913787842,val,random,Small GNN
CCCC[Sn](CCCC)(CCCC)CCCC,<ACYCLIC>,-4.596065998077393,-5.968020439147949,-1.3719544410705566,1.3719544410705566,val,random,Small GNN
CCCCn1ccc(NS(=O)(=O)c2ccc(N)cc2)nc1=O,O=c1nc(NS(=O)(=O)c2ccccc2)cc[nH]1,-3.0899999141693115,-3.488107204437256,-0.39810729026794434,0.39810729026794434,val,random,Small GNN
CCCN(CCC)c1c([N+](=O)[O-])cc(S(C)(=O)=O)cc1[N+](=O)[O-],c1ccccc1,-5.7600998878479,-4.184028625488281,1.5760712623596191,1.5760712623596191,val,random,Small GNN
CCCN(CCOc1c(Cl)cc(Cl)cc1Cl)C(=O)n1ccnc1,O=C(NCCOc1ccccc1)n1ccnc1,-4.04449987411499,-4.045298099517822,-0.0007982254028320312,0.0007982254028320312,val,random,Small GNN
CCCOC(=O)n1cnc2c1c(=O)n(C)c(=O)n2C,O=c1[nH]c(=O)c2[nH]cnc2[nH]1,-1.4500000476837158,-1.9672012329101562,-0.5172011852264404,0.5172011852264404,val,random,Small GNN
CCCOC(N)=O,<ACYCLIC>,-0.13019999861717224,-0.19299530982971191,-0.06279531121253967,0.06279531121253967,val,random,Small GNN
CCCOP(=O)(OCC)OCC,<ACYCLIC>,0.40630000829696655,-0.4015192985534668,-0.8078193068504333,0.8078193068504333,val,random,Small GNN
CCCSC(=O)N(CCC)CCC,<ACYCLIC>,-3.299999952316284,-3.3632702827453613,-0.06327033042907715,0.06327033042907715,val,random,Small GNN
CCCSP(=S)(OCC)Oc1ccc(Cl)cc1Cl,c1ccccc1,-6.692999839782715,-6.551616668701172,0.14138317108154297,0.14138317108154297,val,random,Small GNN
CCCc1c2c(c(O)c3c(=O)cc(C(=O)O)oc13)CCCC2,O=c1ccoc2cc3c(cc12)CCCC3,-2.680000066757202,-4.258968353271484,-1.5789682865142822,1.5789682865142822,val,random,Small GNN
CCCc1c2c(cc3c(=O)cc(C(=O)O)oc13)CCCC2,O=c1ccoc2cc3c(cc12)CCCC3,-1.899999976158142,-4.744795322418213,-2.844795346260071,2.844795346260071,val,random,Small GNN
CCCc1ccccc1,c1ccccc1,-3.3622000217437744,-3.192545175552368,0.16965484619140625,0.16965484619140625,val,random,Small GNN
CCN(C#N)CCCN(C)C,<ACYCLIC>,0.7173643112182617,-0.5513832569122314,-1.2687475681304932,1.2687475681304932,val,random,Small GNN
CCN(CC)C(=O)C(C)OC(=O)c1ccccc1,c1ccccc1,-2.2799999713897705,-2.138028144836426,0.14197182655334473,0.14197182655334473,val,random,Small GNN
CCN(CC)C(=O)CCC(=O)OCn1ncc2c(=O)[nH]cnc21,O=c1[nH]cnc2[nH]ncc12,-0.9900000095367432,-2.149078130722046,-1.1590781211853027,1.1590781211853027,val,random,Small GNN
CCN(CC)C(=O)SCc1ccc(Cl)cc1,c1ccccc1,-3.964099884033203,-3.6788196563720703,0.2852802276611328,0.2852802276611328,val,random,Small GNN
CCN(CC)C(=O)SCc1ccccc1Cl,c1ccccc1,-4.031000137329102,-3.450356960296631,0.5806431770324707,0.5806431770324707,val,random,Small GNN
CCN(CC)C(=S)SSC(=S)N(CC)CC,<ACYCLIC>,-4.860377311706543,-4.97224235534668,-0.11186504364013672,0.11186504364013672,val,random,Small GNN
CCN(CC)CCOC(=O)c1ccc(NC(C)=O)cc1,c1ccccc1,-1.649999976158142,-2.1581714153289795,-0.5081714391708374,0.5081714391708374,val,random,Small GNN
CCN(CC)c1c([N+](=O)[O-])cc(C(F)(F)F)c(N)c1[N+](=O)[O-],c1ccccc1,-5.466800212860107,-3.7454519271850586,1.7213482856750488,1.7213482856750488,val,random,Small GNN
CCN(CC)c1ccc2c(C#N)c(-c3nc4ccccc4s3)c(=O)oc2c1,O=c1oc2ccccc2cc1-c1nc2ccccc2s1,-8.097434043884277,-5.053781509399414,3.0436525344848633,3.0436525344848633,val,random,Small GNN
CCN(CC)c1ccc2c(C)cc(=O)oc2c1,O=c1ccc2ccccc2o1,-4.0,-3.9951653480529785,0.004834651947021484,0.004834651947021484,val,random,Small GNN
CCN(CC)c1nc(Cl)nc(NC(C)C)n1,c1ncncn1,-3.784899950027466,-3.213979721069336,0.5709202289581299,0.5709202289581299,val,random,Small GNN
CCN(CCC(=O)OC)c1ccc(N=Nc2snc3ccc([N+](=O)[O-])cc23)cc1,c1ccc(N=Nc2snc3ccccc23)cc1,-7.315402507781982,-5.8103156089782715,1.505086898803711,1.505086898803711,val,random,Small GNN
CCN(CCCl)CCCl,<ACYCLIC>,-3.0264999866485596,-0.883533239364624,2.1429667472839355,2.1429667472839355,val,random,Small GNN
CCN(CCO)C(=O)COC(=O)c1ccccc1,c1ccccc1,-1.3700000047683716,-1.3793745040893555,-0.009374499320983887,0.009374499320983887,val,random,Small GNN
CCN(CCO)c1ccc(N=Nc2ccc([N+](=O)[O-])cc2)cc1,c1ccc(N=Nc2ccccc2)cc1,-6.293000221252441,-4.866640090942383,1.4263601303100586,1.4263601303100586,val,random,Small GNN
CCN(CCO)c1ccccc1,c1ccccc1,-1.917099952697754,-1.3793516159057617,0.5377483367919922,0.5377483367919922,val,random,Small GNN
CCN(Cc1cccc(S(=O)(=O)O)c1)c1ccc(N=Nc2ccc(N=Nc3cccc(S(=O)(=O)O)c3)c3ccccc23)cc1,c1ccc(CNc2ccc(N=Nc3ccc(N=Nc4ccccc4)c4ccccc34)cc2)cc1,0.17154376208782196,-2.0272886753082275,-2.1988324373960495,2.1988324373960495,val,random,Small GNN
CCN1C=CC(=CC=Cc2cc[n+](CC)c3ccccc23)c2ccccc21,C(=Cc1cc[nH+]c2ccccc12)C=C1C=CNc2ccccc21,-2.6816000938415527,-2.8781020641326904,-0.1965019702911377,0.1965019702911377,val,random,Small GNN
CCN1CC(=O)N=C1N,O=C1CNC=N1,-0.16500000655651093,-0.5747072696685791,-0.4097072631120682,0.4097072631120682,val,random,Small GNN
CCN1CCn2c(nc3ccccc3c2=O)C1C,O=c1c2ccccc2nc2n1CCNC2,-2.5,-2.3259060382843018,0.17409396171569824,0.17409396171569824,val,random,Small GNN
CCN1c2cc(Cl)ccc2NC(=O)c2cccnc21,O=C1Nc2ccccc2Nc2ncccc21,-5.360000133514404,-4.455635070800781,0.904365062713623,0.904365062713623,val,random,Small GNN
CCN1c2ccccc2C(=O)N(C)c2ccccc21,O=C1Nc2ccccc2Nc2ccccc21,-4.749000072479248,-4.3866190910339355,0.3623809814453125,0.3623809814453125,val,random,Small GNN
CCNC(=O)C(C)OC(=O)Nc1ccccc1,c1ccccc1,-1.8300000429153442,-1.979810118675232,-0.1498100757598877,0.1498100757598877,val,random,Small GNN
CCNC(CC)C(=O)O,<ACYCLIC>,-0.4189000129699707,-0.11461806297302246,0.30428194999694824,0.30428194999694824,val,random,Small GNN
CCNCNC(=O)c1ccccc1,c1ccccc1,-0.07490000128746033,-1.2593154907226562,-1.184415489435196,1.184415489435196,val,random,Small GNN
CCNc1c([N+](=O)[O-])cc([N+](=O)[O-])cc1[N+](=O)[O-],c1ccccc1,-3.4084999561309814,-3.477294445037842,-0.06879448890686035,0.06879448890686035,val,random,Small GNN
CCOC(=O)C(=O)OCC,<ACYCLIC>,-0.6085000038146973,-0.5047390460968018,0.10376095771789551,0.10376095771789551,val,random,Small GNN
CCOC(=O)C(C)C1CCCCC1,C1CCCCC1,-3.3274567127227783,-3.3398818969726562,-0.01242518424987793,0.01242518424987793,val,random,Small GNN
CCOC(=O)C(C)Oc1ccc(Oc2cnc3cc(Cl)ccc3n2)cc1,c1ccc(Oc2cnc3ccccc3n2)cc1,-5.96999979019165,-4.570873737335205,1.3991260528564453,1.3991260528564453,val,random,Small GNN
CCOC(=O)C1=NN(c2ccc(Cl)cc2Cl)C(C)(C(=O)OCC)C1,C1=NN(c2ccccc2)CC1,-4.270999908447266,-4.2340593338012695,0.036940574645996094,0.036940574645996094,val,random,Small GNN
CCOC(=O)C1=NN(c2ccccc2)C(=O)C1N=Nc1ccc(-c2ccc(N=NC3C(=O)N(c4ccccc4)N=C3C(=O)OCC)c(Cl)c2)cc1Cl,O=C1C(N=Nc2ccc(-c3ccc(N=NC4C=NN(c5ccccc5)C4=O)cc3)cc2)C=NN1c1ccccc1,-8.526559829711914,-7.272144317626953,1.254415512084961,1.254415512084961,val,random,Small GNN
CCOC(=O)CC(SP(=S)(OC)OC)C(=O)OCC,<ACYCLIC>,-3.3636999130249023,-2.990055561065674,0.3736443519592285,0.3736443519592285,val,random,Small GNN
CCOC(=O)CCCOc1ccc(Cl)cc1C,c1ccccc1,-4.4095001220703125,-4.246173858642578,0.16332626342773438,0.16332626342773438,val,random,Small GNN
CCOC(=O)CN(C(=O)CCl)c1c(CC)cccc1CC,c1ccccc1,-3.4727001190185547,-3.4795148372650146,-0.006814718246459961,0.006814718246459961,val,random,Small GNN
CCOC(=O)Cc1[nH]nc2ccc(Cl)cc12,c1ccc2n[nH]cc2c1,-3.025599956512451,-3.3193016052246094,-0.2937016487121582,0.2937016487121582,val,random,Small GNN
CCOC(=O)N(CC)CC,<ACYCLIC>,-1.0650999546051025,-0.5144073963165283,0.5506925582885742,0.5506925582885742,val,random,Small GNN
CCOC(=O)NCC(C)C,<ACYCLIC>,-0.7680000066757202,-1.1168904304504395,-0.34889042377471924,0.34889042377471924,val,random,Small GNN
CCOC(=O)OCCOc1cc(O)c2c(c1N)C(=O)c1ccccc1C2=O,O=C1c2ccccc2C(=O)c2ccccc21,-9.219529151916504,-4.738460063934326,4.481069087982178,4.481069087982178,val,random,Small GNN
CCOC(=O)[C@H](CCc1ccccc1)N[C@@H](C)C(=O)N1CCC[C@H]1C(=O)O,O=C(CNCCCc1ccccc1)N1CCCC1,-1.3609000444412231,-2.154515027999878,-0.7936149835586548,0.7936149835586548,val,random,Small GNN
CCOC(=O)[C@H](Cc1ccc(O)cc1)NC(C)=O,c1ccccc1,-1.8586000204086304,-1.7211573123931885,0.1374427080154419,0.1374427080154419,val,random,Small GNN
CCOC(=O)c1ccc(O)c(Br)c1,c1ccccc1,-3.390000104904175,-2.4404261112213135,0.9495739936828613,0.9495739936828613,val,random,Small GNN
CCOC(=O)c1ccc(O)c(Cl)c1,c1ccccc1,-3.2232000827789307,-2.3573758602142334,0.8658242225646973,0.8658242225646973,val,random,Small GNN
CCOC(=O)c1ccc2sc3ccccc3c(=O)c2c1,O=c1c2ccccc2sc2ccccc12,-6.7566022872924805,-5.194169998168945,1.5624322891235352,1.5624322891235352,val,random,Small GNN
CCOC(=O)n1cc(F)c(=O)[nH]c1=O,O=c1cc[nH]c(=O)[nH]1,-1.4700000286102295,-1.7460215091705322,-0.27602148056030273,0.27602148056030273,val,random,Small GNN
CCOC(C)C(=O)C(O)O,<ACYCLIC>,-0.17069999873638153,0.4847702980041504,0.6554702967405319,0.6554702967405319,val,random,Small GNN
CCOCCCC(C)OCCOCC(C)CO,<ACYCLIC>,-0.7908608317375183,-1.338557481765747,-0.5476966500282288,0.5476966500282288,val,random,Small GNN
CCOCCOC(=O)CCCCC(=O)OCCOCC,<ACYCLIC>,-2.065000057220459,-2.2921016216278076,-0.22710156440734863,0.22710156440734863,val,random,Small GNN
CCOCOC1CCCCCCCCCCC1,C1CCCCCCCCCCC1,-5.335319995880127,-3.2846884727478027,2.050631523132324,2.050631523132324,val,random,Small GNN
CCOP(=O)(Cc1ccc(-c2nc3ccccc3s2)cc1)OCC,c1ccc(-c2nc3ccccc3s2)cc1,-4.001699924468994,-3.335979461669922,0.6657204627990723,0.6657204627990723,val,random,Small GNN
CCOP(=S)(OCC)O/N=C(\C#N)c1ccccc1,c1ccccc1,-4.630000114440918,-4.933287620544434,-0.3032875061035156,0.3032875061035156,val,random,Small GNN
CCOP(=S)(OCC)SCC[S+]([O-])CC,<ACYCLIC>,-1.8609000444412231,-2.271725654602051,-0.41082561016082764,0.41082561016082764,val,random,Small GNN
CCOP(=S)(OCC)SCSc1ccc(Cl)cc1,c1ccccc1,-6.050000190734863,-5.325854301452637,0.7241458892822266,0.7241458892822266,val,random,Small GNN
CCOP(=S)(Oc1ccc(C#N)cc1)c1ccccc1,S=[PH](Oc1ccccc1)c1ccccc1,-5.703700065612793,-5.174761772155762,0.5289382934570312,0.5289382934570312,val,random,Small GNN
CCOc1cc(Oc2ccc(C(F)(F)F)cc2Cl)ccc1[N+](=O)[O-],c1ccc(Oc2ccccc2)cc1,-6.493899822235107,-6.202770709991455,0.29112911224365234,0.29112911224365234,val,random,Small GNN
CCOc1ccc(C(C)(C)COCc2cccc(Oc3ccccc3)c2)cc1,c1ccc(CCOCc2cccc(Oc3ccccc3)c2)cc1,-8.575799942016602,-5.995939254760742,2.5798606872558594,2.5798606872558594,val,random,Small GNN
CCOc1ccc(NC(=O)NN)cc1,c1ccccc1,-1.6470999717712402,-2.199435234069824,-0.552335262298584,0.552335262298584,val,random,Small GNN
CCOc1ccc(NC(C)=O)c2cccnc12,c1ccc2ncccc2c1,-1.5170999765396118,-2.9499542713165283,-1.4328542947769165,1.4328542947769165,val,random,Small GNN
CCOc1ccc([N+](=O)[O-])cc1N,c1ccccc1,-3.2112998962402344,-2.462428092956543,0.7488718032836914,0.7488718032836914,val,random,Small GNN
CCOc1ccc2c(c1)C(C)=CC(C)(C)N2,C1=Cc2ccccc2NC1,-3.3327622413635254,-4.137659549713135,-0.8048973083496094,0.8048973083496094,val,random,Small GNN
CCOc1ccc2c3c1O[C@H]1[C@@H](O)C=C[C@H]4[C@@H](C2)N(C)CC[C@@]341,C1=CC2C3Cc4cccc5c4C2(CCN3)C(C1)O5,-2.0789999961853027,-2.901762008666992,-0.8227620124816895,0.8227620124816895,val,random,Small GNN
CCOc1ccccc1NC(=O)C1=Cc2ccccc2/C(=N\Nc2ccc(C(N)=O)cc2)C1=O,O=C(Nc1ccccc1)C1=Cc2ccccc2C(=NNc2ccccc2)C1=O,-7.581973552703857,-6.257415771484375,1.3245577812194824,1.3245577812194824,val,random,Small GNN
CCSC(=O)N(CC(C)C)CC(C)C,<ACYCLIC>,-3.684000015258789,-3.1777796745300293,0.5062203407287598,0.5062203407287598,val,random,Small GNN
CCSC(=O)N(CC)CC,<ACYCLIC>,-1.6916999816894531,-1.0554877519607544,0.6362122297286987,0.6362122297286987,val,random,Small GNN
CCSC(=O)N1CCCCCC1,C1CCCNCC1,-2.285799980163574,-2.015630006790161,0.2701699733734131,0.2701699733734131,val,random,Small GNN
CCSC(=S)NC(C)C(=O)O,<ACYCLIC>,-1.2343000173568726,-1.4799983501434326,-0.24569833278656006,0.24569833278656006,val,random,Small GNN
CCSC(=S)OC(CC(=O)O)C(=O)O,<ACYCLIC>,-1.2899999618530273,-1.5808590650558472,-0.2908591032028198,0.2908591032028198,val,random,Small GNN
CC[C@@H]1C(=O)O[C@H]1C,O=C1CCO1,-0.6664999723434448,-1.0311251878738403,-0.3646252155303955,0.3646252155303955,val,random,Small GNN
CC[C@]12CC[C@@H]3C4=C(CC[C@H]3[C@@H]1CCC2=O)CC(OC)=CC4,O=C1CCC2C1CCC1C3=C(CC=CC3)CCC12,-5.36381721496582,-4.288017272949219,1.0757999420166016,1.0757999420166016,val,random,Small GNN
CC[n+]1c(-c2ccccc2)c2cc(N)ccc2c2ccc(N)cc21,c1ccc(-c2[nH+]c3ccccc3c3ccccc23)cc1,-1.294800043106079,-2.2464840412139893,-0.9516839981079102,0.9516839981079102,val,random,Small GNN
CCc1[nH]c(=O)[nH]c1C(=O)c1ccncc1,O=C(c1ccncc1)c1c[nH]c(=O)[nH]1,-1.9900000095367432,-2.7224984169006348,-0.7324984073638916,0.7324984073638916,val,random,Small GNN
CCc1cc(CC)c(CC)cc1CC,c1ccccc1,-4.588176727294922,-5.479400634765625,-0.8912239074707031,0.8912239074707031,val,random,Small GNN
CCc1cc(Cc2cc(CC)cc(C(C)(C)C)c2O)c(O)c(C(C)(C)C)c1,c1ccc(Cc2ccccc2)cc1,-5.566509246826172,-6.359033584594727,-0.7925243377685547,0.7925243377685547,val,random,Small GNN
CCc1ccc(NS(=O)(=O)c2ccc(N)cc2)cc1,O=S(=O)(Nc1ccccc1)c1ccccc1,-4.519999980926514,-4.2665605545043945,0.25343942642211914,0.25343942642211914,val,random,Small GNN
CCc1cccc(CC)c1N(COC)C(=O)CCl,c1ccccc1,-3.1700000762939453,-3.4440531730651855,-0.27405309677124023,0.27405309677124023,val,random,Small GNN
CCc1cccs1,c1ccsc1,-2.5845999717712402,-1.7812938690185547,0.8033061027526855,0.8033061027526855,val,random,Small GNN
CCc1nc2cnc(N)nc2nc1CC,c1cnc2ncncc2n1,-3.0399999618530273,-2.5484871864318848,0.4915127754211426,0.4915127754211426,val,random,Small GNN
CCc1nc2ncnc(O)c2nc1CC,c1cnc2ncncc2n1,-1.9121999740600586,-2.3667471408843994,-0.4545471668243408,0.4545471668243408,val,random,Small GNN
CCn1c(O)c(N=Nc2ccc(S(=O)(=O)c3ccc(N=Nc4c(C)c(CS(=O)(=O)O)c(=O)n(CC)c4O)cc3)cc2)c(C)c(CS(=O)(=O)O)c1=O,O=c1ccc(N=Nc2ccc(S(=O)(=O)c3ccc(N=Nc4ccc(=O)[nH]c4)cc3)cc2)c[nH]1,-2.102187395095825,-1.8836183547973633,0.21856904029846191,0.21856904029846191,val,random,Small GNN
CN(C)C(=O)CCC(=O)N(C)C,<ACYCLIC>,0.5034999847412109,0.03642988204956055,-0.4670701026916504,0.4670701026916504,val,random,Small GNN
CN(C)C(=O)COC(=O)c1ccccc1,c1ccccc1,-1.371999979019165,-1.5180481672286987,-0.1460481882095337,0.1460481882095337,val,random,Small GNN
CN(C)C(=O)Nc1cc(C(C)(C)C)on1,c1cnoc1,-2.4272000789642334,-2.4837567806243896,-0.05655670166015625,0.05655670166015625,val,random,Small GNN
CN(C)C(=O)Nc1ccc(Oc2ccc(Cl)cc2)cc1,c1ccc(Oc2ccccc2)cc1,-4.895299911499023,-4.34058952331543,0.5547103881835938,0.5547103881835938,val,random,Small GNN
CN(C)C(=O)SCCCCOc1ccccc1,c1ccccc1,-3.9265999794006348,-3.111541748046875,0.8150582313537598,0.8150582313537598,val,random,Small GNN
CN(C)C(=O)c1ccccc1C(=O)N(C)C,c1ccccc1,0.5083000063896179,-1.190509557723999,-1.698809564113617,1.698809564113617,val,random,Small GNN
CN(C)C1C(O)=C(C(N)=O)C(=O)C2(O)C(O)=C3C(=O)c4c(O)ccc(Cl)c4C(C)(O)C3CC12,O=C1C2=CC3C(=O)C=CCC3CC2Cc2ccccc21,-2.880000114440918,-2.353180170059204,0.5268199443817139,0.5268199443817139,val,random,Small GNN
CN(C)C1C(O)=C(C(N)=O)C(=O)C2(O)C(O)=C3C(=O)c4c(O)cccc4C(C)(O)C3C(O)C12,O=C1C2=CC3C(=O)C=CCC3CC2Cc2ccccc21,-3.1500000953674316,-2.0785863399505615,1.0714137554168701,1.0714137554168701,val,random,Small GNN
CN(C)C1C(O)=C(C(N)=O)C(=O)C2(O)C(O)=C3C(=O)c4c(O)cccc4C(C)(O)C3CC12,O=C1C2=CC3C(=O)C=CCC3CC2Cc2ccccc21,-3.119999885559082,-2.2302753925323486,0.8897244930267334,0.8897244930267334,val,random,Small GNN
CN(C)C1CSSC1,C1CSSC1,-1.8730000257492065,-0.8912749290466309,0.9817250967025757,0.9817250967025757,val,random,Small GNN
CN(C)CCCN1c2ccccc2CCc2ccccc21,c1ccc2c(c1)CCc1ccccc1N2,-4.186999797821045,-3.629016160964966,0.5579836368560791,0.5579836368560791,val,random,Small GNN
CN(C)CCOCCN(C)CCO,<ACYCLIC>,0.47646573185920715,0.7144873142242432,0.238021582365036,0.238021582365036,val,random,Small GNN
CN(C)CCOCCO,<ACYCLIC>,-0.12447488307952881,1.0187232494354248,1.1431981325149536,1.1431981325149536,val,random,Small GNN
CN(C)Cc1cc(CN(C)C)c(O)c(CN(C)C)c1,c1ccccc1,0.5055163502693176,-1.2816041707992554,-1.787120521068573,1.787120521068573,val,random,Small GNN
CN(C)Cc1ccccc1,c1ccccc1,-1.2279188632965088,-0.8970234394073486,0.33089542388916016,0.33089542388916016,val,random,Small GNN
CN(C)NC(=O)CCC(=O)O,<ACYCLIC>,-0.2046000063419342,0.11828970909118652,0.3228897154331207,0.3228897154331207,val,random,Small GNN
CN(C)[C@@H]1C(=O)/C(=C(\N)O)C(=O)[C@@]2(O)C(=O)C3=C(O)c4c(O)ccc(Cl)c4[C@@H](O)[C@H]3C[C@@H]12,C=C1C(=O)CC2CC3Cc4ccccc4C=C3C(=O)C2C1=O,-1.0469017028808594,-2.3701767921447754,-1.323275089263916,1.323275089263916,val,random,Small GNN
CN(C)c1ccc(N=Nc2ccc(N)cc2)cc1,c1ccc(N=Nc2ccccc2)cc1,-4.593999862670898,-4.188422203063965,0.4055776596069336,0.4055776596069336,val,random,Small GNN
CN(C)c1nc(=O)n(C2CCCCC2)c(=O)n1C,O=c1nc[nH]c(=O)n1C1CCCCC1,-0.883400022983551,-2.1239285469055176,-1.2405285239219666,1.2405285239219666,val,random,Small GNN
CN(C)c1nc2ncncc2[nH]1,c1ncc2[nH]cnc2n1,-1.3884999752044678,-1.9391878843307495,-0.5506879091262817,0.5506879091262817,val,random,Small GNN
CN(CC(=O)O)C(=S)SCc1ccccc1,c1ccccc1,-3.2300000190734863,-2.4092226028442383,0.820777416229248,0.820777416229248,val,random,Small GNN
CN(CC(=O)O)C(N)=NP(=O)(O)O,<ACYCLIC>,0.31265828013420105,0.48571062088012695,0.1730523407459259,0.1730523407459259,val,random,Small GNN
CN(CCCN)CCCN,<ACYCLIC>,0.8378838300704956,0.9753313064575195,0.13744747638702393,0.13744747638702393,val,random,Small GNN
CN(CCO)c1nc(Nc2ccccc2)nc(Nc2ccc(/C=C/c3ccc(Nc4nc(Nc5ccccc5)nc(N(C)CCO)n4)cc3S(=O)(=O)O)c(S(=O)(=O)O)c2)n1,C(=Cc1ccc(Nc2ncnc(Nc3ccccc3)n2)cc1)c1ccc(Nc2ncnc(Nc3ccccc3)n2)cc1,-3.0693211555480957,-1.9956321716308594,1.0736889839172363,1.0736889839172363,val,random,Small GNN
CN(c1ccccc1)S(=O)(=O)C1=CC(=O)C2=C(NNc3ccc(NC(=O)CCl)cc3S(=O)(=O)O)C(=N)C=CC2=C1,N=C1C=CC2=CC(S(=O)(=O)Nc3ccccc3)=CC(=O)C2=C1NNc1ccccc1,-4.358857154846191,-2.6807918548583984,1.678065299987793,1.678065299987793,val,random,Small GNN
CN1C(=O)C(Cc2ccc(O)cc2)N(CC(=O)O)C1=O,O=C1NC(=O)C(Cc2ccccc2)N1,-0.05000000074505806,-1.6601824760437012,-1.6101824752986431,1.6101824752986431,val,random,Small GNN
CN1C(=O)C23CC4=CC=CC(O)C4N2C(=O)C1(CO)SS3,O=C1C2NC(=O)C3(CC4=CC=CCC4N13)SS2,-3.6700000762939453,-3.014293670654297,0.6557064056396484,0.6557064056396484,val,random,Small GNN
CN1C(=O)[C@]23CC4=CC=C[C@H](O)[C@H]4N2C(=O)[C@@]1(CO)SS3,O=C1C2NC(=O)C3(CC4=CC=CCC4N13)SS2,-3.6686999797821045,-3.014293670654297,0.6544063091278076,0.6544063091278076,val,random,Small GNN
CN1CC(O)C2=CC(=NNC(N)=O)C(=O)C=C21,N=C1C=C2CCNC2=CC1=O,-2.7200000286102295,-2.4190359115600586,0.3009641170501709,0.3009641170501709,val,random,Small GNN
CN1CC(O)N(c2nnc(C(C)(C)C)s2)C1=O,O=C1NCCN1c1nncs1,-1.8773000240325928,-2.0612831115722656,-0.18398308753967285,0.18398308753967285,val,random,Small GNN
CN1CCOCC1,C1COCCN1,0.9950000047683716,1.2463023662567139,0.2513023614883423,0.2513023614883423,val,random,Small GNN
CNC,<ACYCLIC>,1.5618592500686646,1.172642469406128,-0.3892167806625366,0.3892167806625366,val,random,Small GNN
CNC(=O)C(C)SCCSP(=O)(OC)OC,<ACYCLIC>,0.5400000214576721,-1.1074440479278564,-1.6474440693855286,1.6474440693855286,val,random,Small GNN
CNC(=O)Oc1cc(C)cc(C(C)C)c1,c1ccccc1,-3.3575000762939453,-3.190087080001831,0.16741299629211426,0.16741299629211426,val,random,Small GNN
CNC(=O)Oc1cccc2ccccc12,c1ccc2ccccc2c1,-3.2239999771118164,-2.8771653175354004,0.346834659576416,0.346834659576416,val,random,Small GNN
CNC(C)=O,<ACYCLIC>,1.1361123323440552,1.2147643566131592,0.078652024269104,0.078652024269104,val,random,Small GNN
CNC(Cc1ccc(O)c(O)c1)C(=O)O,c1ccccc1,-1.0199999809265137,-0.897479772567749,0.12252020835876465,0.12252020835876465,val,random,Small GNN
CNC1=Nc2ccc(Cl)cc2C(c2ccccc2)=[N+]([O-])C1,C1=Nc2ccccc2C(c2ccccc2)=[NH+]C1,-4.480000019073486,-3.1961779594421387,1.2838220596313477,1.2838220596313477,val,random,Small GNN
CNc1ccc(S(=O)(=O)N(C)C)cc1,c1ccccc1,-3.0799999237060547,-2.3408515453338623,0.7391483783721924,0.7391483783721924,val,random,Small GNN
CNc1cccc(C)c1,c1ccccc1,-2.049999952316284,-1.430889368057251,0.6191105842590332,0.6191105842590332,val,random,Small GNN
CNc1cccc2c1C(=O)c1ccccc1C2=O,O=C1c2ccccc2C(=O)c2ccccc21,-6.300000190734863,-4.730719089508057,1.5692811012268066,1.5692811012268066,val,random,Small GNN
CNc1nc(Cl)nc(NC(C)C)n1,c1ncncn1,-2.8896000385284424,-2.4029738903045654,0.48662614822387695,0.48662614822387695,val,random,Small GNN
COC(=O)/C=C(\C)N,<ACYCLIC>,-0.8059235215187073,0.16813135147094727,0.9740548729896545,0.9740548729896545,val,random,Small GNN
COC(=O)/C=C(\C)OP(=O)(OC)OC,<ACYCLIC>,0.4275999963283539,-0.39746785163879395,-0.8250678479671478,0.8250678479671478,val,random,Small GNN
COC(=O)C(=O)c1ccccc1,c1ccccc1,-1.914237380027771,-1.890644907951355,0.023592472076416016,0.023592472076416016,val,random,Small GNN
COC(=O)C(C)N(C(=O)Cc1ccccc1)c1c(C)cccc1C,O=C(Cc1ccccc1)Nc1ccccc1,-3.944200038909912,-3.257810592651367,0.6863894462585449,0.6863894462585449,val,random,Small GNN
COC(=O)C(C)N(C(=O)c1ccccc1)c1ccc(F)c(Cl)c1,O=C(Nc1ccccc1)c1ccccc1,-3.9820001125335693,-4.06524133682251,-0.08324122428894043,0.08324122428894043,val,random,Small GNN
COC(=O)C(Cc1ccccc1)NC(=O)C(CC(=O)O)NC(=O)C(F)(F)F,c1ccccc1,-2.6600000858306885,-2.6038196086883545,0.056180477142333984,0.056180477142333984,val,random,Small GNN
COC(=O)C1(O)c2ccccc2-c2ccc(Cl)cc21,c1ccc2c(c1)Cc1ccccc1-2,-4.183599948883057,-4.600339889526367,-0.41673994064331055,0.41673994064331055,val,random,Small GNN
COC(=O)C1(S(=O)(=O)c2ccc(Cl)cc2)CC1,O=S(=O)(c1ccccc1)C1CC1,-3.3085999488830566,-3.8859434127807617,-0.5773434638977051,0.5773434638977051,val,random,Small GNN
COC(=O)C1(S(=O)(=O)c2ccc([N+](=O)[O-])cc2)CC1,O=S(=O)(c1ccccc1)C1CC1,-3.379699945449829,-3.524228096008301,-0.14452815055847168,0.14452815055847168,val,random,Small GNN
COC(=O)C1C2C=CC(C2)C1C(=O)OC,C1=CC2CCC1C2,-1.2000000476837158,-2.1391704082489014,-0.9391703605651855,0.9391703605651855,val,random,Small GNN
COC(=O)C1CC2(C(C)C)C=CC1(C)CC2,C1=CC2CCC1CC2,-4.200866222381592,-4.497898578643799,-0.29703235626220703,0.29703235626220703,val,random,Small GNN
COC(=O)C=C(C)C,<ACYCLIC>,-1.414000391960144,-0.9271056652069092,0.48689472675323486,0.48689472675323486,val,random,Small GNN
COC(=O)CCN(CCC(=O)OC)c1ccc(N=Nc2ccc([N+](=O)[O-])cc2[N+](=O)[O-])c(NC(C)=O)c1,c1ccc(N=Nc2ccccc2)cc1,-7.332831382751465,-5.2889485359191895,2.0438828468322754,2.0438828468322754,val,random,Small GNN
COC(=O)CCc1cc(C(C)(C)C)c(O)c(C(C)(C)C)c1,c1ccccc1,-5.12358283996582,-5.373160362243652,-0.24957752227783203,0.24957752227783203,val,random,Small GNN
COC(=O)CCl,<ACYCLIC>,-0.37276795506477356,-0.043283939361572266,0.3294840157032013,0.3294840157032013,val,random,Small GNN
COC(=O)NS(=O)(=O)c1ccc(N)cc1,c1ccccc1,-1.7599999904632568,-2.453444004058838,-0.693444013595581,0.693444013595581,val,random,Small GNN
COC(=O)c1cc(C)ccc1C1=NC(C)(C(C)C)C(=O)N1,O=C1CN=C(c2ccccc2)N1,-2.326200008392334,-3.7478981018066406,-1.4216980934143066,1.4216980934143066,val,random,Small GNN
COC(=O)c1ccc(C(=O)OC)c(N)c1,c1ccccc1,-3.718503713607788,-2.296043872833252,1.4224598407745361,1.4224598407745361,val,random,Small GNN
COC(=O)c1ccccc1,c1ccccc1,-1.811798334121704,-1.7636971473693848,0.048101186752319336,0.048101186752319336,val,random,Small GNN
COC(=O)n1c(-c2cscn2)nc2ccccc21,c1ccc2[nH]c(-c3cscn3)nc2c1,-3.109999895095825,-2.910327672958374,0.19967222213745117,0.19967222213745117,val,random,Small GNN
COC(C)(C)CCCC(C)C/C=C/C(C)=C/C(=O)OC(C)C,<ACYCLIC>,-5.345900058746338,-5.397411823272705,-0.05151176452636719,0.05151176452636719,val,random,Small GNN
COC(C)(C)CCO,<ACYCLIC>,-0.07252928614616394,0.09556317329406738,0.16809245944023132,0.16809245944023132,val,random,Small GNN
COC(N)=O,<ACYCLIC>,0.9639999866485596,0.6728627681732178,-0.2911372184753418,0.2911372184753418,val,random,Small GNN
COC(OC)C(C)(C)CC=C(C)C,<ACYCLIC>,-3.33976149559021,-3.604255199432373,-0.2644937038421631,0.2644937038421631,val,random,Small GNN
COC1=C(OC)C2C(=O)OCC2C=C1,O=C1OCC2C=CC=CC12,-1.8990000486373901,-1.7912020683288574,0.10779798030853271,0.10779798030853271,val,random,Small GNN
COC1=C/C(=N/N(O)c2ccc(N/N=C3/C(=O)c4c(O)cc(S(=O)(=O)O)cc4C=C3S(=O)(=O)O)c(OC)c2)C=C/C1=N/N=C1\C(=O)c2c(O)cc(S(=O)(=O)O)cc2C=C1S(=O)(=O)O,O=C1C(=NN=C2C=CC(=NNc3ccc(NN=C4C=Cc5ccccc5C4=O)cc3)C=C2)C=Cc2ccccc21,-0.9094796776771545,-1.2325854301452637,-0.32310575246810913,0.32310575246810913,val,random,Small GNN
COC1CCCCCCCCCCC1,C1CCCCCCCCCCC1,-4.683590412139893,-3.3216803073883057,1.361910104751587,1.361910104751587,val,random,Small GNN
COCCCNc1nc(NC(C)C)nc(SC)n1,c1ncncn1,-2.9284000396728516,-3.438209056854248,-0.5098090171813965,0.5098090171813965,val,random,Small GNN
COCCCn1c(=O)c2c(N)c3c(=O)c4ccccc4c(=O)c3c(N)c2c1=O,O=c1[nH]c(=O)c2cc3c(=O)c4ccccc4c(=O)c3cc12,-7.323792934417725,-4.727819442749023,2.595973491668701,2.595973491668701,val,random,Small GNN
COCCOCCOC,<ACYCLIC>,0.8454562425613403,0.48017287254333496,-0.36528337001800537,0.36528337001800537,val,random,Small GNN
COCCOCCO[Si](CCCOCC1CO1)(OCCOCCOC)OCCOCCOC,C1CO1,1.5823132991790771,-2.216930389404297,-3.799243688583374,3.799243688583374,val,random,Small GNN
CON(C)C(=O)Nc1ccc(Br)cc1,c1ccccc1,-2.8949999809265137,-2.689197301864624,0.20580267906188965,0.20580267906188965,val,random,Small GNN
COP(=O)(OC)OC1=C(Cl)C2C=CCC12,C1=CC2C=CC2C1,-2.0011000633239746,-3.224295139312744,-1.2231950759887695,1.2231950759887695,val,random,Small GNN
COP(=S)(NC(C)C)Oc1ccc(Cl)cc1Cl,c1ccccc1,-4.7982001304626465,-4.987919330596924,-0.18971920013427734,0.18971920013427734,val,random,Small GNN
COP(=S)(OC)Oc1ccc([N+](=O)[O-])c(C)c1,c1ccccc1,-4.039999961853027,-3.9201743602752686,0.11982560157775879,0.11982560157775879,val,random,Small GNN
COc1c(Cl)cc(Cl)c(OC)c1O,c1ccccc1,-2.9600000381469727,-2.42166805267334,0.5383319854736328,0.5383319854736328,val,random,Small GNN
COc1c(O)c(OC)c(Cl)c(Cl)c1Cl,c1ccccc1,-3.4100000858306885,-3.5301334857940674,-0.1201333999633789,0.1201333999633789,val,random,Small GNN
COc1c2occc2c(CN)c2ccc(=O)oc12,O=c1ccc2cc3ccoc3cc2o1,-0.8999999761581421,-2.5447895526885986,-1.6447895765304565,1.6447895765304565,val,random,Small GNN
COc1c2occc2cc2ccc(=O)oc12,O=c1ccc2cc3ccoc3cc2o1,-3.5199999809265137,-4.510631561279297,-0.9906315803527832,0.9906315803527832,val,random,Small GNN
COc1cc(C(=O)CO)ccc1O,c1ccccc1,-1.7799999713897705,-1.1592583656311035,0.620741605758667,0.620741605758667,val,random,Small GNN
COc1cc(C(=O)O)ccc1O,c1ccccc1,-2.0495998859405518,-1.4051953554153442,0.6444045305252075,0.6444045305252075,val,random,Small GNN
COc1cc(NC(=O)C2=Cc3ccccc3/C(=N/Nc3cc(C(=O)Nc4ccccc4)ccc3OC)C2=O)c(OC)cc1Cl,O=C(Nc1ccccc1)C1=Cc2ccccc2C(=NNc2cccc(C(=O)Nc3ccccc3)c2)C1=O,-7.846560478210449,-7.348309516906738,0.49825096130371094,0.49825096130371094,val,random,Small GNN
COc1cc(NC(=O)CC(C)=O)c(OC)cc1Cl,c1ccccc1,-2.9792447090148926,-2.9157931804656982,0.06345152854919434,0.06345152854919434,val,random,Small GNN
COc1cc(NC(=O)c2cccnc2)c2ncccc2c1,O=C(Nc1cccc2cccnc12)c1cccnc1,-4.446100234985352,-3.944519281387329,0.5015809535980225,0.5015809535980225,val,random,Small GNN
COc1cc([C@@H]2c3cc4c(c(O)c3C[C@H]3COC(=O)[C@@H]32)OCO4)cc(OC)c1O,O=C1OCC2Cc3cc4c(cc3C(c3ccccc3)C12)OCO4,-4.125400066375732,-3.6562297344207764,0.46917033195495605,0.46917033195495605,val,random,Small GNN
COc1cc([C@@H]2c3cc4c(c(O)c3C[C@H]3COC(=O)[C@@H]32)OCO4)cc(OC)c1OC,O=C1OCC2Cc3cc4c(cc3C(c3ccccc3)C12)OCO4,-4.503499984741211,-3.96315860748291,0.5403413772583008,0.5403413772583008,val,random,Small GNN
COc1cc2c(c3c1c(=O)c1cccnc1n3C)C=CC(C)(C)O2,O=c1c2cccnc2[nH]c2c3c(ccc12)OCC=C3,-3.9600000381469727,-4.686734199523926,-0.7267341613769531,0.7267341613769531,val,random,Small GNN
COc1cc2ncnc(N3CCN(C(=O)Nc4ccsc4)CC3)c2cc1OC,O=C(Nc1ccsc1)N1CCN(c2ncnc3ccccc23)CC1,-5.300000190734863,-3.5122339725494385,1.7877662181854248,1.7877662181854248,val,random,Small GNN
COc1ccc(C(=O)NC(Cc2ccccc2)C(O)C(=O)N2CSC(C)(C)C2C(=O)NC(C)(C)C)cc1,O=C(NC(CC(=O)N1CCSC1)Cc1ccccc1)c1ccccc1,-4.110000133514404,-3.8625428676605225,0.24745726585388184,0.24745726585388184,val,random,Small GNN
COc1ccc(C(=O)Nc2ccccc2)cc1N/N=C1\C(=O)C(C(=O)Nc2cc(Cl)ccc2C)=Cc2ccccc21,O=C(Nc1ccccc1)C1=Cc2ccccc2C(=NNc2cccc(C(=O)Nc3ccccc3)c2)C1=O,-7.752070903778076,-7.58065128326416,0.17141962051391602,0.17141962051391602,val,random,Small GNN
COc1ccc(C=O)cc1O,c1ccccc1,-1.826243281364441,-1.4544323682785034,0.3718109130859375,0.3718109130859375,val,random,Small GNN
COc1ccc(COC(C)=O)cc1,c1ccccc1,-2.4740066528320312,-2.4059269428253174,0.06807971000671387,0.06807971000671387,val,random,Small GNN
COc1ccc(Cn2cc(F)c(=O)[nH]c2=O)cc1,O=c1ccn(Cc2ccccc2)c(=O)[nH]1,-2.75,-3.0639853477478027,-0.31398534774780273,0.31398534774780273,val,random,Small GNN
COc1ccc(N)cc1,c1ccccc1,-0.748029351234436,-1.1833833456039429,-0.43535399436950684,0.43535399436950684,val,random,Small GNN
COc1ccc(NS(=O)(=O)c2ccc(N)cc2)nn1,O=S(=O)(Nc1cccnn1)c1ccccc1,-2.680000066757202,-2.942354917526245,-0.26235485076904297,0.26235485076904297,val,random,Small GNN
COc1ccc(Oc2ccc(NC(=O)N(C)C)cc2)cc1,c1ccc(Oc2ccccc2)cc1,-4.155799865722656,-3.80949068069458,0.34630918502807617,0.34630918502807617,val,random,Small GNN
COc1ccc(S(=O)(=O)c2coc(S(N)(=O)=O)c2)cc1,O=S(=O)(c1ccccc1)c1ccoc1,-3.0199999809265137,-2.5972869396209717,0.422713041305542,0.422713041305542,val,random,Small GNN
COc1ccc2[nH]cc(CCNC(C)=O)c2c1,c1ccc2[nH]ccc2c1,-5.090000152587891,-3.0774645805358887,2.012535572052002,2.012535572052002,val,random,Small GNN
COc1ccc2c3c1OC1C(O)C=CC4C(C2)N(C)CCC341,C1=CC2C3Cc4cccc5c4C2(CCN3)C(C1)O5,-1.5199999809265137,-2.694690227508545,-1.1746902465820312,1.1746902465820312,val,random,Small GNN
COc1ccc2cc(C(C)C(=O)OCC(=O)N(C)C)ccc2c1,c1ccc2ccccc2c1,-4.900000095367432,-3.9875669479370117,0.9124331474304199,0.9124331474304199,val,random,Small GNN
COc1ccc2cc(C(C)C(=O)OCC(=O)N(C)CCO)ccc2c1,c1ccc2ccccc2c1,-3.390000104904175,-3.0100948810577393,0.37990522384643555,0.37990522384643555,val,random,Small GNN
COc1ccc2cc(C(C)C(=O)OCC(=O)N(CCO)CCO)ccc2c1,c1ccc2ccccc2c1,-2.9600000381469727,-2.9144906997680664,0.04550933837890625,0.04550933837890625,val,random,Small GNN
COc1ccc2cc(C(C)C(=O)OCCCCN3CCOCC3)ccc2c1,O=C(Cc1ccc2ccccc2c1)OCCCCN1CCOCC1,-3.700000047683716,-4.1722259521484375,-0.4722259044647217,0.4722259044647217,val,random,Small GNN
COc1ccc2cc(C(C)C(=O)OCCOC(=O)CN)ccc2c1,c1ccc2ccccc2c1,-1.9800000190734863,-3.5289669036865234,-1.548966884613037,1.548966884613037,val,random,Small GNN
COc1cccc(C(=O)O)c1OC,c1ccccc1,-2.140000104904175,-1.5147433280944824,0.6252567768096924,0.6252567768096924,val,random,Small GNN
COc1cccc(OC)c1O,c1ccccc1,-0.9524999856948853,-1.3503384590148926,-0.3978384733200073,0.3978384733200073,val,random,Small GNN
COc1nc(C)nc(NC(=O)NS(=O)(=O)c2ccccc2Cl)n1,O=C(Nc1ncncn1)NS(=O)(=O)c1ccccc1,-1.7100000381469727,-4.084547519683838,-2.3745474815368652,2.3745474815368652,val,random,Small GNN
CP(=O)(O)CCC(N)C(=O)O,<ACYCLIC>,0.8396999835968018,0.4861152172088623,-0.35358476638793945,0.35358476638793945,val,random,Small GNN
CS(=O)(=O)NS(=O)(=O)C1CCCCC1,C1CCCCC1,-0.33000001311302185,-2.0544114112854004,-1.7244113981723785,1.7244113981723785,val,random,Small GNN
CS(=O)(=O)Nc1ccc([N+](=O)[O-])cc1Oc1ccccc1,c1ccc(Oc2ccccc2)cc1,-4.489999771118164,-4.032510757446289,0.457489013671875,0.457489013671875,val,random,Small GNN
CS(=O)(=O)c1ccc(C(=N)N)cc1,c1ccccc1,-1.3799999952316284,-2.039011240005493,-0.6590112447738647,0.6590112447738647,val,random,Small GNN
CS(=O)(=O)c1ccc(C(=O)C2C(=O)CCCC2=O)c(Cl)c1,O=C1CCCC(=O)C1C(=O)c1ccccc1,-3.2994000911712646,-2.972087860107422,0.3273122310638428,0.3273122310638428,val,random,Small GNN
CS(=O)(=O)c1ccc(C(O)C(CO)NC(=O)C(Cl)Cl)cc1,c1ccccc1,-2.1500000953674316,-2.164320468902588,-0.01432037353515625,0.01432037353515625,val,random,Small GNN
CSC[S+]([O-])CC(CO)NC(=O)C=Cc1c(C)[nH]c(=O)[nH]c1=O,O=c1cc[nH]c(=O)[nH]1,-1.9809999465942383,-2.0079264640808105,-0.026926517486572266,0.026926517486572266,val,random,Small GNN
CSc1ncc2nccnc2n1,c1cnc2ncncc2n1,-1.756100058555603,-1.672780156135559,0.08331990242004395,0.08331990242004395,val,random,Small GNN
C[C@@H]1CN(c2c(F)c(N)c3c(=O)c(C(=O)O)cn(C4CC4)c3c2F)C[C@H](C)N1,O=c1ccn(C2CC2)c2cc(N3CCNCC3)ccc12,-3.369999885559082,-3.492635726928711,-0.1226358413696289,0.1226358413696289,val,random,Small GNN
C[C@@H]1NC(=O)[C@@H](C)NC1=O,O=C1CNC(=O)CN1,-0.15279999375343323,-0.0952155590057373,0.05758443474769592,0.05758443474769592,val,random,Small GNN
C[C@H](C[C@H](C)C(=O)O)C(=O)O,<ACYCLIC>,-0.4564000070095062,-0.3704109191894531,0.0859890878200531,0.0859890878200531,val,random,Small GNN
C[C@H](N)C(C)(C)C,<ACYCLIC>,0.9861000180244446,-0.34866833686828613,-1.3347683548927307,1.3347683548927307,val,random,Small GNN
C[C@]12CCC(=O)C=C1CC[C@@H]1[C@@H]2CC[C@@]2(C)[C@H]1CC[C@@]21CCC(=O)O1,O=C1C=C2CCC3C(CCC4C3CCC43CCC(=O)O3)C2CC1,-4.225003719329834,-4.737485885620117,-0.5124821662902832,0.5124821662902832,val,random,Small GNN
C[C@]12CCC(=O)C=C1CC[C@@H]1[C@@H]2CC[C@]2(C)C(=O)CC[C@@H]12,O=C1C=C2CCC3C4CCC(=O)C4CCC3C2CC1,-3.6949000358581543,-4.419274806976318,-0.7243747711181641,0.7243747711181641,val,random,Small GNN
C[C@]12CC[C@@H]3c4ccc(O)cc4CC[C@H]3[C@@H]1CC[C@@H]2O,c1ccc2c(c1)CCC1C2CCC2CCCC21,-4.878900051116943,-4.129148960113525,0.749751091003418,0.749751091003418,val,random,Small GNN
C[C@]12CC[C@@H]3c4ccc(O)cc4CC[C@H]3[C@@H]1CC[C@H]2O,c1ccc2c(c1)CCC1C2CCC2CCCC21,-4.844099998474121,-4.129148960113525,0.7149510383605957,0.7149510383605957,val,random,Small GNN
C[C@]12CC[C@H](O)CC1=CC[C@@H]1[C@@H]2CC[C@]2(C)C(=O)CC[C@@H]12,O=C1CCC2C1CCC1C3CCCCC3=CCC21,-4.122000217437744,-4.45327615737915,-0.33127593994140625,0.33127593994140625,val,random,Small GNN
C[C@]12CC[C@H](O)C[C@@H]1CC[C@@H]1[C@@H]2CC[C@]2(C)C(=O)CC[C@@H]12,O=C1CCC2C1CCC1C3CCCCC3CCC21,-4.157700061798096,-4.405036926269531,-0.24733686447143555,0.24733686447143555,val,random,Small GNN
C[Hg]C#N,<ACYCLIC>,-0.08209999650716782,-1.447197675704956,-1.3650976791977882,1.3650976791977882,val,random,Small GNN
C[N+](C)(C)CCCl,<ACYCLIC>,0.7990000247955322,0.8481707572937012,0.049170732498168945,0.049170732498168945,val,random,Small GNN
C[N+](C)(C)CCO,<ACYCLIC>,0.6032053232192993,0.8378310203552246,0.2346256971359253,0.2346256971359253,val,random,Small GNN
C[N+](C)(C)c1ccc2ccc(O)c(N=Nc3ccc(N)cc3)c2c1,c1ccc(N=Nc2cccc3ccccc23)cc1,-1.9807853698730469,-2.2725229263305664,-0.29173755645751953,0.29173755645751953,val,random,Small GNN
C[N+]1([O-])CCOCC1,C1COCC[NH2+]1,0.4563099145889282,1.1347382068634033,0.6784282922744751,0.6784282922744751,val,random,Small GNN
C[Si](C)(C)N[Si](C)(C)C,<ACYCLIC>,-2.2100722789764404,-5.180825233459473,-2.9707529544830322,2.9707529544830322,val,random,Small GNN
C[Si](C)(C)O[Si](C)(C)O[Si](C)(C)C,<ACYCLIC>,-6.842400074005127,-6.2711076736450195,0.5712924003601074,0.5712924003601074,val,random,Small GNN
Cc1c(Cl)ccc(Cc2ccc(Cl)cc2Cl)c1Cl,c1ccc(Cc2ccccc2)cc1,-7.400000095367432,-6.976025581359863,0.42397451400756836,0.42397451400756836,val,random,Small GNN
Cc1c([N+](=O)[O-])cccc1[N+](=O)[O-],c1ccccc1,-3.0002999305725098,-2.5994248390197754,0.4008750915527344,0.4008750915527344,val,random,Small GNN
Cc1cc(C)c(Nc2ccc(Nc3c(C)cc(C)cc3C)c3c2C(=O)c2ccccc2C3=O)c(C)c1,O=C1c2ccccc2C(=O)c2c(Nc3ccccc3)ccc(Nc3ccccc3)c21,-7.8250732421875,-7.2196455001831055,0.6054277420043945,0.6054277420043945,val,random,Small GNN
Cc1cc(C)c([PH](=O)O)c(C)c1,c1ccccc1,-2.789599895477295,-1.2875007390975952,1.5020991563796997,1.5020991563796997,val,random,Small GNN
Cc1cc(C)cc(N2C(=O)c3ccc4c5ccc6c7c(ccc(c8ccc(c3c48)C2=O)c75)C(=O)N(c2cc(C)cc(C)c2)C6=O)c1,O=C1c2ccc3c4ccc5c6c(ccc(c7ccc(c2c37)C(=O)N1c1ccccc1)c64)C(=O)N(c1ccccc1)C5=O,-7.47614860534668,-7.528380393981934,-0.052231788635253906,0.052231788635253906,val,random,Small GNN
Cc1cc(Cc2ccc(N)c(C)c2)ccc1N,c1ccc(Cc2ccccc2)cc1,-4.150608539581299,-2.8851070404052734,1.2655014991760254,1.2655014991760254,val,random,Small GNN
Cc1cc(Cl)ccc1OCCCC(=O)O,c1ccccc1,-3.677999973297119,-2.6656293869018555,1.0123705863952637,1.0123705863952637,val,random,Small GNN
Cc1cc(N(CCO)CCO)ccc1N=Nc1c(Cl)cc([N+](=O)[O-])cc1Cl,c1ccc(N=Nc2ccccc2)cc1,-5.959199905395508,-5.4447221755981445,0.5144777297973633,0.5144777297973633,val,random,Small GNN
Cc1cc(N)c(S(=O)(=O)O)cc1Cl,c1ccccc1,-2.3456971645355225,-0.8668026924133301,1.4788944721221924,1.4788944721221924,val,random,Small GNN
Cc1cc(N)n(-c2ccccc2)n1,c1ccc(-n2cccn2)cc1,-0.9376000165939331,-2.0400710105895996,-1.1024709939956665,1.1024709939956665,val,random,Small GNN
Cc1cc(NC(C)C(=O)c2ccccc2)ccc1N/N=C1\C=C(S(=O)(=O)O)c2ccccc2C1=O,O=C(CNc1ccc(NN=C2C=Cc3ccccc3C2=O)cc1)c1ccccc1,-1.8129006624221802,-2.900458574295044,-1.0875579118728638,1.0875579118728638,val,random,Small GNN
Cc1cc(O)c([N+](=O)[O-])cc1Cl,c1ccccc1,-4.390100002288818,-2.4532599449157715,1.9368400573730469,1.9368400573730469,val,random,Small GNN
Cc1cc(S(=O)(=O)O)c(N/N=C2\C(=O)C(C(=O)O)=Cc3ccccc32)cc1Cl,O=C1C=Cc2ccccc2C1=NNc1ccccc1,-6.263770580291748,-2.0683860778808594,4.195384502410889,4.195384502410889,val,random,Small GNN
Cc1cc([N+](=O)[O-])ccc1N,c1ccccc1,-3.0361526012420654,-1.777916431427002,1.2582361698150635,1.2582361698150635,val,random,Small GNN
Cc1cc2ccccc2cn1,c1ccc2cnccc2c1,-2.190000057220459,-2.3230602741241455,-0.13306021690368652,0.13306021690368652,val,random,Small GNN
Cc1cc2nc3c(C)c(N)ccc3[n+](-c3ccccc3)c2cc1N,c1ccc(-[n+]2c3ccccc3nc3ccccc32)cc1,-0.8461999893188477,-2.149646759033203,-1.3034467697143555,1.3034467697143555,val,random,Small GNN
Cc1ccc(-n2ccc(=O)c(O)c2C)cc1,O=c1ccn(-c2ccccc2)cc1,-3.2200000286102295,-2.0490660667419434,1.1709339618682861,1.1709339618682861,val,random,Small GNN
Cc1ccc(C(=O)COc2c(C(=O)c3ccc(Cl)c(C)c3Cl)c(C)nn2C)cc1,O=C(COc1[nH]ncc1C(=O)c1ccccc1)c1ccccc1,-6.520899772644043,-5.40248966217041,1.1184101104736328,1.1184101104736328,val,random,Small GNN
Cc1ccc(C(=O)O)cc1,c1ccccc1,-2.5299999713897705,-1.697867512702942,0.8321324586868286,0.8321324586868286,val,random,Small GNN
Cc1ccc(C(=O)c2cc(O)c(O)c([N+](=O)[O-])c2)cc1,O=C(c1ccccc1)c1ccccc1,-4.170000076293945,-3.565854549407959,0.6041455268859863,0.6041455268859863,val,random,Small GNN
Cc1ccc(C(C)C)c(O)c1,c1ccccc1,-2.190000057220459,-2.6115658283233643,-0.4215657711029053,0.4215657711029053,val,random,Small GNN
Cc1ccc(C)c(C)c1,c1ccccc1,-3.309999942779541,-2.7260513305664062,0.5839486122131348,0.5839486122131348,val,random,Small GNN
Cc1ccc(C)c(C)n1,c1ccncc1,-0.5892999768257141,-0.5424528121948242,0.04684716463088989,0.04684716463088989,val,random,Small GNN
Cc1ccc(N)c(Cl)c1O,c1ccccc1,-1.4815528392791748,-1.1940420866012573,0.2875107526779175,0.2875107526779175,val,random,Small GNN
Cc1ccc(N)cc1,c1ccccc1,-1.0477452278137207,-1.1523480415344238,-0.10460281372070312,0.10460281372070312,val,random,Small GNN
Cc1ccc(O)c(-n2nc3ccccc3n2)c1,c1ccc(-n2nc3ccccc3n2)cc1,-5.352666854858398,-3.4688243865966797,1.8838424682617188,1.8838424682617188,val,random,Small GNN
Cc1ccc(OP(=O)(Oc2ccc(C)cc2)Oc2ccc(C)cc2)cc1,O=P(Oc1ccccc1)(Oc1ccccc1)Oc1ccccc1,-6.089200019836426,-5.493169784545898,0.5960302352905273,0.5960302352905273,val,random,Small GNN
Cc1ccc(P(=O)(O)O)c(C)c1,c1ccccc1,-1.0937999486923218,-0.4459817409515381,0.6478182077407837,0.6478182077407837,val,random,Small GNN
Cc1ccc(S(=O)(=O)C2(C(=O)OC(C)C)CC2)cc1,O=S(=O)(c1ccccc1)C1CC1,-3.2307000160217285,-4.246196746826172,-1.0154967308044434,1.0154967308044434,val,random,Small GNN
Cc1ccc(S(=O)(=O)C2(C(=O)OC(C)C)CCC2)cc1,O=S(=O)(c1ccccc1)C1CCC1,-3.3399999141693115,-4.265353202819824,-0.9253532886505127,0.9253532886505127,val,random,Small GNN
Cc1ccc(S(=O)(=O)NCl)cc1,c1ccccc1,-0.36000001430511475,-3.8818182945251465,-3.5218182802200317,3.5218182802200317,val,random,Small GNN
Cc1ccc(S(=O)(=O)Oc2ccc(N=Nc3ccc(N=Nc4ccc(Nc5ccc([N+](=O)[O-])cc5S(=O)(=O)O)cc4)c4ccc(S(=O)(=O)O)cc34)cc2)cc1,O=S(=O)(Oc1ccc(N=Nc2ccc(N=Nc3ccc(Nc4ccccc4)cc3)c3ccccc23)cc1)c1ccccc1,-1.5709847211837769,-3.040302038192749,-1.4693173170089722,1.4693173170089722,val,random,Small GNN
Cc1ccc2[nH]c3cc4c(=O)c5cc(C)ccc5[nH]c4cc3c(=O)c2c1,O=c1c2ccccc2[nH]c2cc3c(=O)c4ccccc4[nH]c3cc12,-7.783778667449951,-6.32729959487915,1.4564790725708008,1.4564790725708008,val,random,Small GNN
Cc1ccc2c(c1)C(=O)c1ccccc1C2=O,O=C1c2ccccc2C(=O)c2ccccc21,-6.117146015167236,-5.8442206382751465,0.27292537689208984,0.27292537689208984,val,random,Small GNN
Cc1ccc2c(ccc3ccccc32)c1,c1ccc2c(c1)ccc1ccccc12,-5.836699962615967,-5.8927435874938965,-0.05604362487792969,0.05604362487792969,val,random,Small GNN
Cc1ccc2cc(C)c(C)cc2c1,c1ccc2ccccc2c1,-5.000699996948242,-5.7404375076293945,-0.7397375106811523,0.7397375106811523,val,random,Small GNN
Cc1ccc2ccccc2c1,c1ccc2ccccc2c1,-3.76200008392334,-4.696462154388428,-0.9344620704650879,0.9344620704650879,val,random,Small GNN
Cc1cccc(Br)c1,c1ccccc1,-3.5230000019073486,-2.667130947113037,0.8558690547943115,0.8558690547943115,val,random,Small GNN
Cc1cccc(C(=O)O)c1O,c1ccccc1,-2.0399999618530273,-1.1848983764648438,0.8551015853881836,0.8551015853881836,val,random,Small GNN
Cc1cccc(O)c1,c1ccccc1,-0.6629185080528259,-0.8091297149658203,-0.14621120691299438,0.14621120691299438,val,random,Small GNN
Cc1ccccc1C(=O)Nc1cccc(OC(C)C)c1,O=C(Nc1ccccc1)c1ccccc1,-4.326499938964844,-5.2690749168396,-0.9425749778747559,0.9425749778747559,val,random,Small GNN
Cc1ccccc1CCl,c1ccccc1,-3.081326961517334,-2.8974812030792236,0.18384575843811035,0.18384575843811035,val,random,Small GNN
Cc1ccccc1N1C(=O)c2cc(S(N)(=O)=O)c(Cl)cc2NC1C,O=C1c2ccccc2NCN1c1ccccc1,-3.7829999923706055,-3.1180357933044434,0.6649641990661621,0.6649641990661621,val,random,Small GNN
Cc1ccccc1Oc1ccccc1C,c1ccc(Oc2ccccc2)cc1,-4.84392786026001,-4.152261257171631,0.6916666030883789,0.6916666030883789,val,random,Small GNN
Cc1ccccc1[N+](=O)[O-],c1ccccc1,-2.3243000507354736,-2.1233441829681396,0.20095586776733398,0.20095586776733398,val,random,Small GNN
Cc1ccco1,c1ccoc1,-1.4371999502182007,-0.007464408874511719,1.429735541343689,1.429735541343689,val,random,Small GNN
Cc1ccnc(NC(=O)c2cnccn2)n1,O=C(Nc1ncccn1)c1cnccn1,-0.7307999730110168,-0.9641284942626953,-0.23332852125167847,0.23332852125167847,val,random,Small GNN
Cc1cnc2nc[nH]c(=O)c2n1,O=c1[nH]cnc2nccnc12,-1.649999976158142,-1.4061930179595947,0.24380695819854736,0.24380695819854736,val,random,Small GNN
Cc1nc2c(=O)n(C)c(=O)n(C)c2nc1C,O=c1[nH]c(=O)c2nccnc2[nH]1,-1.342900037765503,-1.186937928199768,0.15596210956573486,0.15596210956573486,val,random,Small GNN
Cc1nc2n(c(=O)c1CCCl)CCCC2,O=c1ccnc2n1CCCC2,0.5797669291496277,-3.0669195652008057,-3.6466864943504333,3.6466864943504333,val,random,Small GNN
Cc1ncc[nH]1,c1c[nH]cn1,0.5121363401412964,0.8708024024963379,0.3586660623550415,0.3586660623550415,val,random,Small GNN
Cc1nn(C)c(Oc2ccccc2)c1/C=N/OCc1ccc(C(=O)OC(C)(C)C)cc1,C(=NOCc1ccccc1)c1cn[nH]c1Oc1ccccc1,-7.460400104522705,-5.529097557067871,1.931302547454834,1.931302547454834,val,random,Small GNN
Cc1nnc2n1-c1ccc(Cl)cc1C(c1ccccc1)=NC2,c1ccc(C2=NCc3nncn3-c3ccccc32)cc1,-3.5999999046325684,-4.608226776123047,-1.0082268714904785,1.0082268714904785,val,random,Small GNN
ClC(Cl)c1ccccc1,c1ccccc1,-2.809000015258789,-2.9321091175079346,-0.12310910224914551,0.12310910224914551,val,random,Small GNN
ClC1=C(Cl)C(Cl)(Cl)C(Cl)=C1Cl,C1=CCC=C1,-5.180500030517578,-6.324167251586914,-1.143667221069336,1.143667221069336,val,random,Small GNN
ClC=C(Cl)Cl,<ACYCLIC>,-1.9600000381469727,-2.2631239891052246,-0.30312395095825195,0.30312395095825195,val,random,Small GNN
ClCC(Cl)(Cl)CCl,<ACYCLIC>,-2.5785000324249268,-2.6788506507873535,-0.10035061836242676,0.10035061836242676,val,random,Small GNN
ClCC(Cl)Cl,<ACYCLIC>,-1.581104040145874,-1.6936448812484741,-0.1125408411026001,0.1125408411026001,val,random,Small GNN
ClCCCCCCCl,<ACYCLIC>,-3.43464732170105,-4.759095191955566,-1.3244478702545166,1.3244478702545166,val,random,Small GNN
ClCc1ccccc1Cl,c1ccccc1,-3.206909418106079,-3.337954044342041,-0.13104462623596191,0.13104462623596191,val,random,Small GNN
Clc1c(Cl)c(Cl)c(-c2ccccc2)c(Cl)c1Cl,c1ccc(-c2ccccc2)cc1,-7.910699844360352,-7.222901344299316,0.6877985000610352,0.6877985000610352,val,random,Small GNN
Clc1cc(-c2c(Cl)c(Cl)c(Cl)c(Cl)c2Cl)cc(Cl)c1Cl,c1ccc(-c2ccccc2)cc1,-9.699700355529785,-8.797447204589844,0.9022531509399414,0.9022531509399414,val,random,Small GNN
Clc1cc(-c2ccccc2)c(Cl)c(Cl)c1Cl,c1ccc(-c2ccccc2)cc1,-7.159999847412109,-6.659870147705078,0.5001296997070312,0.5001296997070312,val,random,Small GNN
Clc1cc(Cl)c(-c2cc(Cl)c(Cl)cc2Cl)c(Cl)c1,c1ccc(-c2ccccc2)cc1,-8.11989974975586,-7.619933128356934,0.4999666213989258,0.4999666213989258,val,random,Small GNN
Clc1cc(Cl)c(Cl)c(-c2c(Cl)c(Cl)cc(Cl)c2Cl)c1,c1ccc(-c2ccccc2)cc1,-8.590100288391113,-8.09960651397705,0.4904937744140625,0.4904937744140625,val,random,Small GNN
Clc1cc(Cl)c(Cl)c(-c2cc(Cl)c(Cl)c(Cl)c2Cl)c1,c1ccc(-c2ccccc2)cc1,-9.100000381469727,-8.261231422424316,0.8387689590454102,0.8387689590454102,val,random,Small GNN
Clc1cc(Cl)c(Cl)c(Oc2ccc(Cl)c(Cl)c2Cl)c1,c1ccc(Oc2ccccc2)cc1,-8.550000190734863,-8.004405975341797,0.5455942153930664,0.5455942153930664,val,random,Small GNN
Clc1cc(Cl)c2c(c1)Oc1c(Cl)cc(Cl)cc1O2,c1ccc2c(c1)Oc1ccccc1O2,-9.002699851989746,-8.072736740112305,0.9299631118774414,0.9299631118774414,val,random,Small GNN
Clc1cc(Cl)c2nsnc2c1Cl,c1ccc2nsnc2c1,-4.980000019073486,-6.114194393157959,-1.1341943740844727,1.1341943740844727,val,random,Small GNN
Clc1cc(Oc2c(Cl)c(Cl)cc(Cl)c2Cl)c(Cl)c(Cl)c1Cl,c1ccc(Oc2ccccc2)cc1,-10.100000381469727,-8.88155460357666,1.2184457778930664,1.2184457778930664,val,random,Small GNN
Clc1ccc(-c2c(Cl)ccc(Cl)c2Cl)c(Cl)c1Cl,c1ccc(-c2ccccc2)cc1,-7.650000095367432,-7.529749870300293,0.12025022506713867,0.12025022506713867,val,random,Small GNN
Clc1ccc(-c2c(Cl)cccc2Cl)cc1Cl,c1ccc(-c2ccccc2)cc1,-7.019899845123291,-6.44605827331543,0.5738415718078613,0.5738415718078613,val,random,Small GNN
Clc1ccc(-c2ccc(Cl)cc2Cl)c(Cl)c1,c1ccc(-c2ccccc2)cc1,-6.510000228881836,-6.4069671630859375,0.10303306579589844,0.10303306579589844,val,random,Small GNN
Clc1ccc(Br)cc1Cl,c1ccccc1,-1.0114935636520386,-4.532778263092041,-3.5212846994400024,3.5212846994400024,val,random,Small GNN
Clc1ccc(Cl)c(-c2ccccc2)c1,c1ccc(-c2ccccc2)cc1,-5.299300193786621,-5.0145769119262695,0.28472328186035156,0.28472328186035156,val,random,Small GNN
Clc1ccc(Oc2c(Cl)c(Cl)c(Cl)c(Cl)c2Cl)c(Cl)c1Cl,c1ccc(Oc2ccccc2)cc1,-10.600000381469727,-8.906935691833496,1.6930646896362305,1.6930646896362305,val,random,Small GNN
Clc1ccc(Oc2c(Cl)cccc2Cl)c(Cl)c1Cl,c1ccc(Oc2ccccc2)cc1,-7.230000019073486,-7.347170829772949,-0.11717081069946289,0.11717081069946289,val,random,Small GNN
Clc1ccc(Oc2c(Cl)cccc2Cl)cc1Cl,c1ccc(Oc2ccccc2)cc1,-6.559999942779541,-6.850947380065918,-0.29094743728637695,0.29094743728637695,val,random,Small GNN
Clc1ccc(Oc2cc(Cl)c(Cl)c(Cl)c2Cl)cc1Cl,c1ccc(Oc2ccccc2)cc1,-8.779999732971191,-8.149109840393066,0.630889892578125,0.630889892578125,val,random,Small GNN
Clc1ccc(Oc2cc(Cl)ccc2Cl)c(Cl)c1,c1ccc(Oc2ccccc2)cc1,-6.769999980926514,-6.944300651550293,-0.1743006706237793,0.1743006706237793,val,random,Small GNN
Clc1ccc(Oc2ccccc2)cc1Cl,c1ccc(Oc2ccccc2)cc1,-4.720600128173828,-5.576950550079346,-0.8563504219055176,0.8563504219055176,val,random,Small GNN
Clc1ccc(Oc2ccccc2Cl)c(Cl)c1,c1ccc(Oc2ccccc2)cc1,-4.949900150299072,-6.174859046936035,-1.224958896636963,1.224958896636963,val,random,Small GNN
Clc1ccc2c(Cl)ccnc2c1,c1ccc2ncccc2c1,-2.8026247024536133,-3.8064162731170654,-1.0037915706634521,1.0037915706634521,val,random,Small GNN
Clc1ccc2c(c1)Oc1c(Cl)c(Cl)c(Cl)c(Cl)c1O2,c1ccc2c(c1)Oc1ccccc1O2,-9.472800254821777,-8.680603981018066,0.7921962738037109,0.7921962738037109,val,random,Small GNN
Clc1cccc(Cl)c1-c1ccccc1,c1ccc(-c2ccccc2)cc1,-5.210000038146973,-4.7427778244018555,0.4672222137451172,0.4672222137451172,val,random,Small GNN
Clc1cccc(Cl)c1Cl,c1ccccc1,-4.003481864929199,-4.298130989074707,-0.2946491241455078,0.2946491241455078,val,random,Small GNN
Cn1c(=O)[nH]c2c(=O)[nH]c(=O)[nH]c21,O=c1[nH]c(=O)c2[nH]c(=O)[nH]c2[nH]1,-3.940000057220459,-3.0450282096862793,0.8949718475341797,0.8949718475341797,val,random,Small GNN
Cn1c(=O)[nH]n(-c2ccccc2)c1=O,O=c1[nH]c(=O)n(-c2ccccc2)[nH]1,-2.9804000854492188,-1.8737387657165527,1.106661319732666,1.106661319732666,val,random,Small GNN
Cn1c(=O)c2[nH]c(-c3ccccc3)nc2n(C)c1=O,O=c1[nH]c(=O)c2[nH]c(-c3ccccc3)nc2[nH]1,-5.0,-2.891155481338501,2.108844518661499,2.108844518661499,val,random,Small GNN
Cn1c(N)c(NC=O)c(=O)n(C)c1=O,O=c1cc[nH]c(=O)[nH]1,-1.183120846748352,-0.8161039352416992,0.36701691150665283,0.36701691150665283,val,random,Small GNN
Cn1ccccc1=O,O=c1cccc[nH]1,0.9621000289916992,0.3444077968597412,-0.617692232131958,0.617692232131958,val,random,Small GNN
Cn1nc(S(N)(=O)=O)sc1=NS(=O)(=O)c1ccc([N+](=O)[O-])cc1,O=S(=O)(N=c1[nH]ncs1)c1ccccc1,-2.700000047683716,-2.5946617126464844,0.10533833503723145,0.10533833503723145,val,random,Small GNN
Cn1nc(S(N)(=O)=O)sc1=NS(C)(=O)=O,N=c1[nH]ncs1,-2.049999952316284,-1.951998233795166,0.09800171852111816,0.09800171852111816,val,random,Small GNN
FC(Cl)C(F)(F)F,<ACYCLIC>,-1.9589999914169312,-2.297135829925537,-0.33813583850860596,0.33813583850860596,val,random,Small GNN
FC(F)(Cl)C(Cl)(Cl)Cl,<ACYCLIC>,-3.309299945831299,-3.6706230640411377,-0.36132311820983887,0.36132311820983887,val,random,Small GNN
FC(F)(F)c1nc2c(Cl)c(Cl)ccc2[nH]1,c1ccc2[nH]cnc2c1,-3.567699909210205,-6.053427696228027,-2.4857277870178223,2.4857277870178223,val,random,Small GNN
FC(F)=C(F)F,<ACYCLIC>,-2.800100088119507,-1.3652681112289429,1.434831976890564,1.434831976890564,val,random,Small GNN
FC(F)OC(F)(F)C(F)Cl,<ACYCLIC>,-1.5161999464035034,-3.1925482749938965,-1.676348328590393,1.676348328590393,val,random,Small GNN
Fc1ccccc1CCl,c1ccccc1,-2.5409998893737793,-2.8491463661193848,-0.30814647674560547,0.30814647674560547,val,random,Small GNN
Fc1ccccc1F,c1ccccc1,-2.0,-1.8911961317062378,0.10880386829376221,0.10880386829376221,val,random,Small GNN
II,<ACYCLIC>,-2.885999917984009,-3.1775946617126465,-0.2915947437286377,0.2915947437286377,val,random,Small GNN
N#C/C(=N\OCC1OCCO1)c1ccccc1,C(=NOCC1OCCO1)c1ccccc1,-4.064899921417236,-3.008113145828247,1.0567867755889893,1.0567867755889893,val,random,Small GNN
N#CC(C#N)=NNc1ccccc1,c1ccccc1,-3.359999895095825,-3.3935413360595703,-0.03354144096374512,0.03354144096374512,val,random,Small GNN
N#CCC(=O)Nc1ccccc1,c1ccccc1,-2.7274999618530273,-1.6922152042388916,1.0352847576141357,1.0352847576141357,val,random,Small GNN
N#CCCN(CCC#N)CC(=O)O,<ACYCLIC>,0.4578000009059906,-0.2865896224975586,-0.7443896234035492,0.7443896234035492,val,random,Small GNN
N#CI,<ACYCLIC>,-0.6333000063896179,-0.4413001537322998,0.19199985265731812,0.19199985265731812,val,random,Small GNN
N#CSCSc1nc2ccccc2s1,c1ccc2scnc2c1,-3.2802999019622803,-3.436328887939453,-0.15602898597717285,0.15602898597717285,val,random,Small GNN
N#Cc1ccc(Cl)cc1,c1ccccc1,-2.749354600906372,-2.5538647174835205,0.19548988342285156,0.19548988342285156,val,random,Small GNN
N#Cc1nn(-c2c(Cl)cc(C(F)(F)F)cc2Cl)c(N)c1[S+]([O-])C(F)(F)F,c1ccc(-n2cccn2)cc1,-5.3618998527526855,-5.514945030212402,-0.1530451774597168,0.1530451774597168,val,random,Small GNN
N=C(N)NN=Cc1c(O)ccc2ccccc12,c1ccc2ccccc2c1,-2.4600000381469727,-3.064784288406372,-0.6047842502593994,0.6047842502593994,val,random,Small GNN
N=C(N)c1cccc(NC(=O)Nc2cccc(C(=N)N)c2)c1,O=C(Nc1ccccc1)Nc1ccccc1,-1.7699999809265137,-2.339761257171631,-0.5697612762451172,0.5697612762451172,val,random,Small GNN
NC(=O)C(Br)(Br)Br,<ACYCLIC>,-1.266800045967102,-0.8714287281036377,0.39537131786346436,0.39537131786346436,val,random,Small GNN
NC(=O)C(Br)Br,<ACYCLIC>,-1.0573999881744385,-0.07780981063842773,0.9795901775360107,0.9795901775360107,val,random,Small GNN
NC(=O)CBr,<ACYCLIC>,0.06430000066757202,0.28788113594055176,0.22358113527297974,0.22358113527297974,val,random,Small GNN
NC(=O)N/N=C/C(O)C(O)C(O)C(O)CO,<ACYCLIC>,-0.42570000886917114,-0.14974641799926758,0.27595359086990356,0.27595359086990356,val,random,Small GNN
NC(=O)NCC(=O)NCC(=O)O,<ACYCLIC>,-0.8996000289916992,-0.027189016342163086,0.8724110126495361,0.8724110126495361,val,random,Small GNN
NC(=O)NCO,<ACYCLIC>,-0.34630000591278076,0.4363069534301758,0.7826069593429565,0.7826069593429565,val,random,Small GNN
NC(=O)c1ccc[n+](Cc2ccccc2)c1,c1ccc(C[n+]2ccccc2)cc1,0.2936103641986847,0.11798238754272461,-0.17562797665596008,0.17562797665596008,val,random,Small GNN
NC(=O)c1cnc2n1CCc1ccccc1C21CCNCC1,c1ccc2c(c1)CCn1ccnc1C21CCNCC1,-2.430000066757202,-2.086416482925415,0.3435835838317871,0.3435835838317871,val,random,Small GNN
NC(=S)NS(=O)(=O)c1ccc(N)cc1,c1ccccc1,-2.240000009536743,-2.391965389251709,-0.15196537971496582,0.15196537971496582,val,random,Small GNN
NC(=S)Nc1cccc([N+](=O)[O-])c1,c1ccccc1,-1.4499000310897827,-2.3510613441467285,-0.9011613130569458,0.9011613130569458,val,random,Small GNN
NC(CCCC(=O)O)C(=O)O,<ACYCLIC>,-1.864799976348877,-0.029683351516723633,1.8351166248321533,1.8351166248321533,val,random,Small GNN
NC(CO)C(=O)NC(CO)C(=O)O,<ACYCLIC>,-0.5846999883651733,0.3401196002960205,0.9248195886611938,0.9248195886611938,val,random,Small GNN
NC(Cc1c[nH]c2ccccc12)C(=O)O,c1ccc2[nH]ccc2c1,-1.7699999809265137,-1.792236328125,-0.022236347198486328,0.022236347198486328,val,random,Small GNN
NC(Cc1cc(Cl)c(O)c(Cl)c1)C(=O)O,c1ccccc1,-1.7546000480651855,-1.3189126253128052,0.43568742275238037,0.43568742275238037,val,random,Small GNN
NC(Cc1ccc(O)c(O)c1)C(=O)O,c1ccccc1,-1.595900058746338,-0.8361008167266846,0.7597992420196533,0.7597992420196533,val,random,Small GNN
NC(Cc1ccc(O)cc1)C(=O)NCC(=O)NCC(=O)O,c1ccccc1,-1.4700000286102295,-0.7646059989929199,0.7053940296173096,0.7053940296173096,val,random,Small GNN
NC(Cc1cccs1)C(=O)O,c1ccsc1,-0.8356000185012817,-0.7935400009155273,0.042060017585754395,0.042060017585754395,val,random,Small GNN
NC(N)=Nc1nc(CSCC/C(N)=N\S(N)(=O)=O)cs1,c1cscn1,-2.6500000953674316,-1.9237117767333984,0.7262883186340332,0.7262883186340332,val,random,Small GNN
NC12CC3CC(CC(C3)C1)C2,C1C2CC3CC1CC(C2)C3,-1.850000023841858,-3.25077223777771,-1.400772213935852,1.400772213935852,val,random,Small GNN
NC1C(O)C(O)C(O)C(O)C1O,C1CCCCC1,-1.409999966621399,-0.026700258255004883,1.383299708366394,1.383299708366394,val,random,Small GNN
NCC(=O)NC(Cc1ccc(O)cc1)C(=O)O,c1ccccc1,-0.7300000190734863,-0.8639364242553711,-0.13393640518188477,0.13393640518188477,val,random,Small GNN
NCC(=O)NCC(=O)NCC(=O)O,<ACYCLIC>,-0.5299999713897705,0.3183591365814209,0.8483591079711914,0.8483591079711914,val,random,Small GNN
NCC(=O)O,<ACYCLIC>,0.9200000166893005,0.7725210189819336,-0.14747899770736694,0.14747899770736694,val,random,Small GNN
NCC(O)CO,<ACYCLIC>,1.0404340028762817,1.2216179370880127,0.18118393421173096,0.18118393421173096,val,random,Small GNN
NCC1CCC(C(=O)O)CC1,C1CCCCC1,0.025499999523162842,-0.16528797149658203,-0.19078797101974487,0.19078797101974487,val,random,Small GNN
NCCCCC(N)C(=O)O,<ACYCLIC>,0.835099995136261,0.2677574157714844,-0.5673425793647766,0.5673425793647766,val,random,Small GNN
NCCNCCNCCNCCN,<ACYCLIC>,0.7229999899864197,0.7131316661834717,-0.009868323802947998,0.009868323802947998,val,random,Small GNN
NCCNCCNCCNCCNCCN,<ACYCLIC>,0.3327787220478058,0.584477424621582,0.25169870257377625,0.25169870257377625,val,random,Small GNN
NCCNc1ccc(S(=O)(=O)c2ccc(N)cc2)cc1,O=S(=O)(c1ccccc1)c1ccccc1,-2.3499999046325684,-2.657534599304199,-0.30753469467163086,0.30753469467163086,val,random,Small GNN
NCCOCCN,<ACYCLIC>,0.9823282361030579,1.5289080142974854,0.5465797781944275,0.5465797781944275,val,random,Small GNN
NCCc1ccc(O)c([N+](=O)[O-])c1,c1ccccc1,-1.339900016784668,-1.3168532848358154,0.02304673194885254,0.02304673194885254,val,random,Small GNN
NCc1ccc(CN)cc1,c1ccccc1,1.1750718355178833,-0.039411067962646484,-1.2144829034805298,1.2144829034805298,val,random,Small GNN
NNC(N)=S,<ACYCLIC>,-0.8457608819007874,-0.32706618309020996,0.5186946988105774,0.5186946988105774,val,random,Small GNN
NNS(=O)(=O)c1ccc(Oc2ccc(S(=O)(=O)NN)cc2)cc1,c1ccc(Oc2ccccc2)cc1,-3.7584891319274902,-3.5309455394744873,0.22754359245300293,0.22754359245300293,val,random,Small GNN
NNc1ccccc1,c1ccccc1,0.07000000029802322,-0.8108642101287842,-0.8808642104268074,0.8808642104268074,val,random,Small GNN
NS(=O)(=O)c1cc(C2(O)NC(=O)c3ccccc32)ccc1Cl,O=C1NC(c2ccccc2)c2ccccc21,-3.450700044631958,-2.654301881790161,0.7963981628417969,0.7963981628417969,val,random,Small GNN
NS(=O)(=O)c1cc2c(s1)SCCC2=O,O=C1CCSc2sccc21,-3.549999952316284,-2.3640060424804688,1.1859939098358154,1.1859939098358154,val,random,Small GNN
NS(=O)(=O)c1ccc(CCCCCO)cc1,c1ccccc1,-1.9711999893188477,-2.106065034866333,-0.13486504554748535,0.13486504554748535,val,random,Small GNN
NS(=O)(=O)c1ccc(NC(=S)Nc2ccc(F)cc2)cc1,S=C(Nc1ccccc1)Nc1ccccc1,-2.989959955215454,-3.4537768363952637,-0.46381688117980957,0.46381688117980957,val,random,Small GNN
NS(=O)(=O)c1ccc(Nc2ccnc(NS(=O)(=O)Cc3ccccc3)n2)cc1,O=S(=O)(Cc1ccccc1)Nc1nccc(Nc2ccccc2)n1,-2.700000047683716,-2.838911294937134,-0.13891124725341797,0.13891124725341797,val,random,Small GNN
NS(=O)(=O)c1nnc(NS(=O)(=O)Cc2ccccc2)s1,O=S(=O)(Cc1ccccc1)Nc1nncs1,-2.700000047683716,-2.2943084239959717,0.40569162368774414,0.40569162368774414,val,random,Small GNN
NS(=O)(=O)c1nnc(NS(=O)(=O)c2ccccc2C(=O)O)s1,O=S(=O)(Nc1nncs1)c1ccccc1,-2.319999933242798,-2.3117051124572754,0.008294820785522461,0.008294820785522461,val,random,Small GNN
N[C@@H](CS/C(Cl)=C/Cl)C(=O)O,<ACYCLIC>,-1.4895000457763672,-1.1277437210083008,0.3617563247680664,0.3617563247680664,val,random,Small GNN
Nc1c(Cl)c(Cl)nc(C(=O)O)c1Cl,c1ccncc1,-2.7493999004364014,-2.0421555042266846,0.7072443962097168,0.7072443962097168,val,random,Small GNN
Nc1c(N=Nc2cc(Nc3nc(Cl)nc(Nc4cccc(S(=O)(=O)O)c4)n3)ccc2S(=O)(=O)O)c(S(=O)(=O)O)cc2c1C(=O)/C(=N\Nc1cc(Nc3nc(Cl)nc(Nc4cccc(S(=O)(=O)O)c4)n3)ccc1S(=O)(=O)O)C(S(=O)(=O)O)=C2,O=C1C(=NNc2cccc(Nc3ncnc(Nc4ccccc4)n3)c2)C=Cc2ccc(N=Nc3cccc(Nc4ncnc(Nc5ccccc5)n4)c3)cc21,-0.9572055339813232,-1.1329466104507446,-0.1757410764694214,0.1757410764694214,val,random,Small GNN
Nc1c(S(=O)(=O)O)cc(-c2cc(S(=O)(=O)O)c(N)c3c2C(=O)c2ccccc2C3=O)c2c1C(=O)c1ccccc1C2=O,O=C1c2ccccc2C(=O)c2c1cccc2-c1cccc2c1C(=O)c1ccccc1C2=O,-2.030179977416992,-1.8826334476470947,0.14754652976989746,0.14754652976989746,val,random,Small GNN
Nc1c(S(=O)(=O)O)ccc2ccccc12,c1ccc2ccccc2c1,-2.9600000381469727,-1.2838691473007202,1.6761308908462524,1.6761308908462524,val,random,Small GNN
Nc1c2ccccc2nc2cccc(C(F)(F)F)c12,c1ccc2nc3ccccc3cc2c1,-2.4800000190734863,-4.365716934204102,-1.8857169151306152,1.8857169151306152,val,random,Small GNN
Nc1c2ccccc2nc2cccc(Cl)c12,c1ccc2nc3ccccc3cc2c1,-1.5800000429153442,-4.111414432525635,-2.5314143896102905,2.5314143896102905,val,random,Small GNN
Nc1cc(Cl)cc(Cl)c1,c1ccccc1,-2.3152999877929688,-2.1988160610198975,0.11648392677307129,0.11648392677307129,val,random,Small GNN
Nc1ccc(Cc2ccc(N)cc2)cc1,c1ccc(Cc2ccccc2)cc1,-2.292933464050293,-2.6553900241851807,-0.3624565601348877,0.3624565601348877,val,random,Small GNN
Nc1ccc(N=Nc2ccc(NC(=O)c3ccc(N=Nc4c(S(=O)(=O)O)cc5c(c4N)C(=O)/C(=N/Nc4ccccc4)C(S(=O)(=O)O)=C5)cc3)cc2)c(N)c1,O=C(Nc1ccc(N=Nc2ccccc2)cc1)c1ccc(N=Nc2ccc3c(c2)C(=O)C(=NNc2ccccc2)C=C3)cc1,-1.3406827449798584,-2.576655149459839,-1.2359724044799805,1.2359724044799805,val,random,Small GNN
Nc1ccc(N=Nc2ccc(S(=O)(=O)O)cc2)cc1S(=O)(=O)O,c1ccc(N=Nc2ccccc2)cc1,-0.5243236422538757,-0.8738481998443604,-0.3495245575904846,0.3495245575904846,val,random,Small GNN
Nc1ccc(OP(=S)(Oc2ccc(N)cc2)Oc2ccc(N)cc2)cc1,S=P(Oc1ccccc1)(Oc1ccccc1)Oc1ccccc1,-5.3094072341918945,-4.205283164978027,1.1041240692138672,1.1041240692138672,val,random,Small GNN
Nc1ccc(S(=O)(=O)CCOS(=O)(=O)O)cc1,c1ccccc1,-1.905118703842163,-0.589937686920166,1.315181016921997,1.315181016921997,val,random,Small GNN
Nc1ccc(S(=O)(=O)Nc2ccccc2C(=O)O)cc1,O=S(=O)(Nc1ccccc1)c1ccccc1,-0.800000011920929,-3.0192506313323975,-2.2192506194114685,2.2192506194114685,val,random,Small GNN
Nc1ccc(S(=O)(=O)Nc2ccn(Cc3ccccc3)c(=O)n2)cc1,O=c1nc(NS(=O)(=O)c2ccccc2)ccn1Cc1ccccc1,-4.800000190734863,-3.767218589782715,1.0327816009521484,1.0327816009521484,val,random,Small GNN
Nc1ccc(S(=O)(=O)Nc2ncc(C(=O)O)s2)cc1,O=S(=O)(Nc1nccs1)c1ccccc1,-2.8740999698638916,-2.761568546295166,0.11253142356872559,0.11253142356872559,val,random,Small GNN
Nc1ccc(S(=O)(=O)O)c2ncccc12,c1ccc2ncccc2c1,-2.7100000381469727,-1.1640784740447998,1.5459215641021729,1.5459215641021729,val,random,Small GNN
Nc1ccc([N+](=O)[O-])cc1S(=O)(=O)O,c1ccccc1,-1.7677384614944458,-1.0654031038284302,0.7023353576660156,0.7023353576660156,val,random,Small GNN
Nc1ccc2ccc(S(=O)(=O)O)cc2c1,c1ccc2ccccc2c1,-3.049999952316284,-1.1899254322052002,1.860074520111084,1.860074520111084,val,random,Small GNN
Nc1ccc2cccc(S(=O)(=O)O)c2c1,c1ccc2ccccc2c1,-2.5399999618530273,-1.0885945558547974,1.45140540599823,1.45140540599823,val,random,Small GNN
Nc1ccc2ccccc2c1S(=O)(=O)O,c1ccc2ccccc2c1,-1.7000000476837158,-1.1721532344818115,0.5278468132019043,0.5278468132019043,val,random,Small GNN
Nc1ccc2snnc2c1,c1ccc2snnc2c1,-1.3044999837875366,-2.244333505630493,-0.9398335218429565,0.9398335218429565,val,random,Small GNN
Nc1cccc(S(=O)(=O)CCOS(=O)(=O)O)c1,c1ccccc1,-1.4238808155059814,-0.5997536182403564,0.824127197265625,0.824127197265625,val,random,Small GNN
Nc1cccc([N+](=O)[O-])c1,c1ccccc1,-2.0611000061035156,-1.6632014513015747,0.3978985548019409,0.3978985548019409,val,random,Small GNN
Nc1cccc2cccc(S(=O)(=O)O)c12,c1ccc2ccccc2c1,-3.069999933242798,-1.0683995485305786,2.0016003847122192,2.0016003847122192,val,random,Small GNN
Nc1ccccc1C(=O)O,c1ccccc1,-1.5199999809265137,-1.178792119026184,0.3412078619003296,0.3412078619003296,val,random,Small GNN
Nc1ccccc1Cl,c1ccccc1,-1.3575741052627563,-1.2323808670043945,0.12519323825836182,0.12519323825836182,val,random,Small GNN
Nc1ccccc1[N+](=O)[O-],c1ccccc1,-1.9600000381469727,-1.6500864028930664,0.30991363525390625,0.30991363525390625,val,random,Small GNN
Nc1cnn(-c2ccccc2)c(=O)c1Br,O=c1cccnn1-c1ccccc1,-3.124000072479248,-2.1354517936706543,0.9885482788085938,0.9885482788085938,val,random,Small GNN
Nc1cnn(CCO)c1N,c1cn[nH]c1,0.4442593455314636,-0.8415324687957764,-1.28579181432724,1.28579181432724,val,random,Small GNN
Nc1nc(Cl)nc(Nc2cc(S(=O)(=O)O)cc3cc(S(=O)(=O)O)c(N=Nc4cc([N+](=O)[O-])ccc4O)c(O)c23)n1,c1ccc(N=Nc2ccc3cccc(Nc4ncncn4)c3c2)cc1,-0.49497517943382263,-1.6349425315856934,-1.1399673521518707,1.1399673521518707,val,random,Small GNN
Nc1nc(N)c2nc(N)[nH]c2n1,c1ncc2nc[nH]c2n1,-1.5199999809265137,-3.2013051509857178,-1.681305170059204,1.681305170059204,val,random,Small GNN
Nc1ncnc2c1ncn2C1OC(COP(=O)(O)O)C(O)C1O,c1ncc2ncn(C3CCCO3)c2n1,-1.995302677154541,-0.8915650844573975,1.1037375926971436,1.1037375926971436,val,random,Small GNN
O/N=C1/C=CCCC1,N=C1C=CCCC1,-0.7034000158309937,-1.4383851289749146,-0.7349851131439209,0.7349851131439209,val,random,Small GNN
O=C(C=CC=Cc1ccc2c(c1)OCO2)N1CCCCC1,O=C(C=CC=Cc1ccc2c(c1)OCO2)N1CCCCC1,-3.4600000381469727,-4.434151649475098,-0.974151611328125,0.974151611328125,val,random,Small GNN
O=C(CC(CP1(=O)Oc2ccccc2-c2ccccc21)C(=O)OCCO)OCCO,O=[PH]1Oc2ccccc2-c2ccccc21,-4.461779594421387,-2.0969536304473877,2.364825963973999,2.364825963973999,val,random,Small GNN
O=C(CCS)OCC(COC(=O)CCS)(COC(=O)CCS)COC(=O)CCS,<ACYCLIC>,-5.1231689453125,-3.8206796646118164,1.3024892807006836,1.3024892807006836,val,random,Small GNN
O=C(N=C1C=CC2=C(S(=O)(=O)O)C(NNc3ccc4c(S(=O)(=O)O)cccc4c3)=CC(=O)C2=C1)Nc1ccc2c(c1)C=C(S(=O)(=O)O)/C(=N\Nc1ccc3cccc(S(=O)(=O)O)c3c1)C2=O,O=C(N=C1C=CC2=CC(NNc3ccc4ccccc4c3)=CC(=O)C2=C1)Nc1ccc2c(c1)C=CC(=NNc1ccc3ccccc3c1)C2=O,-0.687217116355896,-1.5577917098999023,-0.8705745935440063,0.8705745935440063,val,random,Small GNN
O=C(NC(=O)c1c(F)cccc1F)Nc1ccc(Cl)cc1,O=C(NC(=O)c1ccccc1)Nc1ccccc1,-6.539999961853027,-5.162409782409668,1.3775901794433594,1.3775901794433594,val,random,Small GNN
O=C(NC(CO)C(=O)O)c1ccccc1,c1ccccc1,-0.9100000262260437,-1.0666148662567139,-0.15661484003067017,0.15661484003067017,val,random,Small GNN
O=C(NCCc1c[nH]cn1)c1ccccc1,O=C(NCCc1c[nH]cn1)c1ccccc1,-0.6340000033378601,-1.6203378438949585,-0.9863378405570984,0.9863378405570984,val,random,Small GNN
O=C(Nc1ccc(F)cc1F)c1cccnc1Oc1cccc(C(F)(F)F)c1,O=C(Nc1ccccc1)c1cccnc1Oc1ccccc1,-6.896900177001953,-6.0294976234436035,0.8674025535583496,0.8674025535583496,val,random,Small GNN
O=C(Nc1cccc2c(NC(=O)C3=Cc4ccccc4/C(=N\Nc4cccc(Cl)c4Cl)C3=O)cccc12)C1=Cc2ccccc2/C(=N/Nc2cccc(Cl)c2Cl)C1=O,O=C(Nc1cccc2c(NC(=O)C3=Cc4ccccc4C(=NNc4ccccc4)C3=O)cccc12)C1=Cc2ccccc2C(=NNc2ccccc2)C1=O,-9.227651596069336,-8.599093437194824,0.6285581588745117,0.6285581588745117,val,random,Small GNN
O=C(O)/C=C\C(=O)Nc1ccccc1,c1ccccc1,-2.2815001010894775,-1.9575450420379639,0.32395505905151367,0.32395505905151367,val,random,Small GNN
O=C(O)/C=C\C(=O)OCCOCCOCCOC(=O)/C=C\C(=O)O,<ACYCLIC>,0.1595325618982315,-1.107398271560669,-1.2669308334589005,1.2669308334589005,val,random,Small GNN
O=C(O)C(=O)c1ccc2c(c1)OCO2,c1ccc2c(c1)OCO2,-1.1912000179290771,-2.1654598712921143,-0.9742598533630371,0.9742598533630371,val,random,Small GNN
O=C(O)C(F)(F)Cl,<ACYCLIC>,0.8845000267028809,-0.3752267360687256,-1.2597267627716064,1.2597267627716064,val,random,Small GNN
O=C(O)C(I)=C(Br)I,<ACYCLIC>,-1.2891000509262085,-1.7161891460418701,-0.4270890951156616,0.4270890951156616,val,random,Small GNN
O=C(O)C(S)Cc1ccccc1,c1ccccc1,-1.559999942779541,-1.7148528099060059,-0.15485286712646484,0.15485286712646484,val,random,Small GNN
O=C(O)C1(O)CCCCC1,C1CCCCC1,-0.3328000009059906,-0.7366669178009033,-0.4038669168949127,0.4038669168949127,val,random,Small GNN
O=C(O)C1=CC(Nc2nc(NC3(S(=O)(=O)O)C=C(C(=O)O)C(O)=CC3)nc(NC3(S(=O)(=O)O)C=C(C(=O)O)C(O)=CC3)n2)(S(=O)(=O)O)CC=C1O,C1=CCC(Nc2nc(NC3C=CC=CC3)nc(NC3C=CC=CC3)n2)C=C1,-0.6896460056304932,-0.9357235431671143,-0.2460775375366211,0.2460775375366211,val,random,Small GNN
O=C(O)C1=CCCCC1,C1=CCCCC1,-1.2558000087738037,-1.5784660577774048,-0.3226660490036011,0.3226660490036011,val,random,Small GNN
O=C(O)C1CCC(C(=O)O)[Se]1,C1CC[Se]C1,-0.5450000166893005,-0.9243137836456299,-0.37931376695632935,0.37931376695632935,val,random,Small GNN
O=C(O)C1CCNCC1C(=O)O,C1CCNCC1,-0.5394999980926514,0.525395393371582,1.0648953914642334,1.0648953914642334,val,random,Small GNN
O=C(O)C1OC(c2ccccc2)OC1C1COC(c2ccccc2)O1,c1ccc(C2OCC(C3COC(c4ccccc4)O3)O2)cc1,-2.450000047683716,-2.371521472930908,0.07847857475280762,0.07847857475280762,val,random,Small GNN
O=C(O)CCCCCCCCCCO,<ACYCLIC>,-2.703900098800659,-2.1959176063537598,0.5079824924468994,0.5079824924468994,val,random,Small GNN
O=C(O)CCCCc1ccccc1,c1ccccc1,-2.4656999111175537,-2.2548789978027344,0.21082091331481934,0.21082091331481934,val,random,Small GNN
O=C(O)CCC[Se][Se]CCCC(=O)O,<ACYCLIC>,-2.2471001148223877,-2.059417247772217,0.1876828670501709,0.1876828670501709,val,random,Small GNN
O=C(O)CC[C@@H](C(=O)O)N1C(=O)c2ccccc2C1=O,O=C1NC(=O)c2ccccc21,-1.4463317394256592,-2.2904233932495117,-0.8440916538238525,0.8440916538238525,val,random,Small GNN
O=C(O)CNC(Cc1ccc(O)cc1)C(=O)O,c1ccccc1,-2.5899999141693115,-1.0109083652496338,1.5790915489196777,1.5790915489196777,val,random,Small GNN
O=C(O)COCCOCC(=O)O,<ACYCLIC>,0.6709250211715698,0.5331535339355469,-0.13777148723602295,0.13777148723602295,val,random,Small GNN
O=C(O)COc1c(Cl)c(Cl)c(Cl)c(Cl)c1Cl,c1ccccc1,-3.75,-4.867488861083984,-1.1174888610839844,1.1174888610839844,val,random,Small GNN
O=C(O)COc1cc(Cl)c(Cl)c(Cl)c1,c1ccccc1,-2.940000057220459,-3.0900564193725586,-0.1500563621520996,0.1500563621520996,val,random,Small GNN
O=C(O)[C@H]1CC[C@H](C(=O)O)SS1,C1CCSSC1,-1.5240999460220337,-1.1569994688034058,0.36710047721862793,0.36710047721862793,val,random,Small GNN
O=C(O)c1c(Cl)c(Cl)c(Cl)c(Cl)c1C(=O)Nc1cccc(Cl)c1Cl,O=C(Nc1ccccc1)c1ccccc1,-4.505099773406982,-6.538513660430908,-2.033413887023926,2.033413887023926,val,random,Small GNN
O=C(O)c1c(Cl)ccc(Cl)c1Cl,c1ccccc1,-1.466599941253662,-2.7149100303649902,-1.2483100891113281,1.2483100891113281,val,random,Small GNN
O=C(O)c1cc(Cl)ccc1N=Nc1ccc(O)cc1,c1ccc(N=Nc2ccccc2)cc1,-3.859999895095825,-4.068614959716797,-0.20861506462097168,0.20861506462097168,val,random,Small GNN
O=C(O)c1cc(O)cc(C(=O)O)c1,c1ccccc1,-2.0051114559173584,-1.4697895050048828,0.5353219509124756,0.5353219509124756,val,random,Small GNN
O=C(O)c1cc(O)ccc1O,c1ccccc1,-0.8500000238418579,-1.102778434753418,-0.25277841091156006,0.25277841091156006,val,random,Small GNN
O=C(O)c1cc(S(=O)(=O)O)ccc1NN/C(=N\Nc1cc(S(=O)(=O)O)cc(Nc2nc(Cl)nc(N=C3C=C(S(=O)(=O)O)C(=Nc4nc(Cl)nc(Nc5cccc(S(=O)(=O)O)c5)n4)C=C3S(=O)(=O)O)n2)c1O)c1ccccc1,C1=CC(=Nc2ncnc(Nc3cccc(NN=C(NNc4ccccc4)c4ccccc4)c3)n2)C=CC1=Nc1ncnc(Nc2ccccc2)n1,-0.8254112601280212,-1.1757601499557495,-0.35034888982772827,0.35034888982772827,val,random,Small GNN
O=C(O)c1ccc(C(=O)O)c(Br)c1,c1ccccc1,-2.1338999271392822,-1.9489763975143433,0.18492352962493896,0.18492352962493896,val,random,Small GNN
O=C(O)c1ccc(Cl)cc1,c1ccccc1,-3.309999942779541,-1.8669602870941162,1.4430396556854248,1.4430396556854248,val,random,Small GNN
O=C(O)c1ccc(O)cc1,c1ccccc1,-1.409999966621399,-0.9868828058242798,0.42311716079711914,0.42311716079711914,val,random,Small GNN
O=C(O)c1ccc(P(=O)(O)c2ccccc2)cc1,O=[PH](c1ccccc1)c1ccccc1,-4.070000171661377,-1.335375189781189,2.734624981880188,2.734624981880188,val,random,Small GNN
O=C(O)c1cccc2cccc(-c3cccc4cccc(C(=O)O)c34)c12,c1ccc2c(-c3cccc4ccccc34)cccc2c1,-2.233440399169922,-3.641988754272461,-1.408548355102539,1.408548355102539,val,random,Small GNN
O=C(O)c1cccc2ccccc12,c1ccc2ccccc2c1,-3.301500082015991,-2.756376028060913,0.5451240539550781,0.5451240539550781,val,random,Small GNN
O=C(O)c1ccccc1Br,c1ccccc1,-2.049999952316284,-1.665405035018921,0.3845949172973633,0.3845949172973633,val,random,Small GNN
O=C(O)c1ccccc1C(=O)c1ccccc1O,O=C(c1ccccc1)c1ccccc1,-2.3427999019622803,-2.4923653602600098,-0.1495654582977295,0.1495654582977295,val,random,Small GNN
O=C(O)c1ccccc1C(C(=O)O)c1ccccc1C(=O)O,c1ccc(Cc2ccccc2)cc1,-2.499799966812134,-1.9462764263153076,0.5535235404968262,0.5535235404968262,val,random,Small GNN
O=C(O)c1oc(Cl)c(Cl)c1Cl,c1ccoc1,-2.2193000316619873,-2.2826802730560303,-0.06338024139404297,0.06338024139404297,val,random,Small GNN
O=C(OC1CCCCC1)c1ccccc1O,O=C(OC1CCCCC1)c1ccccc1,-4.554076194763184,-3.5903384685516357,0.9637377262115479,0.9637377262115479,val,random,Small GNN
O=C(OCC1CO1)C1CC=CCC1C(=O)OCC1CO1,O=C(OCC1CO1)C1CC=CCC1C(=O)OCC1CO1,-1.340108871459961,-2.6673779487609863,-1.3272690773010254,1.3272690773010254,val,random,Small GNN
O=C(OOC(=O)c1ccc(Cl)cc1Cl)c1ccc(Cl)cc1Cl,O=C(OOC(=O)c1ccccc1)c1ccccc1,-8.278764724731445,-6.494462966918945,1.7843017578125,1.7843017578125,val,random,Small GNN
O=C(c1cccc(F)c1)N(O)c1ccccc1,O=C(Nc1ccccc1)c1ccccc1,-2.5999999046325684,-2.8830325603485107,-0.2830326557159424,0.2830326557159424,val,random,Small GNN
O=C(c1ccccc1)C1CCCCC1,O=C(c1ccccc1)C1CCCCC1,-4.014709949493408,-4.135509490966797,-0.12079954147338867,0.12079954147338867,val,random,Small GNN
O=C(c1ccccc1)c1c(O)cc(O)cc1O,O=C(c1ccccc1)c1ccccc1,-1.8708000183105469,-2.456865072250366,-0.5860650539398193,0.5860650539398193,val,random,Small GNN
O=C1/C(=N/Nc2cc(Cl)ccc2O)C(S(=O)(=O)O)=Cc2cc(S(=O)(=O)O)cc(O)c21,O=C1C(=NNc2ccccc2)C=Cc2ccccc21,-1.2898086309432983,-1.0213854312896729,0.2684231996536255,0.2684231996536255,val,random,Small GNN
O=C1C(O)=C(O)OC1C(O)CO,O=C1C=COC1,0.2770000100135803,0.20603609085083008,-0.07096391916275024,0.07096391916275024,val,random,Small GNN
O=C1C=CC(=O)C=C1,O=C1C=CC(=O)C=C1,-0.8899999856948853,-0.694298267364502,0.1957017183303833,0.1957017183303833,val,random,Small GNN
O=C1CC(=O)NC(=O)N1,O=C1CC(=O)NC(=O)N1,-1.0486615896224976,-0.6478455066680908,0.40081608295440674,0.40081608295440674,val,random,Small GNN
O=C1CC(c2ccccc2)CC(=O)C1[N+](=O)[O-],O=C1CC(=O)CC(c2ccccc2)C1,-1.6687999963760376,-1.9501862525939941,-0.28138625621795654,0.28138625621795654,val,random,Small GNN
O=C1CC[C@@H](C(=O)O)N1,O=C1CCCN1,0.6082046031951904,0.10511279106140137,-0.5030918121337891,0.5030918121337891,val,random,Small GNN
O=C1CN=C(c2ccccc2)c2cc([N+](=O)[O-])ccc2N1,O=C1CN=C(c2ccccc2)c2ccccc2N1,-3.799999952316284,-3.868645191192627,-0.06864523887634277,0.06864523887634277,val,random,Small GNN
O=C1C[C@@H]2OCC=C3CN4CC[C@]56c7ccccc7N1[C@H]5[C@H]2[C@H]3C[C@H]46,O=C1CC2OCC=C3CN4CCC56c7ccccc7N1C5C2C3CC46,-3.320199966430664,-3.7416577339172363,-0.42145776748657227,0.42145776748657227,val,random,Small GNN
O=C1Cc2c(ccc3ccccc23)O1,O=C1Cc2c(ccc3ccccc23)O1,-2.7077999114990234,-3.942490339279175,-1.2346904277801514,1.2346904277801514,val,random,Small GNN
O=C1NC(=O)C(=O)C(=O)N1,O=C1NC(=O)C(=O)C(=O)N1,-1.25,-1.1634072065353394,0.08659279346466064,0.08659279346466064,val,random,Small GNN
O=C1NC(=O)c2ccc3c4ccc5c6c(ccc(c7ccc1c2c73)c64)C(=O)NC5=O,O=C1NC(=O)c2ccc3c4ccc5c6c(ccc(c7ccc1c2c73)c64)C(=O)NC5=O,-7.591458797454834,-6.588401794433594,1.0030570030212402,1.0030570030212402,val,random,Small GNN
O=C1NC(c2ccccc2)(c2ccccc2)C(=O)N1CO,O=C1NC(=O)C(c2ccccc2)(c2ccccc2)N1,-3.299999952316284,-2.8655664920806885,0.4344334602355957,0.4344334602355957,val,random,Small GNN
O=C1Nc2ccc(Cl)cc2C(c2ccccc2)=NC1O,O=C1CN=C(c2ccccc2)c2ccccc2N1,-3.9519999027252197,-3.5920732021331787,0.359926700592041,0.359926700592041,val,random,Small GNN
O=C1Nc2ccccc2C(=O)N2CC(O)CC12,O=C1Nc2ccccc2C(=O)N2CCCC12,-2.369999885559082,-3.0213699340820312,-0.6513700485229492,0.6513700485229492,val,random,Small GNN
O=C1OC(=O)c2ccc3c4ccc5c6c(ccc(c7ccc1c2c73)c64)C(=O)OC5=O,O=C1OC(=O)c2ccc3c4ccc5c6c(ccc(c7ccc1c2c73)c64)C(=O)OC5=O,-5.593642711639404,-6.419958114624023,-0.8263154029846191,0.8263154029846191,val,random,Small GNN
O=C1c2c(O)cccc2[C@@H]([C@@H]2O[C@H](CO)[C@@H](O)[C@H](O)[C@H]2O)c2cc(CO)cc(O)c21,O=C1c2ccccc2C(C2CCCCO2)c2ccccc21,-1.7024999856948853,-2.36042857170105,-0.6579285860061646,0.6579285860061646,val,random,Small GNN
O=C1c2ccccc2C(=O)C1c1ccc2ccccc2n1,O=C1c2ccccc2C(=O)C1c1ccc2ccccc2n1,-4.701186180114746,-4.912410736083984,-0.21122455596923828,0.21122455596923828,val,random,Small GNN
O=COCc1ccccc1,c1ccccc1,-1.6731197834014893,-1.7175213098526,-0.04440152645111084,0.04440152645111084,val,random,Small GNN
O=Cc1cc(O)c(O)c([N+](=O)[O-])c1,c1ccccc1,-1.9378339052200317,-1.6658507585525513,0.27198314666748047,0.27198314666748047,val,random,Small GNN
O=NC1=C(NO)CCC1,C1=CCCC1,-1.9937000274658203,-1.2355247735977173,0.758175253868103,0.758175253868103,val,random,Small GNN
O=NC1=C(NO)CCCCC1,C1=CCCCCC1,-1.4249000549316406,-1.65702223777771,-0.23212218284606934,0.23212218284606934,val,random,Small GNN
O=NN(CCCl)C(=O)NCCCl,<ACYCLIC>,-1.7285000085830688,-1.6467907428741455,0.08170926570892334,0.08170926570892334,val,random,Small GNN
O=NN1CCCC1,C1CCNC1,0.9994999766349792,-0.7185153961181641,-1.7180153727531433,1.7180153727531433,val,random,Small GNN
O=P(O)(O)CN(CCCCCCN(CP(=O)(O)O)CP(=O)(O)O)CP(=O)(O)O,<ACYCLIC>,-1.5161000490188599,0.5217359066009521,2.037835955619812,2.037835955619812,val,random,Small GNN
O=P(O)(O)OCC(O)CO,<ACYCLIC>,0.7642999887466431,1.2022473812103271,0.4379473924636841,0.4379473924636841,val,random,Small GNN
O=P(O)(O)c1ccccc1,c1ccccc1,-1.0269230604171753,0.3533792495727539,1.3803023099899292,1.3803023099899292,val,random,Small GNN
O=P(OCCCl)(OCCCl)OCC(CCl)(CCl)COP(=O)(OCCCl)OCCCl,<ACYCLIC>,-3.4001753330230713,-3.3475122451782227,0.05266308784484863,0.05266308784484863,val,random,Small GNN
O=P(Oc1ccccc1)(Oc1ccccc1)Oc1ccc(-c2ccc(OP(=O)(Oc3ccccc3)Oc3ccccc3)cc2)cc1,O=P(Oc1ccccc1)(Oc1ccccc1)Oc1ccc(-c2ccc(OP(=O)(Oc3ccccc3)Oc3ccccc3)cc2)cc1,-7.813287258148193,-5.782317161560059,2.0309700965881348,2.0309700965881348,val,random,Small GNN
O=P(c1ccccc1)(c1ccccc1)c1ccccc1,O=P(c1ccccc1)(c1ccccc1)c1ccccc1,-2.8774728775024414,-3.9343488216400146,-1.0568759441375732,1.0568759441375732,val,random,Small GNN
O=S(=O)(CCCl)CCCl,<ACYCLIC>,-1.503100037574768,-1.859009861946106,-0.3559098243713379,0.3559098243713379,val,random,Small GNN
O=S(=O)(CCCl)CCS(=O)(=O)CCCl,<ACYCLIC>,-1.4486000537872314,-2.1007814407348633,-0.6521813869476318,0.6521813869476318,val,random,Small GNN
O=S(=O)(Cl)c1ccccc1,c1ccccc1,-1.885321855545044,-2.502908945083618,-0.6175870895385742,0.6175870895385742,val,random,Small GNN
O=S(=O)(O)CCN1CCOCC1,C1COCCN1,0.18852974474430084,0.3683130741119385,0.17978332936763763,0.17978332936763763,val,random,Small GNN
O=S(=O)(O)c1cccc(N=Nc2ccc(N=Nc3ccc(Nc4ccccc4)c4c(S(=O)(=O)O)cccc34)c3ccccc23)c1,c1ccc(N=Nc2ccc(N=Nc3ccc(Nc4ccccc4)c4ccccc34)c3ccccc23)cc1,-0.5325397253036499,-2.3217649459838867,-1.7892252206802368,1.7892252206802368,val,random,Small GNN
O=S(=O)(O)c1cccc(S(=O)(=O)O)c1,c1ccccc1,0.3709472715854645,-0.6336653232574463,-1.0046125948429108,1.0046125948429108,val,random,Small GNN
O=S(O)CO,<ACYCLIC>,0.7315207123756409,0.9315423965454102,0.2000216841697693,0.2000216841697693,val,random,Small GNN
O=S=O,<ACYCLIC>,0.22349999845027924,-0.5411272048950195,-0.7646272033452988,0.7646272033452988,val,random,Small GNN
O=[N+](O)OC1CCCCC1O[N+](=O)O,C1CCCCC1,-2.3499999046325684,-2.5410804748535156,-0.19108057022094727,0.19108057022094727,val,random,Small GNN
O=[N+]([O-])C(Br)([N+](=O)[O-])[N+](=O)[O-],<ACYCLIC>,-1.7704999446868896,-1.980577826499939,-0.21007788181304932,0.21007788181304932,val,random,Small GNN
O=[N+]([O-])C(CCl)([N+](=O)[O-])[N+](=O)[O-],<ACYCLIC>,-0.25859999656677246,-1.960407018661499,-1.7018070220947266,1.7018070220947266,val,random,Small GNN
O=[N+]([O-])OC1CCCCCC1O[N+](=O)[O-],C1CCCCCC1,-3.0199999809265137,-3.2562508583068848,-0.2362508773803711,0.2362508773803711,val,random,Small GNN
O=[N+]([O-])O[C@H]1CO[C@H]2[C@@H]1OC[C@H]2O[N+](=O)[O-],C1CC2OCCC2O1,-2.6328001022338867,-2.0319132804870605,0.6008868217468262,0.6008868217468262,val,random,Small GNN
O=[N+]([O-])c1c2ccccc2cc2ccccc12,c1ccc2cc3ccccc3cc2c1,-6.291800022125244,-5.4018096923828125,0.8899903297424316,0.8899903297424316,val,random,Small GNN
O=[N+]([O-])c1cc(-c2ccccc2)ccc1O,c1ccc(-c2ccccc2)cc1,-4.410099983215332,-3.2360756397247314,1.1740243434906006,1.1740243434906006,val,random,Small GNN
O=[N+]([O-])c1cc(C(F)(F)F)ccc1O,c1ccccc1,-2.503000020980835,-3.2032949924468994,-0.7002949714660645,0.7002949714660645,val,random,Small GNN
O=[N+]([O-])c1cc(Cl)c(Cl)c(Cl)c1Cl,c1ccccc1,-4.553100109100342,-5.796921730041504,-1.243821620941162,1.243821620941162,val,random,Small GNN
O=[N+]([O-])c1cc(O)cc([N+](=O)[O-])c1,c1ccccc1,-1.6629999876022339,-2.3811893463134766,-0.7181893587112427,0.7181893587112427,val,random,Small GNN
O=[N+]([O-])c1cc([N+](=O)[O-])c(O)cc1O,c1ccccc1,-3.408600091934204,-2.153773784637451,1.254826307296753,1.254826307296753,val,random,Small GNN
O=[N+]([O-])c1cc([N+](=O)[O-])c2ccccc2c1Cl,c1ccc2ccccc2c1,-5.400000095367432,-4.941671848297119,0.4583282470703125,0.4583282470703125,val,random,Small GNN
O=[N+]([O-])c1ccc(-c2ccccc2)cc1O,c1ccc(-c2ccccc2)cc1,-3.8557000160217285,-3.2719831466674805,0.583716869354248,0.583716869354248,val,random,Small GNN
O=[N+]([O-])c1ccc(Cl)c(Cl)c1,c1ccccc1,-3.2005181312561035,-3.8297924995422363,-0.6292743682861328,0.6292743682861328,val,random,Small GNN
O=[N+]([O-])c1ccc(Cl)cc1O,c1ccccc1,-2.6373770236968994,-2.2284319400787354,0.40894508361816406,0.40894508361816406,val,random,Small GNN
O=[N+]([O-])c1ccc(Nc2ccc(O)cc2)c([N+](=O)[O-])c1,c1ccc(Nc2ccccc2)cc1,-5.443999767303467,-3.995285987854004,1.448713779449463,1.448713779449463,val,random,Small GNN
O=[N+]([O-])c1ccc(O)cc1,c1ccccc1,-0.9399999976158142,-1.429498314857483,-0.4894983172416687,0.4894983172416687,val,random,Small GNN
O=[N+]([O-])c1ccc(O)cc1C(F)(F)F,c1ccccc1,-1.6172000169754028,-2.7606966495513916,-1.1434966325759888,1.1434966325759888,val,random,Small GNN
O=[N+]([O-])c1ccc2c(c1CO)OCO2,c1ccc2c(c1)OCO2,-3.064300060272217,-2.1068639755249023,0.9574360847473145,0.9574360847473145,val,random,Small GNN
O=[N+]([O-])c1cccc(Cl)c1Cl,c1ccccc1,-3.488100051879883,-3.4466915130615234,0.041408538818359375,0.041408538818359375,val,random,Small GNN
O=[N+]([O-])c1ccccc1-c1ccc(Cl)cc1,c1ccc(-c2ccccc2)cc1,-4.937209606170654,-4.213793754577637,0.7234158515930176,0.7234158515930176,val,random,Small GNN
O=c1[nH]c(=O)c2nc[nH]c2[nH]1,O=c1[nH]c(=O)c2nc[nH]c2[nH]1,-3.869999885559082,-2.996351957321167,0.873647928237915,0.873647928237915,val,random,Small GNN
O=c1[nH]c(=O)n(C2CC(O)C(CO)O2)cc1C(F)(F)F,O=c1ccn(C2CCCO2)c(=O)[nH]1,-0.7099999785423279,-2.2220191955566406,-1.5120192170143127,1.5120192170143127,val,random,Small GNN
O=c1[nH]c(=O)n(C2CCCO2)cc1F,O=c1ccn(C2CCCO2)c(=O)[nH]1,-1.0099999904632568,-1.829237699508667,-0.8192377090454102,0.8192377090454102,val,random,Small GNN
O=c1[nH]c(=O)n(Cc2ccc(Cl)cc2Cl)cc1F,O=c1ccn(Cc2ccccc2)c(=O)[nH]1,-3.940000057220459,-4.1173906326293945,-0.17739057540893555,0.17739057540893555,val,random,Small GNN
O=c1[nH]c2cc(Cl)ccc2n1C1CCNCC1,O=c1[nH]c2ccccc2n1C1CCNCC1,-2.6630759239196777,-2.7793569564819336,-0.11628103256225586,0.11628103256225586,val,random,Small GNN
O=c1[nH]c2cc(Cl)ccc2o1,O=c1[nH]c2ccccc2o1,-2.6600000858306885,-3.56088924407959,-0.9008891582489014,0.9008891582489014,val,random,Small GNN
O=c1[nH]c2ccc([N+](=O)[O-])cc2[nH]1,O=c1[nH]c2ccccc2[nH]1,-3.274087429046631,-3.505337715148926,-0.23125028610229492,0.23125028610229492,val,random,Small GNN
O=c1c2ccccc2nc2n1CC[C@@H]2O,O=c1c2ccccc2nc2n1CCC2,-2.1059999465942383,-3.15744948387146,-1.0514495372772217,1.0514495372772217,val,random,Small GNN
O=c1c2cnn(CO)c2ncn1CO,O=c1[nH]cnc2[nH]ncc12,-1.7200000286102295,-0.8885877132415771,0.8314123153686523,0.8314123153686523,val,random,Small GNN
O=c1ccc2cc3ccoc3c(O)c2o1,O=c1ccc2cc3ccoc3cc2o1,-3.2200000286102295,-4.117781639099121,-0.8977816104888916,0.8977816104888916,val,random,Small GNN
O=c1ccc2ccccc2[nH]1,O=c1ccc2ccccc2[nH]1,-2.139400005340576,-2.8643012046813965,-0.7249011993408203,0.7249011993408203,val,random,Small GNN
O=c1nc[nH]c2nc[nH]c12,O=c1nc[nH]c2nc[nH]c12,-2.288800001144409,-1.6057231426239014,0.6830768585205078,0.6830768585205078,val,random,Small GNN
OC(=S)c1cccnc1,c1ccncc1,-1.3801000118255615,-0.624260425567627,0.7558395862579346,0.7558395862579346,val,random,Small GNN
OC1CCCCC1,C1CCCCC1,-0.3774000108242035,-1.637885570526123,-1.2604855597019196,1.2604855597019196,val,random,Small GNN
OC1CSC(O)CS1,C1CSCCS1,-1.4690382480621338,0.03866839408874512,1.507706642150879,1.507706642150879,val,random,Small GNN
OCC(O)C(O)C(O)C(O)C(O)CO,<ACYCLIC>,0.37220001220703125,0.6090364456176758,0.23683643341064453,0.23683643341064453,val,random,Small GNN
OCC(O)C1OC2OC(C(Cl)(Cl)Cl)OC2C1O,C1CC2OCOC2O1,-1.840000033378601,-1.5638576745986938,0.2761423587799072,0.2761423587799072,val,random,Small GNN
OCC1CO1,C1CO1,1.1303000450134277,1.5137827396392822,0.3834826946258545,0.3834826946258545,val,random,Small GNN
OCCOCCOCCOCCO,<ACYCLIC>,0.7116904258728027,0.8528239727020264,0.14113354682922363,0.14113354682922363,val,random,Small GNN
OCNC(=S)c1ccccc1,c1ccccc1,-1.1399999856948853,-2.344198226928711,-1.2041982412338257,1.2041982412338257,val,random,Small GNN
OCc1c(Cl)c(Cl)c(Cl)c(Cl)c1Cl,c1ccccc1,-5.146699905395508,-4.773871898651123,0.37282800674438477,0.37282800674438477,val,random,Small GNN
OCc1ccccc1O,c1ccccc1,-0.2946000099182129,-0.3004791736602783,-0.00587916374206543,0.00587916374206543,val,random,Small GNN
ON=C1C=CC(=NO)c2ncccc21,N=C1C=CC(=N)c2ncccc21,-3.799799919128418,-2.839247941970825,0.9605519771575928,0.9605519771575928,val,random,Small GNN
O[B]O,<ACYCLIC>,-2.340733528137207,1.1026628017425537,3.4433963298797607,3.4433963298797607,val,random,Small GNN
Oc1c2ccccc2cc2ccccc12,c1ccc2cc3ccccc3cc2c1,-4.732900142669678,-4.888743877410889,-0.15584373474121094,0.15584373474121094,val,random,Small GNN
Oc1cc(Cl)cc(Cl)c1,c1ccccc1,-1.559000015258789,-1.9286433458328247,-0.36964333057403564,0.36964333057403564,val,random,Small GNN
Oc1ccc(C2CCCCC2)cc1,c1ccc(C2CCCCC2)cc1,-3.4679999351501465,-3.4246692657470703,0.04333066940307617,0.04333066940307617,val,random,Small GNN
Oc1ccc(Cl)cc1,c1ccccc1,-0.687659740447998,-1.1554150581359863,-0.4677553176879883,0.4677553176879883,val,random,Small GNN
Oc1cccc(O)c1,c1ccccc1,1.003488302230835,-0.13994455337524414,-1.143432855606079,1.143432855606079,val,random,Small GNN
Oc1cccc2ccccc12,c1ccc2ccccc2c1,-2.061973810195923,-2.86372447013855,-0.801750659942627,0.801750659942627,val,random,Small GNN
Oc1ccccc1O,c1ccccc1,0.6123418807983398,-0.2829608917236328,-0.8953027725219727,0.8953027725219727,val,random,Small GNN
Oc1ccccc1Oc1ccccc1,c1ccc(Oc2ccccc2)cc1,-3.228600025177002,-2.884038209915161,0.3445618152618408,0.3445618152618408,val,random,Small GNN
Oc1cccnc1,c1ccncc1,-0.45570001006126404,0.7322056293487549,1.187905639410019,1.187905639410019,val,random,Small GNN
S=C(Nc1ccccc1)Nc1ccccc1,S=C(Nc1ccccc1)Nc1ccccc1,-3.9716885089874268,-5.381417274475098,-1.409728765487671,1.409728765487671,val,random,Small GNN
S=C1NCCN1,S=C1NCCN1,-0.708299994468689,-0.3865010738372803,0.3217989206314087,0.3217989206314087,val,random,Small GNN
S=C=Nc1ccccc1,c1ccccc1,-3.1772000789642334,-2.7913436889648438,0.38585638999938965,0.38585638999938965,val,random,Small GNN
S=c1[nH]nc(SSc2n[nH]c(=S)s2)s1,S=c1[nH]nc(SSc2n[nH]c(=S)s2)s1,-3.2522132396698,-3.3743233680725098,-0.12211012840270996,0.12211012840270996,val,random,Small GNN
Sc1ccccc1,c1ccccc1,-2.1203999519348145,-1.2380216121673584,0.882378339767456,0.882378339767456,val,random,Small GNN
[Ba+2],<ACYCLIC>,-8.74485969543457,-3.8666954040527344,4.878164291381836,4.878164291381836,val,random,Small GNN
[La],<ACYCLIC>,0.9471840858459473,-4.202717304229736,-5.149901390075684,5.149901390075684,val,random,Small GNN
[Mn],<ACYCLIC>,-4.894774913787842,-3.7118239402770996,1.1829509735107422,1.1829509735107422,val,random,Small GNN
[Mo+6],<ACYCLIC>,-2.158172369003296,-3.9964871406555176,-1.8383147716522217,1.8383147716522217,val,random,Small GNN
[N-]=[N+]=NCC(=O)N[C@H](CO)[C@H](O)c1ccc([N+](=O)[O-])cc1,c1ccccc1,-1.1691999435424805,-1.9065417051315308,-0.7373417615890503,0.7373417615890503,val,random,Small GNN
[Zr+2],<ACYCLIC>,-6.066512107849121,-3.8666954040527344,2.1998167037963867,2.1998167037963867,val,random,Small GNN
c1ccc(-c2ccccc2)cc1,c1ccc(-c2ccccc2)cc1,-4.320000171661377,-3.3140368461608887,1.0059633255004883,1.0059633255004883,val,random,Small GNN
c1ccc(C2=NCCN2)cc1,c1ccc(C2=NCCN2)cc1,-1.1265181303024292,-2.018979787826538,-0.8924616575241089,0.8924616575241089,val,random,Small GNN
c1ccc(C2CO2)cc1,c1ccc(C2CO2)cc1,-1.906541109085083,-2.439342737197876,-0.532801628112793,0.532801628112793,val,random,Small GNN
c1ccc(CCNCc2ccccc2)cc1,c1ccc(CCNCc2ccccc2)cc1,-2.722899913787842,-2.420656681060791,0.3022432327270508,0.3022432327270508,val,random,Small GNN
c1ccc(N=NNc2ccccc2)cc1,c1ccc(N=NNc2ccccc2)cc1,-2.5959999561309814,-5.324605941772461,-2.7286059856414795,2.7286059856414795,val,random,Small GNN
c1ccc2c(c1)-c1cccc3cccc-2c13,c1ccc2c(c1)-c1cccc3cccc-2c13,-5.929999828338623,-6.433202743530273,-0.5032029151916504,0.5032029151916504,val,random,Small GNN
c1ccc2c(c1)Nc1c(ccc3ccccc13)S2,c1ccc2c(c1)Nc1c(ccc3ccccc13)S2,-5.895699977874756,-6.307257652282715,-0.411557674407959,0.411557674407959,val,random,Small GNN
c1ccc2c(c1)c1cccc3ccc4cccc2c4c31,c1ccc2c(c1)c1cccc3ccc4cccc2c4c31,-7.659999847412109,-6.991161346435547,0.6688385009765625,0.6688385009765625,val,random,Small GNN
c1ccc2c3c(ccc2c1)Nc1ccc2ccccc2c1S3,c1ccc2c3c(ccc2c1)Nc1ccc2ccccc2c1S3,-6.878600120544434,-7.042520523071289,-0.16392040252685547,0.16392040252685547,val,random,Small GNN
c1ccc2c3c(ccc2c1)Sc1ccc2ccccc2c1N3,c1ccc2c3c(ccc2c1)Sc1ccc2ccccc2c1N3,-7.908100128173828,-7.012094497680664,0.8960056304931641,0.8960056304931641,val,random,Small GNN
c1ccc2n[nH]nc2c1,c1ccc2n[nH]nc2c1,-0.7793999910354614,-1.4791276454925537,-0.6997276544570923,0.6997276544570923,val,random,Small GNN
c1ccc2sc(SNC3CCCCC3)nc2c1,c1ccc2sc(SNC3CCCCC3)nc2c1,-5.917142868041992,-5.102900505065918,0.8142423629760742,0.8142423629760742,val,random,Small GNN
c1ccoc1,c1ccoc1,-0.8199999928474426,0.3553507328033447,1.1753507256507874,1.1753507256507874,val,random,Small GNN
c1cnc2ncncc2n1,c1cnc2ncncc2n1,0.019999999552965164,-0.3792397975921631,-0.39923979714512825,0.39923979714512825,val,random,Small GNN
c1cnoc1,c1cnoc1,0.38269999623298645,1.0217759609222412,0.6390759646892548,0.6390759646892548,val,random,Small GNN
c1ncc2[nH]cnc2n1,c1ncc2[nH]cnc2n1,0.6194000244140625,-0.8351199626922607,-1.4545199871063232,1.4545199871063232,val,random,Small GNN
BrC(Br)Br,<ACYCLIC>,-1.9112999439239502,-2.039804458618164,-0.12850451469421387,0.12850451469421387,test,random,Small GNN
BrC1CC(Br)CC(Br)CC(Br)CC(Br)CC(Br)C1,C1CCCCCCCCCCC1,-6.9904279708862305,-3.5709335803985596,3.419494390487671,3.419494390487671,test,random,Small GNN
Brc1ccc(-c2c(Br)c(Br)c(Br)c(Br)c2Br)c(Br)c1Br,c1ccc(-c2ccccc2)cc1,-9.35099983215332,-8.56520938873291,0.7857904434204102,0.7857904434204102,test,random,Small GNN
Brc1ccc(I)cc1,c1ccccc1,-4.452000141143799,-3.8140716552734375,0.6379284858703613,0.6379284858703613,test,random,Small GNN
C#CC(C)(C)O,<ACYCLIC>,1.0751110315322876,0.16682147979736328,-0.9082895517349243,0.9082895517349243,test,random,Small GNN
C#CC(C)OC(=O)Nc1cccc(Cl)c1,c1ccccc1,-2.6171998977661133,-3.5333244800567627,-0.9161245822906494,0.9161245822906494,test,random,Small GNN
C#CC1(OC(N)=O)CCCCC1,C1CCCCC1,-1.8252999782562256,-2.1195731163024902,-0.29427313804626465,0.29427313804626465,test,random,Small GNN
C#CC=C,<ACYCLIC>,-1.4648000001907349,-1.0361497402191162,0.42865025997161865,0.42865025997161865,test,random,Small GNN
C#CCC1=C(C)C(OC(=O)[C@H]2[C@H](C=C(C)C)C2(C)C)CC1=O,O=C1C=CC(OC(=O)C2CC2)C1,-4.5746002197265625,-5.122276306152344,-0.5476760864257812,0.5476760864257812,test,random,Small GNN
C#CCN1C(=O)COc2cc(F)c(N3C(=O)C4=C(CCCC4)C3=O)cc21,O=C1COc2ccc(N3C(=O)C4=C(CCCC4)C3=O)cc2N1,-5.296599864959717,-5.748363018035889,-0.4517631530761719,0.4517631530761719,test,random,Small GNN
C#CCO,<ACYCLIC>,1.251315951347351,0.9954235553741455,-0.25589239597320557,0.25589239597320557,test,random,Small GNN
C/C(=N\NC(=O)Nc1cc(F)cc(F)c1)c1ncccc1C(=O)O,O=C(NN=Cc1ccccn1)Nc1ccccc1,-3.7248001098632812,-3.298323154449463,0.42647695541381836,0.42647695541381836,test,random,Small GNN
C/C=C(/C)C(=O)O[C@H]1CC[C@@]2(C)[C@@H]3CC[C@H]4[C@]5(O)C[C@H](O)[C@@]6(O)[C@@H](CN7C[C@@H](C)CC[C@H]7[C@@]6(C)O)[C@]5(O)C[C@@]42O[C@]13O,C1CCN2CC3C(CCC4C3CC35OC6CCCC3C6CCC45)CC2C1,-3.0162999629974365,-3.451974391937256,-0.43567442893981934,0.43567442893981934,test,random,Small GNN
C/C=C/C=C/C(=O)O,<ACYCLIC>,-1.7699999809265137,-1.229515790939331,0.5404841899871826,0.5404841899871826,test,random,Small GNN
C/C=C/CC1(C/C=C/C)C(=O)NC(=O)NC1=O,O=C1CC(=O)NC(=O)N1,-2.1972999572753906,-2.7638442516326904,-0.5665442943572998,0.5665442943572998,test,random,Small GNN
C/C=C1\CC2C=CC1C2,C=C1CC2C=CC1C2,-3.1767964363098145,-4.279109954833984,-1.10231351852417,1.10231351852417,test,random,Small GNN
C1CC(N2CCOCC2)CCN1,C1CC(N2CCOCC2)CCN1,-2.9027228355407715,0.36482834815979004,3.2675511837005615,3.2675511837005615,test,random,Small GNN
C1CCSC1,C1CCSC1,-1.181917428970337,-2.542940139770508,-1.361022710800171,1.361022710800171,test,random,Small GNN
C1CN1,C1CN1,1.365835189819336,1.1005017757415771,-0.2653334140777588,0.2653334140777588,test,random,Small GNN
C1CN2CCN1CC2,C1CN2CCN1CC2,0.6032999753952026,-0.7852644920349121,-1.3885644674301147,1.3885644674301147,test,random,Small GNN
C=C(Br)C(=O)Nc1ccc(NNC2=C3C(=O)C=C(S(=O)(=O)O)C=C3C=CC2=NC)c(S(=O)(=O)O)c1,N=C1C=CC2=CC=CC(=O)C2=C1NNc1ccccc1,-1.9476531744003296,-1.128380298614502,0.8192728757858276,0.8192728757858276,test,random,Small GNN
C=C(Br)C(F)(F)F,<ACYCLIC>,-2.2385852336883545,-2.6024351119995117,-0.3638498783111572,0.3638498783111572,test,random,Small GNN
C=C(C#N)C(=O)OCC,<ACYCLIC>,-6.717139720916748,-0.6138582229614258,6.103281497955322,6.103281497955322,test,random,Small GNN
C=C(C)C(=O)OCC(C)C,<ACYCLIC>,-2.0390000343322754,-2.1639156341552734,-0.12491559982299805,0.12491559982299805,test,random,Small GNN
C=C(C)C(=O)OCCCCCCCCCCOC(=O)C(=C)C,<ACYCLIC>,-6.350205898284912,-5.454964637756348,0.8952412605285645,0.8952412605285645,test,random,Small GNN
C=C(C)C(=O)OCCCCCCOC(=O)C(=C)C,<ACYCLIC>,-4.043663024902344,-3.9975273609161377,0.046135663986206055,0.046135663986206055,test,random,Small GNN
C=C(C)C(=O)OCCOc1ccc(C(C)(C)c2ccc(OCCOC(=O)C(=C)C)cc2)cc1,c1ccc(Cc2ccccc2)cc1,-5.379201889038086,-5.655644416809082,-0.2764425277709961,0.2764425277709961,test,random,Small GNN
C=C(C)C(=O)OCC[N+](C)(C)CCCS(=O)(=O)[O-],<ACYCLIC>,0.9627399444580078,0.8102476596832275,-0.15249228477478027,0.15249228477478027,test,random,Small GNN
C=C(C)C1CCC(C)(O)C(O)C1,C1CCCCC1,-0.23109999299049377,-0.8709042072296143,-0.6398042142391205,0.6398042142391205,test,random,Small GNN
C=C(C)CS(=O)(=O)O,<ACYCLIC>,0.5194215178489685,0.3230013847351074,-0.19642013311386108,0.19642013311386108,test,random,Small GNN
C=C(C)c1cccc(C(=C)C)c1,c1ccccc1,-4.451139450073242,-4.349259376525879,0.10188007354736328,0.10188007354736328,test,random,Small GNN
C=C(CC(Cl)(Cl)Cl)c1ccccc1,c1ccccc1,-4.282199859619141,-4.537106513977051,-0.25490665435791016,0.25490665435791016,test,random,Small GNN
C=C(Cl)C(Cl)CCl,<ACYCLIC>,-2.4244542121887207,-2.5154340267181396,-0.09097981452941895,0.09097981452941895,test,random,Small GNN
C=C(OC(C)=O)c1ccccc1,c1ccccc1,-2.113595485687256,-2.1230051517486572,-0.009409666061401367,0.009409666061401367,test,random,Small GNN
C=C/C=C/CC/C=C/CC,<ACYCLIC>,-3.3419065475463867,-4.102810859680176,-0.7609043121337891,0.7609043121337891,test,random,Small GNN
C=C/C=C\C#N,<ACYCLIC>,-0.722100019454956,-1.268171787261963,-0.5460717678070068,0.5460717678070068,test,random,Small GNN
C=C1C2CCC(C)(OCC)C1CCC2(C)C,C=C1C2CCCC1CCC2,-4.7342963218688965,-4.388944625854492,0.3453516960144043,0.3453516960144043,test,random,Small GNN
C=C1C[C@]23C[C@@]1(O)CC[C@H]2[C@@]12C=C[C@H](O)C(C)(C(=O)O1)[C@H]2[C@@H]3C(=O)O,C=C1CC23CC1CCC2C12C=CCC(C(=O)O1)C2C3,-1.8406000137329102,-2.8867311477661133,-1.0461311340332031,1.0461311340332031,test,random,Small GNN
C=CC(=O)NCO,<ACYCLIC>,0.8101000189781189,0.46419382095336914,-0.34590619802474976,0.34590619802474976,test,random,Small GNN
C=CC(=O)OCCC(F)(F)C(F)(F)C(F)(F)C(F)(F)C(F)(F)C(F)(F)F,<ACYCLIC>,-6.354159355163574,-6.120499610900879,0.2336597442626953,0.2336597442626953,test,random,Small GNN
C=CC(=O)OCCCCCCCCCCCC,<ACYCLIC>,-4.380910873413086,-6.059185028076172,-1.678274154663086,1.678274154663086,test,random,Small GNN
C=CC(=O)OCCOCC(CC)(COCCOC(=O)C=C)COCCOC(=O)C=C,<ACYCLIC>,-2.687445878982544,-2.964512825012207,-0.2770669460296631,0.2770669460296631,test,random,Small GNN
C=CC(=O)OCCOCCOCCOCCOC(=O)C=C,<ACYCLIC>,-0.5000132918357849,-1.3061957359313965,-0.8061824440956116,0.8061824440956116,test,random,Small GNN
C=CC(C)(CCC=C(C)C)OC(C)=O,<ACYCLIC>,-3.815776824951172,-3.586902141571045,0.22887468338012695,0.22887468338012695,test,random,Small GNN
C=CC(F)(F)C(F)(F)C(F)(F)C(F)(F)F,<ACYCLIC>,-4.197937488555908,-5.6711835861206055,-1.4732460975646973,1.4732460975646973,test,random,Small GNN
C=CC(O)CCC,<ACYCLIC>,-0.5993000268936157,-0.7955687046051025,-0.19626867771148682,0.19626867771148682,test,random,Small GNN
C=CC(c1ccc(O)cc1)C(C=C)c1ccc(O)cc1,c1ccc(CCc2ccccc2)cc1,-4.949999809265137,-3.4447104930877686,1.5052893161773682,1.5052893161773682,test,random,Small GNN
C=CC1(C(C)CCC)C(=O)NC(=O)NC1=O,O=C1CC(=O)NC(=O)N1,-2.359999895095825,-2.6621310710906982,-0.30213117599487305,0.30213117599487305,test,random,Small GNN
C=CC1(C=C)C(=O)NC(=O)NC1=O,O=C1CC(=O)NC(=O)N1,-2.059999942779541,-2.0255138874053955,0.03448605537414551,0.03448605537414551,test,random,Small GNN
C=CC1(CC(C)C)C(=O)NC(=O)NC1=O,O=C1CC(=O)NC(=O)N1,-2.119999885559082,-2.389796733856201,-0.26979684829711914,0.26979684829711914,test,random,Small GNN
C=CC1CC=CCC1,C1=CCCCC1,-3.335192918777466,-3.1448235511779785,0.1903693675994873,0.1903693675994873,test,random,Small GNN
C=CCCC,<ACYCLIC>,-2.675673007965088,-2.1092944145202637,0.5663785934448242,0.5663785934448242,test,random,Small GNN
C=CCCCC=C,<ACYCLIC>,-3.339600086212158,-3.3311188220977783,0.008481264114379883,0.008481264114379883,test,random,Small GNN
C=CCCCCC,<ACYCLIC>,-3.7320001125335693,-3.8977596759796143,-0.16575956344604492,0.16575956344604492,test,random,Small GNN
C=CCCCCCCCCC(=O)N(CCO)CCO,<ACYCLIC>,-2.7615134716033936,-2.5005691051483154,0.2609443664550781,0.2609443664550781,test,random,Small GNN
C=CCN(CC=C)C(=O)C(Cl)Cl,<ACYCLIC>,-1.6193000078201294,-1.778822422027588,-0.1595224142074585,0.1595224142074585,test,random,Small GNN
C=CCNC(N)=S,<ACYCLIC>,-0.2939999997615814,-0.5539636611938477,-0.25996366143226624,0.25996366143226624,test,random,Small GNN
C=CCOC(CO)CO,<ACYCLIC>,0.48100000619888306,0.3586411476135254,-0.12235885858535767,0.12235885858535767,test,random,Small GNN
C=CF,<ACYCLIC>,-0.2759999930858612,-0.6448476314544678,-0.36884763836860657,0.36884763836860657,test,random,Small GNN
C=CN1CCN(C=C)C1=O,O=C1NCCN1,-1.1558864116668701,-1.066626787185669,0.08925962448120117,0.08925962448120117,test,random,Small GNN
C=COCC(F)(F)F,<ACYCLIC>,-1.4780000448226929,-1.9508676528930664,-0.47286760807037354,0.47286760807037354,test,random,Small GNN
C=CS(=O)(=O)CS(=O)(=O)C=C,<ACYCLIC>,-3.9198954105377197,-1.6948391199111938,2.225056290626526,2.225056290626526,test,random,Small GNN
C=C[C@H]1CN2CCC1C[C@H]2[C@H](O)c1ccnc2ccc(OC)cc12,c1ccc2c(CC3CC4CCN3CC4)ccnc2c1,-2.812143087387085,-2.7653894424438477,0.046753644943237305,0.046753644943237305,test,random,Small GNN
C=Cc1cc(Br)ccc1Br,c1ccccc1,-4.578730583190918,-4.881839752197266,-0.30310916900634766,0.30310916900634766,test,random,Small GNN
CC(=O)/C(=N/Nc1cc(S(N)(=O)=O)ccc1O)C(=O)Nc1ccccc1,O=C(C=NNc1ccccc1)Nc1ccccc1,-2.208470106124878,-2.806925058364868,-0.5984549522399902,0.5984549522399902,test,random,Small GNN
CC(=O)C(C)C,<ACYCLIC>,-0.15129999816417694,-0.571566104888916,-0.4202661067247391,0.4202661067247391,test,random,Small GNN
CC(=O)C(N=Nc1ccc(C)cc1[N+](=O)[O-])C(=O)Nc1ccc(Cl)cc1,O=C(CN=Nc1ccccc1)Nc1ccccc1,-7.605298042297363,-6.458301544189453,1.1469964981079102,1.1469964981079102,test,random,Small GNN
CC(=O)C1CCC2C3CCC4=CC(=O)CC(O)C4(C)C3CCC12C,O=C1C=C2CCC3C4CCCC4CCC3C2CC1,-3.819999933242798,-4.127093315124512,-0.30709338188171387,0.30709338188171387,test,random,Small GNN
CC(=O)C1CCC2C3CCC4=CC(=O)CCC4(C)C3CCC12C,O=C1C=C2CCC3C4CCCC4CCC3C2CC1,-4.429999828338623,-4.803741931915283,-0.37374210357666016,0.37374210357666016,test,random,Small GNN
CC(=O)C1CC[C@H]2[C@@H]3CCC4=CC(=O)CC[C@]4(C)[C@H]3[C@H](O)C[C@]12C,O=C1C=C2CCC3C4CCCC4CCC3C2CC1,-3.820199966430664,-4.03096342086792,-0.21076345443725586,0.21076345443725586,test,random,Small GNN
CC(=O)CC(=O)C(C)(C)C,<ACYCLIC>,-1.6299999952316284,-0.93027663230896,0.6997233629226685,0.6997233629226685,test,random,Small GNN
CC(=O)CC1=NCCS1,C1=NCCS1,-1.156000018119812,-0.7625699043273926,0.39343011379241943,0.39343011379241943,test,random,Small GNN
CC(=O)CCC1=C(C)CCCC1(C)C,C1=CCCCC1,-3.6550445556640625,-3.3170180320739746,0.3380265235900879,0.3380265235900879,test,random,Small GNN
CC(=O)COc1c(C)cccc1C,c1ccccc1,-1.9185447692871094,-2.1668851375579834,-0.24834036827087402,0.24834036827087402,test,random,Small GNN
CC(=O)N1CCOCC1,C1COCCN1,0.8888753056526184,0.407397985458374,-0.4814773201942444,0.4814773201942444,test,random,Small GNN
CC(=O)NC(CSc1ccc(Cl)c(Cl)c1)C(=O)O,c1ccccc1,-2.890000104904175,-2.8073086738586426,0.08269143104553223,0.08269143104553223,test,random,Small GNN
CC(=O)NC(Cc1ccc(OC(C)=O)cc1)C(N)=O,c1ccccc1,-1.899999976158142,-1.7268424034118652,0.17315757274627686,0.17315757274627686,test,random,Small GNN
CC(=O)NC(Cc1ccccc1)C(=O)O,c1ccccc1,-1.409999966621399,-1.3581104278564453,0.05188953876495361,0.05188953876495361,test,random,Small GNN
CC(=O)NNC(C)=O,<ACYCLIC>,0.32866817712783813,0.2892646789550781,-0.03940349817276001,0.03940349817276001,test,random,Small GNN
CC(=O)N[C@@H](Cc1cc(Br)c(O)c(Br)c1)C(=O)O,c1ccccc1,-2.183000087738037,-2.038017511367798,0.14498257637023926,0.14498257637023926,test,random,Small GNN
CC(=O)Nc1ccc(Cl)cc1,c1ccccc1,-2.8399999141693115,-2.2319812774658203,0.6080186367034912,0.6080186367034912,test,random,Small GNN
CC(=O)Nc1ccc(S(=O)(=O)Nc2nc(C)cs2)cc1,O=S(=O)(Nc1nccs1)c1ccccc1,-4.150000095367432,-3.472198247909546,0.6778018474578857,0.6778018474578857,test,random,Small GNN
CC(=O)Nc1ccc(S(=O)(=O)O)c2c1C(=O)/C(=N\Nc1ccc(N=Nc3ccc(S(=O)(=O)O)cc3)c3ccc(S(=O)(=O)O)cc13)C(S(=O)(=O)O)=C2,O=C1C(=NNc2ccc(N=Nc3ccccc3)c3ccccc23)C=Cc2ccccc21,-1.461244821548462,-0.8572463989257812,0.6039984226226807,0.6039984226226807,test,random,Small GNN
CC(=O)Nc1ccc([N+](=O)[O-])cc1,c1ccccc1,-2.690000057220459,-2.1863508224487305,0.5036492347717285,0.5036492347717285,test,random,Small GNN
CC(=O)Nc1ccc2c(c1)C(=O)/C(=N/Nc1ccc(S(=O)(=O)CCOS(=O)(=O)O)cc1)C(S(=O)(=O)O)=C2,O=C1C(=NNc2ccccc2)C=Cc2ccccc21,-0.6794074773788452,-1.370722770690918,-0.6913152933120728,0.6913152933120728,test,random,Small GNN
CC(=O)Nc1cccc(C)c1,c1ccccc1,-2.0910000801086426,-1.7943528890609741,0.29664719104766846,0.29664719104766846,test,random,Small GNN
CC(=O)Nc1cccc(O)c1,c1ccccc1,-1.059999942779541,-1.0049480199813843,0.05505192279815674,0.05505192279815674,test,random,Small GNN
CC(=O)Nc1nnc(S(N)(=O)=O)s1,c1nncs1,-2.440000057220459,-1.8234436511993408,0.6165564060211182,0.6165564060211182,test,random,Small GNN
CC(=O)OC(C)CC(C)C,<ACYCLIC>,-2.045099973678589,-1.603759527206421,0.44134044647216797,0.44134044647216797,test,random,Small GNN
CC(=O)OC(c1ccc(Cl)c(Cl)c1)C(Cl)(Cl)Cl,c1ccccc1,-3.827899932861328,-5.263927459716797,-1.4360275268554688,1.4360275268554688,test,random,Small GNN
CC(=O)OC/C=C(C)/C=C/C=C(C)/C=C/C1=C(C)CCCC1(C)C,C1=CCCCC1,-7.5165300369262695,-5.355530261993408,2.1609997749328613,2.1609997749328613,test,random,Small GNN
CC(=O)OC/C=C(\C)CCC=C(C)C,<ACYCLIC>,-3.8305001258850098,-3.6662185192108154,0.16428160667419434,0.16428160667419434,test,random,Small GNN
CC(=O)OC1CC2CCC1(C)C2(C)C,C1CC2CCC1C2,-3.930000066757202,-4.0966362953186035,-0.16663622856140137,0.16663622856140137,test,random,Small GNN
CC(=O)OCC(=O)C1(O)C(OC(C)=O)CC2C3CCC4=CC(=O)C=CC4(C)C3(F)C(O)CC21C,O=C1C=CC2C(=C1)CCC1C3CCCC3CCC21,-4.130000114440918,-3.6194169521331787,0.5105831623077393,0.5105831623077393,test,random,Small GNN
CC(=O)OCC1=C(C(=O)O)N2C(=O)[C@@H](N)[C@H]2SC1,O=C1CC2SCC=CN12,-2.648977756500244,-1.7530542612075806,0.8959234952926636,0.8959234952926636,test,random,Small GNN
CC(=O)OCCBr,<ACYCLIC>,-0.6736999750137329,-0.5178060531616211,0.15589392185211182,0.15589392185211182,test,random,Small GNN
CC(=O)OCCN1CCN(CCCN2c3ccccc3Sc3ccc(Cl)cc32)CC1,c1ccc2c(c1)Sc1ccccc1N2CCCN1CCNCC1,-4.699999809265137,-3.691281318664551,1.008718490600586,1.008718490600586,test,random,Small GNN
CC(=O)OCCOCn1cnc2c(=O)[nH]c(N)nc21,O=c1[nH]cnc2[nH]cnc12,-2.700000047683716,-2.2673699855804443,0.4326300621032715,0.4326300621032715,test,random,Small GNN
CC(=O)Oc1ccc(C(C)=O)cc1,c1ccccc1,-1.5199999809265137,-1.885954737663269,-0.36595475673675537,0.36595475673675537,test,random,Small GNN
CC(=O)Oc1ccc(CC(NC(=O)c2ccccc2)C(N)=O)cc1,O=C(NCCc1ccccc1)c1ccccc1,-3.890000104904175,-3.088423252105713,0.8015768527984619,0.8015768527984619,test,random,Small GNN
CC(=O)Oc1ccccc1,c1ccccc1,-1.373595118522644,-1.4070205688476562,-0.03342545032501221,0.03342545032501221,test,random,Small GNN
CC(=O)Oc1ccccc1[N+](=O)[O-],c1ccccc1,-2.1855239868164062,-1.9938932657241821,0.19163072109222412,0.19163072109222412,test,random,Small GNN
CC(=O)[C@@]1(O)CC[C@H]2[C@@H]3CCC4=CC(=O)CC[C@]4(C)[C@H]3CC[C@@]21C,O=C1C=C2CCC3C4CCCC4CCC3C2CC1,-4.707600116729736,-4.293701171875,0.41389894485473633,0.41389894485473633,test,random,Small GNN
CC(=O)c1ccc(O)c(C(=O)O)c1,c1ccccc1,-2.2304000854492188,-1.5196579694747925,0.7107421159744263,0.7107421159744263,test,random,Small GNN
CC(=O)c1cccc(Nc2ccccc2C(=O)O)c1,c1ccc(Nc2ccccc2)cc1,-4.860000133514404,-3.1394128799438477,1.7205872535705566,1.7205872535705566,test,random,Small GNN
CC(=O)n1c(=O)[nH]cc(F)c1=O,O=c1cc[nH]c(=O)[nH]1,-0.6000000238418579,-0.6908109188079834,-0.09081089496612549,0.09081089496612549,test,random,Small GNN
CC(C(=O)O)C(C)(C)CCC(=O)O,<ACYCLIC>,-1.5264999866485596,-1.1744669675827026,0.35203301906585693,0.35203301906585693,test,random,Small GNN
CC(C(=O)O)c1cccc(C(=O)c2ccccc2)c1,O=C(c1ccccc1)c1ccccc1,-3.4700000286102295,-3.405902624130249,0.06409740447998047,0.06409740447998047,test,random,Small GNN
CC(C)(C)C(=O)OCC(=O)C1(O)CCC2C3CCC4=CC(=O)C=CC4(C)C3C(O)CC21C,O=C1C=CC2C(=C1)CCC1C3CCCC3CCC21,-4.583499908447266,-4.324061870574951,0.25943803787231445,0.25943803787231445,test,random,Small GNN
CC(C)(C)C(=O)OCn1cc(F)c(=O)n(COC(=O)C(C)(C)C)c1=O,O=c1cc[nH]c(=O)[nH]1,-3.9000000953674316,-3.494267463684082,0.4057326316833496,0.4057326316833496,test,random,Small GNN
CC(C)(C)C(=O)OCn1cc2c(=O)[nH]cnc2n1,O=c1[nH]cnc2n[nH]cc12,-2.1700000762939453,-2.9341306686401367,-0.7641305923461914,0.7641305923461914,test,random,Small GNN
CC(C)(C)C1CCC(CC2=C(O)C(=O)c3ccccc3C2=O)CC1,O=C1C=C(CC2CCCCC2)C(=O)c2ccccc21,-7.039999961853027,-5.1649861335754395,1.875013828277588,1.875013828277588,test,random,Small GNN
CC(C)(C)CC(C)(C)c1ccc(O)c(Sc2cc(C(C)(C)CC(C)(C)C)ccc2O)c1,c1ccc(Sc2ccccc2)cc1,-6.446040630340576,-6.420557498931885,0.025483131408691406,0.025483131408691406,test,random,Small GNN
CC(C)(C)Cl,<ACYCLIC>,-1.5069999694824219,-2.309260606765747,-0.8022606372833252,0.8022606372833252,test,random,Small GNN
CC(C)(C)N(CC(=O)c1ccc(O)c(CO)c1)Cc1ccccc1,O=C(CNCc1ccccc1)c1ccccc1,-1.3487765789031982,-2.8584561347961426,-1.5096795558929443,1.5096795558929443,test,random,Small GNN
CC(C)(C)S(=O)(=O)C(C)(C)C,<ACYCLIC>,-1.2177000045776367,-3.329761505126953,-2.1120615005493164,2.1120615005493164,test,random,Small GNN
CC(C)(C)[C@H](O)[C@H](Oc1ccc(Cl)cc1)n1cncn1,c1ccc(OCn2cncn2)cc1,-3.952399969100952,-3.745911121368408,0.20648884773254395,0.20648884773254395,test,random,Small GNN
CC(C)(C)c1cc(CCC(=O)NNC(=O)CCc2cc(C(C)(C)C)c(O)c(C(C)(C)C)c2)cc(C(C)(C)C)c1O,O=C(CCc1ccccc1)NNC(=O)CCc1ccccc1,-7.043598175048828,-6.17283821105957,0.8707599639892578,0.8707599639892578,test,random,Small GNN
CC(C)(C)c1ccc(CCC=O)cc1,c1ccccc1,-3.1588327884674072,-4.071359157562256,-0.9125263690948486,0.9125263690948486,test,random,Small GNN
CC(C)(C)c1ccc(OC(=O)c2cc(C(C)(C)C)c(O)c(C(C)(C)C)c2)c(C(C)(C)C)c1,O=C(Oc1ccccc1)c1ccccc1,-7.341090202331543,-7.338261604309082,0.0028285980224609375,0.0028285980224609375,test,random,Small GNN
CC(C)(NC(=O)C(Br)C(C)(C)C)c1ccccc1,c1ccccc1,-4.945499897003174,-4.466996192932129,0.4785037040710449,0.4785037040710449,test,random,Small GNN
CC(C)(O)C(=O)c1ccccc1,c1ccccc1,-1.0915321111679077,-1.3770767450332642,-0.28554463386535645,0.28554463386535645,test,random,Small GNN
CC(C)(OOC(C)(C)c1ccccc1)c1ccccc1,c1ccc(COOCc2ccccc2)cc1,-5.769199848175049,-4.586036682128906,1.1831631660461426,1.1831631660461426,test,random,Small GNN
CC(C)(c1ccc(OCC2CO2)cc1)c1ccc(OCC2CO2)cc1,c1cc(OCC2CO2)ccc1Cc1ccc(OCC2CO2)cc1,-4.799620151519775,-5.824854373931885,-1.0252342224121094,1.0252342224121094,test,random,Small GNN
CC(C)=CCC(C)(C)C(=O)C(C)C,<ACYCLIC>,-3.489215850830078,-4.338517189025879,-0.8493013381958008,0.8493013381958008,test,random,Small GNN
CC(C)=CCC[C@@H](C)CC=O,<ACYCLIC>,-3.243751049041748,-2.917492151260376,0.32625889778137207,0.32625889778137207,test,random,Small GNN
CC(C)=NNC(=O)NC1c2ccccc2Oc2ccccc21,c1ccc2c(c1)Cc1ccccc1O2,-4.170000076293945,-4.736082077026367,-0.5660820007324219,0.5660820007324219,test,random,Small GNN
CC(C)=NNC(N)=O,<ACYCLIC>,-0.26739999651908875,-0.32247185707092285,-0.055071860551834106,0.055071860551834106,test,random,Small GNN
CC(C)C(=O)OCCOc1ccccc1,c1ccccc1,-3.026343584060669,-2.9919865131378174,0.03435707092285156,0.03435707092285156,test,random,Small GNN
CC(C)C(C(=O)O)N1CCCNC1=O,O=C1NCCCN1,-1.1028618812561035,-1.007713794708252,0.09514808654785156,0.09514808654785156,test,random,Small GNN
CC(C)C(C(=O)OC(C#N)c1cccc(Oc2ccc(Br)cc2)c1)c1ccc(OC(F)F)cc1,O=C(Cc1ccccc1)OCc1cccc(Oc2ccccc2)c1,-8.173100471496582,-6.8809099197387695,1.2921905517578125,1.2921905517578125,test,random,Small GNN
CC(C)C(O)C(C)(C)CO,<ACYCLIC>,-0.6667259335517883,-0.5469908714294434,0.11973506212234497,0.11973506212234497,test,random,Small GNN
CC(C)C1(C)N=C(c2ncccc2C(=O)O)NC1=O,O=C1CN=C(c2ccccn2)N1,-1.3640294075012207,-2.237055778503418,-0.8730263710021973,0.8730263710021973,test,random,Small GNN
CC(C)C1C(=O)NC(=O)NC1=O,O=C1CC(=O)NC(=O)N1,-1.4556000232696533,-1.6107755899429321,-0.1551755666732788,0.1551755666732788,test,random,Small GNN
CC(C)C1CCC(O)CC1,C1CCCCC1,-2.068094253540039,-2.211620330810547,-0.1435260772705078,0.1435260772705078,test,random,Small GNN
CC(C)C1NC(=O)CNC1=O,O=C1CNC(=O)CN1,-0.8925999999046326,-0.8432662487030029,0.04933375120162964,0.04933375120162964,test,random,Small GNN
CC(C)CC(C(=O)O)N(CCC#N)CCC#N,<ACYCLIC>,-1.1399999856948853,-1.3733075857162476,-0.2333076000213623,0.2333076000213623,test,random,Small GNN
CC(C)CC(C)CO,<ACYCLIC>,-1.6007000207901,-1.1032382249832153,0.49746179580688477,0.49746179580688477,test,random,Small GNN
CC(C)CCCC(C)CCCC(C)CCCCC(C)CCCC(C)CCCC(C)C,<ACYCLIC>,-5.149040222167969,-8.309285163879395,-3.160244941711426,3.160244941711426,test,random,Small GNN
CC(C)CCCCCCCCCCCCCCC(=O)OCC(COC(=O)CCCCCCCCCCCCCCC(C)C)OC(=O)CCCCCCCCCCCCCCC(C)C,<ACYCLIC>,-8.458760261535645,-8.346244812011719,0.11251544952392578,0.11251544952392578,test,random,Small GNN
CC(C)CCCCCCCOC(=O)CCCCC(=O)OCCCCCCCC(C)C,<ACYCLIC>,-6.6301045417785645,-7.009845733642578,-0.37974119186401367,0.37974119186401367,test,random,Small GNN
CC(C)CCCCCCOC(=O)c1ccccc1C(=O)OCCCCCCC(C)C,c1ccccc1,-6.6218180656433105,-7.030489921569824,-0.40867185592651367,0.40867185592651367,test,random,Small GNN
CC(C)CCCCCCc1ccc(O)cc1,c1ccccc1,-4.587250232696533,-5.080007553100586,-0.49275732040405273,0.49275732040405273,test,random,Small GNN
CC(C)CCOC(=O)c1ccccc1O,c1ccccc1,-3.1572000980377197,-3.3308937549591064,-0.17369365692138672,0.17369365692138672,test,random,Small GNN
CC(C)COP(=O)(OCC(C)C)OCC(C)C,<ACYCLIC>,-3.002154588699341,-2.969611644744873,0.03254294395446777,0.03254294395446777,test,random,Small GNN
CC(C)CO[N+](=O)[O-],<ACYCLIC>,-1.9521000385284424,-2.0567240715026855,-0.10462403297424316,0.10462403297424316,test,random,Small GNN
CC(C)NCC(O)COc1ccc(CC(N)=O)cc1,c1ccccc1,-1.3015999794006348,-1.5320394039154053,-0.2304394245147705,0.2304394245147705,test,random,Small GNN
CC(C)NCC(O)COc1cccc2ccccc12,c1ccc2ccccc2c1,-3.6201999187469482,-2.988755941390991,0.631443977355957,0.631443977355957,test,random,Small GNN
CC(C)NCc1cccc(S(=O)(=O)c2csc(S(N)(=O)=O)c2)c1,O=S(=O)(c1ccccc1)c1ccsc1,-1.559999942779541,-2.584589719772339,-1.0245897769927979,1.0245897769927979,test,random,Small GNN
CC(C)OC(=O)C(O)(c1ccc(Cl)cc1)c1ccc(Cl)cc1,c1ccc(Cc2ccccc2)cc1,-5.354400157928467,-5.08618688583374,0.26821327209472656,0.26821327209472656,test,random,Small GNN
CC(C)OC(=O)CC(C(=O)OC(C)C)S(=O)(=O)c1ccc([N+](=O)[O-])cc1,c1ccccc1,-4.289999961853027,-3.8679375648498535,0.42206239700317383,0.42206239700317383,test,random,Small GNN
CC(C)OC(=O)CS(=O)(=O)c1ccc(Cl)cc1,c1ccccc1,-2.4100000858306885,-3.797215223312378,-1.3872151374816895,1.3872151374816895,test,random,Small GNN
CC(C)OC(=O)c1cccc([N+](=O)[O-])c1C(=O)O,c1ccccc1,-2.34660005569458,-2.4009523391723633,-0.0543522834777832,0.0543522834777832,test,random,Small GNN
CC(C)OC(C)C,<ACYCLIC>,-1.5165927410125732,-1.0246161222457886,0.49197661876678467,0.49197661876678467,test,random,Small GNN
CC(C)OP(=S)(OC(C)C)SCCNS(=O)(=O)c1ccccc1,c1ccccc1,-4.201399803161621,-4.924051284790039,-0.722651481628418,0.722651481628418,test,random,Small GNN
CC(C)Oc1ccc([N+](=O)[O-])cc1N,c1ccccc1,-2.6600000858306885,-2.806443929672241,-0.14644384384155273,0.14644384384155273,test,random,Small GNN
CC(C)c1ccc(C#N)cc1,c1ccccc1,-2.988795280456543,-3.5075857639312744,-0.5187904834747314,0.5187904834747314,test,random,Small GNN
CC(C)c1ccc(C=O)cc1,c1ccccc1,-2.7852566242218018,-2.8050737380981445,-0.019817113876342773,0.019817113876342773,test,random,Small GNN
CC(C)c1ccc(N)cc1,c1ccccc1,-1.7858312129974365,-2.3101022243499756,-0.5242710113525391,0.5242710113525391,test,random,Small GNN
CC(C)c1ccc(OP(=O)(Oc2ccc(C(C)C)cc2)Oc2ccc(C(C)C)cc2)cc1,O=P(Oc1ccccc1)(Oc1ccccc1)Oc1ccccc1,-6.137134552001953,-6.560818672180176,-0.42368412017822266,0.42368412017822266,test,random,Small GNN
CC(C)c1ccc2c(c1)CC[C@H]1[C@](C)(C(=O)O)CCC[C@]21C,c1ccc2c(c1)CCC1CCCCC21,-4.658199787139893,-4.6433258056640625,0.014873981475830078,0.014873981475830078,test,random,Small GNN
CC(C)c1cccc(C(C)C)c1N=C=Nc1c(C(C)C)cccc1C(C)C,C(=Nc1ccccc1)=Nc1ccccc1,-6.860411167144775,-7.022026062011719,-0.16161489486694336,0.16161489486694336,test,random,Small GNN
CC(C)c1ncc([N+](=O)[O-])n1C,c1c[nH]cn1,-1.2599999904632568,-1.576307773590088,-0.31630778312683105,0.31630778312683105,test,random,Small GNN
CC(C)n1ccc(NS(=O)(=O)c2ccc(N)cc2)nc1=O,O=c1nc(NS(=O)(=O)c2ccccc2)cc[nH]1,-3.1700000762939453,-3.266150712966919,-0.09615063667297363,0.09615063667297363,test,random,Small GNN
CC(CC(C)(C)C)CC(C)(C)CC(C)(C)C,<ACYCLIC>,-3.354968547821045,-7.009189605712891,-3.6542210578918457,3.6542210578918457,test,random,Small GNN
CC(CC=O)c1ccccc1,c1ccccc1,-1.8698328733444214,-2.0259830951690674,-0.156150221824646,0.156150221824646,test,random,Small GNN
CC(CCC(=O)NCC(=O)O)C1CCC2C3C(O)CC4CC(O)CCC4(C)C3CC(O)C12C,C1CCC2C(C1)CCC1C3CCCC3CCC21,-5.150000095367432,-2.955129384994507,2.194870710372925,2.194870710372925,test,random,Small GNN
CC(CCc1ccccc1)NCC(O)c1ccc(O)c(C(N)=O)c1,c1ccc(CCCNCCc2ccccc2)cc1,-3.448199987411499,-2.12563419342041,1.3225657939910889,1.3225657939910889,test,random,Small GNN
CC(CO)(CO)[N+](=O)[O-],<ACYCLIC>,0.7724000215530396,0.3345201015472412,-0.43787992000579834,0.43787992000579834,test,random,Small GNN
CC(CO)C1CCCCCCCCCCC1,C1CCCCCCCCCCC1,-5.451794147491455,-3.2797555923461914,2.1720385551452637,2.1720385551452637,test,random,Small GNN
CC(CO)CC(C)c1ccccc1,c1ccccc1,-2.3469159603118896,-2.6913902759552,-0.34447431564331055,0.34447431564331055,test,random,Small GNN
CC(Cl)(Cl)Cl,<ACYCLIC>,-2.140000104904175,-2.0769779682159424,0.06302213668823242,0.06302213668823242,test,random,Small GNN
CC(Cl)CCl,<ACYCLIC>,-1.6216647624969482,-1.6275429725646973,-0.0058782100677490234,0.0058782100677490234,test,random,Small GNN
CC(N)CC(=O)O,<ACYCLIC>,0.9866999983787537,0.7724714279174805,-0.2142285704612732,0.2142285704612732,test,random,Small GNN
CC(NC(N)=O)NC(N)=O,<ACYCLIC>,-0.5916000008583069,-0.08548927307128906,0.5061107277870178,0.5061107277870178,test,random,Small GNN
CC(O)C#N,<ACYCLIC>,1.1482586860656738,1.087411642074585,-0.06084704399108887,0.06084704399108887,test,random,Small GNN
CC(O)CCOCCC(C)O,<ACYCLIC>,0.789900004863739,0.06127190589904785,-0.7286280989646912,0.7286280989646912,test,random,Small GNN
CC(SCSC(C)C(=O)O)C(=O)O,<ACYCLIC>,-1.8200000524520874,-1.0925583839416504,0.727441668510437,0.727441668510437,test,random,Small GNN
CC(c1cc2ccccc2s1)N(O)C(N)=O,c1ccc2sccc2c1,-3.369999885559082,-2.575716972351074,0.7942829132080078,0.7942829132080078,test,random,Small GNN
CC(c1ccccc1)c1ccccc1,c1ccc(Cc2ccccc2)cc1,-4.692503929138184,-4.3408355712890625,0.3516683578491211,0.3516683578491211,test,random,Small GNN
CC/C=C/CCCCCCCCCCCCCCOCC,<ACYCLIC>,-4.799983978271484,-6.816556453704834,-2.0165724754333496,2.0165724754333496,test,random,Small GNN
CC1(C#N)CCCC1=O,O=C1CCCC1,0.909500002861023,-0.8638968467712402,-1.7733968496322632,1.7733968496322632,test,random,Small GNN
CC1(C)C(C(=O)OC(C#N)c2cccc(Oc3ccccc3)c2)C1(C)C,O=C(OCc1cccc(Oc2ccccc2)c1)C1CC1,-6.024799823760986,-6.156193733215332,-0.1313939094543457,0.1313939094543457,test,random,Small GNN
CC1(C)CC(N=C=O)CC(C)(CN=C=O)C1,C1CCCCC1,-4.1708245277404785,-2.1106925010681152,2.0601320266723633,2.0601320266723633,test,random,Small GNN
CC1(C)CC(O)CC(C)(CN)C1,C1CCCCC1,0.4889993667602539,-0.6154041290283203,-1.1044034957885742,1.1044034957885742,test,random,Small GNN
CC1(C)CCC2(CCC(C)(C)O2)O1,C1COC2(C1)CCCO2,-1.964400053024292,-3.220367431640625,-1.255967378616333,1.255967378616333,test,random,Small GNN
CC1(C)CNCC(C)(C)C1OC(=O)CCCCCCCCC(=O)OC1C(C)(C)CNCC1(C)C,O=C(CCCCCCCCC(=O)OC1CCNCC1)OC1CCNCC1,-4.4077467918396,-3.196702003479004,1.2110447883605957,1.2110447883605957,test,random,Small GNN
CC1(C)COP(=S)(OP2(=S)OCC(C)(C)CO2)OC1,S=P1(OP2(=S)OCCCO2)OCCCO1,-5.393383502960205,-2.914412260055542,2.478971242904663,2.478971242904663,test,random,Small GNN
CC1(C)OC(=O)c2cc3ccccc3cc21,O=C1OCc2cc3ccccc3cc21,-2.9844000339508057,-5.129902362823486,-2.1455023288726807,2.1455023288726807,test,random,Small GNN
CC1(C)OC2CC3C4CCC5=CC(=O)C=CC5(C)C4(F)C(O)CC3(C)C2(C(=O)CO)O1,O=C1C=CC2C(=C1)CCC1C2CCC2C1CC1OCOC12,-4.309999942779541,-3.684598922729492,0.6254010200500488,0.6254010200500488,test,random,Small GNN
CC1(C)SC2C(NC(=O)C(N)c3ccc(O)cc3)C(=O)N2C1C(=O)O,O=C(Cc1ccccc1)NC1C(=O)N2CCSC12,-2.1700000762939453,-1.887681007385254,0.2823190689086914,0.2823190689086914,test,random,Small GNN
CC1(C)SC2C(NC(=O)Cc3ccccc3)C(=O)N2C1C(=O)O,O=C(Cc1ccccc1)NC1C(=O)N2CCSC12,-1.6299999952316284,-2.685265302658081,-1.0552653074264526,1.0552653074264526,test,random,Small GNN
CC12CCC(=O)C=C1CCC1C2CCC2(C)C(OC(=O)C(CO)CO)CCC12,O=C1C=C2CCC3C4CCCC4CCC3C2CC1,-4.25,-3.7824959754943848,0.46750402450561523,0.46750402450561523,test,random,Small GNN
CC12CCC(=O)C=C1CCC1C2CCC2(C)C(OC(=O)CCCc3ccccc3)CCC12,O=C1C=C2CCC3C(CCC4C(OC(=O)CCCc5ccccc5)CCC43)C2CC1,-5.429999828338623,-5.610220909118652,-0.1802210807800293,0.1802210807800293,test,random,Small GNN
CC12CCC(C(O)C1=O)C2(C)C,O=C1CC2CCC1C2,-0.9248999953269958,-3.0600194931030273,-2.1351194977760315,2.1351194977760315,test,random,Small GNN
CC12CCC(CC1=O)C2(C)C,O=C1CC2CCC1C2,-1.9783999919891357,-3.4946224689483643,-1.5162224769592285,1.5162224769592285,test,random,Small GNN
CC12CCC(CC1=O)C2(C)C(=O)O,O=C1CC2CCC1C2,-1.7799999713897705,-2.048520088195801,-0.2685201168060303,0.2685201168060303,test,random,Small GNN
CC12CCC(O)CC1CCC1C2CCC2(C)C(C3=CC(=O)OC3)CCC12O,O=C1C=C(C2CCC3C2CCC2C4CCCCC4CCC23)CO1,-4.570000171661377,-4.248185157775879,0.32181501388549805,0.32181501388549805,test,random,Small GNN
CC12CCC3C(CCC4CC(=O)CCC43C)C1CCC2O,O=C1CCC2C(CCC3C4CCCC4CCC23)C1,-4.739999771118164,-4.39108943939209,0.3489103317260742,0.3489103317260742,test,random,Small GNN
CC1=C(/C=C/C(C)=C/C=C/C(C)=C/C=C/C=C(C)/C=C/C=C(C)/C=C/C2=C(C)CCCC2(C)C)C(C)(C)CCC1,C(=CC=CC=CC=CC=CC1=CCCCC1)C=CC=CC=CC=CC1=CCCCC1,-7.553792476654053,-6.686418533325195,0.8673739433288574,0.8673739433288574,test,random,Small GNN
CC1=C(CC(=O)O)c2cc(F)ccc2/C1=C\c1ccc([S+](C)[O-])cc1,C1=Cc2ccccc2C1=Cc1ccccc1,-4.552000045776367,-4.760183334350586,-0.20818328857421875,0.20818328857421875,test,random,Small GNN
CC1=CC(=O)CC(C)(C)C1,O=C1C=CCCC1,-1.0613582134246826,-1.9065872430801392,-0.8452290296554565,0.8452290296554565,test,random,Small GNN
CC1=CC(=O)c2ccccc2C1=O,O=C1C=CC(=O)c2ccccc21,-3.031899929046631,-3.2738795280456543,-0.24197959899902344,0.24197959899902344,test,random,Small GNN
CC1=CC(C)(C)Nc2ccccc21,C1=Cc2ccccc2NC1,-5.2386956214904785,-3.2559633255004883,1.9827322959899902,1.9827322959899902,test,random,Small GNN
CC1=CC(C)C(C=O)C(C)C1,C1=CCCCC1,-1.8440637588500977,-1.8367183208465576,0.007345438003540039,0.007345438003540039,test,random,Small GNN
CC1=CCC2C(=O)OC(=O)C2C1,O=C1OC(=O)C2CC=CCC12,-1.099994421005249,-1.5378341674804688,-0.4378397464752197,0.4378397464752197,test,random,Small GNN
CC1=CCCC(C)(C)C1C(C)CCC=O,C1=CCCCC1,-4.653202056884766,-3.657087802886963,0.9961142539978027,0.9961142539978027,test,random,Small GNN
CC1=NN(c2ccccc2)C(=N)/C1=N/Nc1cc(Cl)c(S(=O)(=O)O)cc1Cl,N=C1C(=NNc2ccccc2)C=NN1c1ccccc1,-1.2370685338974,-2.1042861938476562,-0.8672176599502563,0.8672176599502563,test,random,Small GNN
CC1CC=CC=CC=CC=CC(OC2OC(C)C(O)C(N)C2O)CC2OC(O)(CC(O)CC3OC3C=CC(=O)O1)CC(O)C2C(=O)O,O=C1C=CC2OC2CCCC2CCCC(CC(OC3CCCCO3)C=CC=CC=CC=CCCO1)O2,-3.2100000381469727,-1.0871226787567139,2.122877359390259,2.122877359390259,test,random,Small GNN
CC1CCC(C)CC1,C1CCCCC1,-4.465700149536133,-3.8916053771972656,0.5740947723388672,0.5740947723388672,test,random,Small GNN
CC1CCCCCCCCCCCCC(=O)C1,O=C1CCCCCCCCCCCCCC1,-5.743865013122559,-3.2557766437530518,2.488088369369507,2.488088369369507,test,random,Small GNN
CC=C(Cc1ccccc1)C(=O)O,c1ccccc1,-2.5648000240325928,-1.8998277187347412,0.6649723052978516,0.6649723052978516,test,random,Small GNN
CCC(=O)Nc1ccccc1,c1ccccc1,-1.5499999523162842,-1.994980812072754,-0.4449808597564697,0.4449808597564697,test,random,Small GNN
CCC(=O)OC(C)C(=O)OC,<ACYCLIC>,-0.8622000217437744,-0.49997520446777344,0.362224817276001,0.362224817276001,test,random,Small GNN
CCC(=O)OCC(=O)C1(OC(=O)CC)C(C)CC2C3CCC4=CC(=O)C=CC4(C)C3(F)C(O)CC21C,O=C1C=CC2C(=C1)CCC1C3CCCC3CCC21,-3.7699999809265137,-4.276291847229004,-0.5062918663024902,0.5062918663024902,test,random,Small GNN
CCC(=O)OCCC(C)C,<ACYCLIC>,-2.8700735569000244,-2.417553424835205,0.45252013206481934,0.45252013206481934,test,random,Small GNN
CCC(=O)n1cnc2c1c(=O)n(C)c(=O)n2C,O=c1[nH]c(=O)c2[nH]cnc2[nH]1,-1.100000023841858,-1.417842984199524,-0.317842960357666,0.317842960357666,test,random,Small GNN
CCC(C)(C)C1CCC(=O)CC1,O=C1CCCCC1,-2.656892776489258,-3.246938943862915,-0.5900461673736572,0.5900461673736572,test,random,Small GNN
CCC(C)(C)O,<ACYCLIC>,0.12665969133377075,0.14583730697631836,0.019177615642547607,0.019177615642547607,test,random,Small GNN
CCC(C)(C)OO,<ACYCLIC>,-0.21659457683563232,-0.4404911994934082,-0.22389662265777588,0.22389662265777588,test,random,Small GNN
CCC(C)(CCC(C)C)C(=O)O,<ACYCLIC>,-2.716017484664917,-2.687959671020508,0.02805781364440918,0.02805781364440918,test,random,Small GNN
CCC(C)(O)C(C)(C)C,<ACYCLIC>,-1.270799994468689,-1.705439567565918,-0.434639573097229,0.434639573097229,test,random,Small GNN
CCC(C)(S(=O)(=O)CC)S(=O)(=O)CC,<ACYCLIC>,-1.909999966621399,-2.3810765743255615,-0.4710766077041626,0.4710766077041626,test,random,Small GNN
CCC(C)C,<ACYCLIC>,-3.1630001068115234,-2.459528923034668,0.7034711837768555,0.7034711837768555,test,random,Small GNN
CCC(C)C(=O)O,<ACYCLIC>,-0.355953574180603,-0.39757299423217773,-0.04161942005157471,0.04161942005157471,test,random,Small GNN
CCC(C)C(C)=O,<ACYCLIC>,-0.6804999709129333,-1.1681703329086304,-0.487670361995697,0.487670361995697,test,random,Small GNN
CCC(C)C(C)O,<ACYCLIC>,-0.7215999960899353,-0.8817048072814941,-0.16010481119155884,0.16010481119155884,test,random,Small GNN
CCC(C)C(NCCC#N)C(=O)O,<ACYCLIC>,-0.9800000190734863,-0.9706478118896484,0.00935220718383789,0.00935220718383789,test,random,Small GNN
CCC(C)C1NC(=O)C(Cc2c[nH]c3ccccc23)NC(=O)C2CCCN2C(=O)C(Cc2c[nH]cn2)NC(=O)C2CCCCN2C(=O)C2CCC=NN2C1=O,O=C1NCC(=O)N2N=CCCC2C(=O)N2CCCCC2C(=O)NC(Cc2c[nH]cn2)C(=O)N2CCCC2C(=O)NC1Cc1c[nH]c2ccccc12,-2.5999999046325684,-2.493978500366211,0.10602140426635742,0.10602140426635742,test,random,Small GNN
CCC(C)C1NC(=O)C(Cc2c[nH]c3ccccc23)NC(=O)C2CCCN2C(=O)C(Cc2ccccc2)N(C)C(=O)C2CNCCN2C(=O)C2CCCCN2C1=O,O=C1NCC(=O)N2CCCCC2C(=O)N2CCNCC2C(=O)NC(Cc2ccccc2)C(=O)N2CCCC2C(=O)NC1Cc1c[nH]c2ccccc12,-2.75,-2.6341702938079834,0.1158297061920166,0.1158297061920166,test,random,Small GNN
CCC(C)C1NC(=O)C(Cc2ccccc2)NC(=O)C2CCCN2C(=O)C(Cc2ccccc2)N(C)C(=O)C2CCC=NN2C(=O)C2CCC=NN2C1=O,O=C1NCC(=O)N2N=CCCC2C(=O)N2N=CCCC2C(=O)NC(Cc2ccccc2)C(=O)N2CCCC2C(=O)NC1Cc1ccccc1,-4.039999961853027,-2.642331838607788,1.3976681232452393,1.3976681232452393,test,random,Small GNN
CCC(C)N,<ACYCLIC>,0.1851000040769577,0.42972850799560547,0.24462850391864777,0.24462850391864777,test,random,Small GNN
CCC(C)N(C(=O)SCc1ccccc1)C(C)CC,c1ccccc1,-5.048399925231934,-4.516119480133057,0.532280445098877,0.532280445098877,test,random,Small GNN
CCC(C)c1cc(C(C)CC)c(O)c(C(C)CC)c1,c1ccccc1,-5.549793243408203,-6.285353660583496,-0.735560417175293,0.735560417175293,test,random,Small GNN
CCC(C)c1ccccc1,c1ccccc1,-3.758607864379883,-3.787879467010498,-0.029271602630615234,0.029271602630615234,test,random,Small GNN
CCC(C)c1ccccc1OC(=O)NC,c1ccccc1,-2.5299999713897705,-2.7147536277770996,-0.1847536563873291,0.1847536563873291,test,random,Small GNN
CCC(CC)(CC)NC(N)=O,<ACYCLIC>,-1.819100022315979,-1.9594320058822632,-0.14033198356628418,0.14033198356628418,test,random,Small GNN
CCC(CC)(Cc1ccc(C)cc1)C(=O)NO,c1ccccc1,-3.3499999046325684,-3.1476964950561523,0.20230340957641602,0.20230340957641602,test,random,Small GNN
CCC(CC)c1cccc(OC(=O)NC)c1,c1ccccc1,-3.947000026702881,-3.634030818939209,0.3129692077636719,0.3129692077636719,test,random,Small GNN
CCC(CO)NCCNC(CC)CO,<ACYCLIC>,0.5699999928474426,-0.2832365036010742,-0.8532364964485168,0.8532364964485168,test,random,Small GNN
CCC(Cl)(Cl)[N+](=O)[O-],<ACYCLIC>,-1.4996000528335571,-1.9631195068359375,-0.46351945400238037,0.46351945400238037,test,random,Small GNN
CCC(O)CC,<ACYCLIC>,-0.23340000212192535,-0.24533581733703613,-0.011935815215110779,0.011935815215110779,test,random,Small GNN
CCC(O)CN,<ACYCLIC>,1.0499000549316406,1.083172082901001,0.03327202796936035,0.03327202796936035,test,random,Small GNN
CCC(O)OC(O)CC,<ACYCLIC>,0.8723000288009644,0.1656513214111328,-0.7066487073898315,0.7066487073898315,test,random,Small GNN
CCC/C(=C\C(=O)O)C(=O)O,<ACYCLIC>,-1.1538000106811523,-1.015092134475708,0.13870787620544434,0.13870787620544434,test,random,Small GNN
CCC1(C)OC(=O)NC1=O,O=C1COC(=O)N1,0.0203000009059906,-0.9257748126983643,-0.9460748136043549,0.9460748136043549,test,random,Small GNN
CCC1(CC)CCC(=O)N(CO)C1=O,O=C1CCCC(=O)N1,-3.9600000381469727,-1.2622758150100708,2.697724223136902,2.697724223136902,test,random,Small GNN
CCC1(c2ccccc2)C(=O)NC(=O)N(CC(O)CO)C1=O,O=C1NC(=O)C(c2ccccc2)C(=O)N1,-1.7871999740600586,-2.169588804244995,-0.3823888301849365,0.3823888301849365,test,random,Small GNN
CCC1(c2ccccc2)CCC(=O)N(CO)C1=O,O=C1CCC(c2ccccc2)C(=O)N1,-1.659999966621399,-1.9381444454193115,-0.2781444787979126,0.2781444787979126,test,random,Small GNN
CCC1C2CC3C4N(C)c5ccccc5C45CC(C2C5O)N3C1O,c1ccc2c(c1)NC1C3CC4CCN3C3CC21CC43,-2.819999933242798,-3.626723289489746,-0.8067233562469482,0.8067233562469482,test,random,Small GNN
CCC1CCCCC1,C1CCCCC1,-4.250699996948242,-4.1581501960754395,0.09254980087280273,0.09254980087280273,test,random,Small GNN
CCC1NC(=O)NC1=O,O=C1CNC(=O)N1,-0.05999999865889549,-1.0656614303588867,-1.0056614316999912,1.0056614316999912,test,random,Small GNN
CCC=CCCOC(=O)C(C)c1ccc2cc(OC)ccc2c1,c1ccc2ccccc2c1,-7.360000133514404,-6.05523157119751,1.3047685623168945,1.3047685623168945,test,random,Small GNN
CCCC(=O)NCCNC(=O)CCC,<ACYCLIC>,-0.6222000122070312,-1.2024725675582886,-0.5802725553512573,0.5802725553512573,test,random,Small GNN
CCCC(=O)NNC(=O)c1ccncc1,c1ccncc1,-0.3199999928474426,-1.2972502708435059,-0.9772502779960632,0.9772502779960632,test,random,Small GNN
CCCC(=O)OC1CCC2C3CCC4=CC(=O)CCC4(C)C3CCC12C,O=C1C=C2CCC3C4CCCC4CCC3C2CC1,-5.929999828338623,-5.328639507293701,0.6013603210449219,0.6013603210449219,test,random,Small GNN
CCCC(=O)OCC,<ACYCLIC>,-1.3600000143051147,-0.989734411239624,0.3702656030654907,0.3702656030654907,test,random,Small GNN
CCCC(C)(C)C,<ACYCLIC>,-4.357500076293945,-4.199050426483154,0.15844964981079102,0.15844964981079102,test,random,Small GNN
CCCC(C)(C)CO,<ACYCLIC>,-1.4391000270843506,-1.2812632322311401,0.15783679485321045,0.15783679485321045,test,random,Small GNN
CCCC(C)C(=O)Nc1ccc(C)c(Cl)c1,c1ccccc1,-4.450300216674805,-5.4064788818359375,-0.9561786651611328,0.9561786651611328,test,random,Small GNN
CCCC(N)=O,<ACYCLIC>,0.2721000015735626,-0.07640218734741211,-0.34850218892097473,0.34850218892097473,test,random,Small GNN
CCCC(O)CO,<ACYCLIC>,0.9823448657989502,0.3043043613433838,-0.6780405044555664,0.6780405044555664,test,random,Small GNN
CCCC1CC(=O)C=C(C)C1,O=C1C=CCCC1,-1.7725870609283447,-2.4654674530029297,-0.692880392074585,0.692880392074585,test,random,Small GNN
CCCC1CCCNC1,C1CCNCC1,-1.0110000371932983,-0.8083341121673584,0.20266592502593994,0.20266592502593994,test,random,Small GNN
CCCCC(=O)NCCNC(=O)CCCC,<ACYCLIC>,-1.8144999742507935,-2.186654567718506,-0.3721545934677124,0.3721545934677124,test,random,Small GNN
CCCCC(=O)NNC(=O)c1ccncc1,c1ccncc1,-1.0099999904632568,-1.7477495670318604,-0.7377495765686035,0.7377495765686035,test,random,Small GNN
CCCCC(=O)OCSc1ncnc2c1ncn2COC(=O)CCCC,c1ncc2nc[nH]c2n1,-4.329999923706055,-4.5358147621154785,-0.20581483840942383,0.20581483840942383,test,random,Small GNN
CCCCC(=O)n1c(=O)[nH]cc(F)c1=O,O=c1cc[nH]c(=O)[nH]1,-2.299999952316284,-2.062819719314575,0.23718023300170898,0.23718023300170898,test,random,Small GNN
CCCCC(C)C,<ACYCLIC>,-4.596099853515625,-4.2483038902282715,0.3477959632873535,0.3477959632873535,test,random,Small GNN
CCCCC(CC)C1OCCO1,C1COCO1,-3.1195969581604004,-3.0232160091400146,0.09638094902038574,0.09638094902038574,test,random,Small GNN
CCCCC(CC)CC(CC)(CC)C(=O)NO,<ACYCLIC>,-3.3499999046325684,-3.8201518058776855,-0.4701519012451172,0.4701519012451172,test,random,Small GNN
CCCCC(CC)CNC(=O)c1ccc(N/N=C2\C(=O)N(C)C(=O)C(C#N)=C2C)cc1,O=C1C=CC(=NNc2ccccc2)C(=O)N1,-7.024810791015625,-6.629539489746094,0.39527130126953125,0.39527130126953125,test,random,Small GNN
CCCCC(CC)COC(=O)COc1ccc(Cl)cc1Cl,c1ccccc1,-7.012199878692627,-6.31764030456543,0.6945595741271973,0.6945595741271973,test,random,Small GNN
CCCCC(CC)COC(=O)CSCC(=O)OCC(CC)CCCC,<ACYCLIC>,-6.654998302459717,-6.375457763671875,0.2795405387878418,0.2795405387878418,test,random,Small GNN
CCCCC(CC)COC(=O)CS[Sn](C)(C)SCC(=O)OCC(CC)CCCC,<ACYCLIC>,-4.045663356781006,-6.259371757507324,-2.2137084007263184,2.2137084007263184,test,random,Small GNN
CCCCC(CC)COC(=O)c1c(Br)c(Br)c(Br)c(Br)c1C(=O)OCC(CC)CCCC,c1ccccc1,-5.949075222015381,-8.094026565551758,-2.144951343536377,2.144951343536377,test,random,Small GNN
CCCCC(CC)COC(=O)c1ccc(N)cc1,c1ccccc1,-5.054393768310547,-4.972379684448242,0.08201408386230469,0.08201408386230469,test,random,Small GNN
CCCCC(CC)CO[N+](=O)[O-],<ACYCLIC>,-4.146693706512451,-5.073068618774414,-0.9263749122619629,0.9263749122619629,test,random,Small GNN
CCCCC(NC(C)=O)C(=O)O,<ACYCLIC>,-0.6822999715805054,-1.181915283203125,-0.49961531162261963,0.49961531162261963,test,random,Small GNN
CCCCC(O)(CCCC)C(O)c1ccccc1,c1ccccc1,-3.2225000858306885,-3.957427501678467,-0.7349274158477783,0.7349274158477783,test,random,Small GNN
CCCCC1(CCCC)C(=O)NC(=O)NC1=O,O=C1CC(=O)NC(=O)N1,-2.8756000995635986,-3.26010799407959,-0.3845078945159912,0.3845078945159912,test,random,Small GNN
CCCCC1(CCO)C(=O)NC(=S)NC1=O,O=C1CC(=O)NC(=S)N1,-2.1700000762939453,-2.2729547023773193,-0.10295462608337402,0.10295462608337402,test,random,Small GNN
CCCCCC(=O)CC,<ACYCLIC>,-1.6929999589920044,-2.6292238235473633,-0.9362238645553589,0.9362238645553589,test,random,Small GNN
CCCCCC(=O)CCCCC,<ACYCLIC>,-3.5322000980377197,-5.129624366760254,-1.5974242687225342,1.5974242687225342,test,random,Small GNN
CCCCCC(=O)N(C)c1ccc(S(=O)(=O)N(C)C)cc1,c1ccccc1,-2.950000047683716,-3.8126752376556396,-0.8626751899719238,0.8626751899719238,test,random,Small GNN
CCCCCC(=O)NNC(=O)c1ccncc1,c1ccncc1,-1.2400000095367432,-2.1683719158172607,-0.9283719062805176,0.9283719062805176,test,random,Small GNN
CCCCCC(=O)OCSc1ncnc2[nH]cnc12,c1ncc2nc[nH]c2n1,-3.630000114440918,-3.7891244888305664,-0.15912437438964844,0.15912437438964844,test,random,Small GNN
CCCCCC(C)O,<ACYCLIC>,-1.5506999492645264,-1.5855286121368408,-0.03482866287231445,0.03482866287231445,test,random,Small GNN
CCCCCCC(=O)N(C)S(=O)(=O)c1ccc(N(C)C)cc1,c1ccccc1,-3.680000066757202,-4.489735126495361,-0.8097350597381592,0.8097350597381592,test,random,Small GNN
CCCCCCC(C(=O)O)C(=O)O,<ACYCLIC>,-1.656599998474121,-1.5394103527069092,0.11718964576721191,0.11718964576721191,test,random,Small GNN
CCCCCCC(C)(C)S,<ACYCLIC>,-3.9901602268218994,-5.827940464019775,-1.837780237197876,1.837780237197876,test,random,Small GNN
CCCCCCC(CCCC)COS(=O)(=O)O,<ACYCLIC>,0.14208732545375824,-1.304620385169983,-1.4467077106237411,1.4467077106237411,test,random,Small GNN
CCCCCCC(O)CCCCCCCCCCC(=O)OCC(O)CO,<ACYCLIC>,-3.397432565689087,-4.451448440551758,-1.054015874862671,1.054015874862671,test,random,Small GNN
CCCCCCC1CCCC1=O,O=C1CCCC1,-3.4515154361724854,-4.283918380737305,-0.8324029445648193,0.8324029445648193,test,random,Small GNN
CCCCCCCC,<ACYCLIC>,-5.2382001876831055,-5.376178741455078,-0.13797855377197266,0.13797855377197266,test,random,Small GNN
CCCCCCCC(=O)OC,<ACYCLIC>,-3.1700000762939453,-3.6265316009521484,-0.4565315246582031,0.4565315246582031,test,random,Small GNN
CCCCCCCC(=O)OCC,<ACYCLIC>,-3.390700101852417,-4.052030563354492,-0.6613304615020752,0.6613304615020752,test,random,Small GNN
CCCCCCCC(=O)Oc1ccc(NC(C)=O)cc1,c1ccccc1,-4.440000057220459,-4.861505031585693,-0.4215049743652344,0.4215049743652344,test,random,Small GNN
CCCCCCCC(C(=O)O)C(=O)O,<ACYCLIC>,-2.041100025177002,-1.8051375150680542,0.23596251010894775,0.23596251010894775,test,random,Small GNN
CCCCCCCC/C=C\CCCCCCCC(=O)NC(CO)C(O)CCCCCCCCCCCCCCC,<ACYCLIC>,-6.451761722564697,-6.931155204772949,-0.47939348220825195,0.47939348220825195,test,random,Small GNN
CCCCCCCC/C=C\CCCCCCCC(=O)OCCCCCCCCCCCCCC,<ACYCLIC>,-6.981225967407227,-8.063045501708984,-1.0818195343017578,1.0818195343017578,test,random,Small GNN
CCCCCCCC/C=C\CCCCCCCCOC(=O)CCCCCC/C=C\CCCCCCCCC,<ACYCLIC>,-7.027706623077393,-8.150508880615234,-1.1228022575378418,1.1228022575378418,test,random,Small GNN
CCCCCCCCC(CC)(CC)C(=O)NO,<ACYCLIC>,-5.21999979019165,-4.344272136688232,0.875727653503418,0.875727653503418,test,random,Small GNN
CCCCCCCCCC,<ACYCLIC>,-6.43720006942749,-6.270678520202637,0.16652154922485352,0.16652154922485352,test,random,Small GNN
CCCCCCCCCC(C)(C)SSc1n[nH]c(=S)s1,S=c1[nH]ncs1,-3.9885640144348145,-6.281404495239258,-2.2928404808044434,2.2928404808044434,test,random,Small GNN
CCCCCCCCCCCC(=O)NCCC[N+](C)(C)C,<ACYCLIC>,-0.011381165124475956,-1.6382519006729126,-1.6268707355484366,1.6268707355484366,test,random,Small GNN
CCCCCCCCCCCC(=O)N[C@@H](CCCNC(=N)N)C(=O)OCC,<ACYCLIC>,-0.231611967086792,-3.887049913406372,-3.65543794631958,3.65543794631958,test,random,Small GNN
CCCCCCCCCCCC(=O)OCC(O)CO,<ACYCLIC>,-4.660234451293945,-3.888180732727051,0.7720537185668945,0.7720537185668945,test,random,Small GNN
CCCCCCCCCCCC(CCC)(CCC)CCCCCCCC,<ACYCLIC>,-6.36440896987915,-7.679780960083008,-1.3153719902038574,1.3153719902038574,test,random,Small GNN
CCCCCCCCCCCCCC(=O)N[C@@H](CCC(=O)O)C(=O)O,<ACYCLIC>,-0.8308225870132446,-3.8756184577941895,-3.044795870780945,3.044795870780945,test,random,Small GNN
CCCCCCCCCCCCCCC(=O)O,<ACYCLIC>,-4.309999942779541,-5.2781572341918945,-0.9681572914123535,0.9681572914123535,test,random,Small GNN
CCCCCCCCCCCCCCCC(=O)OCC(O)[C@H]1OC[C@@H](O)[C@@H]1O,C1CCOC1,-6.905873775482178,-5.000929832458496,1.9049439430236816,1.9049439430236816,test,random,Small GNN
CCCCCCCCCCCCCCCC(=O)O[C@@H]1C[C@@H](C(=O)O)N(C(=O)CCCCCCCCCCCCCCC)C1,C1CCNC1,-5.783875942230225,-6.333539962768555,-0.5496640205383301,0.5496640205383301,test,random,Small GNN
CCCCCCCCCCCCCCCCCCCCCC(=O)OCC(O)CO,<ACYCLIC>,-6.918733596801758,-6.162608623504639,0.7561249732971191,0.7561249732971191,test,random,Small GNN
CCCCCCCCCCCCCCCCCCCCCCCCCCCCCCCCCCCCC(CCCC)(CCCC)CCCCCCCCCCCCCCCC(CCCC)(CCCC)CCCCC,<ACYCLIC>,-6.806302547454834,-8.843460083007812,-2.0371575355529785,2.0371575355529785,test,random,Small GNN
CCCCCCCCCCCCCCCCCCCCCCO,<ACYCLIC>,-5.514028072357178,-7.0540571212768555,-1.5400290489196777,1.5400290489196777,test,random,Small GNN
CCCCCCCCCCCCCCCCOC(C)=O,<ACYCLIC>,-7.397152900695801,-6.656668663024902,0.7404842376708984,0.7404842376708984,test,random,Small GNN
CCCCCCCCCCCCCCCCOc1ccccc1C(=O)CC(=O)Nc1nc(-c2ccccc2)cs1,O=C(CC(=O)c1ccccc1)Nc1nc(-c2ccccc2)cs1,-4.8472795486450195,-6.5264997482299805,-1.679220199584961,1.679220199584961,test,random,Small GNN
CCCCCCCCCCCCN1CC(C(=O)O)CC1=O,O=C1CCCN1,-3.2230000495910645,-3.6760623455047607,-0.4530622959136963,0.4530622959136963,test,random,Small GNN
CCCCCCCCCCCCOCCO,<ACYCLIC>,-1.459377408027649,-4.704459190368652,-3.2450817823410034,3.2450817823410034,test,random,Small GNN
CCCCCCCCCCCCOS(=O)(=O)c1ccccc1,c1ccccc1,-3.5434372425079346,-6.535456657409668,-2.9920194149017334,2.9920194149017334,test,random,Small GNN
CCCCCCCCCCCNC(=O)c1cccnc1,c1ccncc1,-3.026599884033203,-4.604093551635742,-1.577493667602539,1.577493667602539,test,random,Small GNN
CCCCCCCCCCN(C)C,<ACYCLIC>,-4.045287609100342,-3.9559273719787598,0.08936023712158203,0.08936023712158203,test,random,Small GNN
CCCCCCCCCCOC(=O)C(C)O,<ACYCLIC>,-3.059999942779541,-4.303592205047607,-1.2435922622680664,1.2435922622680664,test,random,Small GNN
CCCCCCCCCCOc1ccc(C(CC)=NO)c(O)c1,c1ccccc1,-4.059999942779541,-5.732197284698486,-1.6721973419189453,1.6721973419189453,test,random,Small GNN
CCCCCCCCCOS(=O)(=O)O,<ACYCLIC>,-0.136198952794075,-0.7109930515289307,-0.5747940987348557,0.5747940987348557,test,random,Small GNN
CCCCCCCCN(CCO)CCO,<ACYCLIC>,-2.191037654876709,-1.5707048177719116,0.6203328371047974,0.6203328371047974,test,random,Small GNN
CCCCCCCCOC(=O)COc1ccc(Cl)cc1Cl,c1ccccc1,-7.021699905395508,-6.413003921508789,0.6086959838867188,0.6086959838867188,test,random,Small GNN
CCCCCCCCOCCCCCCCC,<ACYCLIC>,-6.384616851806641,-6.659385681152344,-0.2747688293457031,0.2747688293457031,test,random,Small GNN
CCCCCCCCSC(=O)Oc1cc(Cl)nnc1-c1ccccc1,c1ccc(-c2cccnn2)cc1,-5.402500152587891,-5.96652364730835,-0.564023494720459,0.564023494720459,test,random,Small GNN
CCCCCCCCSCc1cc(C)c(O)c(CSCCCCCCCC)c1,c1ccccc1,-7.327113628387451,-7.056364059448242,0.270749568939209,0.270749568939209,test,random,Small GNN
CCCCCCCC[Sn+](CCCCCCCC)SCC(=O)[O-],<ACYCLIC>,-6.445626258850098,-5.789992332458496,0.6556339263916016,0.6556339263916016,test,random,Small GNN
CCCCCCCCl,<ACYCLIC>,-3.995699882507324,-5.106744289398193,-1.1110444068908691,1.1110444068908691,test,random,Small GNN
CCCCCCCNC(=O)c1cccnc1,c1ccncc1,-3.200000047683716,-2.981743335723877,0.21825671195983887,0.21825671195983887,test,random,Small GNN
CCCCCCCOC(=O)c1ccc(N)cc1,c1ccccc1,-4.600100040435791,-4.647665977478027,-0.04756593704223633,0.04756593704223633,test,random,Small GNN
CCCCCCCOC(=O)c1cccnc1,c1ccncc1,-2.7428998947143555,-3.8061985969543457,-1.0632987022399902,1.0632987022399902,test,random,Small GNN
CCCCCCN1CC(C(=O)OC)CC1=O,O=C1CCCN1,-1.246000051498413,-2.1261684894561768,-0.8801684379577637,0.8801684379577637,test,random,Small GNN
CCCCCCNC(=O)COC(=O)c1ccccc1,c1ccccc1,-3.9019999504089355,-3.7192275524139404,0.18277239799499512,0.18277239799499512,test,random,Small GNN
CCCCCCOC(CO)CO,<ACYCLIC>,-1.0558122396469116,-1.107925534248352,-0.05211329460144043,0.05211329460144043,test,random,Small GNN
CCCCCOC(=O)c1ccc(N)cc1,c1ccccc1,-3.349900007247925,-3.6789791584014893,-0.32907915115356445,0.32907915115356445,test,random,Small GNN
CCCCCOC(=O)c1ccc(O)c(Cl)c1,c1ccccc1,-3.950000047683716,-4.400918960571289,-0.45091891288757324,0.45091891288757324,test,random,Small GNN
CCCCCl,<ACYCLIC>,-2.0299999713897705,-2.1615233421325684,-0.13152337074279785,0.13152337074279785,test,random,Small GNN
CCCCN(CC)N=O,<ACYCLIC>,-1.0354000329971313,-1.507582426071167,-0.47218239307403564,0.47218239307403564,test,random,Small GNN
CCCCNCc1ccc(C(=O)c2csc(S(N)(=O)=O)c2)cc1,O=C(c1ccccc1)c1ccsc1,-2.2100000381469727,-2.7227540016174316,-0.512753963470459,0.512753963470459,test,random,Small GNN
CCCCNCc1ccc(S(=O)(=O)c2csc(S(N)(=O)=O)c2)cc1,O=S(=O)(c1ccccc1)c1ccsc1,-1.6799999475479126,-2.6560633182525635,-0.9760633707046509,0.9760633707046509,test,random,Small GNN
CCCCOC(=O)/C=C/C(=O)OCCCC,<ACYCLIC>,-4.313551425933838,-4.296375274658203,0.017176151275634766,0.017176151275634766,test,random,Small GNN
CCCCOC(=O)CCCCC(=O)OCCCC,<ACYCLIC>,-3.8681538105010986,-4.640735626220703,-0.7725818157196045,0.7725818157196045,test,random,Small GNN
CCCCOC(=O)c1ccc(O)c(Cl)c1,c1ccccc1,-3.509999990463257,-3.789515495300293,-0.27951550483703613,0.27951550483703613,test,random,Small GNN
CCCCOC(=O)c1ccccc1C(=O)OCCCC,c1ccccc1,-4.387683391571045,-5.3334760665893555,-0.9457926750183105,0.9457926750183105,test,random,Small GNN
CCCCOC(=O)c1ccccc1C(=O)OCc1ccccc1,O=C(OCc1ccccc1)c1ccccc1,-5.639999866485596,-5.337139129638672,0.30286073684692383,0.30286073684692383,test,random,Small GNN
CCCCOC(=O)c1cccnc1,c1ccncc1,-1.8366999626159668,-2.1757333278656006,-0.3390333652496338,0.3390333652496338,test,random,Small GNN
CCCCOCCOCCOC(C)=O,<ACYCLIC>,-0.8187999725341797,-1.1703659296035767,-0.351565957069397,0.351565957069397,test,random,Small GNN
CCCCOP(=O)(CCCC)OCCCC,<ACYCLIC>,-2.69950008392334,-2.701064109802246,-0.00156402587890625,0.00156402587890625,test,random,Small GNN
CCCCOP(=O)(OCCCC)Oc1ccccc1,c1ccccc1,-3.474600076675415,-3.553617000579834,-0.07901692390441895,0.07901692390441895,test,random,Small GNN
CCCCS(=O)(=O)NS(=O)(=O)CCCC,<ACYCLIC>,-0.7599999904632568,-2.6414058208465576,-1.8814058303833008,1.8814058303833008,test,random,Small GNN
CCCCc1nc(C=O)c(Cl)[nH]1,c1c[nH]cn1,-2.199127435684204,-2.9904074668884277,-0.7912800312042236,0.7912800312042236,test,random,Small GNN
CCCNc1nc(Cl)nc(NC(C)C)n1,c1ncncn1,-3.740000009536743,-3.5403013229370117,0.19969868659973145,0.19969868659973145,test,random,Small GNN
CCCOC(=O)c1ccc(O)c(I)c1,c1ccccc1,-3.686500072479248,-3.468491554260254,0.21800851821899414,0.21800851821899414,test,random,Small GNN
CCCOC(=O)c1ccccc1C(=O)OCCC,c1ccccc1,-3.819999933242798,-4.258951663970947,-0.4389517307281494,0.4389517307281494,test,random,Small GNN
CCCOC(=O)n1c(-c2cscn2)nc2ccccc21,c1ccc2[nH]c(-c3cscn3)nc2c1,-3.5199999809265137,-3.6348838806152344,-0.1148838996887207,0.1148838996887207,test,random,Small GNN
CCCOCC(=Nc1ccc(Cl)cc1C(F)(F)F)n1ccnc1,C(=Nc1ccccc1)n1ccnc1,-4.440000057220459,-4.690977096557617,-0.2509770393371582,0.2509770393371582,test,random,Small GNN
CCCOCCN(C(=O)CCl)c1c(CC)cccc1CC,c1ccccc1,-3.7950000762939453,-4.023797512054443,-0.22879743576049805,0.22879743576049805,test,random,Small GNN
CCCOP(=O)(OC)OCCC,<ACYCLIC>,-0.6592000126838684,-0.5641508102416992,0.09504920244216919,0.09504920244216919,test,random,Small GNN
CCCOP(=S)(OCCC)SCC(=O)N1CCCCC1C,C1CCNCC1,-4.150400161743164,-4.243326187133789,-0.092926025390625,0.092926025390625,test,random,Small GNN
CCCOc1ccc([N+](=O)[O-])cc1N,c1ccccc1,-3.1591999530792236,-2.9564406871795654,0.2027592658996582,0.2027592658996582,test,random,Small GNN
CCCc1cc(=O)[nH]c(=S)[nH]1,O=c1cc[nH]c(=S)[nH]1,-2.150399923324585,-2.930527687072754,-0.780127763748169,0.780127763748169,test,random,Small GNN
CCCc1ccc(O)c(OC)c1,c1ccccc1,-2.179290533065796,-2.682694435119629,-0.503403902053833,0.503403902053833,test,random,Small GNN
CCCc1ccc(O)cc1,c1ccccc1,-2.027600049972534,-2.2938222885131836,-0.2662222385406494,0.2662222385406494,test,random,Small GNN
CCCn1c(=O)c2[nH]c(C(C3CC3)C3CC3)nc2n(CCC)c1=O,O=c1[nH]c(=O)c2[nH]c(C(C3CC3)C3CC3)nc2[nH]1,-4.590000152587891,-5.80239200592041,-1.2123918533325195,1.2123918533325195,test,random,Small GNN
CCF,<ACYCLIC>,-1.3476999998092651,-0.783257246017456,0.5644427537918091,0.5644427537918091,test,random,Small GNN
CCN(C(N)=O)c1ccccc1C,c1ccccc1,-0.20960000157356262,-1.480616569519043,-1.2710165679454803,1.2710165679454803,test,random,Small GNN
CCN(CC)C(=O)/C(C#N)=C\c1cc(O)c(O)c([N+](=O)[O-])c1,c1ccccc1,-4.260000228881836,-2.5534768104553223,1.7065234184265137,1.7065234184265137,test,random,Small GNN
CCN(CC)C(=O)COC(=O)c1ccccc1O,c1ccccc1,-2.559999942779541,-1.6748602390289307,0.8851397037506104,0.8851397037506104,test,random,Small GNN
CCN(CC)C(=O)CSc1ccc(Cl)nn1,c1ccnnc1,-1.7156000137329102,-2.011793851852417,-0.29619383811950684,0.29619383811950684,test,random,Small GNN
CCN(CC)C(=O)NC1C=C2c3cccc4[nH]c(Br)c(c34)CC2N(C)C1,C1=C2c3cccc4[nH]cc(c34)CC2NCC1,-4.380000114440918,-2.9398887157440186,1.4401113986968994,1.4401113986968994,test,random,Small GNN
CCN(CC)C(=O)c1cccnc1,c1ccncc1,0.7490000128746033,-0.869253396987915,-1.6182534098625183,1.6182534098625183,test,random,Small GNN
CCN(CC)C(C)C(C)OC(=O)c1ccc(N)cc1,c1ccccc1,-3.4200000762939453,-2.0957326889038086,1.3242673873901367,1.3242673873901367,test,random,Small GNN
CCN(CC)CC(OC(=O)c1ccc([N+](=O)[O-])cc1)c1ccccc1,O=C(OCc1ccccc1)c1ccccc1,-2.8399999141693115,-4.026992321014404,-1.1869924068450928,1.1869924068450928,test,random,Small GNN
CCN(CC)CCCC(C)Nc1ccnc2cc(Cl)ccc12,c1ccc2ncccc2c1,-2.8299999237060547,-3.419893264770508,-0.5898933410644531,0.5898933410644531,test,random,Small GNN
CCN(CC)CCOC(=O)c1ccc(N)cc1,c1ccccc1,-1.7200000286102295,-1.6672900915145874,0.05270993709564209,0.05270993709564209,test,random,Small GNN
CCN(CC)c1ccc(N=Nc2c(C#N)cc([N+](=O)[O-])cc2[N+](=O)[O-])c(NC(C)=O)c1,c1ccc(N=Nc2ccccc2)cc1,-6.327772617340088,-5.716226577758789,0.6115460395812988,0.6115460395812988,test,random,Small GNN
CCN(CC)c1nc(C)cc(OP(=S)(OC)OC)n1,c1cncnc1,-4.132999897003174,-2.818542718887329,1.3144571781158447,1.3144571781158447,test,random,Small GNN
CCN(c1ccccc1)c1nc(Cl)nc(Nc2cc(S(=O)(=O)O)cc3cc(S(=O)(=O)O)c(N=Nc4ccc5c(S(=O)(=O)O)cccc5c4S(=O)(=O)O)c(O)c23)n1,c1ccc(Nc2ncnc(Nc3cccc4ccc(N=Nc5ccc6ccccc6c5)cc34)n2)cc1,-0.5025263428688049,-1.0855705738067627,-0.5830442309379578,0.5830442309379578,test,random,Small GNN
CCN1C(=O)c2cccnc2N(CC)c2ncccc21,O=C1Nc2cccnc2Nc2ncccc21,-2.859999895095825,-3.452979326248169,-0.5929794311523438,0.5929794311523438,test,random,Small GNN
CCN1CC(C)n2c(nc3ccccc3c2=O)C1C,O=c1c2ccccc2nc2n1CCNC2,-2.4600000381469727,-2.3403449058532715,0.11965513229370117,0.11965513229370117,test,random,Small GNN
CCN=C1C=CC(=C(c2ccc(NCC)c(C)c2)c2ccc(NCC)c(C)c2)C=C1C,N=C1C=CC(=C(c2ccccc2)c2ccccc2)C=C1,-1.0232212543487549,-5.621984004974365,-4.59876275062561,4.59876275062561,test,random,Small GNN
CCNC(=O)n1cc(F)c(=O)[nH]c1=O,O=c1cc[nH]c(=O)[nH]1,-2.130000114440918,-1.5748884677886963,0.5551116466522217,0.5551116466522217,test,random,Small GNN
CCNC(C)C,<ACYCLIC>,1.0597000122070312,0.06719136238098145,-0.9925086498260498,0.9925086498260498,test,random,Small GNN
CCNc1nc(Cl)nc(NC(C)(C)C#N)n1,c1ncncn1,-3.1510000228881836,-2.5600905418395996,0.590909481048584,0.590909481048584,test,random,Small GNN
CCNc1nc(NC(C)(C)C)nc(SC)n1,c1ncncn1,-3.9846999645233154,-3.5858516693115234,0.398848295211792,0.398848295211792,test,random,Small GNN
CCNc1nc(NC(C)C(C)C)nc(SC)n1,c1ncncn1,-3.708199977874756,-3.8159842491149902,-0.10778427124023438,0.10778427124023438,test,random,Small GNN
CCOC(=O)C(C)N(C(=O)c1ccccc1)c1ccc(Cl)c(Cl)c1,O=C(Nc1ccccc1)c1ccccc1,-4.262700080871582,-4.566608905792236,-0.3039088249206543,0.3039088249206543,test,random,Small GNN
CCOC(=O)C(C)OC(C)=O,<ACYCLIC>,-0.699400007724762,-0.3823387622833252,0.31706124544143677,0.31706124544143677,test,random,Small GNN
CCOC(=O)C(C)c1ccc2cc(OC)ccc2c1,c1ccc2ccccc2c1,-5.239999771118164,-5.2725934982299805,-0.032593727111816406,0.032593727111816406,test,random,Small GNN
CCOC(=O)C(O)(c1ccc(Cl)cc1)c1ccc(Cl)cc1,c1ccc(Cc2ccccc2)cc1,-4.51200008392334,-4.761073112487793,-0.24907302856445312,0.24907302856445312,test,random,Small GNN
CCOC(=O)C(O)c1ccccc1,c1ccccc1,-1.2599999904632568,-1.142000436782837,0.11799955368041992,0.11799955368041992,test,random,Small GNN
CCOC(=O)C1=CC2(CC)CCCN3CCc4c(n1c1ccccc41)C32,C1=Cn2c3c(c4ccccc42)CCN2CCCC1C32,-4.840000152587891,-5.067586898803711,-0.2275867462158203,0.2275867462158203,test,random,Small GNN
CCOC(=O)C=Cc1ccccc1,c1ccccc1,-3.0,-3.5212950706481934,-0.5212950706481934,0.5212950706481934,test,random,Small GNN
CCOC(=O)CCCCC(=O)O,<ACYCLIC>,-0.3601999878883362,-1.0820813179016113,-0.7218813300132751,0.7218813300132751,test,random,Small GNN
CCOC(=O)CCc1ccccc1,c1ccccc1,-2.908600091934204,-2.6780595779418945,0.23054051399230957,0.23054051399230957,test,random,Small GNN
CCOC(=O)CNC(=O)COC(=O)c1ccccc1OC(C)=O,c1ccccc1,-1.8700000047683716,-1.9992096424102783,-0.12920963764190674,0.12920963764190674,test,random,Small GNN
CCOC(=O)N(C)CC,<ACYCLIC>,-0.4189000129699707,-0.006170511245727539,0.41272950172424316,0.41272950172424316,test,random,Small GNN
CCOC(=O)N1CC(C)NCC1C,C1CNCCN1,0.6499999761581421,-0.07873320579528809,-0.7287331819534302,0.7287331819534302,test,random,Small GNN
CCOC(=O)OCn1cnc2c1c(=O)n(C)c(=O)n2C,O=c1[nH]c(=O)c2[nH]cnc2[nH]1,-1.8600000143051147,-1.6551265716552734,0.2048734426498413,0.2048734426498413,test,random,Small GNN
CCOC(=O)c1ccc(N)cc1,c1ccccc1,-2.319999933242798,-1.845863938331604,0.47413599491119385,0.47413599491119385,test,random,Small GNN
CCOC(=O)c1ccc(N=C=S)cc1,c1ccccc1,-4.050000190734863,-3.917902946472168,0.1320972442626953,0.1320972442626953,test,random,Small GNN
CCOC(=O)c1ccc(N=CN(C)c2ccccc2)cc1,C(=Nc1ccccc1)Nc1ccccc1,-5.450777053833008,-4.598156929016113,0.8526201248168945,0.8526201248168945,test,random,Small GNN
CCOC(=O)c1cncn1C(C)c1ccccc1,c1ccc(Cn2ccnc2)cc1,-4.730000019073486,-2.611708402633667,2.1182916164398193,2.1182916164398193,test,random,Small GNN
CCOC(=O)c1nc(C(Cl)(Cl)Cl)n(-c2ccc(Cl)cc2Cl)n1,c1ccc(-n2cncn2)cc1,-5.651599884033203,-5.397451400756836,0.2541484832763672,0.2541484832763672,test,random,Small GNN
CCOC(C)C(=O)C=O,<ACYCLIC>,-0.15539999306201935,0.09599113464355469,0.25139112770557404,0.25139112770557404,test,random,Small GNN
CCOC(C)CCO,<ACYCLIC>,-0.3736000061035156,0.2608363628387451,0.6344363689422607,0.6344363689422607,test,random,Small GNN
CCOC(OCC)C(C)=O,<ACYCLIC>,-0.20589999854564667,-0.5426833629608154,-0.33678336441516876,0.33678336441516876,test,random,Small GNN
CCOC1=CC(=O)CC(C)C12Oc1c(Cl)c(OCC)cc(OC)c1C2=O,O=C1C=CC2(CC1)Oc1ccccc1C2=O,-4.699999809265137,-4.861814498901367,-0.16181468963623047,0.16181468963623047,test,random,Small GNN
CCOCCOC(C)(C)C,<ACYCLIC>,-0.6879152059555054,-1.1190218925476074,-0.43110668659210205,0.43110668659210205,test,random,Small GNN
CCOP(=O)(OCC)Oc1ccc([N+](=O)[O-])cc1,c1ccccc1,-2.0594000816345215,-2.2692885398864746,-0.20988845825195312,0.20988845825195312,test,random,Small GNN
CCOP(=O)(Sc1ccccc1)Sc1ccccc1,O=[PH](Sc1ccccc1)Sc1ccccc1,-3.3304998874664307,-3.796755075454712,-0.46625518798828125,0.46625518798828125,test,random,Small GNN
CCOP(=S)(OCC)N1C(=O)c2ccccc2C1=O,O=C1NC(=O)c2ccccc21,-3.3522000312805176,-4.721977233886719,-1.3697772026062012,1.3697772026062012,test,random,Small GNN
CCOP(=S)(OCC)Oc1cc(C)nc(N(CC)CC)n1,c1cncnc1,-4.924200057983398,-3.2305355072021484,1.69366455078125,1.69366455078125,test,random,Small GNN
CCOP(=S)(OCC)Oc1ccc([N+](=O)[O-])cc1,c1ccccc1,-4.289999961853027,-4.20771598815918,0.08228397369384766,0.08228397369384766,test,random,Small GNN
CCOP(=S)(OCC)SC(CCl)N1C(=O)c2ccccc2C1=O,O=C1NC(=O)c2ccccc21,-5.849999904632568,-5.658735752105713,0.19126415252685547,0.19126415252685547,test,random,Small GNN
CCOP(=S)(OCC)SCCS(=O)(=O)CC,<ACYCLIC>,-2.540299892425537,-2.7688870429992676,-0.22858715057373047,0.22858715057373047,test,random,Small GNN
CCOP(=S)(OCC)SCCSCC,<ACYCLIC>,-4.226200103759766,-4.206060409545898,0.020139694213867188,0.020139694213867188,test,random,Small GNN
CCOS(C)(=O)=O,<ACYCLIC>,0.4020000100135803,-0.19647574424743652,-0.5984757542610168,0.5984757542610168,test,random,Small GNN
CCOc1cc(NC(=O)c2ccccc2)c(OCC)cc1N,O=C(Nc1ccccc1)c1ccccc1,-2.405757188796997,-4.625881195068359,-2.2201240062713623,2.2201240062713623,test,random,Small GNN
CCOc1ccc(C(=O)O)c2ccccc12,c1ccc2ccccc2c1,-4.112199783325195,-3.1308493614196777,0.9813504219055176,0.9813504219055176,test,random,Small GNN
CCOc1ccc(C)cc1N=Nc1ccc(N=Nc2cccc(S(=O)(=O)O)c2)c2ccccc12,c1ccc(N=Nc2ccc(N=Nc3ccccc3)c3ccccc23)cc1,-1.8471355438232422,-3.703397274017334,-1.8562617301940918,1.8562617301940918,test,random,Small GNN
CCOc1ccc(NC(=O)OC(C)C)cc1OCC,c1ccccc1,-4.002200126647949,-4.273115634918213,-0.27091550827026367,0.27091550827026367,test,random,Small GNN
CCOc1ccc(NC(C)=O)c(C)c1,c1ccccc1,-1.8389999866485596,-2.67061185836792,-0.8316118717193604,0.8316118717193604,test,random,Small GNN
CCOc1ccc(NC(C)=O)cc1,c1ccccc1,-2.299999952316284,-2.243762731552124,0.056237220764160156,0.056237220764160156,test,random,Small GNN
CCOc1nc2cccc(C(=O)O)c2n1Cc1ccc(-c2ccccc2-c2nn[nH]n2)cc1,c1ccc(-c2nn[nH]n2)c(-c2ccc(Cn3cnc4ccccc43)cc2)c1,-6.497781276702881,-4.155358791351318,2.3424224853515625,2.3424224853515625,test,random,Small GNN
CCSC(=O)N(CC)C1CCCCC1,C1CCCCC1,-3.403700113296509,-2.930307149887085,0.47339296340942383,0.47339296340942383,test,random,Small GNN
CCSC(=S)NCC(=O)O,<ACYCLIC>,-1.0881999731063843,-1.4421592950820923,-0.353959321975708,0.353959321975708,test,random,Small GNN
CCSC(=S)N[C@@H](C)C(=O)O,<ACYCLIC>,-0.9613000154495239,-1.4799983501434326,-0.5186983346939087,0.5186983346939087,test,random,Small GNN
CCSCc1ccccc1OC(=O)NC,c1ccccc1,-2.0927000045776367,-2.6704654693603516,-0.5777654647827148,0.5777654647827148,test,random,Small GNN
CCSc1nc(NC(C)C)nc(NC(C)C)n1,c1ncncn1,-4.203100204467773,-3.8264570236206055,0.37664318084716797,0.37664318084716797,test,random,Small GNN
CC[C@H]1[C@@H]2C[C@H]3[C@@H]4N(C)c5ccccc5[C@]45C[C@@H](C2C5O)N3[C@@H]1O,c1ccc2c(c1)NC1C3CC4CCN3C3CC21CC43,-2.8266000747680664,-3.626723289489746,-0.8001232147216797,0.8001232147216797,test,random,Small GNN
CC[N+](CC)(CC)Cc1ccccc1,c1ccccc1,-0.007265663705766201,0.4704093933105469,0.4776750570163131,0.4776750570163131,test,random,Small GNN
CCc1cc(CC)cc(OC(=O)NC)c1,c1ccccc1,-3.319999933242798,-3.4013664722442627,-0.08136653900146484,0.08136653900146484,test,random,Small GNN
CCc1cccc(CC)c1N,c1ccccc1,-2.3478000164031982,-2.4352097511291504,-0.08740973472595215,0.08740973472595215,test,random,Small GNN
CCc1cccc2c(CCO)c[nH]c12,c1ccc2[nH]ccc2c1,-1.9153263568878174,-2.873218297958374,-0.9578919410705566,0.9578919410705566,test,random,Small GNN
CCc1nc2c(c(=O)n(C)c(=O)n2C)n1C,O=c1[nH]c(=O)c2[nH]cnc2[nH]1,-1.5686999559402466,-1.4746196269989014,0.09408032894134521,0.09408032894134521,test,random,Small GNN
CCc1nn(C)c(C(=O)NCc2ccc(C(C)(C)C)cc2)c1Cl,O=C(NCc1ccccc1)c1ccn[nH]1,-5.10860013961792,-4.86638069152832,0.2422194480895996,0.2422194480895996,test,random,Small GNN
CCc1occc(=O)c1O,O=c1ccocc1,-1.1759580373764038,-0.7313258647918701,0.4446321725845337,0.4446321725845337,test,random,Small GNN
CCn1c2ccccc2c2ccccc21,c1ccc2c(c1)[nH]c1ccccc12,-6.813503265380859,-4.6575703620910645,2.155932903289795,2.155932903289795,test,random,Small GNN
CN(C)C(=O)OC1=CC(=O)CC(C)(C)C1,O=C1C=CCCC1,-0.8476999998092651,-1.21389639377594,-0.3661963939666748,0.3661963939666748,test,random,Small GNN
CN(C)C1C(O)=CC(=O)C2(O)C(O)=C3C(=O)c4ccccc4C(C)(O)C3CC12,O=C1C2=CC3C(=O)C=CCC3CC2Cc2ccccc21,-1.4199999570846558,-2.320775270462036,-0.9007753133773804,0.9007753133773804,test,random,Small GNN
CN(C)CC(=O)O,<ACYCLIC>,0.8091728687286377,0.8067200183868408,-0.002452850341796875,0.002452850341796875,test,random,Small GNN
CN(C)CCC=C1c2ccccc2COc2ccccc21,C=C1c2ccccc2COc2ccccc21,-3.4000000953674316,-3.6406688690185547,-0.24066877365112305,0.24066877365112305,test,random,Small GNN
CN(C)CCCN1CN(CCCN(C)C)CN(CCCN(C)C)C1,C1NCNCN1,0.16421307623386383,-0.35474538803100586,-0.5189584642648697,0.5189584642648697,test,random,Small GNN
CN(C)CC[C@@H](c1ccc(Cl)cc1)c1ccccn1,c1ccc(Cc2ccccn2)cc1,-2.6700000762939453,-2.7963063716888428,-0.12630629539489746,0.12630629539489746,test,random,Small GNN
CN(C)CNC(=O)c1ccccc1,c1ccccc1,0.41999998688697815,-1.1507534980773926,-1.5707534849643707,1.5707534849643707,test,random,Small GNN
CN(C)Cc1cc(C(C)(C)C)c(O)c(C(C)(C)C)c1,c1ccccc1,-2.7113869190216064,-4.11391019821167,-1.4025232791900635,1.4025232791900635,test,random,Small GNN
CN(C)P(=O)(N(C)C)N(C)C,<ACYCLIC>,0.7466999888420105,0.6638405323028564,-0.08285945653915405,0.08285945653915405,test,random,Small GNN
CN(C)S(=O)(=O)Nc1nnc(S(N)(=O)=O)s1,c1nncs1,-2.680000066757202,-1.966497540473938,0.7135025262832642,0.7135025262832642,test,random,Small GNN
CN(C)[C@@H]1C(O)=C(C(N)=O)C(=O)[C@@]2(O)C(=O)C3=C(O)c4c(O)cccc4[C@@](C)(O)[C@H]3[C@H](O)[C@@H]12,O=C1C=CCC2CC3Cc4ccccc4C=C3C(=O)C12,-3.0899999141693115,-2.1184730529785156,0.9715268611907959,0.9715268611907959,test,random,Small GNN
CN(C)c1ccc(C(=O)O)cc1,c1ccccc1,-3.397900104522705,-1.5607260465621948,1.8371740579605103,1.8371740579605103,test,random,Small GNN
CN(C)c1cnc2cncnc2n1,c1cnc2ncncc2n1,-0.09000000357627869,-1.267589807510376,-1.1775898039340973,1.1775898039340973,test,random,Small GNN
CN1C(=O)c2cccnc2Oc2ccccc21,O=C1Nc2ccccc2Oc2ncccc21,-3.671999931335449,-3.2247650623321533,0.4472348690032959,0.4472348690032959,test,random,Small GNN
CN1C(C(=O)Nc2ccccn2)=C(O)c2sccc2S1(=O)=O,O=C(Nc1ccccn1)C1=Cc2sccc2S(=O)(=O)N1,-3.880000114440918,-3.3422775268554688,0.5377225875854492,0.5377225875854492,test,random,Small GNN
CN1C(C)(C)CC(OC(=O)CC(C(=O)OC2CC(C)(C)N(C)C(C)(C)C2)C(CC(=O)OC2CC(C)(C)N(C)C(C)(C)C2)C(=O)OC2CC(C)(C)N(C)C(C)(C)C2)CC1(C)C,O=C(CC(C(=O)OC1CCNCC1)C(CC(=O)OC1CCNCC1)C(=O)OC1CCNCC1)OC1CCNCC1,-4.672731876373291,-3.0641984939575195,1.6085333824157715,1.6085333824157715,test,random,Small GNN
CN1C2CCC1C(C(=O)O)C(O)C2,C1CC2CCC(C1)N2,-0.019999999552965164,-0.40775060653686523,-0.38775060698390007,0.38775060698390007,test,random,Small GNN
CN1CCC23c4c5ccc(O)c4OC2C(=O)CCC3C1C5,O=C1CCC2C3Cc4cccc5c4C2(CCN3)C1O5,-2.0999999046325684,-2.3934385776519775,-0.2934386730194092,0.2934386730194092,test,random,Small GNN
CN1CCN=C(c2ccccc2)c2cc(Cl)ccc21,c1ccc(C2=NCCNc3ccccc32)cc1,-4.429999828338623,-3.638977527618408,0.7910223007202148,0.7910223007202148,test,random,Small GNN
CN1C[C@@H]2C[C@@H](C1)c1cccc(=O)n1C2,O=c1cccc2n1CC1CNCC2C1,0.6484000086784363,-1.35097336769104,-1.9993733763694763,1.9993733763694763,test,random,Small GNN
CN1[C@@H]2CC[C@H]1CC(OC(=O)[C@H](CO)c1ccccc1)C2,O=C(Cc1ccccc1)OC1CC2CCC(C1)N2,-1.909999966621399,-1.7221295833587646,0.18787038326263428,0.18787038326263428,test,random,Small GNN
CN1[C@@H]2CC[C@H]1C[C@@H](OC(=O)C(CO)c1ccccc1)C2,O=C(Cc1ccccc1)OC1CC2CCC(C1)N2,-2.0,-1.7221295833587646,0.27787041664123535,0.27787041664123535,test,random,Small GNN
CN=C(NCC1CCOC1)N[N+](=O)[O-],C1CCOC1,-0.5694147348403931,-1.6361734867095947,-1.0667587518692017,1.0667587518692017,test,random,Small GNN
CNC(=O)C=C(C)OP(=O)(OC)OC,<ACYCLIC>,0.6510000228881836,-0.10143423080444336,-0.752434253692627,0.752434253692627,test,random,Small GNN
CNC(=O)O/N=C/C(C)(C)[S+](C)[O-],<ACYCLIC>,-0.8672999739646912,-0.5079996585845947,0.35930031538009644,0.35930031538009644,test,random,Small GNN
CNC1=C(c2cccc(C(F)(F)F)c2)C(=O)C(c2ccccc2)O1,O=C1C(c2ccccc2)=COC1c1ccccc1,-3.978800058364868,-4.940044403076172,-0.9612443447113037,0.9612443447113037,test,random,Small GNN
CNCC(O)c1ccc(O)c(O)c1,c1ccccc1,-0.9599999785423279,-0.6112797260284424,0.3487202525138855,0.3487202525138855,test,random,Small GNN
CNCCCN1c2ccccc2CCc2ccccc21,c1ccc2c(c1)CCc1ccccc1N2,-3.6576170921325684,-3.439696788787842,0.21792030334472656,0.21792030334472656,test,random,Small GNN
CNN,<ACYCLIC>,1.3365534543991089,0.9752562046051025,-0.36129724979400635,0.36129724979400635,test,random,Small GNN
CNNC,<ACYCLIC>,1.2210999727249146,1.3944613933563232,0.1733614206314087,0.1733614206314087,test,random,Small GNN
CNS(=O)(=O)c1cc(OC)c(N/N=C2\C(=O)C(C(=O)Nc3ccc4[nH]c(=O)[nH]c4c3)=Cc3ccccc32)cc1OC,O=C(Nc1ccc2[nH]c(=O)[nH]c2c1)C1=Cc2ccccc2C(=NNc2ccccc2)C1=O,-7.891636371612549,-6.433111190795898,1.4585251808166504,1.4585251808166504,test,random,Small GNN
COC,<ACYCLIC>,0.8843659162521362,1.0287787914276123,0.14441287517547607,0.14441287517547607,test,random,Small GNN
COC(/C=C\C(OC)OC)OC,<ACYCLIC>,0.054999999701976776,-1.7829991579055786,-1.8379991576075554,1.8379991576075554,test,random,Small GNN
COC(=O)C(C)c1ccc2cc(OC)ccc2c1,c1ccc2ccccc2c1,-4.78000020980835,-5.042418479919434,-0.262418270111084,0.262418270111084,test,random,Small GNN
COC(=O)C1=C(C)NC(C)=C(C(=O)OC)C1c1ccccc1[N+](=O)[O-],C1=CC(c2ccccc2)C=CN1,-4.760000228881836,-2.77846097946167,1.981539249420166,1.981539249420166,test,random,Small GNN
COC(=O)C1CCC(C(=O)OC)CC1,C1CCCCC1,-1.3871946334838867,-1.2536104917526245,0.1335841417312622,0.1335841417312622,test,random,Small GNN
COC(=O)CCCCC(=O)OC,<ACYCLIC>,-1.4629000425338745,-1.414068341255188,0.04883170127868652,0.04883170127868652,test,random,Small GNN
COC(=O)CCc1cc(-n2nc3ccccc3n2)c(O)c(C(C)(C)C)c1,c1ccc(-n2nc3ccccc3n2)cc1,-6.849323749542236,-5.052194595336914,1.7971291542053223,1.7971291542053223,test,random,Small GNN
COC(=O)Oc1ccc(NC(C)=O)cc1,c1ccccc1,-1.690000057220459,-2.07354998588562,-0.38354992866516113,0.38354992866516113,test,random,Small GNN
COC(=O)c1c(C)cc(O)c(C)c1O,c1ccccc1,-4.037430763244629,-1.5385361909866333,2.4988945722579956,2.4988945722579956,test,random,Small GNN
COC(=O)c1ccc(C)cc1,c1ccccc1,-2.5767202377319336,-2.4976179599761963,0.0791022777557373,0.0791022777557373,test,random,Small GNN
COC(=O)c1ccc(N(C)C)cc1,c1ccccc1,-3.049999952316284,-2.146118640899658,0.903881311416626,0.903881311416626,test,random,Small GNN
COC(=O)c1ccccc1C(=O)c1ccccc1,O=C(c1ccccc1)c1ccccc1,-3.47760009765625,-3.78315806388855,-0.3055579662322998,0.3055579662322998,test,random,Small GNN
COC(=O)c1ccccc1N,c1ccccc1,-1.7338470220565796,-1.4992858171463013,0.23456120491027832,0.23456120491027832,test,random,Small GNN
COC(C)C(N)C(=O)O,<ACYCLIC>,0.4853000044822693,0.5348765850067139,0.04957658052444458,0.04957658052444458,test,random,Small GNN
COC(OC(C)=O)C(OC(C)=O)C(OC(C)=O)C(COC(C)=O)OC(C)=O,<ACYCLIC>,-1.8200000524520874,-1.4774678945541382,0.3425321578979492,0.3425321578979492,test,random,Small GNN
COC1OC(CNC(=O)N(CCCl)N=O)C(O)C(O)C1O,C1CCOCC1,-1.5613000392913818,-1.375606656074524,0.1856933832168579,0.1856933832168579,test,random,Small GNN
COC=O,<ACYCLIC>,0.69859379529953,1.0305554866790771,0.3319616913795471,0.3319616913795471,test,random,Small GNN
COCC(C)OC(C)=O,<ACYCLIC>,0.08302323520183563,-0.08727478981018066,-0.1702980250120163,0.1702980250120163,test,random,Small GNN
COCCCCC(=O)c1ccc(C(F)(F)F)cc1,c1ccccc1,-3.5440597534179688,-5.03549861907959,-1.491438865661621,1.491438865661621,test,random,Small GNN
COCCOCCO,<ACYCLIC>,0.9203000068664551,1.1122863292694092,0.1919863224029541,0.1919863224029541,test,random,Small GNN
COCCOCCOCCO,<ACYCLIC>,0.784600019454956,0.7084023952484131,-0.07619762420654297,0.07619762420654297,test,random,Small GNN
COCC[Hg+],<ACYCLIC>,-0.7710000276565552,0.46924448013305664,1.2402445077896118,1.2402445077896118,test,random,Small GNN
COCOC,<ACYCLIC>,0.5059999823570251,1.0256164073944092,0.519616425037384,0.519616425037384,test,random,Small GNN
COCOc1ccc2c3c1OC1C(O)CCC4C(C2)N(C)CCC341,c1cc2c3c(c1)OC1CCCC4C(C2)NCCC314,-1.9600000381469727,-2.854271411895752,-0.8942713737487793,0.8942713737487793,test,random,Small GNN
COC[C@H](N)C(=O)O,<ACYCLIC>,0.652400016784668,0.536003589630127,-0.11639642715454102,0.11639642715454102,test,random,Small GNN
COCc1ccc(C=O)o1,c1ccoc1,-0.4991999864578247,-0.8308546543121338,-0.3316546678543091,0.3316546678543091,test,random,Small GNN
COS(=O)(=O)OC,<ACYCLIC>,-0.6536999940872192,-0.668388843536377,-0.014688849449157715,0.014688849449157715,test,random,Small GNN
COc1c(Cl)c(Cl)c(Cl)c(Cl)c1OC,c1ccccc1,-5.2393999099731445,-5.282814025878906,-0.04341411590576172,0.04341411590576172,test,random,Small GNN
COc1c(Cl)c(Cl)cc(Cl)c1Cl,c1ccccc1,-5.13070011138916,-5.337674140930176,-0.20697402954101562,0.20697402954101562,test,random,Small GNN
COc1c(Cl)cc(Cl)cc1Cl,c1ccccc1,-4.199999809265137,-4.127969741821289,0.07203006744384766,0.07203006744384766,test,random,Small GNN
COc1c(Cl)ccc(Cl)c1C(=O)O,c1ccccc1,-1.7000000476837158,-2.145779609680176,-0.44577956199645996,0.44577956199645996,test,random,Small GNN
COc1c(O)ccc(C=O)c1C,c1ccccc1,-1.375499963760376,-1.4993641376495361,-0.12386417388916016,0.12386417388916016,test,random,Small GNN
COc1cc(-c2cc(OC)cc(C(C)(C)C)c2O)c(O)c(C(C)(C)C)c1,c1ccc(-c2ccccc2)cc1,-6.77631139755249,-5.468527793884277,1.307783603668213,1.307783603668213,test,random,Small GNN
COc1cc(/C=C/C(=O)O)ccc1O,c1ccccc1,-3.049999952316284,-2.08461332321167,0.9653866291046143,0.9653866291046143,test,random,Small GNN
COc1cc(Br)c2c(c1OC)C(=O)OC2,O=C1OCc2ccccc21,-3.9310998916625977,-2.8971962928771973,1.0339035987854004,1.0339035987854004,test,random,Small GNN
COc1cc(C(=O)O)c([N+](=O)[O-])cc1OC,c1ccccc1,-0.7542999982833862,-2.327953815460205,-1.5736538171768188,1.5736538171768188,test,random,Small GNN
COc1cc(C=O)cc(Cl)c1O,c1ccccc1,-2.8747000694274902,-1.7887386083602905,1.0859614610671997,1.0859614610671997,test,random,Small GNN
COc1cc(OC)n2nc(S(=O)(=O)Nc3c(Cl)ccc(C)c3Cl)nc2n1,O=S(=O)(Nc1ccccc1)c1nc2ncccn2n1,-3.3203999996185303,-5.744752883911133,-2.4243528842926025,2.4243528842926025,test,random,Small GNN
COc1cc(OC)nc(NC(=O)NS(=O)(=O)c2c(-c3nnn(C)n3)cnn2C)n1,O=C(Nc1ncccn1)NS(=O)(=O)c1[nH]ncc1-c1nn[nH]n1,-2.606600046157837,-3.097702741622925,-0.4911026954650879,0.4911026954650879,test,random,Small GNN
COc1cc(OC)nc(NC(=O)NS(=O)(=O)c2ncccc2C(=O)N(C)C)n1,O=C(Nc1ncccn1)NS(=O)(=O)c1ccccn1,-3.9700000286102295,-2.921705484390259,1.0482945442199707,1.0482945442199707,test,random,Small GNN
COc1cc(S(=O)(=O)O)c(C)cc1N/N=C1/C(=O)C=Cc2cc(S(=O)(=O)O)ccc21,O=C1C=Cc2ccccc2C1=NNc1ccccc1,-0.44058552384376526,-1.048053503036499,-0.6074679791927338,0.6074679791927338,test,random,Small GNN
COc1cc([N+](=O)[O-])c(OC)cc1Cl,c1ccccc1,-3.1793124675750732,-3.2161412239074707,-0.03682875633239746,0.03682875633239746,test,random,Small GNN
COc1cc2c(N)nc(N3CCN(C(=O)OCC(C)(C)O)CC3)nc2c(OC)c1OC,c1ccc2nc(N3CCNCC3)ncc2c1,-3.640000104904175,-2.7568740844726562,0.8831260204315186,0.8831260204315186,test,random,Small GNN
COc1ccc(-c2ccccc2)cc1NNC(=O)OC(C)C,c1ccc(-c2ccccc2)cc1,-4.902500152587891,-4.512444496154785,0.39005565643310547,0.39005565643310547,test,random,Small GNN
COc1ccc(C(=O)O)cc1[N+](=O)[O-],c1ccccc1,-2.6613194942474365,-2.1402509212493896,0.5210685729980469,0.5210685729980469,test,random,Small GNN
COc1ccc(C(=O)c2cccc(C)c2)cc1C,O=C(c1ccccc1)c1ccccc1,-5.079699993133545,-4.997942924499512,0.0817570686340332,0.0817570686340332,test,random,Small GNN
COc1ccc(C(c2ccc(OC)cc2)C(C)[N+](=O)[O-])cc1,c1ccc(Cc2ccccc2)cc1,-4.544600009918213,-4.3832831382751465,0.1613168716430664,0.1613168716430664,test,random,Small GNN
COc1ccc(N(C)C(N)=O)cc1,c1ccccc1,-1.159999966621399,-1.5037827491760254,-0.34378278255462646,0.34378278255462646,test,random,Small GNN
COc1ccc(NC(=O)c2cc3ccccc3cc2O)cc1,O=C(Nc1ccccc1)c1ccc2ccccc2c1,-5.2632246017456055,-5.447360038757324,-0.18413543701171875,0.18413543701171875,test,random,Small GNN
COc1ccc(S(=O)(=O)N=c2sc(S(N)(=O)=O)nn2C)cc1,O=S(=O)(N=c1[nH]ncs1)c1ccccc1,-2.759999990463257,-2.5560882091522217,0.20391178131103516,0.20391178131103516,test,random,Small GNN
COc1ccc([C@@H]2Sc3ccccc3N(CCN(C)C)C(=O)[C@@H]2OC(C)=O)cc1,O=C1CC(c2ccccc2)Sc2ccccc2N1,-3.1600000858306885,-3.4489126205444336,-0.2889125347137451,0.2889125347137451,test,random,Small GNN
COc1ccc2c3c1CCCC3CN(C(N)=NO)C2,c1cc2c3c(c1)CNCC3CCC2,-1.7799999713897705,-2.4304111003875732,-0.6504111289978027,0.6504111289978027,test,random,Small GNN
COc1ccc2cc(C(C)C(=O)O)ccc2c1,c1ccc2ccccc2c1,-3.2899999618530273,-3.9003491401672363,-0.610349178314209,0.610349178314209,test,random,Small GNN
COc1ccc2cc(CCC(C)=O)ccc2c1,c1ccc2ccccc2c1,-1.4600000381469727,-4.8716349601745605,-3.411634922027588,3.411634922027588,test,random,Small GNN
COc1ccccc1OC,c1ccccc1,-1.3149750232696533,-1.5318760871887207,-0.21690106391906738,0.21690106391906738,test,random,Small GNN
CS(=O)(=O)Oc1ccc(Nc2ccc(O)c3c2C(=O)c2ccccc2C3=O)cc1,O=C1c2ccccc2C(=O)c2c(Nc3ccccc3)cccc21,-6.21422815322876,-5.25809383392334,0.9561343193054199,0.9561343193054199,test,random,Small GNN
CSCCC(C(=O)O)N(CCC#N)CCC#N,<ACYCLIC>,-1.3279000520706177,-1.5825327634811401,-0.25463271141052246,0.25463271141052246,test,random,Small GNN
CSc1ccc2c(c1)N(CCC1CCCCN1C)c1ccccc1S2,c1ccc2c(c1)Sc1ccccc1N2CCC1CCCCN1,-5.820000171661377,-3.947493314743042,1.872506856918335,1.872506856918335,test,random,Small GNN
CSc1nc(NC(C)C)nc(NC(C)C)n1,c1ncncn1,-3.8642001152038574,-3.6535558700561523,0.21064424514770508,0.21064424514770508,test,random,Small GNN
CSc1nnc(C(C)(C)C)c(=O)n1/N=C/C(C)C,O=c1cnnc[nH]1,-4.428800106048584,-4.9328718185424805,-0.5040717124938965,0.5040717124938965,test,random,Small GNN
C[C@@H]1O[C@@H](O[C@H]2[C@@H](OS(=O)(=O)O)[C@H](OS(=O)(=O)O)[C@H](O)O[C@H]2C)[C@@H](OS(=O)(=O)O)[C@H](O[C@@H]2O[C@@H](C)[C@@H](O[C@@H]3O[C@@H](C)[C@@H](O)[C@@H](O[C@@H]4O[C@@H](C)[C@@H](O)[C@@H](OS(=O)(=O)O)[C@@H]4OS(=O)(=O)O)[C@@H]3OS(=O)(=O)O)[C@@H](OS(=O)(=O)O)[C@@H]2OS(=O)(=O)O)[C@@H]1O,C1CCC(OC2CCOC(OC3CCC(OC4CCOC(OC5CCCOC5)C4)OC3)C2)OC1,-0.5892058610916138,0.0295562744140625,0.6187621355056763,0.6187621355056763,test,random,Small GNN
C[C@H](C(=O)O)[C@@H](C)C(=O)O,<ACYCLIC>,-0.6880000233650208,-0.020232200622558594,0.6677678227424622,0.6677678227424622,test,random,Small GNN
C[C@H](CC(=O)O)C(=O)O,<ACYCLIC>,0.6310999989509583,0.3456254005432129,-0.28547459840774536,0.28547459840774536,test,random,Small GNN
C[C@H](CCC(=O)NCC(=O)O)[C@H]1CCC2C3C(CC[C@@]21C)[C@@]1(C)CC[C@@H](O)C[C@H]1C[C@@H]3O,C1CCC2C(C1)CCC1C3CCCC3CCC21,-5.522500038146973,-3.6982476711273193,1.8242523670196533,1.8242523670196533,test,random,Small GNN
C[C@H](CCC(=O)O)[C@H]1CC[C@H]2[C@@H]3[C@@H](O)C[C@@H]4C[C@H](O)CC[C@]4(C)[C@H]3CC[C@]12C,C1CCC2C(C1)CCC1C3CCCC3CCC21,-4.292900085449219,-4.1132707595825195,0.17962932586669922,0.17962932586669922,test,random,Small GNN
C[C@H](O)C(=O)Nc1c(I)c(C(=O)NC(CO)CO)c(I)c(C(=O)NC(CO)CO)c1I,c1ccccc1,-0.7443000078201294,-1.9686460494995117,-1.2243460416793823,1.2243460416793823,test,random,Small GNN
C[C@]12CCC(=O)C=C1CC[C@H]1[C@@H]3CC[C@](O)(C(=O)CO)[C@@]3(C)C[C@H](O)[C@@]12F,O=C1C=C2CCC3C4CCCC4CCC3C2CC1,-3.4342000484466553,-3.3196794986724854,0.11452054977416992,0.11452054977416992,test,random,Small GNN
C[Si](C)(C)C,<ACYCLIC>,-3.6533405780792236,-5.291540145874023,-1.6381995677947998,1.6381995677947998,test,random,Small GNN
C[Si](O)(O)O,<ACYCLIC>,0.8786634206771851,1.7780554294586182,0.8993920087814331,0.8993920087814331,test,random,Small GNN
C[Si]1(C)O[Si](C)(C)O[Si](C)(C)O[Si](C)(C)O[Si](C)(C)O1,O1[SiH2]O[SiH2]O[SiH2]O[SiH2]O[SiH2]1,-7.338699817657471,-3.048043966293335,4.290655851364136,4.290655851364136,test,random,Small GNN
C[Si]1(C)O[Si](C)(C)O[Si](C)(C)O[Si](C)(C)O[Si](C)(C)O[Si](C)(C)O1,O1[SiH2]O[SiH2]O[SiH2]O[SiH2]O[SiH2]O[SiH2]1,-7.940700054168701,-3.048043966293335,4.892656087875366,4.892656087875366,test,random,Small GNN
Cc1[nH]c(=O)n(C(C)(C)C)c(=O)c1Cl,O=c1cc[nH]c(=O)[nH]1,-2.484499931335449,-2.2951748371124268,0.18932509422302246,0.18932509422302246,test,random,Small GNN
Cc1c(C(=O)O)c(O)cc2c1C(=O)c1c(O)c([C@H]3O[C@H](CO)[C@@H](O)[C@H](O)[C@H]3O)c(O)c(O)c1C2=O,O=C1c2ccccc2C(=O)c2cc(C3CCCCO3)ccc21,-2.578399896621704,-2.5706605911254883,0.00773930549621582,0.00773930549621582,test,random,Small GNN
Cc1c(Cl)ccc(Cc2c(Cl)cccc2Cl)c1Cl,c1ccc(Cc2ccccc2)cc1,-7.989999771118164,-6.726624965667725,1.2633748054504395,1.2633748054504395,test,random,Small GNN
Cc1c(Cl)cccc1Nc1ccccc1C(=O)O,c1ccc(Nc2ccccc2)cc1,-5.059999942779541,-3.8649165630340576,1.1950833797454834,1.1950833797454834,test,random,Small GNN
Cc1c(F)c(F)c(COC(=O)C2C(/C=C(\Cl)C(F)(F)F)C2(C)C)c(F)c1F,O=C(OCc1ccccc1)C1CC1,-7.320899963378906,-6.648987293243408,0.671912670135498,0.671912670135498,test,random,Small GNN
Cc1c(OCc2ccccc2)ccc2c(=O)cc(N3CCOCC3)oc12,O=c1cc(N2CCOCC2)oc2cc(OCc3ccccc3)ccc12,-5.159999847412109,-5.017016410827637,0.14298343658447266,0.14298343658447266,test,random,Small GNN
Cc1c([N+](=O)[O-])cc([N+](=O)[O-])cc1[N+](=O)[O-],c1ccccc1,-3.242300033569336,-3.302151679992676,-0.059851646423339844,0.059851646423339844,test,random,Small GNN
Cc1cc(C(C)(C)C)c(O)c(C(C)(C)C)c1,c1ccccc1,-5.462311267852783,-5.625535011291504,-0.1632237434387207,0.1632237434387207,test,random,Small GNN
Cc1cc(C)c(C(=O)O)c(C)c1,c1ccccc1,-2.356600046157837,-2.052382469177246,0.3042175769805908,0.3042175769805908,test,random,Small GNN
Cc1cc(C)c2ccccc2c1,c1ccc2ccccc2c1,-4.2906999588012695,-4.950445175170898,-0.6597452163696289,0.6597452163696289,test,random,Small GNN
Cc1cc(C)cc(C(=O)Cl)c1,c1ccccc1,-3.329289674758911,-3.833299398422241,-0.5040097236633301,0.5040097236633301,test,random,Small GNN
Cc1cc(C)cc(OCC(=O)O)c1,c1ccccc1,-2.3526999950408936,-1.9088457822799683,0.4438542127609253,0.4438542127609253,test,random,Small GNN
Cc1cc(C)cc(OP(=O)(Oc2cc(C)cc(C)c2)Oc2cc(C)cc(C)c2)c1,O=P(Oc1ccccc1)(Oc1ccccc1)Oc1ccccc1,-7.312230110168457,-6.037365436553955,1.274864673614502,1.274864673614502,test,random,Small GNN
Cc1cc(C2(c3ccc(NNC4=C(S(=O)(=O)O)C=C5C=CC(=O)C=C5C4=O)c(C)c3)CCCCC2)ccc1NNC1=C(S(=O)(=O)O)C=C2C=CC(=O)C=C2C1=O,O=C1C=CC2=CC=C(NNc3ccc(C4(c5ccc(NNC6=CC=C7C=CC(=O)C=C7C6=O)cc5)CCCCC4)cc3)C(=O)C2=C1,-0.8547884821891785,-2.8496692180633545,-1.994880735874176,1.994880735874176,test,random,Small GNN
Cc1cc(CCC(=O)OCC(C)(C)C2OCC3(CO2)COC(C(C)(C)COC(=O)CCc2cc(C)c(O)c(C(C)(C)C)c2)OC3)cc(C(C)(C)C)c1O,O=C(CCc1ccccc1)OCCC1OCC2(CO1)COC(CCOC(=O)CCc1ccccc1)OC2,-8.267743110656738,-4.583702087402344,3.6840410232543945,3.6840410232543945,test,random,Small GNN
Cc1cc(CCC(=O)OCCOCCOCCOC(=O)CCc2cc(C)c(O)c(C(C)(C)C)c2)cc(C(C)(C)C)c1O,O=C(CCc1ccccc1)OCCOCCOCCOC(=O)CCc1ccccc1,-5.768465042114258,-4.837773323059082,0.9306917190551758,0.9306917190551758,test,random,Small GNN
Cc1cc(Cc2cc(C)cc(C(C)(C)C)c2O)c(O)c(C(C)(C)C)c1,c1ccc(Cc2ccccc2)cc1,-7.231100082397461,-5.969605445861816,1.2614946365356445,1.2614946365356445,test,random,Small GNN
Cc1cc(Cl)c(O)c(Cl)c1,c1ccccc1,-1.420199990272522,-2.3836472034454346,-0.9634472131729126,0.9634472131729126,test,random,Small GNN
Cc1cc(Cl)ccc1OCC(=O)O,c1ccccc1,-2.503000020980835,-1.9825336933135986,0.5204663276672363,0.5204663276672363,test,random,Small GNN
Cc1cc(N(CCO)CCO)ccc1N=Nc1ccc([N+](=O)[O-])cc1Cl,c1ccc(N=Nc2ccccc2)cc1,-6.570000171661377,-4.952420711517334,1.617579460144043,1.617579460144043,test,random,Small GNN
Cc1cc(NS(=O)(=O)c2ccc(N)cc2)sn1,O=S(=O)(Nc1ccns1)c1ccccc1,-1.076200008392334,-3.0312557220458984,-1.9550557136535645,1.9550557136535645,test,random,Small GNN
Cc1cc(Nc2cc(S(=O)(=O)O)c(N)c3c2C(=O)c2ccccc2C3=O)cc(S(=O)(=O)NCCO)c1C,O=C1c2ccccc2C(=O)c2c(Nc3ccccc3)cccc21,-2.6748435497283936,-2.545147180557251,0.12969636917114258,0.12969636917114258,test,random,Small GNN
Cc1cc(Nc2nc(NCCO)nc(Nc3ccc(N=Nc4cc(S(=O)(=O)O)c5cccc(S(=O)(=O)O)c5c4)c(C)c3)n2)ccc1N=Nc1cc(S(=O)(=O)O)c2cccc(S(=O)(=O)O)c2c1,c1ccc2cc(N=Nc3ccc(Nc4ncnc(Nc5ccc(N=Nc6ccc7ccccc7c6)cc5)n4)cc3)ccc2c1,-1.1748734712600708,-1.4573338031768799,-0.2824603319168091,0.2824603319168091,test,random,Small GNN
Cc1cc(O)ccc1C(C)C,c1ccccc1,-2.854511260986328,-2.2746481895446777,0.5798630714416504,0.5798630714416504,test,random,Small GNN
Cc1cc(S(=O)(=O)c2ccccc2)ccc1NS(=O)(=O)C(F)(F)F,O=S(=O)(c1ccccc1)c1ccccc1,-3.8008999824523926,-4.956576824188232,-1.1556768417358398,1.1556768417358398,test,random,Small GNN
Cc1cc([N+](=O)[O-])cc([N+](=O)[O-])c1O,c1ccccc1,-3.0002999305725098,-2.459754228591919,0.5405457019805908,0.5405457019805908,test,random,Small GNN
Cc1cc2[nH]c(=O)[nH]c2cc1N,O=c1[nH]c2ccccc2[nH]1,-1.9771385192871094,-2.9834532737731934,-1.006314754486084,1.006314754486084,test,random,Small GNN
Cc1cc2ccccc2cc1C,c1ccc2ccccc2c1,-4.71999979019165,-5.171688079833984,-0.451688289642334,0.451688289642334,test,random,Small GNN
Cc1ccc(Br)cc1,c1ccccc1,-3.191699981689453,-2.8289215564727783,0.3627784252166748,0.3627784252166748,test,random,Small GNN
Cc1ccc(C)c(O)c1,c1ccccc1,-1.5375827550888062,-1.1905152797698975,0.3470674753189087,0.3470674753189087,test,random,Small GNN
Cc1ccc(Cl)cc1N/N=C1\C(=O)C(C(=O)Nc2cc(C)c(NC(=O)C3=Cc4ccccc4/C(=N\Nc4cc(Cl)ccc4C)C3=O)cc2C)=Cc2ccccc21,O=C(Nc1ccc(NC(=O)C2=Cc3ccccc3C(=NNc3ccccc3)C2=O)cc1)C1=Cc2ccccc2C(=NNc2ccccc2)C1=O,-7.678196430206299,-8.497353553771973,-0.8191571235656738,0.8191571235656738,test,random,Small GNN
Cc1ccc(Cn2cc(F)c(=O)[nH]c2=O)cc1,O=c1ccn(Cc2ccccc2)c(=O)[nH]1,-2.9200000762939453,-3.2329049110412598,-0.31290483474731445,0.31290483474731445,test,random,Small GNN
Cc1ccc(N)cc1C,c1ccccc1,-1.503600001335144,-1.4268627166748047,0.07673728466033936,0.07673728466033936,test,random,Small GNN
Cc1ccc(N=C=S)cc1,c1ccccc1,-4.72130012512207,-3.4785945415496826,1.2427055835723877,1.2427055835723877,test,random,Small GNN
Cc1ccc(NCCO)c([N+](=O)[O-])c1,c1ccccc1,-2.7474050521850586,-2.132166862487793,0.6152381896972656,0.6152381896972656,test,random,Small GNN
Cc1ccc(OCC(=O)NC2C(=O)N3C2SC(C)(C)C3C(=O)O)cc1,O=C(COc1ccccc1)NC1C(=O)N2CCSC12,-3.1500000953674316,-2.9218831062316895,0.2281169891357422,0.2281169891357422,test,random,Small GNN
Cc1ccc(OCC(=O)O)cc1,c1ccccc1,-2.141400098800659,-1.5644160509109497,0.5769840478897095,0.5769840478897095,test,random,Small GNN
Cc1ccc(S(=O)(=O)NC(=O)Nc2nccc(Nc3ccc(S(N)(=O)=O)cc3)n2)cc1,O=C(Nc1nccc(Nc2ccccc2)n1)NS(=O)(=O)c1ccccc1,-4.300000190734863,-3.423414468765259,0.8765857219696045,0.8765857219696045,test,random,Small GNN
Cc1ccc2c(c1)C(=O)N(C)c1cc(N)ccc1O2,O=C1Nc2ccccc2Oc2ccccc21,-3.927999973297119,-4.032568454742432,-0.1045684814453125,0.1045684814453125,test,random,Small GNN
Cc1ccc2cccc(O)c2n1,c1ccc2ncccc2c1,-1.7306185960769653,-2.4624924659729004,-0.7318738698959351,0.7318738698959351,test,random,Small GNN
Cc1cccc(C)n1,c1ccncc1,0.44699999690055847,-0.24989604949951172,-0.6968960464000702,0.6968960464000702,test,random,Small GNN
Cc1cccc(Nc2ccccc2C(=O)O)c1,c1ccc(Nc2ccccc2)cc1,-5.059999942779541,-3.39095401763916,1.6690459251403809,1.6690459251403809,test,random,Small GNN
Cc1cccc(O)c1[N+](=O)[O-],c1ccccc1,-1.6399999856948853,-1.6266790628433228,0.0133209228515625,0.0133209228515625,test,random,Small GNN
Cc1ccccc1NC(=O)CC(=O)CN=Nc1ccc(S(=O)(=O)O)cc1[N+](=O)[O-],O=C(CN=Nc1ccccc1)CC(=O)Nc1ccccc1,-7.739803791046143,-1.509454369544983,6.23034942150116,6.23034942150116,test,random,Small GNN
Cc1ccccc1OCC1CO1,c1ccc(OCC2CO2)cc1,-2.291104555130005,-2.9156885147094727,-0.6245839595794678,0.6245839595794678,test,random,Small GNN
Cc1ccn[nH]1,c1cn[nH]c1,1.0856250524520874,0.7905950546264648,-0.29502999782562256,0.29502999782562256,test,random,Small GNN
Cc1cn(C2CC(N=[N+]=[N-])C(COC(=O)c3ccncc3)O2)c(=O)[nH]c1=O,O=C(OCC1CCC(n2ccc(=O)[nH]c2=O)O1)c1ccncc1,-2.7200000286102295,-2.2502760887145996,0.4697239398956299,0.4697239398956299,test,random,Small GNN
Cc1cnc2c(=O)[nH]cnc2n1,O=c1[nH]cnc2nccnc12,-1.559999942779541,-1.415700912475586,0.14429903030395508,0.14429903030395508,test,random,Small GNN
Cc1cnc2ncncc2n1,c1cnc2ncncc2n1,0.05999999865889549,-0.7238459587097168,-0.7838459573686123,0.7838459573686123,test,random,Small GNN
Cc1cnnc2c(O)cccc12,c1ccc2nnccc2c1,-2.678299903869629,-1.8962732553482056,0.7820266485214233,0.7820266485214233,test,random,Small GNN
Cc1nc(C(F)(F)F)c(C(=O)Nc2c(Br)cc(OC(F)(F)F)cc2Br)s1,O=C(Nc1ccccc1)c1cncs1,-5.518599987030029,-6.526559352874756,-1.0079593658447266,1.0079593658447266,test,random,Small GNN
Cc1nc(NS(=O)(=O)c2ccc(N)cc2)oc1C,O=S(=O)(Nc1ncco1)c1ccccc1,-2.2200000286102295,-2.807910203933716,-0.5879101753234863,0.5879101753234863,test,random,Small GNN
Cc1nc2c(=O)[nH]cnc2[nH]c1=O,O=c1cnc2c(=O)[nH]cnc2[nH]1,-2.1500000953674316,-2.116719961166382,0.033280134201049805,0.033280134201049805,test,random,Small GNN
Cc1nnc(-c2ccccc2)c(=O)n1N,O=c1[nH]cnnc1-c1ccccc1,-2.050600051879883,-1.8675816059112549,0.18301844596862793,0.18301844596862793,test,random,Small GNN
Cc1nnc(NS(=O)(=O)c2ccc(N)cc2)s1,O=S(=O)(Nc1nncs1)c1ccccc1,-2.4107000827789307,-2.837873697280884,-0.4271736145019531,0.4271736145019531,test,random,Small GNN
Cc1oc(C(O)C(O)C(O)CO)cc1C(=O)O,c1ccoc1,-1.2799999713897705,-0.657742977142334,0.6222569942474365,0.6222569942474365,test,random,Small GNN
Cc1oc([C@H](O)[C@H](O)[C@H](O)CO)cc1C(=O)O,c1ccoc1,-1.277400016784668,-0.657742977142334,0.619657039642334,0.619657039642334,test,random,Small GNN
Cl/C=C/C[N+]12CN3CN(CN(C3)C1)C2,C1N2CN3CN1C[NH+](C2)C3,0.08290000259876251,0.08166813850402832,-0.001231864094734192,0.001231864094734192,test,random,Small GNN
Cl/C=C/[As](Cl)Cl,<ACYCLIC>,-2.6177000999450684,-3.0471348762512207,-0.42943477630615234,0.42943477630615234,test,random,Small GNN
ClC(Cl)(Cl)Cl,<ACYCLIC>,-2.309999942779541,-2.5597400665283203,-0.2497401237487793,0.2497401237487793,test,random,Small GNN
ClC(Cl)=C(Cl)C(Cl)(Cl)Cl,<ACYCLIC>,-4.16510009765625,-4.436807155609131,-0.27170705795288086,0.27170705795288086,test,random,Small GNN
ClC1=C(Cl)C2(Cl)C3C4C=CC(C4)C3C1(Cl)C2(Cl)Cl,C1=CC2CC1C1C3C=CC(C3)C21,-6.309999942779541,-7.267560005187988,-0.9575600624084473,0.9575600624084473,test,random,Small GNN
ClC1=C(Cl)C2(Cl)C3C4CC(C5OC45)C3C1(Cl)C2(Cl)Cl,C1=CC2CC1C1C3CC(C4OC34)C21,-6.290800094604492,-7.179052352905273,-0.8882522583007812,0.8882522583007812,test,random,Small GNN
ClC1=C(Cl)C2(Cl)C3C4OC4C(Cl)C3C1(Cl)C2(Cl)Cl,C1=CC2CC1C1CC3OC3C21,-6.289299964904785,-7.036520957946777,-0.7472209930419922,0.7472209930419922,test,random,Small GNN
ClCC(Br)CBr,<ACYCLIC>,-2.374000072479248,-2.9691848754882812,-0.5951848030090332,0.5951848030090332,test,random,Small GNN
ClCCCCl,<ACYCLIC>,-1.613700032234192,-1.8579610586166382,-0.2442610263824463,0.2442610263824463,test,random,Small GNN
ClCCCl,<ACYCLIC>,-1.0800000429153442,-1.271693468093872,-0.19169342517852783,0.19169342517852783,test,random,Small GNN
ClCCN(Cl)CCCl,<ACYCLIC>,-1.920300006866455,-1.3131850957870483,0.6071149110794067,0.6071149110794067,test,random,Small GNN
Clc1c(Cl)c(Cl)c2c(Cl)c(Cl)c(Cl)c(Cl)c2c1Cl,c1ccc2ccccc2c1,-9.70300006866455,-9.715083122253418,-0.012083053588867188,0.012083053588867188,test,random,Small GNN
Clc1c(Cl)c(Cl)c2ccccc2c1Cl,c1ccc2ccccc2c1,-7.795400142669678,-7.510529518127441,0.28487062454223633,0.28487062454223633,test,random,Small GNN
Clc1cc(-c2c(Cl)cc(Cl)c(Cl)c2Cl)cc(Cl)c1Cl,c1ccc(-c2ccccc2)cc1,-9.100000381469727,-8.257330894470215,0.8426694869995117,0.8426694869995117,test,random,Small GNN
Clc1cc(-c2c(Cl)cccc2Cl)c(Cl)c(Cl)c1Cl,c1ccc(-c2ccccc2)cc1,-8.130000114440918,-7.627374649047852,0.5026254653930664,0.5026254653930664,test,random,Small GNN
Clc1cc(Cl)c(-c2c(Cl)cc(Cl)c(Cl)c2Cl)cc1Cl,c1ccc(-c2ccccc2)cc1,-7.920000076293945,-8.112104415893555,-0.19210433959960938,0.19210433959960938,test,random,Small GNN
Clc1cc(Cl)c(Cl)c(Oc2ccc(Cl)c(Cl)c2)c1,c1ccc(Oc2ccccc2)cc1,-7.829999923706055,-7.5591325759887695,0.27086734771728516,0.27086734771728516,test,random,Small GNN
Clc1cc(Cl)c(Oc2cccc(Cl)c2Cl)cc1Cl,c1ccc(Oc2ccccc2)cc1,-7.480000019073486,-7.402162551879883,0.07783746719360352,0.07783746719360352,test,random,Small GNN
Clc1cc(Cl)cc(-c2cc(Cl)cc(Cl)c2)c1,c1ccc(-c2ccccc2)cc1,-8.374799728393555,-6.7646331787109375,1.6101665496826172,1.6101665496826172,test,random,Small GNN
Clc1ccc(-c2c(Cl)c(Cl)c(Cl)c(Cl)c2Cl)c(Cl)c1,c1ccc(-c2ccccc2)cc1,-8.970600128173828,-8.202205657958984,0.7683944702148438,0.7683944702148438,test,random,Small GNN
Clc1ccc(-c2cc(Cl)c(Cl)c(Cl)c2)cc1,c1ccc(-c2ccccc2)cc1,-7.960000038146973,-6.852831840515137,1.107168197631836,1.107168197631836,test,random,Small GNN
Clc1ccc(-c2cc(Cl)c(Cl)cc2Cl)c(Cl)c1,c1ccc(-c2ccccc2)cc1,-7.950300216674805,-7.089198112487793,0.8611021041870117,0.8611021041870117,test,random,Small GNN
Clc1ccc(-c2ccc(Cl)cc2Cl)cc1,c1ccc(-c2ccccc2)cc1,-6.0,-5.907808303833008,0.09219169616699219,0.09219169616699219,test,random,Small GNN
Clc1ccc(-c2ccccc2)c(Cl)c1Cl,c1ccc(-c2ccccc2)cc1,-6.179900169372559,-5.772044658660889,0.4078555107116699,0.4078555107116699,test,random,Small GNN
Clc1ccc(CSC(Cn2cncn2)=Nc2ccc(Cl)cc2Cl)cc1,c1ccc(CSC(Cn2cncn2)=Nc2ccccc2)cc1,-5.384200096130371,-5.838728904724121,-0.45452880859375,0.45452880859375,test,random,Small GNN
Clc1ccc(Cl)c(-c2ccc(Cl)c(Cl)c2)c1,c1ccc(-c2ccccc2)cc1,-6.85260009765625,-6.596086502075195,0.2565135955810547,0.2565135955810547,test,random,Small GNN
Clc1ccc(Cl)c(Oc2ccccc2)c1,c1ccc(Oc2ccccc2)cc1,-4.970300197601318,-5.564444541931152,-0.594144344329834,0.594144344329834,test,random,Small GNN
Clc1ccc(I)cc1,c1ccccc1,-4.03000020980835,-3.7910873889923096,0.23891282081604004,0.23891282081604004,test,random,Small GNN
Clc1ccc(Oc2c(Cl)c(Cl)cc(Cl)c2Cl)cc1Cl,c1ccc(Oc2ccccc2)cc1,-8.300000190734863,-8.007024765014648,0.29297542572021484,0.29297542572021484,test,random,Small GNN
Clc1ccc(Oc2c(Cl)cc(Cl)cc2Cl)cc1,c1ccc(Oc2ccccc2)cc1,-6.829999923706055,-7.000621795654297,-0.1706218719482422,0.1706218719482422,test,random,Small GNN
Clc1ccc(Oc2cc(Cl)c(Cl)c(Cl)c2Cl)c(Cl)c1,c1ccc(Oc2ccccc2)cc1,-8.4399995803833,-8.109537124633789,0.3304624557495117,0.3304624557495117,test,random,Small GNN
Clc1cccc(-c2cc(Cl)ccc2Cl)c1,c1ccc(-c2ccccc2)cc1,-6.007699966430664,-5.843868255615234,0.1638317108154297,0.1638317108154297,test,random,Small GNN
Clc1cccc(-c2cccc(Cl)c2Cl)c1Cl,c1ccc(-c2ccccc2)cc1,-7.272200107574463,-6.14527702331543,1.1269230842590332,1.1269230842590332,test,random,Small GNN
Clc1cccc(Oc2cc(Cl)c(Cl)cc2Cl)c1,c1ccc(Oc2ccccc2)cc1,-7.269999980926514,-6.969449520111084,0.3005504608154297,0.3005504608154297,test,random,Small GNN
Clc1cccc(Oc2ccc(Cl)c(Cl)c2Cl)c1Cl,c1ccc(Oc2ccccc2)cc1,-7.380000114440918,-7.356781005859375,0.02321910858154297,0.02321910858154297,test,random,Small GNN
Clc1ccccc1-c1c(Cl)c(Cl)c(Cl)c(Cl)c1Cl,c1ccc(-c2ccccc2)cc1,-8.013299942016602,-7.623920440673828,0.38937950134277344,0.38937950134277344,test,random,Small GNN
Clc1ccccc1-c1c(Cl)cccc1Cl,c1ccc(-c2ccccc2)cc1,-5.900300025939941,-5.423990249633789,0.47630977630615234,0.47630977630615234,test,random,Small GNN
Cn1c(-c2ccccc2)c(C=CC2=[N+](C)c3ccccc3C2(C)C)c2ccccc21,C(=Cc1c(-c2ccccc2)[nH]c2ccccc12)C1=[NH+]c2ccccc2C1,-1.7439279556274414,-4.331092357635498,-2.5871644020080566,2.5871644020080566,test,random,Small GNN
Cn1c(=O)[nH]c2[nH]c(=O)[nH]c2c1=O,O=c1[nH]c(=O)c2[nH]c(=O)[nH]c2[nH]1,-1.561400055885315,-2.912395477294922,-1.350995421409607,1.350995421409607,test,random,Small GNN
Cn1c(=O)ncc2[nH]c(=O)[nH]c21,O=c1ncc2[nH]c(=O)[nH]c2[nH]1,-0.7940000295639038,-2.27475643157959,-1.480756402015686,1.480756402015686,test,random,Small GNN
Cn1c(N)cc(=O)n(C)c1=O,O=c1cc[nH]c(=O)[nH]1,-1.4535787105560303,-0.301044225692749,1.1525344848632812,1.1525344848632812,test,random,Small GNN
Cn1c([N+](=O)[O-])cnc1COC(N)=O,c1c[nH]cn1,-1.8432999849319458,-1.1078606843948364,0.7354393005371094,0.7354393005371094,test,random,Small GNN
Cn1ccc(=O)[nH]c1=O,O=c1cc[nH]c(=O)[nH]1,-0.7997999787330627,-0.2997615337371826,0.5000384449958801,0.5000384449958801,test,random,Small GNN
Cn1cnc2nc(Cl)nc(NN)c21,c1ncc2[nH]cnc2n1,-1.142699956893921,-1.8125717639923096,-0.6698718070983887,0.6698718070983887,test,random,Small GNN
Cn1nc(S(N)(=O)=O)sc1=NS(=O)(=O)c1ccc(Br)cc1,O=S(=O)(N=c1[nH]ncs1)c1ccccc1,-2.509999990463257,-2.6638736724853516,-0.15387368202209473,0.15387368202209473,test,random,Small GNN
Cn1nc(S(N)(=O)=O)sc1=NS(=O)(=O)c1ccc([N+](=O)[O-])cc1[N+](=O)[O-],O=S(=O)(N=c1[nH]ncs1)c1ccccc1,-2.740000009536743,-2.678610324859619,0.06138968467712402,0.06138968467712402,test,random,Small GNN
Cn1nc(S(N)(=O)=O)sc1=NS(=O)(=O)c1ccccc1[N+](=O)[O-],O=S(=O)(N=c1[nH]ncs1)c1ccccc1,-2.7899999618530273,-2.5048983097076416,0.28510165214538574,0.28510165214538574,test,random,Small GNN
FC(F)(F)Br,<ACYCLIC>,-2.6677708625793457,-2.580193519592285,0.08757734298706055,0.08757734298706055,test,random,Small GNN
FC(F)(I)C(F)(F)C(F)(F)C(F)(F)I,<ACYCLIC>,-3.314476251602173,-6.498339653015137,-3.183863401412964,3.183863401412964,test,random,Small GNN
FC(F)C(F)(F)F,<ACYCLIC>,-1.4164958000183105,-2.240128517150879,-0.8236327171325684,0.8236327171325684,test,random,Small GNN
FC(F)OC(Cl)C(F)(F)F,<ACYCLIC>,-1.6157000064849854,-3.2637879848480225,-1.648087978363037,1.648087978363037,test,random,Small GNN
Fc1cc(F)c(F)c(F)c1,c1ccccc1,-2.3057000637054443,-2.974637746810913,-0.6689376831054688,0.6689376831054688,test,random,Small GNN
Fc1ccc(I)cc1,c1ccccc1,-3.125699996948242,-3.2832205295562744,-0.15752053260803223,0.15752053260803223,test,random,Small GNN
N#CC(CCc1ccc(Cl)cc1)(Cn1cncn1)c1ccccc1,c1ccc(CCC(Cn2cncn2)c2ccccc2)cc1,-6.226399898529053,-3.7436788082122803,2.4827210903167725,2.4827210903167725,test,random,Small GNN
N#CC(Cl)(Cl)Cl,<ACYCLIC>,-2.1679999828338623,-1.1997106075286865,0.9682893753051758,0.9682893753051758,test,random,Small GNN
N#CCC(=O)O,<ACYCLIC>,1.070264458656311,0.4646902084350586,-0.6055742502212524,0.6055742502212524,test,random,Small GNN
N#CCCCCC#N,<ACYCLIC>,-0.1309124380350113,-0.9878547191619873,-0.856942281126976,0.856942281126976,test,random,Small GNN
N#CCCCCCCC#N,<ACYCLIC>,-1.0810922384262085,-2.001040458679199,-0.9199482202529907,0.9199482202529907,test,random,Small GNN
N#CCN(CC#N)CCN(CC#N)CC#N,<ACYCLIC>,-2.820404291152954,-1.0521787405014038,1.7682255506515503,1.7682255506515503,test,random,Small GNN
N#CCc1ccc(Cl)cc1F,c1ccccc1,-2.5939061641693115,-2.966625928878784,-0.37271976470947266,0.37271976470947266,test,random,Small GNN
N#CNC(N)=S,<ACYCLIC>,-0.004900000058114529,-0.6771872043609619,-0.6722872043028474,0.6722872043028474,test,random,Small GNN
N#Cc1ccc(C(=O)O)cc1,c1ccccc1,-2.0885000228881836,-1.7809534072875977,0.30754661560058594,0.30754661560058594,test,random,Small GNN
N#Cc1ccc(C=Cc2ccc(C=Cc3cccc(C#N)c3)cc2)cc1,C(=Cc1ccc(C=Cc2ccccc2)cc1)c1ccccc1,-8.12372875213623,-6.626228332519531,1.4975004196166992,1.4975004196166992,test,random,Small GNN
N#Cc1ccc2c(c1)C(=O)OC2,O=C1OCc2ccccc21,-2.7021000385284424,-2.498230218887329,0.20386981964111328,0.20386981964111328,test,random,Small GNN
N#Cc1ccccc1,c1ccccc1,-1.7122999429702759,-1.4421788454055786,0.27012109756469727,0.27012109756469727,test,random,Small GNN
N#Cc1ccccc1/C=C/c1ccc(/C=C/c2ccccc2C#N)cc1,C(=Cc1ccc(C=Cc2ccccc2)cc1)c1ccccc1,-4.220638751983643,-6.629439830780029,-2.4088010787963867,2.4088010787963867,test,random,Small GNN
N#Cc1cccnc1,c1ccncc1,0.1128000020980835,-0.21999597549438477,-0.33279597759246826,0.33279597759246826,test,random,Small GNN
N#N,<ACYCLIC>,-0.19009999930858612,0.10654640197753906,0.2966464012861252,0.2966464012861252,test,random,Small GNN
N=C(c1ccccc1)c1ccccc1,N=C(c1ccccc1)c1ccccc1,-2.7811279296875,-3.09260630607605,-0.3114783763885498,0.3114783763885498,test,random,Small GNN
NC(=CC(=O)[C@@H](Cc1ccccc1)N(Cc1ccccc1)Cc1ccccc1)Cc1ccccc1,O=C(C=CCc1ccccc1)C(Cc1ccccc1)N(Cc1ccccc1)Cc1ccccc1,-7.663343906402588,-4.271506309509277,3.3918375968933105,3.3918375968933105,test,random,Small GNN
NC(=O)C(Cl)Cl,<ACYCLIC>,-0.2558000087738037,0.07121634483337402,0.32701635360717773,0.32701635360717773,test,random,Small GNN
NC(=O)C1(N2C(=O)c3cccc(Cl)c3C2=O)CCCCC1,O=C1c2ccccc2C(=O)N1C1CCCCC1,-4.009699821472168,-3.903559923171997,0.1061398983001709,0.1061398983001709,test,random,Small GNN
NC(=O)C1CCCC(C(N)=O)N1,C1CCNCC1,0.28929999470710754,-0.08202958106994629,-0.37132957577705383,0.37132957577705383,test,random,Small GNN
NC(=O)C[C@H](NC(=O)CCl)C(=O)O,<ACYCLIC>,-0.31929999589920044,-0.426408052444458,-0.10710805654525757,0.10710805654525757,test,random,Small GNN
NC(=O)Cc1ccc(-c2ccccc2)cc1,c1ccc(-c2ccccc2)cc1,-3.3299999237060547,-2.7432940006256104,0.5867059230804443,0.5867059230804443,test,random,Small GNN
NC(=O)NN=CCOC1CCCCC1,C1CCCCC1,-1.7400000095367432,-1.813316822052002,-0.07331681251525879,0.07331681251525879,test,random,Small GNN
NC(=O)NN=C[C@@H](O)[C@@H](O)[C@H](O)[C@H](O)CO,<ACYCLIC>,-0.5299999713897705,-0.14974641799926758,0.38025355339050293,0.38025355339050293,test,random,Small GNN
NC(=O)NN=C[C@H](O)[C@@H](O)[C@H](O)[C@H](O)CO,<ACYCLIC>,-1.00409996509552,-0.14974641799926758,0.8543535470962524,0.8543535470962524,test,random,Small GNN
NC(=O)c1cc(Cl)cc(Cl)c1N,c1ccccc1,-2.081399917602539,-1.97383713722229,0.10756278038024902,0.10756278038024902,test,random,Small GNN
NC(=O)c1cccc(S(N)(=O)=O)c1,c1ccccc1,-2.155400037765503,-1.6526892185211182,0.5027108192443848,0.5027108192443848,test,random,Small GNN
NC(=O)c1ncn([C@@H]2O[C@H](CO)[C@@H](O)[C@H]2O)n1,c1ncn(C2CCCO2)n1,-0.23549999296665192,-0.7670712471008301,-0.5315712541341782,0.5315712541341782,test,random,Small GNN
NC(=S)Nc1cccc2ccccc12,c1ccc2ccccc2c1,-2.5278000831604004,-3.3052561283111572,-0.7774560451507568,0.7774560451507568,test,random,Small GNN
NC(C(=O)NCC(=O)O)c1ccccc1,c1ccccc1,-1.409999966621399,-0.5783600807189941,0.8316398859024048,0.8316398859024048,test,random,Small GNN
NC(CCCCNC(=O)OCC1c2ccccc2-c2ccccc21)C(=O)O,c1ccc2c(c1)Cc1ccccc1-2,-3.0,-3.37518048286438,-0.3751804828643799,0.3751804828643799,test,random,Small GNN
NC(CSCC(N)C(=O)O)C(=O)O,<ACYCLIC>,-2.559999942779541,-0.7243053913116455,1.8356945514678955,1.8356945514678955,test,random,Small GNN
NC(Cc1c[nH]c2ccc(O)cc12)C(=O)O,c1ccc2[nH]ccc2c1,-1.343000054359436,-1.6976462602615356,-0.3546462059020996,0.3546462059020996,test,random,Small GNN
NC(N)=NCCCCCCCCNCCCCCCCCN=C(N)N,<ACYCLIC>,0.33219999074935913,-2.301788091659546,-2.633988082408905,2.633988082408905,test,random,Small GNN
NC(N)=O,<ACYCLIC>,0.957840085029602,0.056508779525756836,-0.9013313055038452,0.9013313055038452,test,random,Small GNN
NC1CONC1=O,O=C1CCON1,-0.009999999776482582,0.41969752311706543,0.429697522893548,0.429697522893548,test,random,Small GNN
NCCC(=O)O,<ACYCLIC>,0.7865480184555054,0.8289482593536377,0.042400240898132324,0.042400240898132324,test,random,Small GNN
NCCC(O)C(=O)NC1CC(N)C(OC2OC(CN)C(O)C(O)C2O)C(O)C1OC1OC(CO)C(O)C(N)C1O,C1CCC(OC2CCCC(OC3CCCCO3)C2)OC1,-0.5,-0.5001480579376221,-0.0001480579376220703,0.0001480579376220703,test,random,Small GNN
NCCCNc1ccccc1,c1ccccc1,-1.6542999744415283,-0.9447169303894043,0.709583044052124,0.709583044052124,test,random,Small GNN
NCCc1ccccc1,c1ccccc1,-0.28238117694854736,-0.5495400428771973,-0.2671588659286499,0.2671588659286499,test,random,Small GNN
NCc1ccco1,c1ccoc1,1.0127047300338745,0.8407926559448242,-0.1719120740890503,0.1719120740890503,test,random,Small GNN
NNC(=O)NN,<ACYCLIC>,0.4145585596561432,0.20649147033691406,-0.20806708931922913,0.20806708931922913,test,random,Small GNN
NNC(=O)c1ccc(C(=O)NN)cc1,c1ccccc1,-2.2899999618530273,-1.5639433860778809,0.7260565757751465,0.7260565757751465,test,random,Small GNN
NS(=O)(=O)c1cc(C(=O)O)c(NCc2ccco2)cc1Cl,c1ccc(NCc2ccco2)cc1,-3.8299999237060547,-2.2662506103515625,1.5637493133544922,1.5637493133544922,test,random,Small GNN
NS(=O)(=O)c1cc2c(cc1C(F)(F)F)NC(Cc1ccccc1)NS2(=O)=O,O=S1(=O)NC(Cc2ccccc2)Nc2ccccc21,-3.5913000106811523,-2.730658769607544,0.8606412410736084,0.8606412410736084,test,random,Small GNN
NS(=O)(=O)c1cc2c(cc1Cl)CN(C1CCCCC1)C2=O,O=C1c2ccccc2CN1C1CCCCC1,-4.31279993057251,-3.0422964096069336,1.2705035209655762,1.2705035209655762,test,random,Small GNN
NS(=O)(=O)c1cc2c(cc1Cl)NCNS2(=O)=O,O=S1(=O)NCNc2ccccc21,-2.630000114440918,-2.1864442825317383,0.4435558319091797,0.4435558319091797,test,random,Small GNN
NS(=O)(=O)c1cc2c(s1)C(O)CCS2(=O)=O,O=S1(=O)CCCc2sccc21,-1.2799999713897705,-2.2940292358398438,-1.0140292644500732,1.0140292644500732,test,random,Small GNN
NS(=O)(=O)c1cc2c(s1)CC(O)CS2(=O)=O,O=S1(=O)CCCc2sccc21,-1.590000033378601,-2.2783868312835693,-0.6883867979049683,0.6883867979049683,test,random,Small GNN
NS(=O)(=O)c1ccc(SCCCCO)cc1,c1ccccc1,-2.5141000747680664,-2.150343656539917,0.3637564182281494,0.3637564182281494,test,random,Small GNN
NS(=O)(=O)c1cccc(S(N)(=O)=O)c1,c1ccccc1,-2.169300079345703,-1.981452465057373,0.18784761428833008,0.18784761428833008,test,random,Small GNN
NS(=O)(=O)c1ccccc1,c1ccccc1,-1.562999963760376,-1.3889739513397217,0.1740260124206543,0.1740260124206543,test,random,Small GNN
N[C@@H](COP(=O)(O)O)C(=O)O,<ACYCLIC>,-0.814940869808197,0.5641312599182129,1.37907212972641,1.37907212972641,test,random,Small GNN
Nc1c(Cl)cc(Cl)cc1Cl,c1ccccc1,-3.691200017929077,-2.904662847518921,0.7865371704101562,0.7865371704101562,test,random,Small GNN
Nc1c(S(=O)(=O)O)cc(Br)c2c1C(=O)c1ccccc1C2=O,O=C1c2ccccc2C(=O)c2ccccc21,-1.3055373430252075,-1.767859935760498,-0.4623225927352905,0.4623225927352905,test,random,Small GNN
Nc1c(S(=O)(=O)O)cc(Nc2ccccc2)c2c1C(=O)c1ccccc1C2=O,O=C1c2ccccc2C(=O)c2c(Nc3ccccc3)cccc21,-2.173896074295044,-2.186271905899048,-0.012375831604003906,0.012375831604003906,test,random,Small GNN
Nc1c2ccccc2nc2ccc(Cl)cc12,c1ccc2nc3ccccc3cc2c1,-2.4200000762939453,-4.170101165771484,-1.750101089477539,1.750101089477539,test,random,Small GNN
Nc1cc(Cl)ccc1Cl,c1ccccc1,-2.075000286102295,-2.172764301300049,-0.0977640151977539,0.0977640151977539,test,random,Small GNN
Nc1cc(S(=O)(=O)O)ccc1C(=O)O,c1ccccc1,-1.3156745433807373,-1.3877906799316406,-0.07211613655090332,0.07211613655090332,test,random,Small GNN
Nc1ccc(-c2ccc(Cl)cc2)cc1,c1ccc(-c2ccccc2)cc1,-4.638299942016602,-3.5294911861419678,1.1088087558746338,1.1088087558746338,test,random,Small GNN
Nc1ccc(-c2ccc(N)cc2)cc1,c1ccc(-c2ccccc2)cc1,-2.700000047683716,-2.4175243377685547,0.28247570991516113,0.28247570991516113,test,random,Small GNN
Nc1ccc(CCc2ccc(N)cc2)cc1,c1ccc(CCc2ccccc2)cc1,-3.645700693130493,-2.965256690979004,0.6804440021514893,0.6804440021514893,test,random,Small GNN
Nc1ccc(N/N=C2\C=Cc3c(cccc3S(=O)(=O)O)C2=O)cc1,O=C1C(=NNc2ccccc2)C=Cc2ccccc21,-1.2915600538253784,-1.7028006315231323,-0.4112405776977539,0.4112405776977539,test,random,Small GNN
Nc1ccc(N=Nc2ccc(S(=O)(=O)Nc3ccc(N=Nc4c(S(=O)(=O)O)cc5cc(S(=O)(=O)O)c(N=Nc6ccccc6)c(O)c5c4N)cc3)cc2)c(N)c1,O=S(=O)(Nc1ccc(N=Nc2ccc3ccc(N=Nc4ccccc4)cc3c2)cc1)c1ccc(N=Nc2ccccc2)cc1,-0.6029812097549438,-2.6230578422546387,-2.020076632499695,2.020076632499695,test,random,Small GNN
Nc1ccc(N=Nc2cccc(N=Nc3ccc(N)cc3N)c2)c(N)c1,c1ccc(N=Nc2cccc(N=Nc3ccccc3)c2)cc1,-4.197152614593506,-4.7678608894348145,-0.5707082748413086,0.5707082748413086,test,random,Small GNN
Nc1ccc(NCCO)c([N+](=O)[O-])c1,c1ccccc1,-2.1910898685455322,-1.5998412370681763,0.591248631477356,0.591248631477356,test,random,Small GNN
Nc1ccc(O)cc1[N+](=O)[O-],c1ccccc1,-1.833764672279358,-1.431365966796875,0.4023987054824829,0.4023987054824829,test,random,Small GNN
Nc1ccc(S(=O)(=O)NC(CO)(CO)CO)cc1,c1ccccc1,-1.399999976158142,-1.2758005857467651,0.12419939041137695,0.12419939041137695,test,random,Small GNN
Nc1ccc(S(=O)(=O)Nc2ccc([N+](=O)[O-])cc2Br)cc1,O=S(=O)(Nc1ccccc1)c1ccccc1,-4.78000020980835,-4.4819865226745605,0.29801368713378906,0.29801368713378906,test,random,Small GNN
Nc1ccc(S(=O)(=O)Nc2cnc3ccccc3n2)cc1,O=S(=O)(Nc1cnc2ccccc2n1)c1ccccc1,-4.60260009765625,-3.463550329208374,1.139049768447876,1.139049768447876,test,random,Small GNN
Nc1ccc(S(=O)(=O)Nc2nnc(S(N)(=O)=O)s2)cc1,O=S(=O)(Nc1nncs1)c1ccccc1,-1.5,-2.353794574737549,-0.8537945747375488,0.8537945747375488,test,random,Small GNN
Nc1ccc(S(=O)(=O)O)c2ccccc12,c1ccc2ccccc2c1,-2.9100000858306885,-1.1805294752120972,1.7294706106185913,1.7294706106185913,test,random,Small GNN
Nc1ccc([N+](=O)[O-])c(N)c1,c1ccccc1,-2.185091495513916,-1.6762233972549438,0.5088680982589722,0.5088680982589722,test,random,Small GNN
Nc1ccc2c(O)cc(S(=O)(=O)O)cc2c1,c1ccc2ccccc2c1,-2.6798856258392334,-1.5344489812850952,1.1454366445541382,1.1454366445541382,test,random,Small GNN
Nc1cccc2cc(S(=O)(=O)O)ccc12,c1ccc2ccccc2c1,-2.240000009536743,-1.2507585287094116,0.9892414808273315,0.9892414808273315,test,random,Small GNN
Nc1cccc2ccccc12,c1ccc2ccccc2c1,-1.9255000352859497,-2.9034204483032227,-0.977920413017273,0.977920413017273,test,random,Small GNN
Nc1cccnc1N,c1ccncc1,-1.75,-0.5729572772979736,1.1770427227020264,1.1770427227020264,test,random,Small GNN
Nc1ccn(C2OC(COP(=O)(O)O)C(O)C2O)c(=O)n1,O=c1ncccn1C1CCCO1,-1.1987754106521606,-0.517714262008667,0.6810611486434937,0.6810611486434937,test,random,Small GNN
Nc1cnc2cncnc2n1,c1cnc2ncncc2n1,-2.309999942779541,-1.2561601400375366,1.0538398027420044,1.0538398027420044,test,random,Small GNN
Nc1cnn(-c2ccccc2)c(=O)c1Cl,O=c1cccnn1-c1ccccc1,-2.7435998916625977,-2.058457374572754,0.6851425170898438,0.6851425170898438,test,random,Small GNN
Nc1nc(=O)c(O[C@@H]2O[C@H](CO)[C@@H](O)[C@H](O)[C@H]2O)c(N)[nH]1,O=c1nc[nH]cc1OC1CCCCO1,-1.483199954032898,-1.5113221406936646,-0.0281221866607666,0.0281221866607666,test,random,Small GNN
Nc1nc(=O)c2nccnc2[nH]1,O=c1nc[nH]c2nccnc12,-3.9700000286102295,-2.1837592124938965,1.786240816116333,1.786240816116333,test,random,Small GNN
Nc1ncnc2nccnc12,c1cnc2ncncc2n1,-2.309999942779541,-1.1526811122894287,1.1573188304901123,1.1573188304901123,test,random,Small GNN
O/N=C1\C=CCCC1,N=C1C=CCCC1,-0.96670001745224,-1.4383851289749146,-0.47168511152267456,0.47168511152267456,test,random,Small GNN
O=C(C(=O)c1ccccc1)c1ccccc1,O=C(C(=O)c1ccccc1)c1ccccc1,-2.799999952316284,-4.056817054748535,-1.256817102432251,1.256817102432251,test,random,Small GNN
O=C(C(F)(F)C(F)(F)F)C(F)(C(F)(F)F)C(F)(F)F,<ACYCLIC>,-1.4997434616088867,-5.474207401275635,-3.974463939666748,3.974463939666748,test,random,Small GNN
O=C(C1CCCCC1)N1CC(=O)N2CCc3ccccc3C2C1,O=C(C1CCCCC1)N1CC(=O)N2CCc3ccccc3C2C1,-2.892699956893921,-3.531987428665161,-0.6392874717712402,0.6392874717712402,test,random,Small GNN
O=C(CCCN1CCC(O)(c2ccccc2)CC1)c1ccc(F)cc1,O=C(CCCN1CCC(c2ccccc2)CC1)c1ccccc1,-4.118299961090088,-2.7281365394592285,1.3901634216308594,1.3901634216308594,test,random,Small GNN
O=C(CS)Nc1ccc2ccccc2c1,c1ccc2ccccc2c1,-3.3399999141693115,-4.53941011428833,-1.1994102001190186,1.1994102001190186,test,random,Small GNN
O=C(CS)OCC(O)CO,<ACYCLIC>,0.7793741822242737,0.3027527332305908,-0.47662144899368286,0.47662144899368286,test,random,Small GNN
O=C(Cl)Cl,<ACYCLIC>,-1.1608458757400513,-0.4008970260620117,0.7599488496780396,0.7599488496780396,test,random,Small GNN
O=C(Cl)c1ccc(C(=O)Cl)cc1,c1ccccc1,-4.028793811798096,-3.800020933151245,0.22877287864685059,0.22877287864685059,test,random,Small GNN
O=C(N=NNc1cc(Cl)c(-c2ccc(-c3cc(Cl)c(NN=NC(=O)c4cc5ccccc5cc4O)cc3Cl)cc2)cc1Cl)c1cc2ccccc2cc1O,O=C(N=NNc1ccc(-c2ccc(-c3ccc(NN=NC(=O)c4ccc5ccccc5c4)cc3)cc2)cc1)c1ccc2ccccc2c1,-8.087170600891113,-7.976072311401367,0.1110982894897461,0.1110982894897461,test,random,Small GNN
O=C(NC(=O)c1c(F)cccc1F)Nc1ccc(Oc2ccc(C(F)(F)F)cc2Cl)cc1F,O=C(NC(=O)c1ccccc1)Nc1ccc(Oc2ccccc2)cc1,-8.09000015258789,-6.867176055908203,1.2228240966796875,1.2228240966796875,test,random,Small GNN
O=C(NC(=O)c1ccccc1)c1ccccc1,O=C(NC(=O)c1ccccc1)c1ccccc1,-2.2730000019073486,-3.8064475059509277,-1.533447504043579,1.533447504043579,test,random,Small GNN
O=C(NCO)c1ccccc1,c1ccccc1,-0.5199999809265137,-0.9865529537200928,-0.4665529727935791,0.4665529727935791,test,random,Small GNN
O=C(Nc1ccc(NC(=O)C2=Cc3ccccc3/C(=N\Nc3cc(Cl)ccc3Cl)C2=O)c(Cl)c1)C1=Cc2ccccc2/C(=N\Nc2cc(Cl)ccc2Cl)C1=O,O=C(Nc1ccc(NC(=O)C2=Cc3ccccc3C(=NNc3ccccc3)C2=O)cc1)C1=Cc2ccccc2C(=NNc2ccccc2)C1=O,-7.869298458099365,-8.857714653015137,-0.9884161949157715,0.9884161949157715,test,random,Small GNN
O=C(Nc1cccc2c(=O)c3c(ccc4c5cc(NC(=O)c6ccccc6)c6c(=O)c7ccccc7c(=O)c6c5[nH]c43)c(=O)c12)c1ccccc1,O=C(Nc1cccc2c(=O)c3c(ccc4c5cc(NC(=O)c6ccccc6)c6c(=O)c7ccccc7c(=O)c6c5[nH]c43)c(=O)c12)c1ccccc1,-5.647161960601807,-7.317592620849609,-1.6704306602478027,1.6704306602478027,test,random,Small GNN
O=C(Nc1ccccc1)N(Cc1ccc(Cl)cc1)C1CCCC1,O=C(Nc1ccccc1)N(Cc1ccccc1)C1CCCC1,-5.914999961853027,-5.453039646148682,0.4619603157043457,0.4619603157043457,test,random,Small GNN
O=C(Nc1ccccc1)Nc1ccccc1,O=C(Nc1ccccc1)Nc1ccccc1,-3.1507999897003174,-4.196364402770996,-1.0455644130706787,1.0455644130706787,test,random,Small GNN
O=C(O)/C=C/C(=O)O,<ACYCLIC>,-1.2196294069290161,-0.3697326183319092,0.8498967885971069,0.8498967885971069,test,random,Small GNN
O=C(O)/C=C\C=C/C(=O)O,<ACYCLIC>,-2.851599931716919,-0.8287830352783203,2.0228168964385986,2.0228168964385986,test,random,Small GNN
O=C(O)C(c1ccccc1)c1ccccc1,c1ccc(Cc2ccccc2)cc1,-3.2230398654937744,-2.582496166229248,0.6405436992645264,0.6405436992645264,test,random,Small GNN
O=C(O)C=CCCC(=O)O,<ACYCLIC>,-1.2044999599456787,-0.6323416233062744,0.5721583366394043,0.5721583366394043,test,random,Small GNN
O=C(O)CC(C(=O)O)(c1ccccc1)c1ccccc1,c1ccc(Cc2ccccc2)cc1,-2.43179988861084,-1.9583847522735596,0.4734151363372803,0.4734151363372803,test,random,Small GNN
O=C(O)CC1NC(=O)NC1=O,O=C1CNC(=O)N1,-1.1517000198364258,-0.8764827251434326,0.27521729469299316,0.27521729469299316,test,random,Small GNN
O=C(O)CCC(=O)c1ccc(-c2ccccc2)cc1,c1ccc(-c2ccccc2)cc1,-5.0609002113342285,-3.1340644359588623,1.9268357753753662,1.9268357753753662,test,random,Small GNN
O=C(O)CCCCCC(=O)O,<ACYCLIC>,-0.5055999755859375,-0.8743484020233154,-0.36874842643737793,0.36874842643737793,test,random,Small GNN
O=C(O)CCCCCCCCCCCC(=O)O,<ACYCLIC>,-3.7899999618530273,-2.7334628105163574,1.05653715133667,1.05653715133667,test,random,Small GNN
O=C(O)CCCNC(=O)c1ccccc1,c1ccccc1,-1.2024999856948853,-1.4578800201416016,-0.2553800344467163,0.2553800344467163,test,random,Small GNN
O=C(O)CCn1ccccc1=O,O=c1cccc[nH]1,-0.6000000238418579,-0.5045669078826904,0.09543311595916748,0.09543311595916748,test,random,Small GNN
O=C(O)CN(CP(=O)(O)O)CP(=O)(O)O,<ACYCLIC>,-0.025599999353289604,0.6771464347839355,0.7027464341372252,0.7027464341372252,test,random,Small GNN
O=C(O)CNc1c([N+](=O)[O-])cc([N+](=O)[O-])cc1[N+](=O)[O-],c1ccccc1,-2.392199993133545,-2.8397295475006104,-0.44752955436706543,0.44752955436706543,test,random,Small GNN
O=C(O)CONC(=O)c1ccccc1,c1ccccc1,-0.949999988079071,-1.3283872604370117,-0.3783872723579407,0.3783872723579407,test,random,Small GNN
O=C(O)COc1cc(Cl)ccc1Cl,c1ccccc1,-2.619999885559082,-2.279872179031372,0.34012770652770996,0.34012770652770996,test,random,Small GNN
O=C(O)CSCC(=O)O,<ACYCLIC>,0.4255000054836273,-0.2928290367126465,-0.7183290421962738,0.7183290421962738,test,random,Small GNN
O=C(O)CSc1nc2ccccc2s1,c1ccc2scnc2c1,-3.228898048400879,-2.7791635990142822,0.4497344493865967,0.4497344493865967,test,random,Small GNN
O=C(O)Cc1cc(O)ccc1O,c1ccccc1,0.7037000060081482,-0.8275442123413086,-1.5312442183494568,1.5312442183494568,test,random,Small GNN
O=C(O)Cc1ccccc1C(=O)O,c1ccccc1,-1.0514999628067017,-1.2413088083267212,-0.18980884552001953,0.18980884552001953,test,random,Small GNN
O=C(O)Cc1sc(-c2ccccc2)nc1-c1ccc(Cl)cc1,c1ccc(-c2csc(-c3ccccc3)n2)cc1,-4.964399814605713,-3.666264295578003,1.29813551902771,1.29813551902771,test,random,Small GNN
O=C(O)[C@H](O)[C@H](O)[C@H](O)[C@@H](O)C(=O)O,<ACYCLIC>,0.19990000128746033,0.40520763397216797,0.20530763268470764,0.20530763268470764,test,random,Small GNN
O=C(O)c1c(Br)c(O)c(O)c(O)c1Br,c1ccccc1,-0.4187999963760376,-1.7548961639404297,-1.336096167564392,1.336096167564392,test,random,Small GNN
O=C(O)c1c(Cl)ccc2cc(Cl)cnc12,c1ccc2ncccc2c1,-3.569999933242798,-3.2756378650665283,0.29436206817626953,0.29436206817626953,test,random,Small GNN
O=C(O)c1c(O)cccc1O,c1ccccc1,-1.2073999643325806,-1.0355792045593262,0.1718207597732544,0.1718207597732544,test,random,Small GNN
O=C(O)c1cc(Br)ccc1O,c1ccccc1,-2.6500000953674316,-1.6958693265914917,0.9541307687759399,0.9541307687759399,test,random,Small GNN
O=C(O)c1cc(Cl)ccc1O,c1ccccc1,-1.2369999885559082,-1.5940208435058594,-0.35702085494995117,0.35702085494995117,test,random,Small GNN
O=C(O)c1cc(Cl)ccc1[N+](=O)[O-],c1ccccc1,-1.319000005722046,-2.340304136276245,-1.0213041305541992,1.0213041305541992,test,random,Small GNN
O=C(O)c1cc(N=Nc2ccc(S(=O)(=O)Nc3ccccn3)cc2)ccc1O,O=S(=O)(Nc1ccccn1)c1ccc(N=Nc2ccccc2)cc1,-6.139999866485596,-4.241084098815918,1.8989157676696777,1.8989157676696777,test,random,Small GNN
O=C(O)c1ccc(F)cc1,c1ccccc1,-2.0673000812530518,-1.6530861854553223,0.4142138957977295,0.4142138957977295,test,random,Small GNN
O=C(O)c1ccc(I)cc1,c1ccccc1,-3.963099956512451,-2.291067600250244,1.672032356262207,1.672032356262207,test,random,Small GNN
O=C(O)c1ccc(N=Nc2ccc(O)cc2)cc1Cl,c1ccc(N=Nc2ccccc2)cc1,-2.619999885559082,-3.983722686767578,-1.363722801208496,1.363722801208496,test,random,Small GNN
O=C(O)c1ccc(O)cc1O,c1ccccc1,-1.409999966621399,-1.1030718088150024,0.3069281578063965,0.3069281578063965,test,random,Small GNN
O=C(O)c1ccc([N+](=O)[O-])cc1[N+](=O)[O-],c1ccccc1,-1.066499948501587,-2.3915114402770996,-1.3250114917755127,1.3250114917755127,test,random,Small GNN
O=C(O)c1cccc(C(=O)O)c1,c1ccccc1,-3.220400094985962,-1.4825315475463867,1.7378685474395752,1.7378685474395752,test,random,Small GNN
O=C(O)c1cccc(Cl)c1[N+](=O)[O-],c1ccccc1,-2.631150007247925,-2.0493004322052,0.5818495750427246,0.5818495750427246,test,random,Small GNN
O=C(O)c1cccc([N+](=O)[O-])c1,c1ccccc1,-1.745907187461853,-1.9332646131515503,-0.18735742568969727,0.18735742568969727,test,random,Small GNN
O=C(O)c1cccc([N+](=O)[O-])c1C(=O)O,c1ccccc1,-1.021399974822998,-1.6721136569976807,-0.6507136821746826,0.6507136821746826,test,random,Small GNN
O=C(O)c1ccccc1-c1c2cc(I)c(=O)c(I)c-2oc2c(I)c(O)c(I)cc12,O=c1ccc2c(-c3ccccc3)c3ccccc3oc-2c1,-1.0993150472640991,-5.097203254699707,-3.997888207435608,3.997888207435608,test,random,Small GNN
O=C(O)c1ccccc1C(=O)Nc1ccccc1,O=C(Nc1ccccc1)c1ccccc1,-4.081399917602539,-3.0833709239959717,0.9980289936065674,0.9980289936065674,test,random,Small GNN
O=C(O)c1ccccc1C(=O)c1ccc(Cl)cc1,O=C(c1ccccc1)c1ccccc1,-2.717099905014038,-3.622753620147705,-0.905653715133667,0.905653715133667,test,random,Small GNN
O=C(O)c1ccccc1C1OC(=O)c2ccccc21,O=C1OC(c2ccccc2)c2ccccc21,-3.1041998863220215,-3.0772287845611572,0.026971101760864258,0.026971101760864258,test,random,Small GNN
O=C(O)c1ccccc1Nc1cccc(O)c1,c1ccc(Nc2ccccc2)cc1,-3.5399999618530273,-2.475783109664917,1.0642168521881104,1.0642168521881104,test,random,Small GNN
O=C(O)c1ccccc1[N+](=O)[O-],c1ccccc1,-1.350000023841858,-1.7059680223464966,-0.35596799850463867,0.35596799850463867,test,random,Small GNN
O=C(O)c1cccnc1C(=O)O,c1ccncc1,-1.4800000190734863,-0.9197781085968018,0.5602219104766846,0.5602219104766846,test,random,Small GNN
O=C(O)c1cccnc1Nc1cccc(C(F)(F)F)c1,c1ccc(Nc2ccccn2)cc1,-4.171800136566162,-3.567981004714966,0.6038191318511963,0.6038191318511963,test,random,Small GNN
O=C(O)c1ccnc(C(=O)O)c1C(=O)O,c1ccncc1,-1.2450000047683716,-1.162410855293274,0.08258914947509766,0.08258914947509766,test,random,Small GNN
O=C(OCC(=O)N1CCCC1C(=O)O)c1ccccc1,O=C(OCC(=O)N1CCCC1)c1ccccc1,-1.590000033378601,-1.7543524503707886,-0.1643524169921875,0.1643524169921875,test,random,Small GNN
O=C(OCCCO)c1ccccc1,c1ccccc1,-1.2558000087738037,-1.6199673414230347,-0.36416733264923096,0.36416733264923096,test,random,Small GNN
O=C(OCN1C(=O)NC(c2ccccc2)(c2ccccc2)C1=O)C(CO)CO,O=C1NC(=O)C(c2ccccc2)(c2ccccc2)N1,-2.2100000381469727,-2.493948459625244,-0.2839484214782715,0.2839484214782715,test,random,Small GNN
O=C(OCc1ccccc1)c1sc(Cl)nc1C(F)(F)F,O=C(OCc1ccccc1)c1cncs1,-5.808499813079834,-5.349249362945557,0.45925045013427734,0.45925045013427734,test,random,Small GNN
O=C(OOC(=O)c1ccccc1)c1ccccc1,O=C(OOC(=O)c1ccccc1)c1ccccc1,-4.42519998550415,-4.055377006530762,0.36982297897338867,0.36982297897338867,test,random,Small GNN
O=C(S)CCCCC(=O)S,<ACYCLIC>,-1.7325999736785889,-0.8755218982696533,0.8570780754089355,0.8570780754089355,test,random,Small GNN
O=C(c1ccc(F)cc1)c1ccc(F)cc1,O=C(c1ccccc1)c1ccccc1,-4.3966522216796875,-5.268743515014648,-0.8720912933349609,0.8720912933349609,test,random,Small GNN
O=C(c1ccccc1)c1cccc(N=C=S)c1,O=C(c1ccccc1)c1ccccc1,-5.400000095367432,-5.124761581420898,0.2752385139465332,0.2752385139465332,test,random,Small GNN
O=C1/C(=N/Nc2ccc3c(S(=O)(=O)O)cccc3c2S(=O)(=O)O)C(S(=O)(=O)O)=Cc2cc(S(=O)(=O)O)cc(Nc3nc(Cl)nc(Nc4cccc(S(=O)(=O)CCOS(=O)(=O)O)c4)n3)c21,O=C1C(=NNc2ccc3ccccc3c2)C=Cc2cccc(Nc3ncnc(Nc4ccccc4)n3)c21,-0.41089773178100586,-0.9183557033538818,-0.507457971572876,0.507457971572876,test,random,Small GNN
O=C1C(Cl)=C(Cl)C(=O)c2ccccc21,O=C1C=CC(=O)c2ccccc21,-5.023776531219482,-5.325092315673828,-0.3013157844543457,0.3013157844543457,test,random,Small GNN
O=C1C(O)=C(C2CCC(c3ccc(Cl)cc3)CC2)C(=O)c2ccccc21,O=C1C=C(C2CCC(c3ccccc3)CC2)C(=O)c2ccccc21,-5.931000232696533,-4.952908992767334,0.9780912399291992,0.9780912399291992,test,random,Small GNN
O=C1C2(Cl)C3(Cl)C4(Cl)C(Cl)(Cl)C5(Cl)C3(Cl)C1(Cl)C5(Cl)C24Cl,O=C1C2C3C4CC5C3C1C5C42,-5.259399890899658,-7.483589172363281,-2.224189281463623,2.224189281463623,test,random,Small GNN
O=C1C2CC=CCC2C(=O)N1SC(Cl)(Cl)C(Cl)Cl,O=C1NC(=O)C2CC=CCC12,-5.3968000411987305,-4.698506832122803,0.6982932090759277,0.6982932090759277,test,random,Small GNN
O=C1C=CC=C/C1=C/NNC(=O)c1ccncc1,O=C1C=CC=CC1=CNNC(=O)c1ccncc1,-3.683500051498413,-2.3432846069335938,1.3402154445648193,1.3402154445648193,test,random,Small GNN
O=C1C=Cc2cc(S(=O)(=O)O)ccc2/C1=N\Nc1ccc(N=Nc2ccc(Nc3ccccc3)c(S(=O)(=O)O)c2)c2ccccc12,O=C1C=Cc2ccccc2C1=NNc1ccc(N=Nc2ccc(Nc3ccccc3)cc2)c2ccccc12,-1.0156300067901611,-2.443418502807617,-1.427788496017456,1.427788496017456,test,random,Small GNN
O=C1CC(C(=O)O)Cc2ccccc21,O=C1CCCc2ccccc21,-2.103100061416626,-1.5992357730865479,0.5038642883300781,0.5038642883300781,test,random,Small GNN
O=C1CCCCCCCCCCC(=O)OCCO1,O=C1CCCCCCCCCCC(=O)OCCO1,-3.5337584018707275,-1.176846981048584,2.3569114208221436,2.3569114208221436,test,random,Small GNN
O=C1CCCCCCCN1,O=C1CCCCCCCN1,0.6328999996185303,-0.9938279390335083,-1.6267279386520386,1.6267279386520386,test,random,Small GNN
O=C1CCCCCN1C(=O)Nc1ccc(Cc2ccc(NC(=O)N3CCCCCC3=O)cc2)cc1,O=C1CCCCCN1C(=O)Nc1ccc(Cc2ccc(NC(=O)N3CCCCCC3=O)cc2)cc1,-7.763261318206787,-5.032565593719482,2.7306957244873047,2.7306957244873047,test,random,Small GNN
O=C1CNC(=O)c2cc(Cl)ccc2N1,O=C1CNC(=O)c2ccccc2N1,-3.049999952316284,-2.3331122398376465,0.7168877124786377,0.7168877124786377,test,random,Small GNN
O=C1COc2ccccc2N1,O=C1COc2ccccc2N1,-2.5715999603271484,-1.8469980955123901,0.7246018648147583,0.7246018648147583,test,random,Small GNN
O=C1Cc2cc(CCCl)c(Cl)cc2N1,O=C1Cc2ccccc2N1,-4.777574062347412,-4.677801609039307,0.09977245330810547,0.09977245330810547,test,random,Small GNN
O=C1NC(=O)C(c2ccc(O)cc2)N1,O=C1NC(=O)C(c2ccccc2)N1,-2.173105001449585,-2.091503620147705,0.08160138130187988,0.08160138130187988,test,random,Small GNN
O=C1NC(=O)C2(CC2)C(=O)N1,O=C1NC(=O)C2(CC2)C(=O)N1,-1.8899999856948853,-2.250422716140747,-0.3604227304458618,0.3604227304458618,test,random,Small GNN
O=C1NCCN1CCO,O=C1NCCN1,0.877677321434021,0.2549011707305908,-0.6227761507034302,0.6227761507034302,test,random,Small GNN
O=C1OC(=O)c2ccccc21,O=C1OC(=O)c2ccccc21,-1.3644249439239502,-2.4468576908111572,-1.082432746887207,1.082432746887207,test,random,Small GNN
O=C1c2c(O)ccc(O)c2C(=O)c2c(NCCNCCO)ccc(NCCNCCO)c21,O=C1c2ccccc2C(=O)c2ccccc21,-1.8387999534606934,-2.438082695007324,-0.5992827415466309,0.5992827415466309,test,random,Small GNN
O=C1c2ccc(O)cc2C(=O)c2ccc(O)cc21,O=C1c2ccccc2C(=O)c2ccccc21,-5.889200210571289,-3.8411808013916016,2.0480194091796875,2.0480194091796875,test,random,Small GNN
O=C1c2cccc(O)c2C(=O)c2c(O)cccc21,O=C1c2ccccc2C(=O)c2ccccc21,-5.190000057220459,-4.038256645202637,1.1517434120178223,1.1517434120178223,test,random,Small GNN
O=C1c2ccccc2/C(=N/O)C1[N+](=O)[O-],N=C1CC(=O)c2ccccc21,-2.680000066757202,-3.54512619972229,-0.8651261329650879,0.8651261329650879,test,random,Small GNN
O=C1c2ccccc2C(=O)c2c(NCCCOCCOCCO)ccc(NCCCOCCOCCO)c21,O=C1c2ccccc2C(=O)c2ccccc21,0.057188697159290314,-3.510160446166992,-3.5673491433262825,3.5673491433262825,test,random,Small GNN
O=C1c2ccccc2C(=O)c2c1ccc1[nH]c(-c3cc(Cl)c(-c4nc5c6c(ccc5[nH]4)C(=O)c4ccccc4C6=O)cc3Cl)nc21,O=C1c2ccccc2C(=O)c2c1ccc1[nH]c(-c3ccc(-c4nc5c6c(ccc5[nH]4)C(=O)c4ccccc4C6=O)cc3)nc21,-4.524775981903076,-7.36505126953125,-2.840275287628174,2.840275287628174,test,random,Small GNN
O=C1c2ccccc2C(=O)c2ccccc21,O=C1c2ccccc2C(=O)c2ccccc21,-6.039760589599609,-5.430561065673828,0.6091995239257812,0.6091995239257812,test,random,Small GNN
O=CNC(N1C=CN(C(NC=O)C(Cl)(Cl)Cl)C=C1)C(Cl)(Cl)Cl,C1=CNC=CN1,-4.190000057220459,-2.247917413711548,1.9420826435089111,1.9420826435089111,test,random,Small GNN
O=Cc1cc(O)ccc1O,c1ccccc1,-1.0003999471664429,-0.9985331296920776,0.0018668174743652344,0.0018668174743652344,test,random,Small GNN
O=Cc1ccc(B(O)O)cc1,c1ccccc1,-2.2673847675323486,-1.0822558403015137,1.185128927230835,1.185128927230835,test,random,Small GNN
O=Cc1ccc(O)c(C(=O)O)c1,c1ccccc1,-2.6354000568389893,-1.4217565059661865,1.2136435508728027,1.2136435508728027,test,random,Small GNN
O=Cc1ccc(O)c([N+](=O)[O-])c1,c1ccccc1,-2.951200008392334,-1.7422771453857422,1.2089228630065918,1.2089228630065918,test,random,Small GNN
O=Cc1cccc([N+](=O)[O-])c1,c1ccccc1,-1.9800000190734863,-1.9206557273864746,0.05934429168701172,0.05934429168701172,test,random,Small GNN
O=Cc1ccccc1C=O,c1ccccc1,-1.340000033378601,-1.395519495010376,-0.0555194616317749,0.0555194616317749,test,random,Small GNN
O=Cc1ccccc1O[C@@H]1O[C@H](CO)[C@@H](O)[C@H](O)[C@H]1O,c1ccc(OC2CCCCO2)cc1,-1.1985000371932983,-1.2902454137802124,-0.09174537658691406,0.09174537658691406,test,random,Small GNN
O=P(OC(Cl)CCCl)(OC(Cl)CCCl)OC(Cl)CCCl,<ACYCLIC>,-3.634399890899658,-3.878605365753174,-0.24420547485351562,0.24420547485351562,test,random,Small GNN
O=P12OB(O1)O2,O=P12OB(O1)O2,-2.8690757751464844,-2.9629013538360596,-0.0938255786895752,0.0938255786895752,test,random,Small GNN
O=S(=O)(F)C(F)(F)C(F)(F)C(F)(F)C(F)(F)F,<ACYCLIC>,-6.042384147644043,-4.802770137786865,1.2396140098571777,1.2396140098571777,test,random,Small GNN
O=S(=O)(Nc1cccc(Cl)c1Cl)c1ccccc1,O=S(=O)(Nc1ccccc1)c1ccccc1,-4.730000019073486,-5.587549209594727,-0.8575491905212402,0.8575491905212402,test,random,Small GNN
O=S(=O)(Nc1cccnc1Cl)c1ccccc1,O=S(=O)(Nc1cccnc1)c1ccccc1,-3.759999990463257,-3.839052677154541,-0.07905268669128418,0.07905268669128418,test,random,Small GNN
O=S(=O)(O)C(F)(F)C(F)(F)C(F)(F)C(F)(F)C(F)(F)C(F)(F)C(F)(F)C(F)(F)F,<ACYCLIC>,-0.07218089699745178,-3.0547609329223633,-2.9825800359249115,2.9825800359249115,test,random,Small GNN
O=S(=O)(O)C[C@@H](O)CNc1ccccc1,c1ccccc1,0.11878448724746704,0.24357891082763672,0.12479442358016968,0.12479442358016968,test,random,Small GNN
O=S1(=O)NCc2ccccc21,O=S1(=O)NCc2ccccc21,-1.520799994468689,-2.0463898181915283,-0.5255898237228394,0.5255898237228394,test,random,Small GNN
O=[N+](O)OCCCCCCCO[N+](=O)O,<ACYCLIC>,-3.4000000953674316,-3.8805782794952393,-0.4805781841278076,0.4805781841278076,test,random,Small GNN
O=[N+]([O-])C(Br)(CO)CO,<ACYCLIC>,0.12713085114955902,-0.06269621849060059,-0.1898270696401596,0.1898270696401596,test,random,Small GNN
O=[N+]([O-])C(CO)(CO)CO,<ACYCLIC>,0.8209999799728394,0.4672577381134033,-0.35374224185943604,0.35374224185943604,test,random,Small GNN
O=[N+]([O-])OCC(O)CO[N+](=O)[O-],<ACYCLIC>,-0.3659999966621399,-1.2859094142913818,-0.9199094176292419,0.9199094176292419,test,random,Small GNN
O=[N+]([O-])c1c(Cl)cc(Cl)cc1Cl,c1ccccc1,-4.559100151062012,-4.551669597625732,0.007430553436279297,0.007430553436279297,test,random,Small GNN
O=[N+]([O-])c1cc(Cl)ccc1O,c1ccccc1,-3.0901999473571777,-2.203688144683838,0.8865118026733398,0.8865118026733398,test,random,Small GNN
O=[N+]([O-])c1cc([N+](=O)[O-])c2ccc(S(=O)(=O)O)cc2c1O,c1ccc2ccccc2c1,-2.5399999618530273,-1.5226846933364868,1.0173152685165405,1.0173152685165405,test,random,Small GNN
O=[N+]([O-])c1cc2c(cc1CO)OCO2,c1ccc2c(c1)OCO2,-3.059999942779541,-2.456425428390503,0.6035745143890381,0.6035745143890381,test,random,Small GNN
O=[N+]([O-])c1ccc(-c2nc3ccccc3[nH]2)o1,c1coc(-c2nc3ccccc3[nH]2)c1,-3.890000104904175,-3.850343704223633,0.03965640068054199,0.03965640068054199,test,random,Small GNN
O=[N+]([O-])c1ccc(Nc2ccc(N=Nc3cc(N=Nc4cc(S(=O)(=O)O)cc5cc(S(=O)(=O)O)c(N=Nc6ccc(Nc7ccc([N+](=O)[O-])cc7S(=O)(=O)O)cc6)c(O)c45)c(O)cc3O)cc2)c(S(=O)(=O)O)c1,c1ccc(Nc2ccc(N=Nc3cccc(N=Nc4cccc5ccc(N=Nc6ccc(Nc7ccccc7)cc6)cc45)c3)cc2)cc1,-0.7667514681816101,-1.7478822469711304,-0.9811307787895203,0.9811307787895203,test,random,Small GNN
O=[N+]([O-])c1cccc(CO)c1,c1ccccc1,-2.4142000675201416,-1.4507628679275513,0.9634371995925903,0.9634371995925903,test,random,Small GNN
O=[p+]1oc2ccccc2c2ccccc21,O=[p+]1oc2ccccc2c2ccccc21,-1.7796231508255005,-1.3581957817077637,0.4214273691177368,0.4214273691177368,test,random,Small GNN
O=c1[nH]c(CN2CCCC2)c(Br)c(=O)[nH]1,O=c1cc(CN2CCCC2)[nH]c(=O)[nH]1,-1.7799999713897705,-2.5072085857391357,-0.7272086143493652,0.7272086143493652,test,random,Small GNN
O=c1[nH]c2c(c(=O)n1C1CCCCC1)CCC2,O=c1[nH]c2c(c(=O)n1C1CCCCC1)CCC2,-4.591599941253662,-3.9809489250183105,0.6106510162353516,0.6106510162353516,test,random,Small GNN
O=c1[nH]c2ccccc2[nH]c1=O,O=c1[nH]c2ccccc2[nH]c1=O,-2.812000036239624,-2.6605260372161865,0.1514739990234375,0.1514739990234375,test,random,Small GNN
O=c1[nH]cncc1Br,O=c1ccnc[nH]1,-0.4471000134944916,-0.13885498046875,0.3082450330257416,0.3082450330257416,test,random,Small GNN
O=c1c2ccccc2nc2n1CCC2O,O=c1c2ccccc2nc2n1CCC2,-2.0999999046325684,-3.15744948387146,-1.0574495792388916,1.0574495792388916,test,random,Small GNN
O=c1cc[nH]cc1,O=c1cc[nH]cc1,1.0218000411987305,0.14956927299499512,-0.8722307682037354,0.8722307682037354,test,random,Small GNN
O=c1cccc2n1CC1CNCC2C1,O=c1cccc2n1CC1CNCC2C1,0.36000001430511475,-1.4213093519210815,-1.7813093662261963,1.7813093662261963,test,random,Small GNN
O=c1n(CC2CO2)c(=O)n(CC2CO2)c(=O)n1CC1CO1,O=c1n(CC2CO2)c(=O)n(CC2CO2)c(=O)n1CC1CO1,-1.4954230785369873,-2.896010398864746,-1.4005873203277588,1.4005873203277588,test,random,Small GNN
O=c1nc(-c2ccccc2)[nH]c(-c2ccccc2)n1,O=c1nc(-c2ccccc2)[nH]c(-c2ccccc2)n1,-5.493585109710693,-3.4459571838378906,2.0476279258728027,2.0476279258728027,test,random,Small GNN
O=c1ncc2[nH]cnc2[nH]1,O=c1ncc2[nH]cnc2[nH]1,-1.7136000394821167,-1.8141090869903564,-0.10050904750823975,0.10050904750823975,test,random,Small GNN
O=c1oc(=O)c2cc3c(=O)oc(=O)c3cc12,O=c1oc(=O)c2cc3c(=O)oc(=O)c3cc12,-1.4062217473983765,-4.278573513031006,-2.8723517656326294,2.8723517656326294,test,random,Small GNN
OC(=S)COc1ccc(Cl)cc1Cl,c1ccccc1,-2.690000057220459,-2.787492275238037,-0.09749221801757812,0.09749221801757812,test,random,Small GNN
OC(CCN1CCCCC1)(c1ccccc1)C1CCCCC1,c1ccc(C(CCN2CCCCC2)C2CCCCC2)cc1,-5.199999809265137,-3.7090868949890137,1.490912914276123,1.490912914276123,test,random,Small GNN
OC1CCCCCCCCCCC1,C1CCCCCCCCCCC1,-3.9891176223754883,-3.088287353515625,0.9008302688598633,0.9008302688598633,test,random,Small GNN
OCC(Cl)(Cl)Cl,<ACYCLIC>,-0.25369998812675476,-0.2055797576904297,0.04812023043632507,0.04812023043632507,test,random,Small GNN
OCC(O)C1OC(Oc2ccccc2)C(O)C(O)C1O,c1ccc(OC2CCCCO2)cc1,-1.5536999702453613,-1.1654434204101562,0.3882565498352051,0.3882565498352051,test,random,Small GNN
OCCCCl,<ACYCLIC>,0.4223000109195709,0.5836565494537354,0.16135653853416443,0.16135653853416443,test,random,Small GNN
OCCN1CCN(CCCN2c3ccccc3Sc3ccc(C(F)(F)F)cc32)CC1,c1ccc2c(c1)Sc1ccccc1N2CCCN1CCNCC1,-4.148799896240234,-3.750048875808716,0.39875102043151855,0.39875102043151855,test,random,Small GNN
OCCNc1ccccc1,c1ccccc1,-0.47450000047683716,-0.9189956188201904,-0.44449561834335327,0.44449561834335327,test,random,Small GNN
OCCOCC(COCCO)OCCO,<ACYCLIC>,0.6492617130279541,0.42006754875183105,-0.22919416427612305,0.22919416427612305,test,random,Small GNN
OC[C@@H](O)[C@@H](O)C(O)[C@H](O)[C@@H](O)CO,<ACYCLIC>,-0.5170000195503235,0.6090364456176758,1.1260364651679993,1.1260364651679993,test,random,Small GNN
OCc1ccc(Br)cc1,c1ccccc1,-1.9294999837875366,-1.3687885999679565,0.5607113838195801,0.5607113838195801,test,random,Small GNN
OCc1ccco1,c1ccoc1,1.0082999467849731,0.508885383605957,-0.4994145631790161,0.4994145631790161,test,random,Small GNN
OCc1nc2ncncc2[nH]1,c1ncc2[nH]cnc2n1,-1.5199999809265137,-1.5329694747924805,-0.012969493865966797,0.012969493865966797,test,random,Small GNN
O[B-](O)(F)F,<ACYCLIC>,-0.7243471145629883,1.175731897354126,1.9000790119171143,1.9000790119171143,test,random,Small GNN
Oc1cc(O)c2ccccc2c1,c1ccc2ccccc2c1,-1.9493000507354736,-2.5269391536712646,-0.577639102935791,0.577639102935791,test,random,Small GNN
Oc1cc2ccccc2cc1O,c1ccc2ccccc2c1,-2.7376999855041504,-2.5648555755615234,0.17284440994262695,0.17284440994262695,test,random,Small GNN
Oc1ccc(-c2ccccc2)cc1,c1ccc(-c2ccccc2)cc1,-3.4811999797821045,-2.6225457191467285,0.858654260635376,0.858654260635376,test,random,Small GNN
Oc1ccc(Cl)c(Cl)c1Cl,c1ccccc1,-2.6700000762939453,-2.74564266204834,-0.07564258575439453,0.07564258575439453,test,random,Small GNN
Oc1ccc(Cl)c(O)c1,c1ccccc1,-1.0705676078796387,-0.7852046489715576,0.28536295890808105,0.28536295890808105,test,random,Small GNN
Oc1ccc2ccccc2c1,c1ccc2ccccc2c1,-2.280900001525879,-2.9349024295806885,-0.6540024280548096,0.6540024280548096,test,random,Small GNN
Oc1cccc(Cl)c1,c1ccccc1,-0.7099999785423279,-1.0782915353775024,-0.36829155683517456,0.36829155683517456,test,random,Small GNN
Oc1cccc2ccnnc12,c1ccc2nnccc2c1,-2.408900022506714,-1.7624359130859375,0.6464641094207764,0.6464641094207764,test,random,Small GNN
Oc1ccccc1-c1ccccc1,c1ccc(-c2ccccc2)cc1,-2.506711721420288,-2.5506739616394043,-0.04396224021911621,0.04396224021911621,test,random,Small GNN
Oc1ccccc1Cl,c1ccccc1,-0.7538391947746277,-1.0549747943878174,-0.3011355996131897,0.3011355996131897,test,random,Small GNN
S=C=Nc1ccc2ccccc2c1Br,c1ccc2ccccc2c1,-4.320000171661377,-5.938775062561035,-1.6187748908996582,1.6187748908996582,test,random,Small GNN
S=c1[nH]c2ccccc2s1,S=c1[nH]c2ccccc2s1,-3.1515049934387207,-3.4038333892822266,-0.25232839584350586,0.25232839584350586,test,random,Small GNN
S=c1[nH]sc(=S)[nH]1,S=c1[nH]sc(=S)[nH]1,-1.7618000507354736,-2.892279863357544,-1.1304798126220703,1.1304798126220703,test,random,Small GNN
[Co],<ACYCLIC>,-5.117146015167236,-3.7118239402770996,1.4053220748901367,1.4053220748901367,test,random,Small GNN
[Ir],<ACYCLIC>,-9.98276138305664,-3.7118239402770996,6.270937442779541,6.270937442779541,test,random,Small GNN
[O-2],<ACYCLIC>,-7.2551164627075195,-0.4229166507720947,6.832199811935425,6.832199811935425,test,random,Small GNN
[O-][n+]1ccccc1,c1cc[nH+]cc1,1.0218000411987305,1.2956006526947021,0.2738006114959717,0.2738006114959717,test,random,Small GNN
[Sn],<ACYCLIC>,-7.472431182861328,-3.7118239402770996,3.7606072425842285,3.7606072425842285,test,random,Small GNN
c1cc(-c2ccncc2)ccn1,c1cc(-c2ccncc2)ccn1,-1.537600040435791,-0.8587114810943604,0.6788885593414307,0.6788885593414307,test,random,Small GNN
c1cc(N(CC2CO2)CC2CO2)ccc1OCC1CO1,c1cc(N(CC2CO2)CC2CO2)ccc1OCC1CO1,-1.9192347526550293,-4.209656238555908,-2.290421485900879,2.290421485900879,test,random,Small GNN
c1ccc(-c2ccc(-c3ccccc3)cc2)cc1,c1ccc(-c2ccc(-c3ccccc3)cc2)cc1,-6.183335781097412,-4.710397720336914,1.472938060760498,1.472938060760498,test,random,Small GNN
c1ccc(-c2nc3ncncc3[nH]2)cc1,c1ccc(-c2nc3ncncc3[nH]2)cc1,-3.059999942779541,-3.0090343952178955,0.05096554756164551,0.05096554756164551,test,random,Small GNN
c1ccc(C(c2ccccc2)(c2ccccc2)N2CCOCC2)cc1,c1ccc(C(c2ccccc2)(c2ccccc2)N2CCOCC2)cc1,-7.216800212860107,-3.403972625732422,3.8128275871276855,3.8128275871276855,test,random,Small GNN
c1ccc(CCOC2CCCCC2)cc1,c1ccc(CCOC2CCCCC2)cc1,-2.4180901050567627,-4.04089879989624,-1.6228086948394775,1.6228086948394775,test,random,Small GNN
c1ccc(CNc2ncnc3[nH]cnc23)cc1,c1ccc(CNc2ncnc3[nH]cnc23)cc1,-3.5999999046325684,-3.122704267501831,0.4772956371307373,0.4772956371307373,test,random,Small GNN
c1ccc(Cn2ccnc2)cc1,c1ccc(Cn2ccnc2)cc1,-2.259999990463257,-1.0887480974197388,1.171251893043518,1.171251893043518,test,random,Small GNN
c1ccc(Nc2ccc3ccccc3c2)cc1,c1ccc(Nc2ccc3ccccc3c2)cc1,-5.495914936065674,-6.115553379058838,-0.6196384429931641,0.6196384429931641,test,random,Small GNN
c1ccc2c(c1)CCC2,c1ccc2c(c1)CCC2,-3.035099983215332,-3.8913941383361816,-0.8562941551208496,0.8562941551208496,test,random,Small GNN
c1ccc2c(c1)[nH]c1ccccc12,c1ccc2c(c1)[nH]c1ccccc12,-5.210427761077881,-4.732011318206787,0.47841644287109375,0.47841644287109375,test,random,Small GNN
c1ccc2c(c1)ccc1[nH]c3ccc4ccccc4c3c12,c1ccc2c(c1)ccc1[nH]c3ccc4ccccc4c3c12,-6.627699851989746,-6.496455669403076,0.13124418258666992,0.13124418258666992,test,random,Small GNN
c1ccc2c(c1)ccc1cc3ccc4ccccc4c3cc12,c1ccc2c(c1)ccc1cc3ccc4ccccc4c3cc12,-8.43179988861084,-7.112717628479004,1.319082260131836,1.319082260131836,test,random,Small GNN
c1ccc2cc3c4ccccc4c4ccccc4c3cc2c1,c1ccc2cc3c4ccccc4c4ccccc4c3cc2c1,-8.240500450134277,-6.699926376342773,1.540574073791504,1.540574073791504,test,random,Small GNN
c1ccc2nc(-c3ccc4ccccc4n3)ccc2c1,c1ccc2nc(-c3ccc4ccccc4n3)ccc2c1,-5.400199890136719,-4.320822715759277,1.0793771743774414,1.0793771743774414,test,random,Small GNN
c1ccc2sc(SN(C3CCCCC3)C3CCCCC3)nc2c1,c1ccc2sc(SN(C3CCCCC3)C3CCCCC3)nc2c1,-6.788599967956543,-5.174282550811768,1.6143174171447754,1.6143174171447754,test,random,Small GNN
