smiles,scaffold,y_true,y_pred,residual,abs_error,partition,split_method,model
B12B3B4B1C234,B12B3B4B1C234,-4.742403030395508,-8.727815628051758,-3.98541259765625,3.98541259765625,val,scaffold,Small GNN
C#CC1(O)CCC2C3CCC4=Cc5oncc5CC4(C)C3CCC21C,C1=C2CCC3C4CCCC4CCC3C2Cc2cnoc21,-5.510000228881836,-4.738722324371338,0.771277904510498,0.771277904510498,val,scaffold,Small GNN
C#CC1(OC(=O)c2ccc(Oc3ccccc3)cc2)CCC2C3CCC4=CC(=O)CCC4C3CCC21C,O=C1C=C2CCC3C(CCC4C(OC(=O)c5ccc(Oc6ccccc6)cc5)CCC43)C2CC1,-6.840000152587891,-5.746411323547363,1.0935888290405273,1.0935888290405273,val,scaffold,Small GNN
C#CC1(OC(=O)c2ccccc2)CCC2C3CCC4=CC(=O)CCC4C3CCC21C,O=C1C=C2CCC3C(CCC4C(OC(=O)c5ccccc5)CCC43)C2CC1,-7.75,-5.295790672302246,2.454209327697754,2.454209327697754,val,scaffold,Small GNN
C#CCC1=C(C)C(OC(=O)[C@H]2[C@H](C=C(C)C)C2(C)C)CC1=O,O=C1C=CC(OC(=O)C2CC2)C1,-4.5746002197265625,-5.211154937744141,-0.6365547180175781,0.6365547180175781,val,scaffold,Small GNN
C#CCN1C(=O)COc2cc(F)c(N3C(=O)C4=C(CCCC4)C3=O)cc21,O=C1COc2ccc(N3C(=O)C4=C(CCCC4)C3=O)cc2N1,-5.296599864959717,-5.8378801345825195,-0.5412802696228027,0.5412802696228027,val,scaffold,Small GNN
C#CCOC(=O)C(C)Oc1ccc(Oc2ncc(Cl)cc2F)cc1,c1ccc(Oc2ccccn2)cc1,-5.150000095367432,-4.80890417098999,0.3410959243774414,0.3410959243774414,val,scaffold,Small GNN
C#CCOC(=O)[C@@H](C)Oc1ccc(Oc2ncc(Cl)cc2F)cc1,c1ccc(Oc2ccccn2)cc1,-4.941699981689453,-4.80890417098999,0.1327958106994629,0.1327958106994629,val,scaffold,Small GNN
C(=C/CSc1nnc(-c2ccccc2)c(-c2ccccc2)n1)\CSc1nnc(-c2ccccc2)c(-c2ccccc2)n1,C(=CCSc1nnc(-c2ccccc2)c(-c2ccccc2)n1)CSc1nnc(-c2ccccc2)c(-c2ccccc2)n1,-7.025125503540039,-4.666896820068359,2.3582286834716797,2.3582286834716797,val,scaffold,Small GNN
C(=C/c1ccccc1)\CN1CCN(C(c2ccccc2)c2ccccc2)CC1,C(=Cc1ccccc1)CN1CCN(C(c2ccccc2)c2ccccc2)CC1,-4.199999809265137,-3.837273359298706,0.36272644996643066,0.36272644996643066,val,scaffold,Small GNN
C(=C/c1ccccc1)\c1ccccc1,C(=Cc1ccccc1)c1ccccc1,-5.790500164031982,-5.153752326965332,0.6367478370666504,0.6367478370666504,val,scaffold,Small GNN
C(CCOCC1CO1)COCC1CO1,C(CCOCC1CO1)COCC1CO1,-0.5608137249946594,-0.26667189598083496,0.29414182901382446,0.29414182901382446,val,scaffold,Small GNN
C/C=C(\C)C(=O)OC1C(OC(C)=O)C2(CO)C(O)CC3(C)C(=CCC4C5(C)CCC(OC6OC(C(=O)O)C(OC7OC(CO)C(O)C(O)C7O)C(O)C6OC6OC(CO)C(O)C(O)C6O)C(C)(CO)C5CCC43C)C2CC1(C)C,C1=C2C3CCCCC3CCC2C2CCC3CC(OC4OCC(OC5CCCCO5)CC4OC4CCCCO4)CCC3C2C1,-1.1031036376953125,-2.752671957015991,-1.6495683193206787,1.6495683193206787,val,scaffold,Small GNN
C/C=C(\C)C(=O)O[C@H]1C[C@@H](OC(C)=O)[C@@]2(C(=O)OC)CO[C@H]3[C@@H](O)[C@@](C)([C@]45O[C@@]4(C)[C@H]4C[C@@H]5O[C@@H]5OC=C[C@@]54O)[C@H]4[C@]1(CO[C@]4(O)C(=O)OC)[C@@H]32,C1=CC2C(O1)OC1CC2C2OC12C1CC2OCC3CCCC4(COCC14)C32,-3.4428000450134277,-3.095461845397949,0.3473381996154785,0.3473381996154785,val,scaffold,Small GNN
C/C=C\C(=O)O[C@@H]1C[C@H]2O[C@@H]3C=C(C)C(=O)C[C@]3(C)[C@]1(C)[C@@]21CO1,O=C1C=CC2OC3CCC(C2C1)C31CO1,-2.919600009918213,-3.6413516998291016,-0.7217516899108887,0.7217516899108887,val,scaffold,Small GNN
C1=CC(c2ccc(C3CC=CCC3)cc2)CCC1,C1=CC(c2ccc(C3CC=CCC3)cc2)CCC1,-6.591928958892822,-5.060899257659912,1.5310297012329102,1.5310297012329102,val,scaffold,Small GNN
C1=CCC=CC1,C1=CCC=CC1,-2.0587000846862793,-3.200131893157959,-1.1414318084716797,1.1414318084716797,val,scaffold,Small GNN
C1=CCCCCC1,C1=CCCCCC1,-3.180000066757202,-4.016626358032227,-0.8366262912750244,0.8366262912750244,val,scaffold,Small GNN
C1=CC[C@@H](c2cccnc2)NC1,C1=CCC(c2cccnc2)NC1,0.7953000068664551,-0.505866289138794,-1.301166296005249,1.301166296005249,val,scaffold,Small GNN
C1=C\CCCCCC/1,C1=CCCCCCC1,-3.7703399658203125,-4.112603187561035,-0.34226322174072266,0.34226322174072266,val,scaffold,Small GNN
C1CCC([Sn](C2CCCCC2)C2CCCCC2)CC1,C1CCC([Sn](C2CCCCC2)C2CCCCC2)CC1,-5.590000152587891,-5.628758430480957,-0.038758277893066406,0.038758277893066406,val,scaffold,Small GNN
C1CCCNCC1,C1CCCNCC1,-0.49000000953674316,-0.13783001899719238,0.3521699905395508,0.3521699905395508,val,scaffold,Small GNN
C1CCNC1,C1CCNC1,1.149999976158142,0.8845303058624268,-0.26546967029571533,0.26546967029571533,val,scaffold,Small GNN
C1COC2(C1)CCCO2,C1COC2(C1)CCCO2,-0.10779999941587448,-1.6923348903656006,-1.584534890949726,1.584534890949726,val,scaffold,Small GNN
C1CSCCS1,C1CSCCS1,-1.6029000282287598,-0.3240368366241455,1.2788631916046143,1.2788631916046143,val,scaffold,Small GNN
C1NNCN2CNNCN12,C1NNCN2CNNCN12,-0.012799999676644802,-0.9322738647460938,-0.919473865069449,0.919473865069449,val,scaffold,Small GNN
C=C(Br)C(=O)Nc1ccc(NNC2=C3C(=O)C=C(S(=O)(=O)O)C=C3C=CC2=N)c(S(=O)(=O)O)c1,N=C1C=CC2=CC=CC(=O)C2=C1NNc1ccccc1,-1.6785331964492798,-0.9306700229644775,0.7478631734848022,0.7478631734848022,val,scaffold,Small GNN
C=C(Br)C(=O)Nc1ccc(NNC2=C3C(=O)C=C(S(=O)(=O)O)C=C3C=CC2=NC)c(S(=O)(=O)O)c1,N=C1C=CC2=CC=CC(=O)C2=C1NNc1ccccc1,-1.9476531744003296,-0.9590269327163696,0.98862624168396,0.98862624168396,val,scaffold,Small GNN
C=C(Br)C(=O)Nc1ccc(S(=O)(=O)O)c(N=NC2C(=O)N(c3cc(Cl)c(S(=O)(=O)O)cc3Cl)N=C2C)c1,O=C1C(N=Nc2ccccc2)C=NN1c1ccccc1,-0.5501700043678284,-1.5725483894348145,-1.022378385066986,1.022378385066986,val,scaffold,Small GNN
C=C(C)C(=O)OCCN1CCNC1=O,O=C1NCCN1,0.7028481364250183,-1.5107296705245972,-2.2135778069496155,2.2135778069496155,val,scaffold,Small GNN
C=C(CC(C)(C)c1ccccc1)c1ccccc1,C=C(CCc1ccccc1)c1ccccc1,-6.011842250823975,-4.918496131896973,1.093346118927002,1.093346118927002,val,scaffold,Small GNN
C=C/C=C\CC1=C(C)[C@@H](OC(=O)[C@@H]2[C@@H](/C=C(\C)C(=O)OC)C2(C)C)CC1=O,O=C1C=CC(OC(=O)C2CC2)C1,-4.616799831390381,-4.8358073234558105,-0.2190074920654297,0.2190074920654297,val,scaffold,Small GNN
C=C/C=C\CC1=C(C)[C@@H](OC(=O)[C@@H]2[C@@H](C=C(C)C)C2(C)C)CC1=O,O=C1C=CC(OC(=O)C2CC2)C1,-6.2154998779296875,-5.277233123779297,0.9382667541503906,0.9382667541503906,val,scaffold,Small GNN
C=C1C2CCC(C)(OCC)C1CCC2(C)C,C=C1C2CCCC1CCC2,-4.7342963218688965,-2.8136372566223145,1.920659065246582,1.920659065246582,val,scaffold,Small GNN
C=C1CC/C=C(\C)CC[C@@H]2[C@@H]1CC2(C)C,C=C1CCC=CCCC2CCC12,-6.33726167678833,-4.324310302734375,2.012951374053955,2.012951374053955,val,scaffold,Small GNN
C=C1CCC(C)=CCCC=C(C)CC[C@@H]1C(C)=O,C=C1CCC=CCCC=CCCC1,-5.449126243591309,-2.4942779541015625,2.954848289489746,2.954848289489746,val,scaffold,Small GNN
C=CC(=O)OCC1(CC)COCOC1,C1COCOC1,-1.3330549001693726,-2.0155513286590576,-0.6824964284896851,0.6824964284896851,val,scaffold,Small GNN
C=CCC1=C(C)C(OC(=O)C2C(C=C(C)C)C2(C)C)CC1=O,O=C1C=CC(OC(=O)C2CC2)C1,-4.81790018081665,-5.162708282470703,-0.34480810165405273,0.34480810165405273,val,scaffold,Small GNN
C=CCN1CCC23c4c5ccc(O)c4OC2C(=O)CCC3(O)C1C5,O=C1CCC2C3Cc4cccc5c4C2(CCN3)C1O5,-3.390000104904175,-2.687058210372925,0.70294189453125,0.70294189453125,val,scaffold,Small GNN
C=CCN1CC[C@]23c4c5ccc(O)c4O[C@H]2C(=O)CC[C@@]3(O)[C@H]1C5,O=C1CCC2C3Cc4cccc5c4C2(CCN3)C1O5,-2.9000000953674316,-2.687058210372925,0.21294188499450684,0.21294188499450684,val,scaffold,Small GNN
C=CCOC(=O)C(C)(C)OC(=O)c1cc(-n2c(=O)cc(C(F)(F)F)n(C)c2=O)ccc1Cl,O=c1cc[nH]c(=O)n1-c1ccccc1,-4.676527976989746,-3.7883124351501465,0.8882155418395996,0.8882155418395996,val,scaffold,Small GNN
C=CCn1cnc2c(=O)[nH]c(Nc3ccccc3)nc21,O=c1[nH]c(Nc2ccccc2)nc2[nH]cnc12,-5.090000152587891,-4.122065544128418,0.9679346084594727,0.9679346084594727,val,scaffold,Small GNN
C=CN1CCCCCC1=O,O=C1CCCCCN1,-0.4507860839366913,-1.275126576423645,-0.8243404924869537,0.8243404924869537,val,scaffold,Small GNN
C=CN1CCN(C=C)C1=O,O=C1NCCN1,-1.1558864116668701,-1.480589747428894,-0.3247033357620239,0.3247033357620239,val,scaffold,Small GNN
C=C[C@H]1CN2CC[C@H]1C[C@H]2[C@@]12Nc3ccccc3[C@]1(O)CCO2,c1ccc2c(c1)NC1(C3CC4CCN3CC4)OCCC21,-2.670599937438965,-2.955399990081787,-0.28480005264282227,0.28480005264282227,val,scaffold,Small GNN
C=Cn1cc[n+](C)c1,c1c[nH+]c[nH]1,0.6570841073989868,0.1164398193359375,-0.5406442880630493,0.5406442880630493,val,scaffold,Small GNN
CC#Cc1cc(C)nc(Nc2ccccc2)n1,c1ccc(Nc2ncccn2)cc1,-4.599999904632568,-4.415378570556641,0.18462133407592773,0.18462133407592773,val,scaffold,Small GNN
CC(=O)C(N=Nc1ccc(N=Nc2c(S(=O)(=O)O)cc3c(c2N)C(=O)/C(=N/Nc2ccc(S(=O)(=O)O)c4ccccc24)C(S(=O)(=O)O)=C3)cc1)C(=O)Nc1ccccc1,O=C(CN=Nc1ccc(N=Nc2ccc3c(c2)C(=O)C(=NNc2cccc4ccccc24)C=C3)cc1)Nc1ccccc1,-2.2180283069610596,-1.5450506210327148,0.6729776859283447,0.6729776859283447,val,scaffold,Small GNN
CC(=O)C(N=Nc1ccccc1OCCOc1ccccc1N=NC(C(C)=O)C(=O)Nc1ccc2[nH]c(=O)[nH]c2c1)C(=O)Nc1ccc2[nH]c(=O)[nH]c2c1,O=C(CN=Nc1ccccc1OCCOc1ccccc1N=NCC(=O)Nc1ccc2[nH]c(=O)[nH]c2c1)Nc1ccc2[nH]c(=O)[nH]c2c1,-7.634485721588135,-6.926603317260742,0.7078824043273926,0.7078824043273926,val,scaffold,Small GNN
CC(=O)N1CCN(c2ccc(O)cc2)CC1,c1ccc(N2CCNCC2)cc1,-1.8179144859313965,-1.3298356533050537,0.4880788326263428,0.4880788326263428,val,scaffold,Small GNN
CC(=O)N1C[C@@H](O)C[C@H]1C(=O)O,C1CCNC1,0.3449927270412445,-0.23965692520141602,-0.5846496522426605,0.5846496522426605,val,scaffold,Small GNN
CC(=O)N=c1sc(S(N)(=O)=O)nn1C,N=c1[nH]ncs1,-1.9199999570846558,-2.2108869552612305,-0.2908869981765747,0.2908869981765747,val,scaffold,Small GNN
CC(=O)Nc1ccc(NNC2=C3C(=O)C=C(S(=O)(=O)O)C=C3C=CC2=N)c(C(F)(F)F)c1,N=C1C=CC2=CC=CC(=O)C2=C1NNc1ccccc1,-1.3288182020187378,-2.4227352142333984,-1.0939170122146606,1.0939170122146606,val,scaffold,Small GNN
CC(=O)Nc1ccc(S(=O)(=O)Nc2ccccn2)cc1,O=S(=O)(Nc1ccccn1)c1ccccc1,-3.716200113296509,-3.076281785964966,0.639918327331543,0.639918327331543,val,scaffold,Small GNN
CC(=O)Nc1nc2c(ncn2COCCO)c(=O)[nH]1,O=c1[nH]cnc2[nH]cnc12,-1.9199999570846558,-2.197935104370117,-0.2779351472854614,0.2779351472854614,val,scaffold,Small GNN
CC(=O)Nc1nc2c(ncn2COCCOC(C)=O)c(=O)[nH]1,O=c1[nH]cnc2[nH]cnc12,-2.140000104904175,-2.628133535385132,-0.48813343048095703,0.48813343048095703,val,scaffold,Small GNN
CC(=O)OC1CC(C)OC(C)O1,C1COCOC1,0.7590000033378601,-0.511760950088501,-1.270760953426361,1.270760953426361,val,scaffold,Small GNN
CC(=O)OC1CCC2C3CCC4CC(=O)CCC4(C)C3CCC12C,O=C1CCC2C(CCC3C4CCCC4CCC23)C1,-5.349999904632568,-4.526294708251953,0.8237051963806152,0.8237051963806152,val,scaffold,Small GNN
CC(=O)OCC(=O)C1(O)CCC2C3CCC4=CC(=O)C=CC4(C)C3C(=O)CC21C,O=C1C=CC2C(=C1)CCC1C3CCCC3CC(=O)C21,-4.239999771118164,-3.70048189163208,0.539517879486084,0.539517879486084,val,scaffold,Small GNN
CC(=O)OCC(=O)C1(O)CCC2C3CCC4=CC(=O)CCC4(C)C3C(=O)CC21C,O=C1C=C2CCC3C4CCCC4CC(=O)C3C2CC1,-4.210000038146973,-3.4972779750823975,0.7127220630645752,0.7127220630645752,val,scaffold,Small GNN
CC(=O)OCC(=O)[C@@]1(O)CC[C@H]2[C@@H]3CCC4=CC(=O)CC[C@]4(C)[C@H]3C(=O)C[C@@]21C,O=C1C=C2CCC3C4CCCC4CC(=O)C3C2CC1,-4.303699970245361,-3.4972779750823975,0.8064219951629639,0.8064219951629639,val,scaffold,Small GNN
CC(=O)OCC1=C(C(=O)O)N2C(=O)[C@@H](N)[C@H]2SC1,O=C1CC2SCC=CN12,-2.648977756500244,-1.8252038955688477,0.8237738609313965,0.8237738609313965,val,scaffold,Small GNN
CC(=O)OCCOCn1cnc2c(=O)[nH]c(N)nc21,O=c1[nH]cnc2[nH]cnc12,-2.700000047683716,-2.487096071243286,0.2129039764404297,0.2129039764404297,val,scaffold,Small GNN
CC(=O)O[C@H]1CC[C@H]2[C@@H]3CC[C@H]4CC(=O)C[C@H](C)[C@]4(C)[C@H]3CC[C@]12C,O=C1CCC2C(CCC3C4CCCC4CCC23)C1,-5.092558860778809,-4.588711738586426,0.5038471221923828,0.5038471221923828,val,scaffold,Small GNN
CC(=O)Oc1ccc(NC(=O)Nc2ccccc2)cc1,O=C(Nc1ccccc1)Nc1ccccc1,-4.440000057220459,-4.2496843338012695,0.19031572341918945,0.19031572341918945,val,scaffold,Small GNN
CC(=O)Oc1ccccc1C(=O)OCN1C(=O)CCC1=O,O=C(OCN1C(=O)CCC1=O)c1ccccc1,-2.7699999809265137,-2.8691306114196777,-0.09913063049316406,0.09913063049316406,val,scaffold,Small GNN
CC(=O)SC1CC2=CC(=O)CCC2(C)C2CCC3(C)C(CCC34CCC(=O)O4)C12,O=C1C=C2CCC3C(CCC4C3CCC43CCC(=O)O3)C2CC1,-4.28000020980835,-4.015063285827637,0.2649369239807129,0.2649369239807129,val,scaffold,Small GNN
CC(=O)S[C@@H]1CC2=CC(=O)CC[C@]2(C)[C@H]2CC[C@@]3(C)[C@@H](CC[C@@]34CCC(=O)O4)[C@H]12,O=C1C=C2CCC3C(CCC4C3CCC43CCC(=O)O3)C2CC1,-4.277299880981445,-4.015063285827637,0.2622365951538086,0.2622365951538086,val,scaffold,Small GNN
CC(=O)c1cc(Nc2nc(Nc3cc(C(C)=O)c(N)c4c3C(=O)c3ccccc3C4=O)nc(-c3ccccc3)n2)c2c(c1N)C(=O)c1ccccc1C2=O,O=C1c2ccccc2C(=O)c2c(Nc3nc(Nc4cccc5c4C(=O)c4ccccc4C5=O)nc(-c4ccccc4)n3)cccc21,-4.950431823730469,-7.104169845581055,-2.153738021850586,2.153738021850586,val,scaffold,Small GNN
CC(C(=O)O)c1ccc(C(=O)c2cccs2)cc1,O=C(c1ccccc1)c1cccs1,-2.0,-3.6590301990509033,-1.6590301990509033,1.6590301990509033,val,scaffold,Small GNN
CC(C)(C)C(=O)C(Oc1ccc(Cl)cc1)n1ccnc1,c1ccc(OCn2ccnc2)cc1,-3.703092575073242,-4.153788089752197,-0.4506955146789551,0.4506955146789551,val,scaffold,Small GNN
CC(C)(C)C(=O)C(Oc1ccc(Cl)cc1)n1cncn1,c1ccc(OCn2cncn2)cc1,-3.6136999130249023,-4.880526542663574,-1.2668266296386719,1.2668266296386719,val,scaffold,Small GNN
CC(C)(C)C(O)C(Oc1ccc(Cl)cc1)n1cncn1,c1ccc(OCn2cncn2)cc1,-3.3917999267578125,-4.5417656898498535,-1.149965763092041,1.149965763092041,val,scaffold,Small GNN
CC(C)(C)CC(C)(C)C1CCC(=N/O)/C(=N\O)C1,N=C1CCCCC1=N,-6.409999847412109,-2.3944056034088135,4.015594244003296,4.015594244003296,val,scaffold,Small GNN
CC(C)(C)CC(C)(C)N(c1ccccc1)c1cccc2ccccc12,c1ccc(Nc2cccc3ccccc23)cc1,-8.290038108825684,-5.74600887298584,2.5440292358398438,2.5440292358398438,val,scaffold,Small GNN
CC(C)(C)[C@@H](O)[C@H](Oc1ccc(Cl)cc1)n1cncn1,c1ccc(OCn2cncn2)cc1,-3.6786000728607178,-4.5417656898498535,-0.8631656169891357,0.8631656169891357,val,scaffold,Small GNN
CC(C)(C)[C@H](O)[C@H](Oc1ccc(Cl)cc1)n1cncn1,c1ccc(OCn2cncn2)cc1,-3.952399969100952,-4.5417656898498535,-0.5893657207489014,0.5893657207489014,val,scaffold,Small GNN
CC(C)(C)c1cc(C(C)(CC(=O)OCCOC(=O)CC(C)(c2ccc(O)c(C(C)(C)C)c2)c2ccc(O)c(C(C)(C)C)c2)c2ccc(O)c(C(C)(C)C)c2)ccc1O,O=C(CC(c1ccccc1)c1ccccc1)OCCOC(=O)CC(c1ccccc1)c1ccccc1,-6.201435565948486,-6.1258649826049805,0.07557058334350586,0.07557058334350586,val,scaffold,Small GNN
CC(C)(C)c1cc(CCC(=O)OCCCCCCOC(=O)CCc2cc(C(C)(C)C)c(O)c(C(C)(C)C)c2)cc(C(C)(C)C)c1O,O=C(CCc1ccccc1)OCCCCCCOC(=O)CCc1ccccc1,-8.106483459472656,-6.792462348937988,1.314021110534668,1.314021110534668,val,scaffold,Small GNN
CC(C)(C)c1cc(CCC(=O)OCCNC(=O)C(=O)NCCOC(=O)CCc2cc(C(C)(C)C)c(O)c(C(C)(C)C)c2)cc(C(C)(C)C)c1O,O=C(CCc1ccccc1)OCCNC(=O)C(=O)NCCOC(=O)CCc1ccccc1,-8.667095184326172,-5.767803192138672,2.8992919921875,2.8992919921875,val,scaffold,Small GNN
CC(C)(C)c1ccc(OP(Oc2ccc(C(C)(C)C)cc2C(C)(C)C)Oc2ccc(C(C)(C)C)cc2C(C)(C)C)c(C(C)(C)C)c1,c1ccc(OP(Oc2ccccc2)Oc2ccccc2)cc1,-8.111891746520996,-8.222521781921387,-0.11063003540039062,0.11063003540039062,val,scaffold,Small GNN
CC(C)(C)c1ccc(O[P@]2OCC3(CO[P@@](Oc4ccc(C(C)(C)C)cc4C(C)(C)C)OC3)CO2)c(C(C)(C)C)c1,c1ccc(OP2OCC3(CO2)COP(Oc2ccccc2)OC3)cc1,-6.813060760498047,-8.116996765136719,-1.3039360046386719,1.3039360046386719,val,scaffold,Small GNN
CC(C)(COC(=O)c1ccccc1)COC(=O)c1ccccc1,O=C(OCCCOC(=O)c1ccccc1)c1ccccc1,-5.422780513763428,-4.713699817657471,0.709080696105957,0.709080696105957,val,scaffold,Small GNN
CC(C)(COCc1cccc(Oc2ccccc2)c1)c1ccc(OC(F)(F)Br)cc1,c1ccc(CCOCc2cccc(Oc3ccccc3)c2)cc1,-9.979900360107422,-6.197328567504883,3.782571792602539,3.782571792602539,val,scaffold,Small GNN
CC(C)(O)[C@@H]1C2OC(=O)C1[C@]1(O)C[C@H]3O[C@]34C(=O)O[C@H]2[C@]14C,O=C1OC2CC1C1CC3OC34C(=O)OC2C14,-2.1672000885009766,-1.588592767715454,0.5786073207855225,0.5786073207855225,val,scaffold,Small GNN
CC(C)=NNC(=N)N1Cc2cccc3cccc(c23)C1,c1cc2c3c(cccc3c1)CNC2,-2.4800000190734863,-3.1272966861724854,-0.647296667098999,0.647296667098999,val,scaffold,Small GNN
CC(C)C(C(=O)OC(C#N)c1cccc(Oc2ccc(Br)cc2)c1)c1ccc(OC(F)F)cc1,O=C(Cc1ccccc1)OCc1cccc(Oc2ccccc2)c1,-8.173100471496582,-6.971724033355713,1.2013764381408691,1.2013764381408691,val,scaffold,Small GNN
CC(C)C(C(=O)OC(C#N)c1cccc(Oc2ccccc2)c1)c1ccc(Cl)cc1,O=C(Cc1ccccc1)OCc1cccc(Oc2ccccc2)c1,-7.2428998947143555,-6.820930480957031,0.4219694137573242,0.4219694137573242,val,scaffold,Small GNN
CC(C)C(C(=O)OC(C#N)c1cccc(Oc2ccccc2)c1)c1ccc(OC(F)F)cc1,O=C(Cc1ccccc1)OCc1cccc(Oc2ccccc2)c1,-6.876500129699707,-6.622671604156494,0.2538285255432129,0.2538285255432129,val,scaffold,Small GNN
CC(C)C1(C)N=C(c2nc3ccccc3cc2C(=O)O)NC1=O,O=C1CN=C(c2ccc3ccccc3n2)N1,-3.7200000286102295,-3.516286849975586,0.20371317863464355,0.20371317863464355,val,scaffold,Small GNN
CC(C)C1(C)N=C(c2ncccc2C(=O)O)NC1=O,O=C1CN=C(c2ccccn2)N1,-1.3640294075012207,-2.4652938842773438,-1.101264476776123,1.101264476776123,val,scaffold,Small GNN
CC(C)C1CCC(=NO)C(=NO)C1,N=C1CCCCC1=N,-2.3903000354766846,-1.7094944715499878,0.6808055639266968,0.6808055639266968,val,scaffold,Small GNN
CC(C)C1CCC(Cc2ccc(Cl)cc2)C1(O)Cn1cncn1,c1ccc(CC2CCCC2Cn2cncn2)cc1,-4.682799816131592,-4.088717460632324,0.5940823554992676,0.5940823554992676,val,scaffold,Small GNN
CC(C)C1OC2(CCCC2)OCC1(C)C,C1COC2(CCCC2)OC1,-3.5242438316345215,-4.241965293884277,-0.7177214622497559,0.7177214622497559,val,scaffold,Small GNN
CC(C)C1OCC2(CO1)COC(C(C)C)OC2,C1OCC2(CO1)COCOC2,-3.109999895095825,-3.645153045654297,-0.5351531505584717,0.5351531505584717,val,scaffold,Small GNN
CC(C)CC(NC(=O)CC(O)C(CC(C)C)NC(=O)C(Cc1c[nH]cn1)NC(=O)C(Cc1ccccc1)NC(=O)OC(C)(C)C)C(=O)NCC(N)c1ccccn1,O=C(CCCNC(=O)C(Cc1c[nH]cn1)NC(=O)CCc1ccccc1)NCC(=O)NCCc1ccccn1,-3.4000000953674316,-2.704293966293335,0.6957061290740967,0.6957061290740967,val,scaffold,Small GNN
CC(C)CC(NC(=O)CC(O)C(CC(C)C)NC(=O)C(Cc1c[nH]cn1)NC(=O)C(Cc1ccccc1)NC(=O)OC(C)(C)C)C(=O)NCc1cc[n+]([O-])cc1,O=C(CCCNC(=O)C(Cc1c[nH]cn1)NC(=O)CCc1ccccc1)NCC(=O)NCc1cc[nH+]cc1,-2.380000114440918,-2.868710517883301,-0.4887104034423828,0.4887104034423828,val,scaffold,Small GNN
CC(C)CC(NC(=O)CC(O)C(CC(C)C)NC(=O)C(Cc1c[nH]cn1)NC(=O)C(Cc1ccccc1)NC(=O)OC(C)(C)C)C(=O)NCc1ccncc1,O=C(CCCNC(=O)C(Cc1c[nH]cn1)NC(=O)CCc1ccccc1)NCC(=O)NCc1ccncc1,-3.359999895095825,-3.1263349056243896,0.23366498947143555,0.23366498947143555,val,scaffold,Small GNN
CC(C)CCCC(C)C1CCC2C3CCC4CC(C)(CCC=C(c5cc(Cl)c(O)c(C(=O)O)c5)c5cc(Cl)c(O)c(C(=O)O)c5)CCC4(C)C3CCC12C,C(CCC1CCC2C(CCC3C4CCCC4CCC23)C1)=C(c1ccccc1)c1ccccc1,-8.460000038146973,-5.550656318664551,2.909343719482422,2.909343719482422,val,scaffold,Small GNN
CC(C)CCCCCCCOP(=O)(Oc1ccccc1)Oc1ccccc1,O=[PH](Oc1ccccc1)Oc1ccccc1,-5.7164998054504395,-5.910765171051025,-0.19426536560058594,0.19426536560058594,val,scaffold,Small GNN
CC(C)CNC(=O)N1CCNC1=O,O=C1NCCN1,-2.1538000106811523,-1.8477846384048462,0.30601537227630615,0.30601537227630615,val,scaffold,Small GNN
CC(C)CNCc1cc2cc(S(N)(=O)=O)oc2s1,c1cc2ccsc2o1,-1.3300000429153442,-2.242466688156128,-0.9124666452407837,0.9124666452407837,val,scaffold,Small GNN
CC(C)COC(=O)n1c(-c2cscn2)nc2ccccc21,c1ccc2[nH]c(-c3cscn3)nc2c1,-4.170000076293945,-3.8937604427337646,0.27623963356018066,0.27623963356018066,val,scaffold,Small GNN
CC(C)N(CCC(C(N)=O)(c1ccccc1)c1ccccn1)C(C)C,c1ccc(Cc2ccccn2)cc1,-1.7000000476837158,-2.6501176357269287,-0.9501175880432129,0.9501175880432129,val,scaffold,Small GNN
CC(C)N1C(=O)N(c2ccccc2)CSC1=NC(C)(C)C,N=C1NC(=O)N(c2ccccc2)CS1,-5.530700206756592,-4.034285068511963,1.496415138244629,1.496415138244629,val,scaffold,Small GNN
CC(C)NC(=O)N1CC(=O)N(c2cc(Cl)cc(Cl)c2)C1=O,O=C1CNC(=O)N1c1ccccc1,-4.375699996948242,-3.8867342472076416,0.4889657497406006,0.4889657497406006,val,scaffold,Small GNN
CC(C)NCC1CCc2cc(CO)c([N+](=O)[O-])cc2N1,c1ccc2c(c1)CCCN2,-2.9700000286102295,-2.16508412361145,0.8049159049987793,0.8049159049987793,val,scaffold,Small GNN
CC(C)Nc1nc(Cl)nc(NC2CC2)n1,c1ncnc(NC2CC2)n1,-3.5185000896453857,-4.35378360748291,-0.8352835178375244,0.8352835178375244,val,scaffold,Small GNN
CC(C)OC(=O)C1(S(=O)(=O)c2ccc(Cl)cc2)CCCC1,O=S(=O)(c1ccccc1)C1CCCC1,-4.649799823760986,-3.835205316543579,0.8145945072174072,0.8145945072174072,val,scaffold,Small GNN
CC(C)OC(=O)C1(S(=O)(=O)c2ccc(Cl)cc2)CCCCCC1,O=S(=O)(c1ccccc1)C1CCCCCC1,-5.519999980926514,-3.9309821128845215,1.5890178680419922,1.5890178680419922,val,scaffold,Small GNN
CC(C)OC(=O)C1(S(=O)(=O)c2ccc([N+](=O)[O-])cc2)CCCCC1,O=S(=O)(c1ccccc1)C1CCCCC1,-4.8796000480651855,-3.6876959800720215,1.191904067993164,1.191904067993164,val,scaffold,Small GNN
CC(C)OC(=O)C1(S(=O)(=O)c2ccc([N+](=O)[O-])cc2)CCCCCC1,O=S(=O)(c1ccccc1)C1CCCCCC1,-5.0706000328063965,-3.7403910160064697,1.3302090167999268,1.3302090167999268,val,scaffold,Small GNN
CC(C)[C@@H](C(=O)O[C@@H](C#N)c1cccc(Oc2ccccc2)c1)c1ccc(Cl)cc1,O=C(Cc1ccccc1)OCc1cccc(Oc2ccccc2)c1,-8.322099685668945,-6.820930480957031,1.501169204711914,1.501169204711914,val,scaffold,Small GNN
CC(C)[C@@]12CC[C@@](C)(O1)[C@@H](O)C2,C1CC2CCC1O2,-0.28809264302253723,-2.222336769104004,-1.9342441260814667,1.9342441260814667,val,scaffold,Small GNN
CC(C)c1cccc(C(C)C)c1N=C=Nc1c(C(C)C)cccc1C(C)C,C(=Nc1ccccc1)=Nc1ccccc1,-6.860411167144775,-6.448172569274902,0.41223859786987305,0.41223859786987305,val,scaffold,Small GNN
CC(C1CC1)C(O)(Cn1cncn1)c1ccc(Cl)cc1,c1ccc(C(CC2CC2)Cn2cncn2)cc1,-3.3189001083374023,-4.688614845275879,-1.3697147369384766,1.3697147369384766,val,scaffold,Small GNN
CC(COC(=O)c1ccccc1)OC(=O)c1ccccc1,O=C(OCCOC(=O)c1ccccc1)c1ccccc1,-4.567302703857422,-3.8876471519470215,0.6796555519104004,0.6796555519104004,val,scaffold,Small GNN
CC(O)C(O)c1cnc2[nH]c(N)nc(=O)c2n1,O=c1nc[nH]c2nccnc12,-2.530100107192993,-2.616766929626465,-0.08666682243347168,0.08666682243347168,val,scaffold,Small GNN
CC(Oc1ccc(Oc2nc3ccc(Cl)cc3o2)cc1)C(=O)O,c1ccc(Oc2nc3ccccc3o2)cc1,-3.0920000076293945,-4.552302360534668,-1.4603023529052734,1.4603023529052734,val,scaffold,Small GNN
CC(Oc1ccc2ccccc2c1)C(=O)Nc1ccccc1,O=C(COc1ccc2ccccc2c1)Nc1ccccc1,-5.589399814605713,-5.622563362121582,-0.03316354751586914,0.03316354751586914,val,scaffold,Small GNN
CC(c1cc2ccccc2s1)N(O)C(N)=O,c1ccc2sccc2c1,-3.369999885559082,-3.231379985809326,0.13861989974975586,0.13861989974975586,val,scaffold,Small GNN
CC(c1ccccc1)c1cc(C(=O)O)c(O)c(C(C)c2ccccc2)c1,c1ccc(Cc2cccc(Cc3ccccc3)c2)cc1,-3.9244091510772705,-4.529870510101318,-0.6054613590240479,0.6054613590240479,val,scaffold,Small GNN
CC/C(=C(/CC)c1ccc(O)cc1)c1ccc(O)cc1,C(=Cc1ccccc1)c1ccccc1,-4.3495001792907715,-3.5380239486694336,0.8114762306213379,0.8114762306213379,val,scaffold,Small GNN
CC1(C(=O)O)NCCc2cc(O)c(O)cc21,c1ccc2c(c1)CCNC2,-0.75,-1.6335375308990479,-0.8835375308990479,0.8835375308990479,val,scaffold,Small GNN
CC1(C)C(=O)C(=O)C2CCC1C2,O=C1CC2CCC(C2)C1=O,-1.5199999809265137,-0.8086550235748291,0.7113449573516846,0.7113449573516846,val,scaffold,Small GNN
CC1(C)CC(=O)CC(C)(C)N1[O],O=C1CCNCC1,0.10341254621744156,-0.7251904010772705,-0.8286029472947121,0.8286029472947121,val,scaffold,Small GNN
CC1(C)CCC(Cc2ccc(Cl)cc2)C1(O)Cn1cncn1,c1ccc(CC2CCCC2Cn2cncn2)cc1,-4.328800201416016,-3.7637293338775635,0.5650708675384521,0.5650708675384521,val,scaffold,Small GNN
CC1(C)CCC2(CCC(C)(C)O2)O1,C1COC2(C1)CCCO2,-1.964400053024292,-3.813163995742798,-1.8487639427185059,1.8487639427185059,val,scaffold,Small GNN
CC1(C)CN=C(NN=C(/C=C/c2ccc(C(F)(F)F)cc2)/C=C/c2ccc(C(F)(F)F)cc2)NC1,C(=Cc1ccccc1)C(C=Cc1ccccc1)=NNC1=NCCCN1,-7.915999889373779,-6.5849175453186035,1.3310823440551758,1.3310823440551758,val,scaffold,Small GNN
CC1(C)N=C(c2ccccc2)NC1=O,O=C1CN=C(c2ccccc2)N1,-0.8500000238418579,-2.691084146499634,-1.8410841226577759,1.8410841226577759,val,scaffold,Small GNN
CC1(C)OCC(COC(=O)c2ccccc2C(=O)O)O1,O=C(OCC1COCO1)c1ccccc1,-1.2300000190734863,-2.004788875579834,-0.7747888565063477,0.7747888565063477,val,scaffold,Small GNN
CC1(C)SC2C(NC(=O)C(N)c3ccc(N)cc3)C(=O)N2C1c1nnn[nH]1,O=C(Cc1ccccc1)NC1C(=O)N2C(c3nnn[nH]3)CSC12,-1.5700000524520874,-2.168274402618408,-0.5982743501663208,0.5982743501663208,val,scaffold,Small GNN
CC1(C)SC2C(NC(=O)C(N)c3ccc(O)cc3)C(=O)N2C1C(=O)O,O=C(Cc1ccccc1)NC1C(=O)N2CCSC12,-2.1700000762939453,-1.9705321788787842,0.19946789741516113,0.19946789741516113,val,scaffold,Small GNN
CC1(C)SC2C(NC(=O)C(N)c3ccccc3)C(=O)N2C1C(=O)O,O=C(Cc1ccccc1)NC1C(=O)N2CCSC12,-1.9900000095367432,-1.9731132984161377,0.01688671112060547,0.01688671112060547,val,scaffold,Small GNN
CC1(C)SC2C(NC(=O)COc3ccccc3)C(=O)N2C1C(=O)O,O=C(COc1ccccc1)NC1C(=O)N2CCSC12,-2.809999942779541,-2.5207509994506836,0.2892489433288574,0.2892489433288574,val,scaffold,Small GNN
CC1(C)SC2C(NC(=O)Cc3ccccc3)C(=O)N2C1C(=O)O,O=C(Cc1ccccc1)NC1C(=O)N2CCSC12,-1.6299999952316284,-2.5001113414764404,-0.870111346244812,0.870111346244812,val,scaffold,Small GNN
CC1(C)SCC(COC(N)=O)S1,C1CSCS1,-2.2200000286102295,-1.2028508186340332,1.0171492099761963,1.0171492099761963,val,scaffold,Small GNN
CC1(C)S[C@@H]2[C@H](N)C(=O)N2[C@H]1C(=O)O,O=C1CC2SCCN12,-1.944045066833496,-1.7843114137649536,0.15973365306854248,0.15973365306854248,val,scaffold,Small GNN
CC1(C)S[C@@H]2[C@H](NC(=O)[C@H](N)c3ccccc3)C(=O)N2[C@H]1C(=O)O,O=C(Cc1ccccc1)NC1C(=O)N2CCSC12,-1.5390164852142334,-1.9731132984161377,-0.4340968132019043,0.4340968132019043,val,scaffold,Small GNN
CC1(C2CCC3C4=CC=C5CC6(CCC5(C)C4CCC32C)OCCO6)OCCO1,C1=C2CC3(CCC2C2CCC4C(CCC4C4OCCO4)C2=C1)OCCO3,-6.700119495391846,-5.086294174194336,1.6138253211975098,1.6138253211975098,val,scaffold,Small GNN
CC1(O)CC(C)(O)OO1,C1COOC1,0.5714408159255981,0.04877138137817383,-0.5226694345474243,0.5226694345474243,val,scaffold,Small GNN
CC12C(=O)OC(=O)C1(C)C1CCC2O1,O=C1OC(=O)C2C3CCC(O3)C12,-3.819999933242798,-1.4131402969360352,2.4068596363067627,2.4068596363067627,val,scaffold,Small GNN
CC12C=CC(=O)C=C1CCC1C2C(=O)CC2(C)C1CCC2(O)C(=O)CO,O=C1C=CC2C(=C1)CCC1C3CCCC3CC(=O)C21,-3.4800000190734863,-3.1506729125976562,0.3293271064758301,0.3293271064758301,val,scaffold,Small GNN
CC12C=CC(=O)C=C1CCC1C2CCC2(C)C(=O)CCC12,O=C1C=CC2C(=C1)CCC1C2CCC2C(=O)CCC21,-2.8204596042633057,-4.4520955085754395,-1.6316359043121338,1.6316359043121338,val,scaffold,Small GNN
CC12C=CCC1C1CCC3CC(=O)CCC3(C)C1CC2,O=C1CCC2C(CCC3C4CC=CC4CCC23)C1,-6.070000171661377,-4.9912567138671875,1.0787434577941895,1.0787434577941895,val,scaffold,Small GNN
CC12CC(C)(NC(=O)N1)NC(=O)N2,O=C1NC2CC(N1)NC(=O)N2,-2.0899999141693115,-1.1527198553085327,0.9372800588607788,0.9372800588607788,val,scaffold,Small GNN
CC12CC1(C)C(=O)N(c1cc(Cl)cc(Cl)c1)C2=O,O=C1C2CC2C(=O)N1c1ccccc1,-4.800300121307373,-6.023950099945068,-1.2236499786376953,1.2236499786376953,val,scaffold,Small GNN
CC12CCC(=O)C=C1CCC1C2C(=O)CC2(C)C1CCC2(O)C(=O)CO,O=C1C=C2CCC3C4CCCC4CC(=O)C3C2CC1,-3.109999895095825,-2.9206418991088867,0.18935799598693848,0.18935799598693848,val,scaffold,Small GNN
CC12CCC(=O)C=C1CCC1C2CCC2(C)C(OC(=O)c3ccccc3)CCC12,O=C1C=C2CCC3C(CCC4C(OC(=O)c5ccccc5)CCC43)C2CC1,-4.480000019073486,-5.443804740905762,-0.9638047218322754,0.9638047218322754,val,scaffold,Small GNN
CC12CCC(=O)CC1CCC1C2CCC2(C)C(OC=O)CCC12,O=C1CCC2C(CCC3C4CCCC4CCC23)C1,-5.320000171661377,-4.397692680358887,0.9223074913024902,0.9223074913024902,val,scaffold,Small GNN
CC12CCC3(O)C(CCC4=CC(=O)CCC43C)C1CCC2=O,O=C1C=C2CCC3C4CCC(=O)C4CCC3C2CC1,-2.680000066757202,-3.661405563354492,-0.98140549659729,0.98140549659729,val,scaffold,Small GNN
CC12CCC3C(CCC4=CC(=O)CCC43C)C1CCC2=O,O=C1C=C2CCC3C4CCC(=O)C4CCC3C2CC1,-3.700000047683716,-4.25591516494751,-0.555915117263794,0.555915117263794,val,scaffold,Small GNN
CC12CCC3C(CCC4CC(=O)CCC43C)C1CCC2O,O=C1CCC2C(CCC3C4CCCC4CCC23)C1,-4.739999771118164,-4.1161041259765625,0.6238956451416016,0.6238956451416016,val,scaffold,Small GNN
CC12CCc3c(ccc4cc(O)ccc34)C1CCC2=O,O=C1CCC2c3ccc4ccccc4c3CCC12,-4.960000038146973,-4.217678070068359,0.7423219680786133,0.7423219680786133,val,scaffold,Small GNN
CC1=C(/C=C/C(C)=C/C=C/C(C)=C/C=C/C=C(C)/C=C/C=C(C)/C=C/C2=C(C)CCCC2(C)C)C(C)(C)CCC1,C(=CC=CC=CC=CC=CC1=CCCCC1)C=CC=CC=CC=CC1=CCCCC1,-7.553792476654053,-6.35476016998291,1.1990323066711426,1.1990323066711426,val,scaffold,Small GNN
CC1=C(C(=O)O)N2C(=O)C(N)C2SC1,O=C1CC2SCC=CN12,-3.0453553199768066,-1.738962173461914,1.3063931465148926,1.3063931465148926,val,scaffold,Small GNN
CC1=C2C(O)C3C(CC(C)C2CC1=O)OC(=O)C3C,O=C1C=C2CC3CC(=O)OC3CCC2C1,-1.9500000476837158,-1.2265119552612305,0.7234880924224854,0.7234880924224854,val,scaffold,Small GNN
CC1=C2CC(C=O)C(C1)C(C(C)C)C2,C1=C2CCC(C1)CC2,-3.8508543968200684,-2.7084243297576904,1.142430067062378,1.142430067062378,val,scaffold,Small GNN
CC1=C2[C@@H](O)[C@@H]3[C@H](C)C(=O)O[C@@H]3C[C@H](C)[C@H]2CC1=O,O=C1C=C2CC3CC(=O)OC3CCC2C1,-1.9450000524520874,-1.2265119552612305,0.7184880971908569,0.7184880971908569,val,scaffold,Small GNN
CC1=CC(=O)CC(=O)O1,O=C1C=COC(=O)C1,-1.118499994277954,-0.3730638027191162,0.7454361915588379,0.7454361915588379,val,scaffold,Small GNN
CC1=CC(=O)c2ccccc2C1=O,O=C1C=CC(=O)c2ccccc21,-3.031899929046631,-3.382354736328125,-0.35045480728149414,0.35045480728149414,val,scaffold,Small GNN
CC1=CC=C[NH+2]([O-])C1,C1=CC[NH2+2]C=C1,0.9621000289916992,-0.585975170135498,-1.5480751991271973,1.5480751991271973,val,scaffold,Small GNN
CC1=CCC(C(C)C)=CC1,C1=CCC=CC1,-4.195799827575684,-4.523741722106934,-0.32794189453125,0.32794189453125,val,scaffold,Small GNN
CC1=CCC2C(=O)OC(=O)C2C1,O=C1OC(=O)C2CC=CCC12,-1.099994421005249,-1.1357852220535278,-0.03579080104827881,0.03579080104827881,val,scaffold,Small GNN
CC1=CCCN1C,C1=CNCC1,0.1264999955892563,-0.4156193733215332,-0.5421193689107895,0.5421193689107895,val,scaffold,Small GNN
CC1=NN(c2cc(Cl)c(S(=O)(=O)O)cc2Cl)C(=O)C1N=Nc1ccc(S(=O)(=O)O)cc1,O=C1C(N=Nc2ccccc2)C=NN1c1ccccc1,-0.6605427861213684,-1.2245618104934692,-0.5640190243721008,0.5640190243721008,val,scaffold,Small GNN
CC1=NN(c2ccc(S(=O)(=O)O)cc2)C(=O)C1N=Nc1ccccc1C(=O)O,O=C1C(N=Nc2ccccc2)C=NN1c1ccccc1,-1.4913150072097778,-2.383359432220459,-0.8920444250106812,0.8920444250106812,val,scaffold,Small GNN
CC1=NN(c2ccccc2)C(=O)C1N=Nc1ccccc1,O=C1C(N=Nc2ccccc2)C=NN1c1ccccc1,-7.541446685791016,-5.433023929595947,2.1084227561950684,2.1084227561950684,val,scaffold,Small GNN
CC1C(=O)CCC2C(O)CCC(O)C12,O=C1CCC2CCCCC2C1,-0.30000001192092896,-0.6140644550323486,-0.3140644431114197,0.3140644431114197,val,scaffold,Small GNN
CC1C(NC(=O)/C(=N\OC(C)(C)C(=O)O)c2csc(N)n2)C(=O)N1S(=O)(=O)O,N=C(C(=O)NC1CNC1=O)c1cscn1,-1.6399999856948853,-1.7320092916488647,-0.09200930595397949,0.09200930595397949,val,scaffold,Small GNN
CC1C=CCC2C(=O)OC(=O)C12,O=C1OC(=O)C2CC=CCC12,-0.7362684607505798,-1.2810250520706177,-0.5447565913200378,0.5447565913200378,val,scaffold,Small GNN
CC1CC(C)(C)OC(Cc2ccccc2)O1,c1ccc(CC2OCCCO2)cc1,-2.744685411453247,-3.3760807514190674,-0.6313953399658203,0.6313953399658203,val,scaffold,Small GNN
CC1CC(C)(c2ccccc2)CO1,c1ccc(C2CCOC2)cc1,-2.4332380294799805,-2.886092185974121,-0.4528541564941406,0.4528541564941406,val,scaffold,Small GNN
CC1CC(C)C(=O)C(C(O)CC2CC(=O)NC(=O)C2)C1,O=C1CC(CCC2CCCCC2=O)CC(=O)N1,-1.1299999952316284,-0.9381272792816162,0.1918727159500122,0.1918727159500122,val,scaffold,Small GNN
CC1CCC(=O)N1c1ccccc1,O=C1CCCN1c1ccccc1,-0.8457000255584717,-2.859492301940918,-2.0137922763824463,2.0137922763824463,val,scaffold,Small GNN
CC1CCC(C(C)C)C2(C1)OCC(CO)O2,C1CCC2(CC1)OCCO2,-2.279385566711426,-2.2872557640075684,-0.007870197296142578,0.007870197296142578,val,scaffold,Small GNN
CC1CCC(C(C)C)c2nc(NS(=O)(=O)c3ccc(N)cc3)ncc21,O=S(=O)(Nc1ncc2c(n1)CCCC2)c1ccccc1,-4.179999828338623,-4.33734130859375,-0.15734148025512695,0.15734148025512695,val,scaffold,Small GNN
CC1CCC(C)C(=NO)C1=NO,N=C1CCCCC1=N,-1.3200000524520874,-1.8839664459228516,-0.5639663934707642,0.5639663934707642,val,scaffold,Small GNN
CC1CCC2(CCC(C)O2)O1,C1COC2(C1)CCCO2,-0.4487000107765198,-2.686983346939087,-2.238283336162567,2.238283336162567,val,scaffold,Small GNN
CC1CCCC(=NO)C1=NO,N=C1CCCCC1=N,-1.591599941253662,-1.663088321685791,-0.0714883804321289,0.0714883804321289,val,scaffold,Small GNN
CC1CCCC(OC2CCCC(C)O2)O1,C1CCC(OC2CCCCO2)OC1,-1.108299970626831,-2.8167977333068848,-1.7084977626800537,1.7084977626800537,val,scaffold,Small GNN
CC1CCCCCCCCCCCCC(=O)C1,O=C1CCCCCCCCCCCCCC1,-5.743865013122559,-3.1375904083251953,2.6062746047973633,2.6062746047973633,val,scaffold,Small GNN
CC1CCc2c(N3CCC(O)CC3)c(F)cc3c(=O)c(C(=O)O)cn1c23,O=c1ccn2c3c(c(N4CCCCC4)ccc13)CCC2,-3.7799999713897705,-4.070098876953125,-0.2900989055633545,0.2900989055633545,val,scaffold,Small GNN
CC1CN(c2c(F)c(N)c3c(=O)c(C(=O)O)cn(C4CC4)c3c2F)CC(C)N1,O=c1ccn(C2CC2)c2cc(N3CCNCC3)ccc12,-3.369999885559082,-3.9463281631469727,-0.5763282775878906,0.5763282775878906,val,scaffold,Small GNN
CC1COC2CC3(C)C(CC4C5C=C6CC(O)CCC6(C)CC5CCC43C)OC2C1,C1=C2CCCCC2CC2CCC3C4CC5OCCCC5OC4CC3C12,-7.320000171661377,-4.18874979019165,3.1312503814697266,3.1312503814697266,val,scaffold,Small GNN
CC1COCc2cc3c(cc21)C(C)(C)C(C)C3(C)C,c1c2c(cc3c1CCOC3)CCC2,-5.169300079345703,-5.2646379470825195,-0.0953378677368164,0.0953378677368164,val,scaffold,Small GNN
CC1NC(=O)c2ccccc2N(CC(O)C(O)C(O)CO)C1=O,O=C1CNC(=O)c2ccccc2N1,-1.5099999904632568,-1.7251181602478027,-0.2151181697845459,0.2151181697845459,val,scaffold,Small GNN
CC1NC(=O)c2ccccc2NC1=O,O=C1CNC(=O)c2ccccc2N1,-2.380000114440918,-2.3011820316314697,0.07881808280944824,0.07881808280944824,val,scaffold,Small GNN
CC1OC(C)OC(C)OC(C)O1,C1OCOCOCO1,-2.8996999263763428,0.12378597259521484,3.0234858989715576,3.0234858989715576,val,scaffold,Small GNN
CC1OC(n2ccc(NC(=O)c3ccc(NC(=O)C(C)(N)CO)cc3)nc2=O)CCC1OC1OC(C)C(N(C)C)C(O)C1O,O=C(Nc1ccn(C2CCC(OC3CCCCO3)CO2)c(=O)n1)c1ccccc1,-2.4904000759124756,-2.084531784057617,0.4058682918548584,0.4058682918548584,val,scaffold,Small GNN
CCC(=C(CC)c1ccc(O)cc1)c1ccc(O)cc1,C(=Cc1ccccc1)c1ccccc1,-4.349999904632568,-3.5380239486694336,0.8119759559631348,0.8119759559631348,val,scaffold,Small GNN
CCC(=O)N(c1ccccc1)C1(COC)CCN(CCc2cccs2)CC1,c1ccc(NC2CCN(CCc3cccs3)CC2)cc1,-3.706399917602539,-2.9810969829559326,0.7253029346466064,0.7253029346466064,val,scaffold,Small GNN
CCC(=O)N(c1ccccc1)C1CCN(Cc2ccccc2)CC1,c1ccc(CN2CCC(Nc3ccccc3)CC2)cc1,-3.415043354034424,-2.7376155853271484,0.6774277687072754,0.6774277687072754,val,scaffold,Small GNN
CCC(C)(C)C1CCC(=NO)C(=NO)C1,N=C1CCCCC1=N,-3.9651999473571777,-1.9758222103118896,1.989377737045288,1.989377737045288,val,scaffold,Small GNN
CCC(C)C1NC(=O)C(Cc2c[nH]c3ccccc23)NC(=O)C2CCCN2C(=O)C(Cc2c[nH]cn2)NC(=O)C2CCCCN2C(=O)C2CCC=NN2C1=O,O=C1NCC(=O)N2N=CCCC2C(=O)N2CCCCC2C(=O)NC(Cc2c[nH]cn2)C(=O)N2CCCC2C(=O)NC1Cc1c[nH]c2ccccc12,-2.5999999046325684,-2.315791606903076,0.2842082977294922,0.2842082977294922,val,scaffold,Small GNN
CCC/C(=N\OCC)C1=C(O)CC(C2CCCSC2)CC1=O,O=C1C=CCC(C2CCCSC2)C1,-3.5799999237060547,-2.36630916595459,1.2136907577514648,1.2136907577514648,val,scaffold,Small GNN
CCC1(C)OC(=O)NC1=O,O=C1COC(=O)N1,0.0203000009059906,-1.0378010272979736,-1.0581010282039642,1.0581010282039642,val,scaffold,Small GNN
CCC1(C)OOC(C)(CC)OOC(C)(CC)OO1,C1OOCOOCOO1,-4.3048553466796875,-2.5889415740966797,1.7159137725830078,1.7159137725830078,val,scaffold,Small GNN
CCC1(C2=CCC3CCC2C3)C(=O)NC(=O)NC1=O,O=C1NC(=O)C(C2=CCC3CCC2C3)C(=O)N1,-2.696000099182129,-3.3465399742126465,-0.6505398750305176,0.6505398750305176,val,scaffold,Small GNN
CCC1(CC=C2CCCc3cc(OC)ccc32)C(=O)CCC1O,O=C1CCCC1CC=C1CCCc2ccccc21,-4.122768878936768,-3.919201135635376,0.2035677433013916,0.2035677433013916,val,scaffold,Small GNN
CCC1(CO)COCOC1,C1COCOC1,0.8350942134857178,-0.4406723976135254,-1.2757666110992432,1.2757666110992432,val,scaffold,Small GNN
CCC1(N2CCCCC2)C(=O)NC(=O)NC1=O,O=C1NC(=O)C(N2CCCCC2)C(=O)N1,-2.1561999320983887,-1.5922802686691284,0.5639196634292603,0.5639196634292603,val,scaffold,Small GNN
CCC1(c2ccccc2)C(=O)NC(=S)NC1=O,O=C1NC(=S)NC(=O)C1c1ccccc1,-3.5799999237060547,-3.0032098293304443,0.5767900943756104,0.5767900943756104,val,scaffold,Small GNN
CCC1(c2ccccc2)C(=O)NCNC1=O,O=C1NCNC(=O)C1c1ccccc1,-2.640000104904175,-2.219400644302368,0.42059946060180664,0.42059946060180664,val,scaffold,Small GNN
CCC1(c2ccccc2)NC(=O)NC1=O,O=C1NC(=O)C(c2ccccc2)N1,-2.640000104904175,-2.8893723487854004,-0.24937224388122559,0.24937224388122559,val,scaffold,Small GNN
CCC12CC[C@H]3[C@@H](CCC4=CC(=O)CC[C@@H]43)[C@@H]1CCC2=O,O=C1C=C2CCC3C4CCC(=O)C4CCC3C2CC1,-3.732719898223877,-4.234543323516846,-0.5018234252929688,0.5018234252929688,val,scaffold,Small GNN
CCC1CCC(=NO)C(=NO)C1,N=C1CCCCC1=N,-1.8300000429153442,-1.5450869798660278,0.2849130630493164,0.2849130630493164,val,scaffold,Small GNN
CCC1NC(=O)c2cc(S(N)(=O)=O)c(Cl)cc2N1,O=C1NCNc2ccccc21,-3.285900115966797,-2.587144374847412,0.6987557411193848,0.6987557411193848,val,scaffold,Small GNN
CCCC1CCC(C2CCC(c3ccc(-c4cc(F)c(F)c(F)c4)c(F)c3)CC2)CC1,c1ccc(-c2ccc(C3CCC(C4CCCCC4)CC3)cc2)cc1,-6.636031150817871,-5.593703269958496,1.042327880859375,1.042327880859375,val,scaffold,Small GNN
CCCC1CCC(c2ccc(-c3ccc(CC)cc3)cc2)CC1,c1ccc(-c2ccc(C3CCCCC3)cc2)cc1,-7.185390472412109,-5.72013521194458,1.4652552604675293,1.4652552604675293,val,scaffold,Small GNN
CCCCC(CC)COP(=O)(Oc1ccccc1)Oc1ccccc1,O=[PH](Oc1ccccc1)Oc1ccccc1,-5.280399799346924,-6.0381669998168945,-0.7577672004699707,0.7577672004699707,val,scaffold,Small GNN
CCCCC(Cc1cc(C(C)(C)C)c(O)c(C(C)(C)C)c1)(C(=O)OC1CC(C)(C)N(C)C(C)(C)C1)C(=O)OC1CC(C)(C)N(C)C(C)(C)C1,O=C(OC1CCNCC1)C(Cc1ccccc1)C(=O)OC1CCNCC1,-5.835720539093018,-4.9075093269348145,0.9282112121582031,0.9282112121582031,val,scaffold,Small GNN
CCCCC1OC(C)CC(C)(C)O1,C1COCOC1,-2.4532973766326904,-2.8337490558624268,-0.38045167922973633,0.38045167922973633,val,scaffold,Small GNN
CCCCCCCCCCCCCCCC(=O)O[C@@H]1C[C@@H](C(=O)O)N(C(=O)CCCCCCCCCCCCCCC)C1,C1CCNC1,-5.783875942230225,-6.169184684753418,-0.38530874252319336,0.38530874252319336,val,scaffold,Small GNN
CCCCCCCCCCCCCCCCCCn1c(=O)c2ccc3sc4ccccc4c4ccc(c1=O)c2c34,O=c1[nH]c(=O)c2ccc3c4ccccc4sc4ccc1c2c43,-7.966789245605469,-6.871689796447754,1.0950994491577148,1.0950994491577148,val,scaffold,Small GNN
CCCCCCCCCCCCCCCCOc1ccccc1C(=O)CC(=O)Nc1nc(-c2ccccc2)cs1,O=C(CC(=O)c1ccccc1)Nc1nc(-c2ccccc2)cs1,-4.8472795486450195,-6.605716705322266,-1.758437156677246,1.758437156677246,val,scaffold,Small GNN
CCCCCCCCCCCCCCCC[n+]1ccccc1,c1cc[nH+]cc1,-0.48614954948425293,-3.62672758102417,-3.140578031539917,3.140578031539917,val,scaffold,Small GNN
CCCCCCCCCCCC[n+]1ccccc1,c1cc[nH+]cc1,-0.4539105296134949,-2.5865237712860107,-2.132613241672516,2.132613241672516,val,scaffold,Small GNN
CCCCCCCCN=c1ccn(CCCCCCCCCCn2ccc(=NCCCCCCCC)cc2)cc1,N=c1ccn(CCCCCCCCCCn2ccc(=N)cc2)cc1,-1.6427862644195557,-5.901385307312012,-4.258599042892456,4.258599042892456,val,scaffold,Small GNN
CCCCCCCCOP(=O)(Oc1ccccc1)Oc1ccccc1,O=[PH](Oc1ccccc1)Oc1ccccc1,-6.413099765777588,-5.720541954040527,0.6925578117370605,0.6925578117370605,val,scaffold,Small GNN
CCCCCCOc1ccc(-c2nc(-c3ccccc3)nc(-c3ccccc3)n2)c(O)c1,c1ccc(-c2nc(-c3ccccc3)nc(-c3ccccc3)n2)cc1,-9.151810646057129,-5.62700080871582,3.5248098373413086,3.5248098373413086,val,scaffold,Small GNN
CCCCCCOc1ccc(C(=NO)c2ccccc2)c(O)c1,N=C(c1ccccc1)c1ccccc1,-3.4700000286102295,-4.684934616088867,-1.2149345874786377,1.2149345874786377,val,scaffold,Small GNN
CCCCN(c1nc(NCCCN(CCN(CCCNc2nc(N(CCCC)C3CC(C)(C)N(C)C(C)(C)C3)nc(N(CCCC)C3CC(C)(C)N(C)C(C)(C)C3)n2)c2nc(N(CCCC)C3CC(C)(C)N(C)C(C)(C)C3)nc(N(CCCC)C3CC(C)(C)N(C)C(C)(C)C3)n2)c2nc(N(CCCC)C3CC(C)(C)N(C)C(C)(C)C3)nc(N(CCCC)C3CC(C)(C)N(C)C(C)(C)C3)n2)nc(N(CCCC)C2CC(C)(C)N(C)C(C)(C)C2)n1)C1CC(C)(C)N(C)C(C)(C)C1,C(CNc1nc(NC2CCNCC2)nc(NC2CCNCC2)n1)CN(CCN(CCCNc1nc(NC2CCNCC2)nc(NC2CCNCC2)n1)c1nc(NC2CCNCC2)nc(NC2CCNCC2)n1)c1nc(NC2CCNCC2)nc(NC2CCNCC2)n1,-5.359014511108398,-5.563447952270508,-0.20443344116210938,0.20443344116210938,val,scaffold,Small GNN
CCCCNC(=O)n1c(NC(=O)OC)nc2ccccc21,c1ccc2[nH]cnc2c1,-4.860000133514404,-3.502933979034424,1.3570661544799805,1.3570661544799805,val,scaffold,Small GNN
CCCCOC(=O)C(C)Oc1ccc(Oc2ccc(C(F)(F)F)cn2)cc1,c1ccc(Oc2ccccn2)cc1,-5.583600044250488,-5.088257789611816,0.4953422546386719,0.4953422546386719,val,scaffold,Small GNN
CCCCOC(=O)[C@@H](C)Oc1ccc(Oc2ccc(C(F)(F)F)cn2)cc1,c1ccc(Oc2ccccn2)cc1,-5.282599925994873,-5.088257789611816,0.19434213638305664,0.19434213638305664,val,scaffold,Small GNN
CCCCOC1=CC(=O)C2(Oc3c(Cl)c(OC)cc(OC)c3C2=O)C(C)C1,O=C1C=CCCC12Oc1ccccc1C2=O,-5.400000095367432,-5.462915420532227,-0.06291532516479492,0.06291532516479492,val,scaffold,Small GNN
CCCCc1nc(Cl)c(CO)n1Cc1ccc(-c2ccccc2-c2nn[nH]n2)cc1,c1ccc(-c2nn[nH]n2)c(-c2ccc(Cn3ccnc3)cc2)c1,-4.945016860961914,-3.562187433242798,1.3828294277191162,1.3828294277191162,val,scaffold,Small GNN
CCCCc1nc(Cl)c(CO)n1Cc1ccc(-c2ccccc2-c2nnn(C(c3ccccc3)(c3ccccc3)c3ccccc3)n2)cc1,c1ccc(C(c2ccccc2)(c2ccccc2)n2nnc(-c3ccccc3-c3ccc(Cn4ccnc4)cc3)n2)cc1,-6.461251258850098,-5.5337629318237305,0.9274883270263672,0.9274883270263672,val,scaffold,Small GNN
CCCN(CC)CC1COC2(CCC(C(C)(C)C)CC2)O1,C1CCC2(CC1)OCCO2,-2.8013999462127686,-2.648202419281006,0.1531975269317627,0.1531975269317627,val,scaffold,Small GNN
CCCN(CC1CC1)c1c([N+](=O)[O-])cc(C(F)(F)F)cc1[N+](=O)[O-],c1ccc(NCC2CC2)cc1,-6.5406999588012695,-5.845617294311523,0.6950826644897461,0.6950826644897461,val,scaffold,Small GNN
CCCOC(=O)n1c(-c2cscn2)nc2ccccc21,c1ccc2[nH]c(-c3cscn3)nc2c1,-3.5199999809265137,-3.7177815437316895,-0.19778156280517578,0.19778156280517578,val,scaffold,Small GNN
CCCOC1=CC(=O)C2(Oc3c(Cl)c(OC)cc(OC)c3C2=O)C(C)C1,O=C1C=CCCC12Oc1ccccc1C2=O,-5.21999979019165,-5.1853485107421875,0.03465127944946289,0.03465127944946289,val,scaffold,Small GNN
CCCOc1ccc2c(c1)C(c1ccc(OC)cc1OCC(=O)O)C(C(=O)O)C2c1ccc2c(c1)OCO2,c1ccc(C2CC(c3ccc4c(c3)OCO4)c3ccccc32)cc1,-6.769999980926514,-4.412951469421387,2.357048511505127,2.357048511505127,val,scaffold,Small GNN
CCCSc1ccc2[nH]c(NC(=O)OC)nc2c1,c1ccc2[nH]cnc2c1,-4.21999979019165,-4.36383056640625,-0.1438307762145996,0.1438307762145996,val,scaffold,Small GNN
CCCc1nc(C)c2c(=O)nc(-c3cc(S(=O)(=O)N4CCN(CC)CC4)ccc3OCC)[nH]n12,O=c1nc(-c2cccc(S(=O)(=O)N3CCNCC3)c2)[nH]n2cncc12,-4.843867778778076,-3.5968079566955566,1.2470598220825195,1.2470598220825195,val,scaffold,Small GNN
CCN(C(=O)CNC)C1CC(C)S(=O)(=O)c2sc(S(N)(=O)=O)cc21,O=S1(=O)CCCc2ccsc21,-1.2100000381469727,-2.2212042808532715,-1.0112042427062988,1.0112042427062988,val,scaffold,Small GNN
CCN(C(=O)N(CC)c1ccccc1)c1ccccc1,O=C(Nc1ccccc1)Nc1ccccc1,-3.525627851486206,-3.221240997314453,0.30438685417175293,0.30438685417175293,val,scaffold,Small GNN
CCN(C(=O)Oc1cccc(NC(=O)OC(C)C)c1)c1ccccc1,O=C(Nc1ccccc1)Oc1ccccc1,-5.057400226593018,-4.012237071990967,1.0451631546020508,1.0451631546020508,val,scaffold,Small GNN
CCN(C(=O)n1nnn(-c2ccccc2Cl)c1=O)C1CCCCC1,O=C(NC1CCCCC1)n1nnn(-c2ccccc2)c1=O,-5.18209981918335,-4.262364864349365,0.9197349548339844,0.9197349548339844,val,scaffold,Small GNN
CCN(CC)C(=O)CSc1ccc(Cl)nn1,c1ccnnc1,-1.7156000137329102,-1.9752023220062256,-0.25960230827331543,0.25960230827331543,val,scaffold,Small GNN
CCN(CC)C(=O)NC1C=C2c3cccc4[nH]c(Br)c(c34)CC2N(C)C1,C1=C2c3cccc4[nH]cc(c34)CC2NCC1,-4.380000114440918,-2.6017401218414307,1.7782599925994873,1.7782599925994873,val,scaffold,Small GNN
CCN(CC)CCCNc1nc(NCCCN(CC)CC)nc(Nc2ccc3c(O)c(N=Nc4ccc5[nH]c(=O)[nH]c5c4)c(S(=O)(=O)O)cc3c2)n1,O=c1[nH]c2ccc(N=Nc3ccc4cc(Nc5ncncn5)ccc4c3)cc2[nH]1,-0.6404340863227844,-2.8982093334198,-2.2577752470970154,2.2577752470970154,val,scaffold,Small GNN
CCN(CC)CCSc1nnc2[nH]c3ccccc3c2n1,c1ccc2c(c1)[nH]c1nncnc12,-3.0899999141693115,-3.7321901321411133,-0.6421902179718018,0.6421902179718018,val,scaffold,Small GNN
CCN(CC)Cc1cc(Nc2ccnc3cc(Cl)ccc23)ccc1O,c1ccc(Nc2ccnc3ccccc23)cc1,-5.789999961853027,-4.03032112121582,1.759678840637207,1.759678840637207,val,scaffold,Small GNN
CCN(CC)c1ccc2cc(-c3nc4cc(Cl)ccc4o3)c(=O)oc2c1,O=c1oc2ccccc2cc1-c1nc2ccccc2o1,-7.487633228302002,-5.393560409545898,2.0940728187561035,2.0940728187561035,val,scaffold,Small GNN
CCN(CC)c1ccc2cc(-c3nc4cc(S(N)(=O)=O)ccc4o3)c(=O)oc2c1,O=c1oc2ccccc2cc1-c1nc2ccccc2o1,-7.831098556518555,-3.0483269691467285,4.782771587371826,4.782771587371826,val,scaffold,Small GNN
CCN(CC[n+]1ccccc1)c1ccc(N=Nc2ccc([N+](=O)[O-])cc2Cl)cc1,c1ccc(N=Nc2ccc(NCC[n+]3ccccc3)cc2)cc1,-1.5218900442123413,-4.482314586639404,-2.960424542427063,2.960424542427063,val,scaffold,Small GNN
CCN(Cc1c(F)cccc1Cl)c1c([N+](=O)[O-])cc(C(F)(F)F)cc1[N+](=O)[O-],c1ccc(CNc2ccccc2)cc1,-6.625,-5.982008934020996,0.6429910659790039,0.6429910659790039,val,scaffold,Small GNN
CCN(Cc1cccc(S(=O)(=O)O)c1)c1ccc(N=Nc2ccc(N=Nc3cccc(S(=O)(=O)O)c3)c3ccccc23)cc1,c1ccc(CNc2ccc(N=Nc3ccc(N=Nc4ccccc4)c4ccccc34)cc2)cc1,0.17154376208782196,-1.7361681461334229,-1.9077119082212448,1.9077119082212448,val,scaffold,Small GNN
CCN(Cc1ccncc1)C(=O)C(CO)c1ccccc1,O=C(Cc1ccccc1)NCc1ccncc1,-1.7000000476837158,-1.9825732707977295,-0.28257322311401367,0.28257322311401367,val,scaffold,Small GNN
CCN1CCN(c2cc3c(cc2F)c(=O)c(C(=O)O)cn3C2CC2)CC1,O=c1ccn(C2CC2)c2cc(N3CCNCC3)ccc12,-3.180000066757202,-3.6332974433898926,-0.45329737663269043,0.45329737663269043,val,scaffold,Small GNN
CCN1C[C@]2(COC)[C@H](O)C[C@H](OC)[C@]34C1[C@H]([C@H](OC)[C@H]23)[C@]1(OC(C)=O)[C@H]2[C@@H](OC(=O)c3ccccc3)[C@](O)(C[C@H]24)[C@@H](OC)[C@@H]1O,O=C(OC1C2CCC3C4CC5C6CCCC5(C(C2)C31)C4NC6)c1ccccc1,-3.318700075149536,-3.034283399581909,0.28441667556762695,0.28441667556762695,val,scaffold,Small GNN
CCN1c2ncccc2C(=S)N(C)c2cccnc21,S=C1Nc2cccnc2Nc2ncccc21,-4.633999824523926,-4.562961101531982,0.07103872299194336,0.07103872299194336,val,scaffold,Small GNN
CCNCc1cc2cc(S(N)(=O)=O)oc2s1,c1cc2ccsc2o1,-1.0399999618530273,-2.1037511825561523,-1.063751220703125,1.063751220703125,val,scaffold,Small GNN
CCNc1nc(=O)nc(NC(C)C)[nH]1,O=c1nc[nH]cn1,-4.524099826812744,-2.7285614013671875,1.7955384254455566,1.7955384254455566,val,scaffold,Small GNN
CCOC(=O)/C(=N/Nc1ccc([N+](=O)[O-])cc1)C(=O)c1nn2c(nc(=O)c3ccccc32)s1,O=C(C=NNc1ccccc1)c1nn2c(nc(=O)c3ccccc32)s1,-2.221633195877075,-6.339295387268066,-4.117662191390991,4.117662191390991,val,scaffold,Small GNN
CCOC(=O)C(C)Oc1ccc(Oc2nc3ccc(Cl)cc3o2)cc1,c1ccc(Oc2nc3ccccc3o2)cc1,-5.6041998863220215,-5.522585391998291,0.08161449432373047,0.08161449432373047,val,scaffold,Small GNN
CCOC(=O)C(CCc1ccccc1)NC(C)C(=O)N1CCCC1C(=O)O,O=C(CNCCCc1ccccc1)N1CCCC1,-1.1799999475479126,-1.7443476915359497,-0.5643477439880371,0.5643477439880371,val,scaffold,Small GNN
CCOC(=O)C1=C(COCCN2C(=O)c3ccccc3C2=O)NC(C)=C(C(=O)OC)C1c1ccccc1Cl,O=C1c2ccccc2C(=O)N1CCOCC1=CC(c2ccccc2)C=CN1,-4.501126766204834,-5.189175605773926,-0.6880488395690918,0.6880488395690918,val,scaffold,Small GNN
CCOC(=O)CN=C(c1ccccc1)c1ccccc1,N=C(c1ccccc1)c1ccccc1,-3.42704439163208,-4.011039733886719,-0.5839953422546387,0.5839953422546387,val,scaffold,Small GNN
CCOC(=O)Cn1c(=O)sc2cccc(Cl)c21,O=c1[nH]c2ccccc2s1,-3.76200008392334,-4.291980266571045,-0.5299801826477051,0.5299801826477051,val,scaffold,Small GNN
CCOC(=O)N1CCC(=O)CC1,O=C1CCNCC1,0.7665063738822937,-0.12882757186889648,-0.8953339457511902,0.8953339457511902,val,scaffold,Small GNN
CCOC(=O)N1CCN(CN2CCN(C(=O)OCC)CC2)CC1,C1CN(CN2CCNCC2)CCN1,-0.8442999720573425,-0.6735885143280029,0.1707114577293396,0.1707114577293396,val,scaffold,Small GNN
CCOC(=O)Nc1ccc2c(c1)N(C(=O)CCN1CCOCC1)c1ccccc1S2,O=C(CCN1CCOCC1)N1c2ccccc2Sc2ccccc21,-3.9000000953674316,-4.210866928100586,-0.3108668327331543,0.3108668327331543,val,scaffold,Small GNN
CCOC(=O)Nc1cccc(OC(=O)Nc2ccccc2)c1,O=C(Nc1ccccc1)Oc1ccccc1,-4.519999980926514,-3.9875073432922363,0.5324926376342773,0.5324926376342773,val,scaffold,Small GNN
CCOC(=O)[C@@H](C)Oc1ccc(Oc2nc3ccc(Cl)cc3o2)cc1,c1ccc(Oc2nc3ccccc3o2)cc1,-5.6041998863220215,-5.522585391998291,0.08161449432373047,0.08161449432373047,val,scaffold,Small GNN
CCOC(=O)[C@H](CCc1ccccc1)N[C@@H](C)C(=O)N1CCC[C@H]1C(=O)O,O=C(CNCCCc1ccccc1)N1CCCC1,-1.3609000444412231,-1.7443476915359497,-0.38344764709472656,0.38344764709472656,val,scaffold,Small GNN
CCOC(=O)c1ccc(NS(=O)(=O)c2ccccc2)nc1,O=S(=O)(Nc1ccccn1)c1ccccc1,-4.239999771118164,-3.687161445617676,0.5528383255004883,0.5528383255004883,val,scaffold,Small GNN
CCOC(=O)c1ccccc1S(=O)(=O)NC(=O)Nc1nc(Cl)cc(OC)n1,O=C(Nc1ncccn1)NS(=O)(=O)c1ccccc1,-4.579999923706055,-4.013970851898193,0.5660290718078613,0.5660290718078613,val,scaffold,Small GNN
CCOC(=O)c1ccccc1S(=O)(=O)NN(C=O)c1nc(Cl)cc(OC)n1,O=S(=O)(NNc1ncccn1)c1ccccc1,-4.576000213623047,-3.542975425720215,1.033024787902832,1.033024787902832,val,scaffold,Small GNN
CCOC(=O)c1cnc(=S)[nH]c1,S=c1nccc[nH]1,-1.7400000095367432,-1.944734811782837,-0.20473480224609375,0.20473480224609375,val,scaffold,Small GNN
CCOC(=O)c1nn(-c2ccc(OC)cc2)c2c1CCN(c1ccc([N+](=O)[O-])cc1)C2=O,O=C1c2c(cnn2-c2ccccc2)CCN1c1ccccc1,-6.618719100952148,-5.400136947631836,1.2185821533203125,1.2185821533203125,val,scaffold,Small GNN
CCOC(=O)n1c(-c2cscn2)nc2ccccc21,c1ccc2[nH]c(-c3cscn3)nc2c1,-2.9200000762939453,-3.354963779449463,-0.4349637031555176,0.4349637031555176,val,scaffold,Small GNN
CCOC1=C([N+](=O)[O-])CN(C(C)C)C1=O,O=C1C=CCN1,-4.329999923706055,-2.534581422805786,1.7954185009002686,1.7954185009002686,val,scaffold,Small GNN
CCOC1=CC(=O)C2(Oc3c(Cl)c(OC)cc(OC)c3C2=O)C(C)C1,O=C1C=CCCC12Oc1ccccc1C2=O,-4.599999904632568,-4.940802097320557,-0.3408021926879883,0.3408021926879883,val,scaffold,Small GNN
CCOCCCNS(=O)(=O)c1ccc(Oc2cc(O)c3c(c2N)C(=O)c2ccccc2C3=O)cc1,O=C1c2ccccc2C(=O)c2cc(Oc3ccccc3)ccc21,-4.787469863891602,-5.097024440765381,-0.3095545768737793,0.3095545768737793,val,scaffold,Small GNN
CCOCCNCc1cc2cc(S(N)(=O)=O)oc2s1,c1cc2ccsc2o1,-0.9200000166893005,-2.4282219409942627,-1.5082219243049622,1.5082219243049622,val,scaffold,Small GNN
CCOCCOC(=O)C(C)Oc1ccc(Oc2ncc(C(F)(F)F)cc2Cl)cc1,c1ccc(Oc2ccccn2)cc1,-5.873899936676025,-5.17687463760376,0.6970252990722656,0.6970252990722656,val,scaffold,Small GNN
CCONC(=O)c1cn(C)c(=O)c(C)c1Nc1ccc(Br)cc1F,O=c1cc(Nc2ccccc2)cc[nH]1,-3.819999933242798,-4.723039627075195,-0.9030396938323975,0.9030396938323975,val,scaffold,Small GNN
CCONC(=O)c1cn(C)c(=O)c(F)c1Nc1ccc(Br)cc1F,O=c1cc(Nc2ccccc2)cc[nH]1,-4.190000057220459,-4.6931657791137695,-0.5031657218933105,0.5031657218933105,val,scaffold,Small GNN
CCOP(=O)(N=C1SCC(C)S1)OCC,N=C1SCCS1,-3.6744000911712646,-1.8411355018615723,1.8332645893096924,1.8332645893096924,val,scaffold,Small GNN
CCOP(=O)(N=C1SCCS1)OCC,N=C1SCCS1,-2.594099998474121,-1.6100119352340698,0.9840880632400513,0.9840880632400513,val,scaffold,Small GNN
CCOP(=O)(OCC)Oc1cc(C)[nH]n1,c1cn[nH]c1,-2.3696000576019287,-1.478454351425171,0.8911457061767578,0.8911457061767578,val,scaffold,Small GNN
CCOP(=O)(Oc1ccc(Cl)cc1Cl)Oc1ccc(Cl)cc1Cl,O=[PH](Oc1ccccc1)Oc1ccccc1,-5.77400016784668,-5.740419864654541,0.03358030319213867,0.03358030319213867,val,scaffold,Small GNN
CCOP(=S)(Oc1ccc(C#N)cc1)c1ccccc1,S=[PH](Oc1ccccc1)c1ccccc1,-5.703700065612793,-5.311159133911133,0.39254093170166016,0.39254093170166016,val,scaffold,Small GNN
CCOP(=S)(Oc1ccc([N+](=O)[O-])cc1)c1ccccc1,S=[PH](Oc1ccccc1)c1ccccc1,-5.016900062561035,-5.118594169616699,-0.10169410705566406,0.10169410705566406,val,scaffold,Small GNN
CCOc1ccc(C(C)(C)COCc2cccc(Oc3ccccc3)c2)cc1,c1ccc(CCOCc2cccc(Oc3ccccc3)c2)cc1,-8.575799942016602,-5.753079414367676,2.822720527648926,2.822720527648926,val,scaffold,Small GNN
CCOc1ccc(C)cc1N=Nc1ccc(N=Nc2cccc(S(=O)(=O)O)c2)c2ccccc12,c1ccc(N=Nc2ccc(N=Nc3ccccc3)c3ccccc23)cc1,-1.8471355438232422,-2.971871852874756,-1.1247363090515137,1.1247363090515137,val,scaffold,Small GNN
CCOc1ccc(NC(=O)Nc2ccc(OCC)cc2)cc1,O=C(Nc1ccccc1)Nc1ccccc1,-4.440000057220459,-4.93898868560791,-0.49898862838745117,0.49898862838745117,val,scaffold,Small GNN
CCOc1ccccc1NC(=O)C(=O)Nc1ccc(CCCCCCCCCC(C)C)cc1,O=C(Nc1ccccc1)C(=O)Nc1ccccc1,-6.099449634552002,-6.36392879486084,-0.2644791603088379,0.2644791603088379,val,scaffold,Small GNN
CCOc1ccccc1NC(=O)C(=O)Nc1ccccc1CC,O=C(Nc1ccccc1)C(=O)Nc1ccccc1,-6.017546653747559,-4.619605541229248,1.3979411125183105,1.3979411125183105,val,scaffold,Small GNN
CCOc1ccccc1OS(=O)(=O)NC(=O)Nc1nc(OC)cc(OC)n1,O=C(Nc1ncccn1)NS(=O)(=O)Oc1ccccc1,-4.185299873352051,-3.956960916519165,0.22833895683288574,0.22833895683288574,val,scaffold,Small GNN
CCOc1nc(C(Cl)(Cl)Cl)ns1,c1ncsn1,-3.3254001140594482,-4.018115997314453,-0.6927158832550049,0.6927158832550049,val,scaffold,Small GNN
CCOc1nc(F)cc2nc(S(=O)(=O)Nc3c(Cl)cccc3C(=O)OC)nn12,O=S(=O)(Nc1ccccc1)c1nc2ccncn2n1,-4.429200172424316,-5.290407180786133,-0.8612070083618164,0.8612070083618164,val,scaffold,Small GNN
CCOc1nsc(N)n1,c1ncsn1,-0.6514000296592712,-2.508039951324463,-1.8566399216651917,1.8566399216651917,val,scaffold,Small GNN
CCSC(=O)N1CCCCCC1,C1CCCNCC1,-2.285799980163574,-1.9188594818115234,0.3669404983520508,0.3669404983520508,val,scaffold,Small GNN
CC[C@H]1OC[C@@H](COc2ccc(Oc3ccccc3)cc2)O1,c1ccc(Oc2ccc(OCC3COCO3)cc2)cc1,-4.787399768829346,-4.118290424346924,0.6691093444824219,0.6691093444824219,val,scaffold,Small GNN
CC[C@]12CCC3=C(CCc4cc(OC)ccc43)[C@@H]1CCC2=O,O=C1CCC2C3=C(CCC12)c1ccccc1CC3,-4.772922992706299,-5.098000526428223,-0.32507753372192383,0.32507753372192383,val,scaffold,Small GNN
CC[C@]12CC[C@@H]3C4=C(CC[C@H]3[C@@H]1CC[C@@H]2O)CC(OC)=CC4,C1=CCC2=C(C1)CCC1C2CCC2CCCC21,-4.702513694763184,-4.696869850158691,0.0056438446044921875,0.0056438446044921875,val,scaffold,Small GNN
CC[N+]1(C)CCCC1,C1CC[NH2+]C1,1.4101871252059937,0.757380485534668,-0.6528066396713257,0.6528066396713257,val,scaffold,Small GNN
CCc1c[nH]c(=O)nc1N,O=c1nccc[nH]1,-1.019700050354004,-1.7964463233947754,-0.7767462730407715,0.7767462730407715,val,scaffold,Small GNN
CCc1cc(C)cc(CC)c1Nc1ccc(Nc2c(CC)cc(C)cc2CC)c2c1C(=O)c1ccccc1C2=O,O=C1c2ccccc2C(=O)c2c(Nc3ccccc3)ccc(Nc3ccccc3)c21,-7.423829078674316,-8.229196548461914,-0.8053674697875977,0.8053674697875977,val,scaffold,Small GNN
CCc1cccc(C)c1Nc1ccc(Nc2c(C)cccc2CC)c2c1C(=O)c1ccccc1C2=O,O=C1c2ccccc2C(=O)c2c(Nc3ccccc3)ccc(Nc3ccccc3)c21,-7.375301361083984,-7.9374613761901855,-0.5621600151062012,0.5621600151062012,val,scaffold,Small GNN
CCc1cnc(C2=NC(C)(C(C)C)C(=O)N2)c(C(=O)O)c1,O=C1CN=C(c2ccccn2)N1,-2.3152999877929688,-2.9623005390167236,-0.6470005512237549,0.6470005512237549,val,scaffold,Small GNN
CCc1nc2[nH]c(=O)nc(N)c2nc1CC,O=c1ncc2nccnc2[nH]1,-3.549999952316284,-2.814620018005371,0.7353799343109131,0.7353799343109131,val,scaffold,Small GNN
CCc1nn(C)c(C(=O)NCc2ccc(C(C)(C)C)cc2)c1Cl,O=C(NCc1ccccc1)c1ccn[nH]1,-5.10860013961792,-5.551507949829102,-0.44290781021118164,0.44290781021118164,val,scaffold,Small GNN
CN(C(=O)N(C)c1ccccc1)c1ccccc1,O=C(Nc1ccccc1)Nc1ccccc1,-3.4975576400756836,-2.622187614440918,0.8753700256347656,0.8753700256347656,val,scaffold,Small GNN
CN(C(=O)NC(C)(C)c1ccccc1)c1ccccc1,O=C(NCc1ccccc1)Nc1ccccc1,-3.3494999408721924,-3.3143720626831055,0.035127878189086914,0.035127878189086914,val,scaffold,Small GNN
CN(C)C(=O)Nc1cc(C(C)(C)C)on1,c1cnoc1,-2.4272000789642334,-3.0274507999420166,-0.6002507209777832,0.6002507209777832,val,scaffold,Small GNN
CN(C)C(CSS(=O)(=O)c1ccccc1)CSS(=O)(=O)c1ccccc1,O=S(=O)(SCCCSS(=O)(=O)c1ccccc1)c1ccccc1,-5.760000228881836,-3.182584285736084,2.577415943145752,2.577415943145752,val,scaffold,Small GNN
CN(C)C1CCC=CCCC1,C1=CCCCCCC1,-1.6003999710083008,-1.3419365882873535,0.25846338272094727,0.25846338272094727,val,scaffold,Small GNN
CN(C)C1CSSC1,C1CSSC1,-1.8730000257492065,-0.1535944938659668,1.7194055318832397,1.7194055318832397,val,scaffold,Small GNN
CN(C)CCC=C1c2ccccc2CCc2ccccc21,C=C1c2ccccc2CCc2ccccc21,-4.550000190734863,-4.432302474975586,0.11769771575927734,0.11769771575927734,val,scaffold,Small GNN
CN(C)CCN(Cc1ccccc1)c1ccccn1,c1ccc(CNc2ccccn2)cc1,-2.640000104904175,-2.8033833503723145,-0.16338324546813965,0.16338324546813965,val,scaffold,Small GNN
CN(C)CCOC(C)(c1ccccc1)c1ccccn1,c1ccc(Cc2ccccn2)cc1,-2.819999933242798,-2.458629846572876,0.3613700866699219,0.3613700866699219,val,scaffold,Small GNN
CN(C)CC[C@@H](c1ccc(Cl)cc1)c1ccccn1,c1ccc(Cc2ccccn2)cc1,-2.6700000762939453,-3.2366206645965576,-0.5666205883026123,0.5666205883026123,val,scaffold,Small GNN
CN(C)NC(=N)N1Cc2cccc3cccc(c23)C1,c1cc2c3c(cccc3c1)CNC2,-1.0700000524520874,-2.635591983795166,-1.5655919313430786,1.5655919313430786,val,scaffold,Small GNN
CN(C)P(=O)(N(C)C)n1nc(-c2ccccc2)nc1N,c1ccc(-c2nc[nH]n2)cc1,-3.0708999633789062,-2.306828260421753,0.7640717029571533,0.7640717029571533,val,scaffold,Small GNN
CN(C)S(=O)(=O)N=c1sc(S(N)(=O)=O)nn1C,N=c1[nH]ncs1,-2.700000047683716,-2.299041271209717,0.400958776473999,0.400958776473999,val,scaffold,Small GNN
CN(C)c1ccc(C(O)(c2ccc(N(C)C)cc2)c2ccc(Nc3ccccc3)c3ccccc23)cc1,c1ccc(Nc2ccc(C(c3ccccc3)c3ccccc3)c3ccccc23)cc1,-6.9891357421875,-5.761858940124512,1.2272768020629883,1.2272768020629883,val,scaffold,Small GNN
CN(C)c1ccc2nc3ccc(N(C)C)cc3[s+]c2c1,c1ccc2[s+]c3ccccc3nc2c1,-0.8654999732971191,-2.5311431884765625,-1.6656432151794434,1.6656432151794434,val,scaffold,Small GNN
CN(C)c1nc(=O)n(C2CCCCC2)c(=O)n1C,O=c1nc[nH]c(=O)n1C1CCCCC1,-0.883400022983551,-1.9357318878173828,-1.0523318648338318,1.0523318648338318,val,scaffold,Small GNN
CN(C1CCCCC1)S(=O)(=O)c1ccccc1NNC1=C2C(=O)C=C(S(=O)(=O)O)C=C2C=CC1=N,N=C1C=CC2=CC=CC(=O)C2=C1NNc1ccccc1S(=O)(=O)NC1CCCCC1,-2.7116858959198,-2.4063594341278076,0.3053264617919922,0.3053264617919922,val,scaffold,Small GNN
CN(Cc1cnc2nc(N)nc(N)c2n1)c1ccc(C(=O)NC(CCC(=O)O)C(=O)O)cc1,c1ccc(NCc2cnc3ncncc3n2)cc1,-4.0,-2.7725625038146973,1.2274374961853027,1.2274374961853027,val,scaffold,Small GNN
CN1C(=O)C23CC4=CC=CC(O)C4N2C(=O)C1(CO)SS3,O=C1C2NC(=O)C3(CC4=CC=CCC4N13)SS2,-3.6700000762939453,-3.0580668449401855,0.6119332313537598,0.6119332313537598,val,scaffold,Small GNN
CN1C(=O)CCS(=O)(=O)C1c1ccc(Cl)cc1,O=C1CCS(=O)(=O)C(c2ccccc2)N1,-2.039400100708008,-1.5139014720916748,0.525498628616333,0.525498628616333,val,scaffold,Small GNN
CN1C(=O)COc2ccccc21,O=C1COc2ccccc2N1,-2.1445000171661377,-2.2892680168151855,-0.14476799964904785,0.14476799964904785,val,scaffold,Small GNN
CN1C(=O)OC(C)(C)C1=O,O=C1COC(=O)N1,-0.45680001378059387,-0.8043050765991211,-0.3475050628185272,0.3475050628185272,val,scaffold,Small GNN
CN1C(=O)[C@]23CC4=CC=C[C@H](O)[C@H]4N2C(=O)[C@@]1(CO)SS3,O=C1C2NC(=O)C3(CC4=CC=CCC4N13)SS2,-3.6686999797821045,-3.0580668449401855,0.610633134841919,0.610633134841919,val,scaffold,Small GNN
CN1C(C(=O)Nc2ccccn2)=C(O)c2sccc2S1(=O)=O,O=C(Nc1ccccn1)C1=Cc2sccc2S(=O)(=O)N1,-3.880000114440918,-3.2590243816375732,0.6209757328033447,0.6209757328033447,val,scaffold,Small GNN
CN1C(CCl)Nc2cc(Cl)c(S(N)(=O)=O)cc2S1(=O)=O,O=S1(=O)NCNc2ccccc21,-3.7799999713897705,-2.3876731395721436,1.392326831817627,1.392326831817627,val,scaffold,Small GNN
CN1C2CCC1CC(OC(=O)C(CO)c1ccccc1)C2,O=C(Cc1ccccc1)OC1CC2CCC(C1)N2,-1.909999966621399,-1.4549658298492432,0.45503413677215576,0.45503413677215576,val,scaffold,Small GNN
CN1C2CCC1CC(OC(=O)C(COS(=O)(=O)O)c1ccccc1)C2,O=C(Cc1ccccc1)OC1CC2CCC(C1)N2,-1.5674999952316284,-0.5428166389465332,1.0246833562850952,1.0246833562850952,val,scaffold,Small GNN
CN1C2CCC1CC(OC(=O)C(O)c1ccccc1)C2,O=C(Cc1ccccc1)OC1CC2CCC(C1)N2,-1.440000057220459,-0.9805002212524414,0.4594998359680176,0.4594998359680176,val,scaffold,Small GNN
CN1CC2c3ccccc3Oc3ccc(Cl)cc3C2C1,c1ccc2c(c1)Oc1ccccc1C1CNCC21,-2.130000114440918,-3.550447940826416,-1.420447826385498,1.420447826385498,val,scaffold,Small GNN
CN1CCC23c4c5ccc(O)c4OC2C(=O)CCC3C1C5,O=C1CCC2C3Cc4cccc5c4C2(CCN3)C1O5,-2.0999999046325684,-2.254403591156006,-0.1544036865234375,0.1544036865234375,val,scaffold,Small GNN
CN1CCC23c4c5ccc(OCc6ccccc6)c4OC2CCCC3C1C5,c1ccc(COc2ccc3c4c2OC2CCCC5C(C3)NCCC425)cc1,-4.21999979019165,-3.2235872745513916,0.9964125156402588,0.9964125156402588,val,scaffold,Small GNN
CN1CCCC(CN2c3ccccc3Sc3ccccc32)C1,c1ccc2c(c1)Sc1ccccc1N2CC1CCCNC1,-4.739999771118164,-3.560398817062378,1.1796009540557861,1.1796009540557861,val,scaffold,Small GNN
CN1CCCC1c1cccnc1,c1cncc(C2CCCN2)c1,0.7900000214576721,-0.1338648796081543,-0.9238649010658264,0.9238649010658264,val,scaffold,Small GNN
CN1CCC[C@H]1c1cccnc1,c1cncc(C2CCCN2)c1,0.7897999882698059,-0.1338648796081543,-0.9236648678779602,0.9236648678779602,val,scaffold,Small GNN
CN1CCN(C2=Nc3cc(Cl)ccc3Nc3ccccc32)CC1,c1ccc2c(c1)N=C(N1CCNCC1)c1ccccc1N2,-4.639999866485596,-3.8128132820129395,0.8271865844726562,0.8271865844726562,val,scaffold,Small GNN
CN1CCN(C2=Nc3ccccc3Oc3ccc(Cl)cc32)CC1,c1ccc2c(c1)N=C(N1CCNCC1)c1ccccc1O2,-4.420000076293945,-3.87821102142334,0.5417890548706055,0.5417890548706055,val,scaffold,Small GNN
CN1CC[C@]23c4c5ccc(OCCN6CCOCC6)c4O[C@H]2[C@@H](O)C=CC3[C@H]1C5,C1=CC2C3Cc4ccc(OCCN5CCOCC5)c5c4C2(CCN3)C(C1)O5,-1.299399971961975,-2.071277618408203,-0.771877646446228,0.771877646446228,val,scaffold,Small GNN
CN1[C@@H]2CC[C@H]1CC(OC(=O)[C@H](CO)c1ccccc1)C2,O=C(Cc1ccccc1)OC1CC2CCC(C1)N2,-1.909999966621399,-1.4549658298492432,0.45503413677215576,0.45503413677215576,val,scaffold,Small GNN
CN1[C@@H]2CC[C@H]1C[C@@H](OC(=O)C(CO)c1ccccc1)C2,O=C(Cc1ccccc1)OC1CC2CCC(C1)N2,-2.0,-1.4549658298492432,0.5450341701507568,0.5450341701507568,val,scaffold,Small GNN
CN1c2ccccc2C(O)(c2ccccc2)c2ccccc21,c1ccc(C2c3ccccc3Nc3ccccc32)cc1,-3.90310001373291,-4.585624694824219,-0.6825246810913086,0.6825246810913086,val,scaffold,Small GNN
CN=C(NC)N1Cc2cccc3cccc(c23)C1,c1cc2c3c(cccc3c1)CNC2,-1.149999976158142,-3.222571849822998,-2.072571873664856,2.072571873664856,val,scaffold,Small GNN
CNC(=O)O/N=C/C1(C)SCC(C)S1,C1CSCS1,-2.369800090789795,-1.7607485055923462,0.6090515851974487,0.6090515851974487,val,scaffold,Small GNN
CNC(=O)c1cc(Oc2ccc(NC(=O)Nc3ccc(Cl)c(C(F)(F)F)c3)cc2)ccn1,O=C(Nc1ccccc1)Nc1ccc(Oc2ccncc2)cc1,-6.667294979095459,-5.0405426025390625,1.6267523765563965,1.6267523765563965,val,scaffold,Small GNN
CNCCC(Oc1ccc(C(F)(F)F)cc1)c1ccccc1,c1ccc(COc2ccccc2)cc1,-1.590000033378601,-5.154694557189941,-3.5646945238113403,3.5646945238113403,val,scaffold,Small GNN
CNCCC=C1c2ccccc2CCc2ccccc21,C=C1c2ccccc2CCc2ccccc21,-4.019999980926514,-4.394960403442383,-0.37496042251586914,0.37496042251586914,val,scaffold,Small GNN
CO/C=C(/C(=O)OC)c1ccccc1Oc1cc(Oc2ccccc2C#N)ncn1,c1ccc(Oc2cc(Oc3ccccc3)ncn2)cc1,-4.827600002288818,-4.826760768890381,0.0008392333984375,0.0008392333984375,val,scaffold,Small GNN
CO/N=C(/C(=O)OC)c1ccccc1COc1ccccc1C,c1ccc(COc2ccccc2)cc1,-5.195000171661377,-4.579239368438721,0.6157608032226562,0.6157608032226562,val,scaffold,Small GNN
CO/N=C(/C)c1cccc(Oc2nc(OC)cc(OC)n2)c1C(=O)OC,c1ccc(Oc2ncccn2)cc1,-3.309999942779541,-4.181252479553223,-0.8712525367736816,0.8712525367736816,val,scaffold,Small GNN
CO/N=C(\C(=O)OC)c1ccccc1COc1ccccc1C,c1ccc(COc2ccccc2)cc1,-5.190000057220459,-4.579239368438721,0.6107606887817383,0.6107606887817383,val,scaffold,Small GNN
CO/N=C(\C)c1cccc(Oc2nc(OC)cc(OC)n2)c1C(=O)OC,c1ccc(Oc2ncccn2)cc1,-3.6036999225616455,-4.181252479553223,-0.5775525569915771,0.5775525569915771,val,scaffold,Small GNN
COC(=O)C(C)N(C(=O)c1ccco1)c1c(C)cccc1C,O=C(Nc1ccccc1)c1ccco1,-3.117300033569336,-3.2348740100860596,-0.11757397651672363,0.11757397651672363,val,scaffold,Small GNN
COC(=O)C(C)Oc1ccc(Oc2ncc(C(F)(F)F)cc2Cl)cc1,c1ccc(Oc2ccccn2)cc1,-4.606400012969971,-5.179311275482178,-0.572911262512207,0.572911262512207,val,scaffold,Small GNN
COC(=O)C1(S(=O)(=O)c2ccc(Br)cc2)CCCC1,O=S(=O)(c1ccccc1)C1CCCC1,-4.01039981842041,-3.565178871154785,0.445220947265625,0.445220947265625,val,scaffold,Small GNN
COC(=O)C1(S(=O)(=O)c2ccc(Br)cc2)CCCCC1,O=S(=O)(c1ccccc1)C1CCCCC1,-4.478600025177002,-3.63374662399292,0.844853401184082,0.844853401184082,val,scaffold,Small GNN
COC(=O)C1(S(=O)(=O)c2ccc(C)cc2)CCCCC1,O=S(=O)(c1ccccc1)C1CCCCC1,-4.610000133514404,-3.421931028366089,1.1880691051483154,1.1880691051483154,val,scaffold,Small GNN
COC(=O)C1(S(=O)(=O)c2ccccc2)CCCC1,O=S(=O)(c1ccccc1)C1CCCC1,-2.550100088119507,-2.9401934146881104,-0.3900933265686035,0.3900933265686035,val,scaffold,Small GNN
COC(=O)C1(S(=O)(=O)c2ccccc2)CCCCC1,O=S(=O)(c1ccccc1)C1CCCCC1,-3.8499999046325684,-3.0349998474121094,0.815000057220459,0.815000057220459,val,scaffold,Small GNN
COC(=O)C1=CCCN(C)C1,C1=CCNCC1,0.8090999722480774,-0.5519423484802246,-1.361042320728302,1.361042320728302,val,scaffold,Small GNN
COC(=O)C1=CO[C@@H](O[C@@H]2O[C@H](CO)[C@@H](O)[C@H](O)[C@H]2O)[C@@H]2[C@@H](C)[C@@H](O)C[C@H]12,C1=CC2CCCC2C(OC2CCCCO2)O1,-0.5910999774932861,-1.7409247159957886,-1.1498247385025024,1.1498247385025024,val,scaffold,Small GNN
COC(=O)C1C2CC3c4[nH]c5cc(OC)ccc5c4CCN3CC2CC(OC(=O)c2cc(OC)c(OC)c(OC)c2)C1OC,O=C(OC1CCC2CC3c4[nH]c5ccccc5c4CCN3CC2C1)c1ccccc1,-5.96999979019165,-3.9553184509277344,2.014681339263916,2.014681339263916,val,scaffold,Small GNN
COC(=O)C1CCCN1C(=O)COC(=O)c1ccccc1,O=C(OCC(=O)N1CCCC1)c1ccccc1,-2.0799999237060547,-2.2189176082611084,-0.1389176845550537,0.1389176845550537,val,scaffold,Small GNN
COC(=O)CSc1cc(N=c2sc(=O)n3n2CCCC3)c(F)cc1Cl,O=c1sc(=Nc2ccccc2)n2n1CCCC2,-5.676799774169922,-4.74706506729126,0.9297347068786621,0.9297347068786621,val,scaffold,Small GNN
COC(=O)Nc1cccc(OC(=O)Nc2cccc(C)c2)c1,O=C(Nc1ccccc1)Oc1ccccc1,-4.7789998054504395,-4.213044166564941,0.565955638885498,0.565955638885498,val,scaffold,Small GNN
COC(=O)Nc1nc2ccccc2[nH]1,c1ccc2[nH]cnc2c1,-4.519999980926514,-3.302178382873535,1.2178215980529785,1.2178215980529785,val,scaffold,Small GNN
COC(=O)[C@@H]1CCCN1C(=O)COC(=O)c1ccccc1,O=C(OCC(=O)N1CCCC1)c1ccccc1,-2.0841000080108643,-2.2189176082611084,-0.13481760025024414,0.13481760025024414,val,scaffold,Small GNN
COC(=O)[C@H]1[C@H]2C[C@@H]3c4[nH]c5cc(OC)ccc5c4CCN3C[C@H]2C[C@@H](OC(=O)c2cc(OC)c(OC)c(OC)c2)[C@@H]1OC,O=C(OC1CCC2CC3c4[nH]c5ccccc5c4CCN3CC2C1)c1ccccc1,-3.920799970626831,-3.9553184509277344,-0.03451848030090332,0.03451848030090332,val,scaffold,Small GNN
COC(=O)c1cc(C)ccc1C1=NC(C)(C(C)C)C(=O)N1,O=C1CN=C(c2ccccc2)N1,-2.326200008392334,-3.8586244583129883,-1.5324244499206543,1.5324244499206543,val,scaffold,Small GNN
COC(=O)c1ccc(C)cc1C1=NC(C)(C(C)C)C(=O)N1,O=C1CN=C(c2ccccc2)N1,-2.45989990234375,-3.8880808353424072,-1.4281809329986572,1.4281809329986572,val,scaffold,Small GNN
COC(=O)c1ccccc1S(=O)(=O)NC(=O)Nc1nc(C)cc(C)n1,O=C(Nc1ncccn1)NS(=O)(=O)c1ccccc1,-3.1742000579833984,-3.3051257133483887,-0.13092565536499023,0.13092565536499023,val,scaffold,Small GNN
COC(=O)c1ccccc1S(=O)(=O)NC(=O)Nc1nc(OC(F)F)cc(OC(F)F)n1,O=C(Nc1ncccn1)NS(=O)(=O)c1ccccc1,-5.1519999504089355,-4.473989486694336,0.6780104637145996,0.6780104637145996,val,scaffold,Small GNN
COC(=O)n1c(-c2cscn2)nc2ccccc21,c1ccc2[nH]c(-c3cscn3)nc2c1,-3.109999895095825,-3.157912254333496,-0.0479123592376709,0.0479123592376709,val,scaffold,Small GNN
COC1=C/C(=N/N(O)c2ccc(N/N=C3/C(=O)c4c(O)cc(S(=O)(=O)O)cc4C=C3S(=O)(=O)O)c(OC)c2)C=C/C1=N/N=C1\C(=O)c2c(O)cc(S(=O)(=O)O)cc2C=C1S(=O)(=O)O,O=C1C(=NN=C2C=CC(=NNc3ccc(NN=C4C=Cc5ccccc5C4=O)cc3)C=C2)C=Cc2ccccc21,-0.9094796776771545,-0.7514362335205078,0.15804344415664673,0.15804344415664673,val,scaffold,Small GNN
COC1=CC(=O)C2(Oc3c(Cl)c(OC)cc(OC)c3C2=O)C(C)C1,O=C1C=CCCC12Oc1ccccc1C2=O,-4.400000095367432,-4.963862895965576,-0.5638628005981445,0.5638628005981445,val,scaffold,Small GNN
COC1=CC=C2C3Cc4ccc(OC)c5c4C2(CCN3C)C1O5,C1=CC2Oc3cccc4c3C23CCNC(C4)C3=C1,-2.6600000858306885,-2.673006534576416,-0.013006448745727539,0.013006448745727539,val,scaffold,Small GNN
COC1=CC=C2[C@H]3Cc4ccc(OC)c5c4[C@@]2(CCN3C)[C@H]1O5,C1=CC2Oc3cccc4c3C23CCNC(C4)C3=C1,-2.6610000133514404,-2.673006534576416,-0.012006521224975586,0.012006521224975586,val,scaffold,Small GNN
COC1=CCC2=C(CCC3C2CCC2(C)C3CCC2(O)C#N)C1,C1=CCC2=C(C1)CCC1C2CCC2CCCC21,-5.683242321014404,-4.445144176483154,1.23809814453125,1.23809814453125,val,scaffold,Small GNN
COC1=CCC2=C(CC[C@@H]3[C@@H]2CC[C@]2(C)[C@@H](O)CC[C@@H]32)C1,C1=CCC2=C(C1)CCC1C2CCC2CCCC21,-4.761072158813477,-4.648085117340088,0.11298704147338867,0.11298704147338867,val,scaffold,Small GNN
COC1=Cc2ccccc2Nc2ccccc21,C1=Cc2ccccc2Nc2ccccc21,-4.5144195556640625,-5.61325740814209,-1.0988378524780273,1.0988378524780273,val,scaffold,Small GNN
COC1C(O)[C@@H](O[C@H]2CC[C@]3(C=O)C4CC[C@]5(C)[C@@H](C6=CC(=O)OC6)CC[C@]5(O)C4CC[C@@H]3C2)OC(C)[C@H]1O,O=C1C=C(C2CCC3C2CCC2C4CCC(OC5CCCCO5)CC4CCC23)CO1,-3.1373000144958496,-3.306361436843872,-0.16906142234802246,0.16906142234802246,val,scaffold,Small GNN
COC1COC2C(OC)COC12,C1CC2OCCC2O1,1.0599918365478516,-0.3262906074523926,-1.3862824440002441,1.3862824440002441,val,scaffold,Small GNN
COCC(=O)N(c1c(C)cccc1C)N1CCOC1=O,O=C1OCCN1Nc1ccccc1,-1.9129999876022339,-2.4655256271362305,-0.5525256395339966,0.5525256395339966,val,scaffold,Small GNN
COCC1COc2cc3ncnc(Nc4cccc(Br)c4)c3cc2O1,c1ccc(Nc2ncnc3cc4c(cc23)OCCO4)cc1,-3.2200000286102295,-4.145807266235352,-0.9258072376251221,0.9258072376251221,val,scaffold,Small GNN
COCC1COc2cc3ncnc(Nc4cccc(I)c4)c3cc2O1,c1ccc(Nc2ncnc3cc4c(cc23)OCCO4)cc1,-3.5199999809265137,-4.022392272949219,-0.5023922920227051,0.5023922920227051,val,scaffold,Small GNN
COCCCN1C(=O)c2ccc3c(=O)n4c5ccc(C)cc5nc4c4ccc(c2c34)C1=O,O=C1NC(=O)c2ccc3c4c2c1ccc4c(=O)n1c2ccccc2nc31,-6.771510124206543,-5.921563148498535,0.8499469757080078,0.8499469757080078,val,scaffold,Small GNN
COCCNC(=O)C(NC(=O)C(Cc1cc(OC)c(OC)c(OC)c1)CC(O)C(Cc1ccccc1)NC(=O)OC(C)(C)C)C(C)C,c1ccc(CCCCCCc2ccccc2)cc1,-4.0,-3.937502861022949,0.06249713897705078,0.06249713897705078,val,scaffold,Small GNN
COCOc1ccc2c3c1OC1C(O)CCC4C(C2)N(C)CCC341,c1cc2c3c(c1)OC1CCCC4C(C2)NCCC314,-1.9600000381469727,-2.1683664321899414,-0.20836639404296875,0.20836639404296875,val,scaffold,Small GNN
COC[P+](c1ccccc1)(c1ccccc1)c1ccccc1,c1ccc([PH+](c2ccccc2)c2ccccc2)cc1,0.5063442587852478,-1.1146060228347778,-1.6209502816200256,1.6209502816200256,val,scaffold,Small GNN
COCc1cnc(C2=NC(C)(C(C)C)C(=O)N2)c(C(=O)O)c1,O=C1CN=C(c2ccccn2)N1,-1.840000033378601,-2.7345683574676514,-0.8945683240890503,0.8945683240890503,val,scaffold,Small GNN
CONC(=O)c1cn(C)c(=O)c(C)c1Nc1ccc(Br)cc1F,O=c1cc(Nc2ccccc2)cc[nH]1,-3.2799999713897705,-4.474336624145508,-1.1943366527557373,1.1943366527557373,val,scaffold,Small GNN
COP(=O)(Oc1cc(Cl)c(Br)cc1Cl)c1ccccc1,O=[PH](Oc1ccccc1)c1ccccc1,-4.989999771118164,-5.211305618286133,-0.22130584716796875,0.22130584716796875,val,scaffold,Small GNN
COP(=O)(Oc1ccccc1)Oc1ccccc1,O=[PH](Oc1ccccc1)Oc1ccccc1,-2.1208999156951904,-3.699888229370117,-1.5789883136749268,1.5789883136749268,val,scaffold,Small GNN
COP(=S)(Oc1cc(Cl)c(Br)cc1Cl)c1ccccc1,S=[PH](Oc1ccccc1)c1ccccc1,-7.137899875640869,-6.554900169372559,0.5829997062683105,0.5829997062683105,val,scaffold,Small GNN
CO[C@H]1C[C@H](OC2/C(C)=C/C[C@@H]3C[C@@H](C[C@]4(C=C[C@H](C)[C@@H](C5CCCCC5)O4)O3)OC(=O)[C@@H]3C=C(C)[C@@H](O)[C@H]4OC/C(=C\C=C\[C@@H]2C)[C@]43O)O[C@@H](C)C1O[C@H]1C[C@H](OC)[C@@H](O)[C@H](C)O1,O=C1OC2CC(CC=CC(OC3CCC(OC4CCCCO4)CO3)CC=CC=C3COC4CC=CC1C34)OC1(C=CCC(C3CCCCC3)O1)C2,-7.555881500244141,-3.370054244995117,4.185827255249023,4.185827255249023,val,scaffold,Small GNN
COc1cc(N=Nc2cc(S(=O)(=O)O)cc3cc(S(=O)(=O)O)cc(O)c23)c(C)cc1NC(=O)Nc1cc(C)c(N=Nc2cc(S(=O)(=O)O)cc3cc(S(=O)(=O)O)cc(O)c23)cc1OC,O=C(Nc1ccc(N=Nc2cccc3ccccc23)cc1)Nc1ccc(N=Nc2cccc3ccccc23)cc1,-2.6903135776519775,-0.9514763355255127,1.7388372421264648,1.7388372421264648,val,scaffold,Small GNN
COc1cc(N=Nc2ccc([N+](=O)[O-])cc2)ccc1NN=C1C=CC(=O)C=C1,O=C1C=CC(=NNc2ccc(N=Nc3ccccc3)cc2)C=C1,-6.963972091674805,-5.965583801269531,0.9983882904052734,0.9983882904052734,val,scaffold,Small GNN
COc1cc(N=Nc2cccc(S(=O)(=O)O)c2)ccc1Nc1nc(Nc2ccc(N=Nc3cccc(S(=O)(=O)O)c3)cc2OC)nc(N(CCO)CCO)n1,c1ccc(N=Nc2ccc(Nc3ncnc(Nc4ccc(N=Nc5ccccc5)cc4)n3)cc2)cc1,-1.6008155345916748,-1.9801619052886963,-0.3793463706970215,0.3793463706970215,val,scaffold,Small GNN
COc1cc(NC(=O)c2cccnc2)c2ncccc2c1,O=C(Nc1cccc2cccnc12)c1cccnc1,-4.446100234985352,-4.204193115234375,0.24190711975097656,0.24190711975097656,val,scaffold,Small GNN
COc1cc(Nc2c(C#N)cnc3cc(OCCCN4CCN(C)CC4)c(OC)cc23)c(Cl)cc1Cl,c1ccc(Nc2ccnc3cc(OCCCN4CCNCC4)ccc23)cc1,-4.879551410675049,-4.909607887268066,-0.030056476593017578,0.030056476593017578,val,scaffold,Small GNN
COc1cc(O)c(CC=C(C)C)c2c1C(=O)CC(c1ccc(O)cc1)O2,O=C1CC(c2ccccc2)Oc2ccccc21,-5.440000057220459,-4.204335689544678,1.2356643676757812,1.2356643676757812,val,scaffold,Small GNN
COc1cc(OC)n2nc(S(=O)(=O)Nc3c(Cl)ccc(C)c3Cl)nc2n1,O=S(=O)(Nc1ccccc1)c1nc2ncccn2n1,-3.3203999996185303,-5.872405529022217,-2.5520055294036865,2.5520055294036865,val,scaffold,Small GNN
COc1cc(OC)nc(NC(=O)NS(=O)(=O)Nc2ccccc2C(=O)C2CC2)n1,O=C(Nc1ncccn1)NS(=O)(=O)Nc1ccccc1C(=O)C1CC1,-6.3942999839782715,-4.574939727783203,1.8193602561950684,1.8193602561950684,val,scaffold,Small GNN
COc1cc(S(=O)(=O)CCOS(=O)(=O)O)c(C)cc1N=NC1C(=O)N(c2ccc(S(=O)(=O)O)cc2)N=C1C,O=C1C(N=Nc2ccccc2)C=NN1c1ccccc1,-0.23900392651557922,-1.1915909051895142,-0.9525869786739349,0.9525869786739349,val,scaffold,Small GNN
COc1cc(S(=O)(=O)CCOS(=O)(=O)O)c(OC)cc1N=NC1C(=O)N(c2ccc(S(=O)(=O)O)cc2)N=C1C,O=C1C(N=Nc2ccccc2)C=NN1c1ccccc1,-0.0898430347442627,-1.214092493057251,-1.1242494583129883,1.1242494583129883,val,scaffold,Small GNN
COc1cc2c(N)nc(N3CCN(C(=O)OCC(C)(C)O)CC3)nc2c(OC)c1OC,c1ccc2nc(N3CCNCC3)ncc2c1,-3.640000104904175,-3.0696473121643066,0.5703527927398682,0.5703527927398682,val,scaffold,Small GNN
COc1cc2c3c(ccc4c5ccc6c7c(cc(OC)c(c1c34)c75)-c1ccccc1C6=O)C(=O)c1ccccc1-2,O=C1c2ccccc2-c2ccc3c4ccc5c6c(ccc(c7ccc1c2c73)c64)C(=O)c1ccccc1-5,-5.599170684814453,-7.523926258087158,-1.924755573272705,1.924755573272705,val,scaffold,Small GNN
COc1cc2c3c(cccc3c1)CN(C(N)=NO)C2,c1cc2c3c(cccc3c1)CNC2,-1.2100000381469727,-2.9153647422790527,-1.70536470413208,1.70536470413208,val,scaffold,Small GNN
COc1cc2nc(N3CCN(C(=O)c4ccco4)CC3)nc(N)c2cc1OC,O=C(c1ccco1)N1CCN(c2ncc3ccccc3n2)CC1,-5.090000152587891,-3.367886543273926,1.7221136093139648,1.7221136093139648,val,scaffold,Small GNN
COc1cc2ncnc(N3CCN(C(=O)Nc4ccsc4)CC3)c2cc1OC,O=C(Nc1ccsc1)N1CCN(c2ncnc3ccccc23)CC1,-5.300000190734863,-3.731078863143921,1.5689213275909424,1.5689213275909424,val,scaffold,Small GNN
COc1ccc(-c2c(Cl)ncn2-c2ccc(S(=O)(=O)NP(=O)(O)O)cc2)cc1F,c1ccc(-c2cncn2-c2ccccc2)cc1,-2.549999952316284,-2.936595916748047,-0.3865959644317627,0.3865959644317627,val,scaffold,Small GNN
COc1ccc(-c2cc(=O)c3c(O)cc(O[C@@H]4O[C@H](CO[C@@H]5O[C@@H](C)[C@H](O)[C@@H](O)[C@H]5O)[C@@H](O)[C@H](O)[C@H]4O)cc3o2)cc1O,O=c1cc(-c2ccccc2)oc2cc(OC3CCCC(COC4CCCCO4)O3)ccc12,-7.505541801452637,-3.5266761779785156,3.978865623474121,3.978865623474121,val,scaffold,Small GNN
COc1ccc(C(=O)CSc2cccc(OC)c2)cc1,O=C(CSc1ccccc1)c1ccccc1,-5.284725189208984,-4.316709995269775,0.968015193939209,0.968015193939209,val,scaffold,Small GNN
COc1ccc(C(=O)Nc2ccccc2)cc1N/N=C1\C(=O)C(C(=O)Nc2ccc3[nH]c(=O)[nH]c3c2)=Cc2ccccc21,O=C(Nc1ccc2[nH]c(=O)[nH]c2c1)C1=Cc2ccccc2C(=NNc2cccc(C(=O)Nc3ccccc3)c2)C1=O,-8.479083061218262,-7.433986663818359,1.0450963973999023,1.0450963973999023,val,scaffold,Small GNN
COc1ccc(C(=O)c2coc(S(N)(=O)=O)c2)cc1,O=C(c1ccccc1)c1ccoc1,-4.148099899291992,-2.8440372943878174,1.3040626049041748,1.3040626049041748,val,scaffold,Small GNN
COc1ccc(C2Sc3ccccc3N(CCN(C)C)C(=O)C2OC(C)=O)cc1,O=C1CC(c2ccccc2)Sc2ccccc2N1,-2.950000047683716,-3.76680326461792,-0.8168032169342041,0.8168032169342041,val,scaffold,Small GNN
COc1ccc(CCN(C)CCCC(C#N)(c2ccc(OC)c(OC)c2)C(C)C)cc1OC,c1ccc(CCCCNCCc2ccccc2)cc1,-3.9800000190734863,-3.6825551986694336,0.29744482040405273,0.29744482040405273,val,scaffold,Small GNN
COc1ccc(Cl)cc1C(=O)NCCc1ccc(S(=O)(=O)NC(=O)NC2CCCCC2)cc1,O=C(NC1CCCCC1)NS(=O)(=O)c1ccc(CCNC(=O)c2ccccc2)cc1,-5.091700077056885,-4.3845953941345215,0.7071046829223633,0.7071046829223633,val,scaffold,Small GNN
COc1ccc(Cn2cc(F)c(=O)[nH]c2=O)cc1,O=c1ccn(Cc2ccccc2)c(=O)[nH]1,-2.75,-3.138465404510498,-0.38846540451049805,0.38846540451049805,val,scaffold,Small GNN
COc1ccc(N/N=C2/C(=O)c3ccc(Nc4nc(Nc5ccc6c(c5)C=C(S(=O)(=O)O)/C(=N/Nc5ccc(OC)cc5S(=O)(=O)O)C6=O)nc(N5CCOCC5)n4)cc3C=C2S(=O)(=O)O)c(S(=O)(=O)O)c1,O=C1C(=NNc2ccccc2)C=Cc2cc(Nc3nc(Nc4ccc5c(c4)C=CC(=NNc4ccccc4)C5=O)nc(N4CCOCC4)n3)ccc21,-1.8252826929092407,-1.0429701805114746,0.7823125123977661,0.7823125123977661,val,scaffold,Small GNN
COc1ccc(NC(=O)C2CC2)cn1,O=C(Nc1cccnc1)C1CC1,-2.140000104904175,-3.3482558727264404,-1.2082557678222656,1.2082557678222656,val,scaffold,Small GNN
COc1ccc(S(=O)(=O)c2coc(S(N)(=O)=O)c2)cc1,O=S(=O)(c1ccccc1)c1ccoc1,-3.0199999809265137,-2.2754650115966797,0.744534969329834,0.744534969329834,val,scaffold,Small GNN
COc1ccc([C@@H]2Sc3ccccc3N(CCN(C)C)C(=O)[C@@H]2OC(C)=O)cc1,O=C1CC(c2ccccc2)Sc2ccccc2N1,-3.1600000858306885,-3.76680326461792,-0.6068031787872314,0.6068031787872314,val,scaffold,Small GNN
COc1ccc2c(c1)c(CC(=O)O)c(C)n2C(=O)/C=C/c1ccccc1,O=C(C=Cc1ccccc1)n1ccc2ccccc21,-5.543300151824951,-4.392213821411133,1.1510863304138184,1.1510863304138184,val,scaffold,Small GNN
COc1ccc2c(c1)c(CC(=O)O)c(C)n2C(=O)C=Cc1ccccc1,O=C(C=Cc1ccccc1)n1ccc2ccccc21,-5.539999961853027,-4.392213821411133,1.1477861404418945,1.1477861404418945,val,scaffold,Small GNN
COc1ccc2c(c1)c(CC(=O)O)c(C)n2C(=O)c1ccc(Cl)cc1,O=C(c1ccccc1)n1ccc2ccccc21,-4.769999980926514,-4.526060104370117,0.24393987655639648,0.24393987655639648,val,scaffold,Small GNN
COc1ccc2c3c1OC1C(O)CCC4C(C2)N(C)CCC341,c1cc2c3c(c1)OC1CCCC4C(C2)NCCC314,-1.0,-2.178866386413574,-1.1788663864135742,1.1788663864135742,val,scaffold,Small GNN
COc1ccc2c3c1OC1C(OC(C)=O)CCC4C(C2)N(C)CCC341,c1cc2c3c(c1)OC1CCCC4C(C2)NCCC314,-1.75,-2.364908456802368,-0.6149084568023682,0.6149084568023682,val,scaffold,Small GNN
COc1ccc2cc(C(C)C(=O)OC3CCCCC3O)ccc2c1,O=C(Cc1ccc2ccccc2c1)OC1CCCCC1,-5.070000171661377,-5.042550086975098,0.027450084686279297,0.027450084686279297,val,scaffold,Small GNN
COc1cccc(CC(C)NC(C)Cc2ccccc2OC)c1,c1ccc(CCNCCc2ccccc2)cc1,-3.0,-3.0133886337280273,-0.013388633728027344,0.013388633728027344,val,scaffold,Small GNN
COc1cccc(N(C)C(=S)Oc2cccc(C(C)(C)C)c2)n1,S=C(Nc1ccccn1)Oc1ccccc1,-6.013999938964844,-4.734255313873291,1.2797446250915527,1.2797446250915527,val,scaffold,Small GNN
COc1ccccc1CC(C)NC(C)Cc1ccccc1OC,c1ccc(CCNCCc2ccccc2)cc1,-2.0,-2.862633466720581,-0.862633466720581,0.862633466720581,val,scaffold,Small GNN
COc1cncnc1N1CCN(CCc2c[nH]c3ccc(CS(=O)(=O)N(C)C)cc23)CC1,c1ccc2c(CCN3CCN(c4ccncn4)CC3)c[nH]c2c1,-3.759999990463257,-3.0341901779174805,0.7258098125457764,0.7258098125457764,val,scaffold,Small GNN
COc1nsc(N)n1,c1ncsn1,-1.2426999807357788,-2.495636463165283,-1.2529364824295044,1.2529364824295044,val,scaffold,Small GNN
CP(=O)(Oc1ccccc1)Oc1ccccc1,O=[PH](Oc1ccccc1)Oc1ccccc1,-2.2017085552215576,-2.54510498046875,-0.3433964252471924,0.3433964252471924,val,scaffold,Small GNN
CS(=O)(=O)c1cc(C(F)(F)F)ccc1C(=O)c1cnoc1C1CC1,O=C(c1ccccc1)c1cnoc1C1CC1,-4.7631001472473145,-4.3543806076049805,0.408719539642334,0.408719539642334,val,scaffold,Small GNN
CSC1=CC(=O)c2ccccc2C1=O,O=C1C=CC(=O)c2ccccc21,-4.465099811553955,-5.178873062133789,-0.713773250579834,0.713773250579834,val,scaffold,Small GNN
CSCC(NC(=O)COc1cccc2cnccc12)C(=O)NC(Cc1ccccc1)C(O)C(=O)N1CSCC1C(=O)NC(C)(C)C,O=C(COc1cccc2cnccc12)NCC(=O)NC(CC(=O)N1CCSC1)Cc1ccccc1,-3.950000047683716,-3.4325809478759766,0.5174190998077393,0.5174190998077393,val,scaffold,Small GNN
CSc1ccc(C(=O)C(C)(C)N2CCOCC2)cc1,O=C(CN1CCOCC1)c1ccccc1,-4.193381309509277,-2.3649940490722656,1.8283872604370117,1.8283872604370117,val,scaffold,Small GNN
CSc1ccc2c(c1)N(CCC1CCCCN1C)c1ccccc1S2,c1ccc2c(c1)Sc1ccccc1N2CCC1CCCCN1,-5.820000171661377,-3.9999539852142334,1.8200461864471436,1.8200461864471436,val,scaffold,Small GNN
C[C@@H](Oc1ccc(Oc2ccc(C(F)(F)F)cn2)cc1)C(=O)O,c1ccc(Oc2ccccn2)cc1,-2.622795581817627,-3.6273767948150635,-1.0045812129974365,1.0045812129974365,val,scaffold,Small GNN
C[C@@H]1CN(c2c(F)c(N)c3c(=O)c(C(=O)O)cn(C4CC4)c3c2F)C[C@H](C)N1,O=c1ccn(C2CC2)c2cc(N3CCNCC3)ccc12,-3.369999885559082,-3.9463281631469727,-0.5763282775878906,0.5763282775878906,val,scaffold,Small GNN
C[C@@H]1C[C@@H]([C@H](O)CC2CC(=O)NC(=O)C2)C(=O)[C@@H](C)C1,O=C1CC(CCC2CCCCC2=O)CC(=O)N1,-1.1269999742507935,-0.9381272792816162,0.18887269496917725,0.18887269496917725,val,scaffold,Small GNN
C[C@@H]1O[C@@H](O[C@H]2[C@@H](OS(=O)(=O)O)[C@H](OS(=O)(=O)O)[C@H](O)O[C@H]2C)[C@@H](OS(=O)(=O)O)[C@H](O[C@@H]2O[C@@H](C)[C@@H](O[C@@H]3O[C@@H](C)[C@@H](O)[C@@H](O[C@@H]4O[C@@H](C)[C@@H](O)[C@@H](OS(=O)(=O)O)[C@@H]4OS(=O)(=O)O)[C@@H]3OS(=O)(=O)O)[C@@H](OS(=O)(=O)O)[C@@H]2OS(=O)(=O)O)[C@@H]1O,C1CCC(OC2CCOC(OC3CCC(OC4CCOC(OC5CCCOC5)C4)OC3)C2)OC1,-0.5892058610916138,1.1488220691680908,1.7380279302597046,1.7380279302597046,val,scaffold,Small GNN
C[C@@]12C(=O)OC(=O)[C@]1(C)[C@H]1CC[C@@H]2O1,O=C1OC(=O)C2C3CCC(O3)C12,-3.8155999183654785,-1.4131402969360352,2.4024596214294434,2.4024596214294434,val,scaffold,Small GNN
C[C@H]1CC(=O)C[C@@H]2CC[C@H]3[C@@H]4CC[C@H](O)[C@@]4(C)CC[C@@H]3[C@]21C,O=C1CCC2C(CCC3C4CCCC4CCC23)C1,-5.006429195404053,-4.177633285522461,0.8287959098815918,0.8287959098815918,val,scaffold,Small GNN
C[C@]12CCC(=O)C=C1CC[C@@H]1[C@@H]2C(=O)C[C@@]2(C)[C@H]1CC[C@]2(O)C(=O)CO,O=C1C=C2CCC3C4CCCC4CC(=O)C3C2CC1,-3.1096999645233154,-2.9206418991088867,0.1890580654144287,0.1890580654144287,val,scaffold,Small GNN
C[C@]12CCC(=O)C=C1CC[C@@H]1[C@@H]2CC[C@@]2(C)[C@H]1CC[C@@]21CCC(=O)O1,O=C1C=C2CCC3C(CCC4C3CCC43CCC(=O)O3)C2CC1,-4.225003719329834,-4.632049083709717,-0.4070453643798828,0.4070453643798828,val,scaffold,Small GNN
C[C@]12CCC(=O)C=C1CC[C@@H]1[C@@H]2CC[C@]2(C)C(=O)CC(O)[C@@H]12,O=C1C=C2CCC3C4CCC(=O)C4CCC3C2CC1,-2.213096857070923,-3.766200542449951,-1.5531036853790283,1.5531036853790283,val,scaffold,Small GNN
C[C@]12CCC(=O)C=C1CC[C@@H]1[C@@H]2CC[C@]2(C)C(=O)CC[C@@H]12,O=C1C=C2CCC3C4CCC(=O)C4CCC3C2CC1,-3.6949000358581543,-4.25591516494751,-0.5610151290893555,0.5610151290893555,val,scaffold,Small GNN
C[C@]12CCC(=O)C[C@@H]1CC[C@@H]1[C@@H]2CC[C@]2(C)[C@@H](O)CC[C@@H]12,O=C1CCC2C(CCC3C4CCCC4CCC23)C1,-4.918998718261719,-4.116104602813721,0.802894115447998,0.802894115447998,val,scaffold,Small GNN
C[C@]12CC[C@@H]3C4=C(CC[C@H]3[C@@H]1CCC2=O)CC(=O)CC4,O=C1CCC2=C(CCC3C2CCC2C(=O)CCC23)C1,-4.054976940155029,-3.9657721519470215,0.08920478820800781,0.08920478820800781,val,scaffold,Small GNN
C[C@]12CC[C@H]3[C@@H](CCC4=CC(=O)CC[C@@H]43)[C@@H]1CCC2=O,O=C1C=C2CCC3C4CCC(=O)C4CCC3C2CC1,-3.1565005779266357,-4.167006015777588,-1.0105054378509521,1.0105054378509521,val,scaffold,Small GNN
C[P+](c1ccccc1)(c1ccccc1)c1ccccc1,c1ccc([PH+](c2ccccc2)c2ccccc2)cc1,-0.01892303302884102,-1.147579312324524,-1.128656279295683,1.128656279295683,val,scaffold,Small GNN
C[Si]1(C)O[Si](C)(C)O[Si](C)(C)O[Si](C)(C)O[Si](C)(C)O1,O1[SiH2]O[SiH2]O[SiH2]O[SiH2]O[SiH2]1,-7.338699817657471,-0.012627840042114258,7.3260719776153564,7.3260719776153564,val,scaffold,Small GNN
C[Si]1(C)O[Si](C)(C)O[Si](C)(C)O[Si](C)(C)O[Si](C)(C)O[Si](C)(C)O1,O1[SiH2]O[SiH2]O[SiH2]O[SiH2]O[SiH2]O[SiH2]1,-7.940700054168701,-0.012627840042114258,7.928072214126587,7.928072214126587,val,scaffold,Small GNN
C[Si]1O[Si](C)O[Si](C)O[Si](C)O[Si](C)O1,O1[SiH]O[SiH]O[SiH]O[SiH]O[SiH]1,0.5292955636978149,-3.9509711265563965,-4.480266690254211,4.480266690254211,val,scaffold,Small GNN
C[n+]1ccccc1,c1cc[nH+]cc1,0.42018288373947144,0.549403190612793,0.12922030687332153,0.12922030687332153,val,scaffold,Small GNN
Cc1c(-c2ccc(-c3ccccc3F)cc2)nc2ccc(F)cc2c1C(=O)O,c1ccc(-c2ccc(-c3ccc4ccccc4n3)cc2)cc1,-6.389999866485596,-4.290637969970703,2.0993618965148926,2.0993618965148926,val,scaffold,Small GNN
Cc1c(C(=O)O)c(O)cc2c1C(=O)c1c(O)c(C3OC(CO)C(O)C(O)C3O)c(O)c(O)c1C2=O,O=C1c2ccccc2C(=O)c2cc(C3CCCCO3)ccc21,-2.578399896621704,-3.0168285369873047,-0.4384286403656006,0.4384286403656006,val,scaffold,Small GNN
Cc1c(C(=O)O)c(O)cc2c1C(=O)c1c(O)c([C@H]3O[C@H](CO)[C@@H](O)[C@H](O)[C@H]3O)c(O)c(O)c1C2=O,O=C1c2ccccc2C(=O)c2cc(C3CCCCO3)ccc21,-2.578399896621704,-3.0168285369873047,-0.4384286403656006,0.4384286403656006,val,scaffold,Small GNN
Cc1c(CC(=O)O)sc2cc(Cl)ccc12,c1ccc2sccc2c1,-3.8399999141693115,-3.9190821647644043,-0.07908225059509277,0.07908225059509277,val,scaffold,Small GNN
Cc1c(Cc2c(C)n(C)n(-c3ccccc3)c2=O)c(=O)n(-c2ccccc2)n1C,O=c1c(Cc2c[nH]n(-c3ccccc3)c2=O)c[nH]n1-c1ccccc1,-2.954900026321411,-2.9915080070495605,-0.036607980728149414,0.036607980728149414,val,scaffold,Small GNN
Cc1c(Cl)cc(-c2ccc(=O)[nH]n2)cc1Cl,O=c1ccc(-c2ccccc2)n[nH]1,-5.537499904632568,-2.633481740951538,2.9040181636810303,2.9040181636810303,val,scaffold,Small GNN
Cc1c(Cl)ccc(OC(C)C(=O)Nc2ccccc2)c1Cl,O=C(COc1ccccc1)Nc1ccccc1,-7.00570011138916,-5.387931823730469,1.6177682876586914,1.6177682876586914,val,scaffold,Small GNN
Cc1c(Nc2ccc(Br)cc2F)c(C(=O)NOCCO)cn(C)c1=O,O=c1cc(Nc2ccccc2)cc[nH]1,-2.9600000381469727,-3.7821242809295654,-0.8221242427825928,0.8221242427825928,val,scaffold,Small GNN
Cc1c(O)c(=O)ccn1-c1ccccc1,O=c1ccn(-c2ccccc2)cc1,-2.0299999713897705,-1.8960113525390625,0.133988618850708,0.133988618850708,val,scaffold,Small GNN
Cc1c2ccccc2c2ccc3cccc4ccc1c2c43,c1ccc2c(c1)cc1ccc3cccc4ccc2c1c34,-8.52340030670166,-7.444607257843018,1.0787930488586426,1.0787930488586426,val,scaffold,Small GNN
Cc1c[nH]c(=O)nc1N,O=c1nccc[nH]1,-1.440000057220459,-1.5661797523498535,-0.12617969512939453,0.12617969512939453,val,scaffold,Small GNN
Cc1cc(=O)n2[nH]cnc2n1,O=c1ccnc2nc[nH]n12,-1.3471955060958862,-1.7135779857635498,-0.3663824796676636,0.3663824796676636,val,scaffold,Small GNN
Cc1cc(C(C)(C)C)c(OP2OCC3(CO2)COP(Oc2c(C(C)(C)C)cc(C)cc2C(C)(C)C)OC3)c(C(C)(C)C)c1,c1ccc(OP2OCC3(CO2)COP(Oc2ccccc2)OC3)cc1,-7.801238536834717,-8.136962890625,-0.3357243537902832,0.3357243537902832,val,scaffold,Small GNN
Cc1cc(C)[nH]n1,c1cn[nH]c1,-0.5204744935035706,0.3653891086578369,0.8858636021614075,0.8858636021614075,val,scaffold,Small GNN
Cc1cc(C)c(C(=O)P(=O)(C(=O)c2c(C)cc(C)cc2C)c2ccccc2)c(C)c1,O=C(c1ccccc1)P(=O)(C(=O)c1ccccc1)c1ccccc1,-6.621667385101318,-5.19694709777832,1.424720287322998,1.424720287322998,val,scaffold,Small GNN
Cc1cc(C)c(C(=O)P(=O)(c2ccccc2)c2ccccc2)c(C)c1,O=C(c1ccccc1)P(=O)(c1ccccc1)c1ccccc1,-5.0105767250061035,-4.658073902130127,0.35250282287597656,0.35250282287597656,val,scaffold,Small GNN
Cc1cc(C)c(Nc2cc(S(=O)(=O)O)c(N)c3c2C(=O)c2ccccc2C3=O)c(C)c1CNC(=O)c1ccccc1,O=C(NCc1cccc(Nc2cccc3c2C(=O)c2ccccc2C3=O)c1)c1ccccc1,-1.4396051168441772,-3.336334228515625,-1.8967291116714478,1.8967291116714478,val,scaffold,Small GNN
Cc1cc(C)c(Nc2ccc(Nc3c(C)cc(C)cc3C)c3c2C(=O)c2ccccc2C3=O)c(C)c1,O=C1c2ccccc2C(=O)c2c(Nc3ccccc3)ccc(Nc3ccccc3)c21,-7.8250732421875,-8.03156852722168,-0.2064952850341797,0.2064952850341797,val,scaffold,Small GNN
Cc1cc(C)c(S(=O)(=O)NC2CCCCC2)c(C)c1Nc1ccc(Nc2c(C)cc(C)c(S(=O)(=O)NC3CCCCC3)c2C)c2c1C(=O)c1ccccc1C2=O,O=C1c2ccccc2C(=O)c2c(Nc3cccc(S(=O)(=O)NC4CCCCC4)c3)ccc(Nc3cccc(S(=O)(=O)NC4CCCCC4)c3)c21,-4.818703651428223,-6.315095901489258,-1.4963922500610352,1.4963922500610352,val,scaffold,Small GNN
Cc1cc(C)c[n+]([O-])c1,c1cc[nH+]cc1,0.909500002861023,-0.7496206760406494,-1.6591206789016724,1.6591206789016724,val,scaffold,Small GNN
Cc1cc(C)cc(N2C(=O)c3ccc4c5ccc6c7c(ccc(c8ccc(c3c48)C2=O)c75)C(=O)N(c2cc(C)cc(C)c2)C6=O)c1,O=C1c2ccc3c4ccc5c6c(ccc(c7ccc(c2c37)C(=O)N1c1ccccc1)c64)C(=O)N(c1ccccc1)C5=O,-7.47614860534668,-7.10026741027832,0.3758811950683594,0.3758811950683594,val,scaffold,Small GNN
Cc1cc(C)nc(Nc2ccccc2)n1,c1ccc(Nc2ncccn2)cc1,-3.216599941253662,-3.208883762359619,0.007716178894042969,0.007716178894042969,val,scaffold,Small GNN
Cc1cc(C)nc(Oc2cc(C)n(C)n2)n1,c1cnc(Oc2cc[nH]n2)nc1,-1.5199999809265137,-2.2841315269470215,-0.7641315460205078,0.7641315460205078,val,scaffold,Small GNN
Cc1cc(C2(c3ccc(NNC4=C(S(=O)(=O)O)C=C5C=CC(=O)C=C5C4=O)c(C)c3)CCCCC2)ccc1NNC1=C(S(=O)(=O)O)C=C2C=CC(=O)C=C2C1=O,O=C1C=CC2=CC=C(NNc3ccc(C4(c5ccc(NNC6=CC=C7C=CC(=O)C=C7C6=O)cc5)CCCCC4)cc3)C(=O)C2=C1,-0.8547884821891785,-2.9763240814208984,-2.12153559923172,2.12153559923172,val,scaffold,Small GNN
Cc1cc(C2CCCCC2)n(O)c(=O)c1,O=c1cccc(C2CCCCC2)[nH]1,-0.9331685900688171,-3.132777214050293,-2.199608623981476,2.199608623981476,val,scaffold,Small GNN
Cc1cc(Cc2cc(C)cc(C3(C)CCCCC3)c2O)c(O)c(C2(C)CCCCC2)c1,c1cc(Cc2cccc(C3CCCCC3)c2)cc(C2CCCCC2)c1,-8.1467866897583,-5.7918195724487305,2.3549671173095703,2.3549671173095703,val,scaffold,Small GNN
Cc1cc(Cc2cc(C)cc(C3CCCCC3)c2O)c(O)c(C2CCCCC2)c1,c1cc(Cc2cccc(C3CCCCC3)c2)cc(C2CCCCC2)c1,-6.979034423828125,-5.776767730712891,1.2022666931152344,1.2022666931152344,val,scaffold,Small GNN
Cc1cc(Cl)cc2c1C(=O)/C(=C1/Sc3cc(Cl)cc(C)c3C1=O)S2,O=C1C(=C2Sc3ccccc3C2=O)Sc2ccccc21,-7.931983947753906,-8.507262229919434,-0.5752782821655273,0.5752782821655273,val,scaffold,Small GNN
Cc1cc(N/N=C2\C=CC(=O)C(C(=O)O)=C2)c(OCCCS(=O)(=O)O)cc1N=Nc1ccc([N+](=O)[O-])cc1S(=O)(=O)O,O=C1C=CC(=NNc2ccc(N=Nc3ccccc3)cc2)C=C1,0.1614506095647812,-1.77066969871521,-1.9321203082799911,1.9321203082799911,val,scaffold,Small GNN
Cc1cc(N=Nc2ccc(Nc3nc(N)nc(Cl)n3)c3c(S(=O)(=O)O)cccc23)c(C)cc1N=Nc1cc(S(=O)(=O)O)ccc1S(=O)(=O)O,c1ccc(N=Nc2ccc(N=Nc3ccc(Nc4ncncn4)c4ccccc34)cc2)cc1,-0.3869456946849823,-1.229895830154419,-0.8429501354694366,0.8429501354694366,val,scaffold,Small GNN
Cc1cc(NC(C)C(=O)c2ccccc2)ccc1N/N=C1\C=C(S(=O)(=O)O)c2ccccc2C1=O,O=C(CNc1ccc(NN=C2C=Cc3ccccc3C2=O)cc1)c1ccccc1,-1.8129006624221802,-2.699620008468628,-0.8867193460464478,0.8867193460464478,val,scaffold,Small GNN
Cc1cc(NS(=O)(=O)c2ccc(N)cc2)no1,O=S(=O)(Nc1ccon1)c1ccccc1,-2.618299961090088,-2.941108465194702,-0.32280850410461426,0.32280850410461426,val,scaffold,Small GNN
Cc1cc(NS(=O)(=O)c2ccc(N)cc2)sn1,O=S(=O)(Nc1ccns1)c1ccccc1,-1.076200008392334,-3.3047657012939453,-2.2285656929016113,2.2285656929016113,val,scaffold,Small GNN
Cc1cc(O)c(C(C)(C)C)cc1C(C)CC(c1cc(C(C)(C)C)c(O)cc1C)c1cc(C(C)(C)C)c(O)cc1C,c1ccc(CCC(c2ccccc2)c2ccccc2)cc1,-7.134192943572998,-6.601723670959473,0.5324692726135254,0.5324692726135254,val,scaffold,Small GNN
Cc1cc(O)c(C2CCCCC2)cc1C(C[C@H](C)c1cc(C2CCCCC2)c(O)cc1C)c1cc(C2CCCCC2)c(O)cc1C,c1cc(CCC(c2cccc(C3CCCCC3)c2)c2cccc(C3CCCCC3)c2)cc(C2CCCCC2)c1,-7.3965020179748535,-6.2079877853393555,1.188514232635498,1.188514232635498,val,scaffold,Small GNN
Cc1cc(OC(=O)N(C)C)n(C(C)C)n1,c1cn[nH]c1,0.6751999855041504,-1.3240607976913452,-1.9992607831954956,1.9992607831954956,val,scaffold,Small GNN
Cc1cc(Oc2ccccn2)nn1C,c1ccc(Oc2cc[nH]n2)nc1,-0.9800000190734863,-2.2784578800201416,-1.2984578609466553,1.2984578609466553,val,scaffold,Small GNN
Cc1cc2c(cc1NNC1C(=O)NC(=O)NC1=O)=NC(=O)N=2,O=C1N=c2ccc(NNC3C(=O)NC(=O)NC3=O)cc2=N1,-6.489140033721924,-3.2597250938415527,3.229414939880371,3.229414939880371,val,scaffold,Small GNN
Cc1cc2cccc3ccc4c5ccccc5cc1c4c32,c1ccc2c(c1)cc1ccc3cccc4ccc2c1c34,-8.52239990234375,-7.658732891082764,0.8636670112609863,0.8636670112609863,val,scaffold,Small GNN
Cc1cc2nc3c(=O)[nH]c(=O)nc-3n(CC(O)C(O)C(O)CO)c2cc1C,O=c1nc2[nH]c3ccccc3nc-2c(=O)[nH]1,-3.6477999687194824,-2.9101006984710693,0.7376992702484131,0.7376992702484131,val,scaffold,Small GNN
Cc1cc2nc3ccc(N(C)C)cc3[s+]c2cc1N,c1ccc2[s+]c3ccccc3nc2c1,-0.9034000039100647,-2.422868013381958,-1.5194680094718933,1.5194680094718933,val,scaffold,Small GNN
Cc1cc[n+]([O-])cc1,c1cc[nH+]cc1,0.9621000289916992,-0.42579150199890137,-1.3878915309906006,1.3878915309906006,val,scaffold,Small GNN
Cc1ccc(-c2nc3ccc(C)cn3c2CC(=O)N(C)C)cc1,c1ccc(-c2cn3ccccc3n2)cc1,-1.2999999523162842,-4.515099048614502,-3.2150990962982178,3.2150990962982178,val,scaffold,Small GNN
Cc1ccc(-n2ccc(=O)c(O)c2C)cc1,O=c1ccn(-c2ccccc2)cc1,-3.2200000286102295,-2.3736958503723145,0.846304178237915,0.846304178237915,val,scaffold,Small GNN
Cc1ccc(C(=O)OOC(=O)c2ccc(C)cc2)cc1,O=C(OOC(=O)c1ccccc1)c1ccccc1,-6.798351764678955,-4.568111419677734,2.2302403450012207,2.2302403450012207,val,scaffold,Small GNN
Cc1ccc(Cn2cc(F)c(=O)[nH]c2=O)cc1,O=c1ccn(Cc2ccccc2)c(=O)[nH]1,-2.9200000762939453,-3.187258243560791,-0.2672581672668457,0.2672581672668457,val,scaffold,Small GNN
Cc1ccc(N=CN(C)C=Nc2ccc(C)cc2C)c(C)c1,C(=Nc1ccccc1)NC=Nc1ccccc1,-5.46750020980835,-4.392195701599121,1.0753045082092285,1.0753045082092285,val,scaffold,Small GNN
Cc1ccc(NC(=O)NC(C)(C)c2ccccc2)cc1,O=C(NCc1ccccc1)Nc1ccccc1,-5.3495001792907715,-4.224610805511475,1.1248893737792969,1.1248893737792969,val,scaffold,Small GNN
Cc1ccc(NS(=O)(=O)c2cc(NNC3=C4C(=O)C=C(S(=O)(=O)O)C=C4C=CC3=N)ccc2Cl)c(C)c1,N=C1C=CC2=CC=CC(=O)C2=C1NNc1cccc(S(=O)(=O)Nc2ccccc2)c1,-0.6308712959289551,-2.964083194732666,-2.333211898803711,2.333211898803711,val,scaffold,Small GNN
Cc1ccc(NS(=O)(=O)c2ccc([N+](=O)[O-])cc2)nc1,O=S(=O)(Nc1ccccn1)c1ccccc1,-4.289999961853027,-3.73305606842041,0.5569438934326172,0.5569438934326172,val,scaffold,Small GNN
Cc1ccc(Nc2ccc(Nc3ccc(C)cc3S(=O)(=O)O)c3c2C(=O)c2ccccc2C3=O)c(S(=O)(=O)O)c1,O=C1c2ccccc2C(=O)c2c(Nc3ccccc3)ccc(Nc3ccccc3)c21,-1.4270312786102295,-1.2164632081985474,0.21056807041168213,0.21056807041168213,val,scaffold,Small GNN
Cc1ccc(Nc2nc(Nc3ccc(C)cc3)c(N=Nc3ccccc3C(F)(F)F)c(C)c2C#N)cc1,c1ccc(N=Nc2ccc(Nc3ccccc3)nc2Nc2ccccc2)cc1,-7.717157363891602,-8.224494934082031,-0.5073375701904297,0.5073375701904297,val,scaffold,Small GNN
Cc1ccc(OCC(=O)NC2C(=O)N3C2SC(C)(C)C3C(=O)O)cc1,O=C(COc1ccccc1)NC1C(=O)N2CCSC12,-3.1500000953674316,-2.824185848236084,0.32581424713134766,0.32581424713134766,val,scaffold,Small GNN
Cc1ccc(S(=O)(=O)C2(C(=O)OC(C)C)CCCC2)cc1,O=S(=O)(c1ccccc1)C1CCCC1,-3.9100000858306885,-3.720092535018921,0.18990755081176758,0.18990755081176758,val,scaffold,Small GNN
Cc1ccc(S(=O)(=O)C2(C(=O)OC(C)C)CCCCC2)cc1,O=S(=O)(c1ccccc1)C1CCCCC1,-4.619999885559082,-3.7753853797912598,0.8446145057678223,0.8446145057678223,val,scaffold,Small GNN
Cc1ccc(S(=O)(=O)N(C)Cc2ccc(Nc3cc(S(=O)(=O)O)c(N)c4c3C(=O)c3ccccc3C4=O)cc2)cc1,O=C1c2ccccc2C(=O)c2c(Nc3ccc(CNS(=O)(=O)c4ccccc4)cc3)cccc21,-1.942821979522705,-2.8122427463531494,-0.8694207668304443,0.8694207668304443,val,scaffold,Small GNN
Cc1ccc(S(=O)(=O)NC(=O)Nc2nccc(Nc3ccc(S(N)(=O)=O)cc3)n2)cc1,O=C(Nc1nccc(Nc2ccccc2)n1)NS(=O)(=O)c1ccccc1,-4.300000190734863,-3.2914302349090576,1.0085699558258057,1.0085699558258057,val,scaffold,Small GNN
Cc1ccc(S(=O)(=O)Oc2c(C(=O)c3ccc(Cl)cc3Cl)c(C)nn2C)cc1,O=C(c1ccccc1)c1cn[nH]c1OS(=O)(=O)c1ccccc1,-6.894599914550781,-5.470935344696045,1.4236645698547363,1.4236645698547363,val,scaffold,Small GNN
Cc1ccc(S(=O)(=O)Oc2ccc(N=Nc3ccc(N=Nc4ccc(Nc5ccc([N+](=O)[O-])cc5S(=O)(=O)O)cc4)c4ccc(S(=O)(=O)O)cc34)cc2)cc1,O=S(=O)(Oc1ccc(N=Nc2ccc(N=Nc3ccc(Nc4ccccc4)cc3)c3ccccc23)cc1)c1ccccc1,-1.5709847211837769,-1.9980378150939941,-0.4270530939102173,0.4270530939102173,val,scaffold,Small GNN
Cc1ccc(S(=O)(=O)Oc2ccccc2C)cc1,O=S(=O)(Oc1ccccc1)c1ccccc1,-3.941699981689453,-4.132879257202148,-0.1911792755126953,0.1911792755126953,val,scaffold,Small GNN
Cc1ccc(Sc2ccc(C(=O)c3ccccc3)cc2)cc1,O=C(c1ccccc1)c1ccc(Sc2ccccc2)cc1,-7.615408420562744,-5.480551242828369,2.134857177734375,2.134857177734375,val,scaffold,Small GNN
Cc1ccc2c(c1)OCC(=O)CO2,O=C1COc2ccccc2OC1,-1.1141554117202759,-2.021522283554077,-0.9073668718338013,0.9073668718338013,val,scaffold,Small GNN
Cc1ccc2c(ccc3c4c5c(cccc5cc32)CC4)c1,c1cc2c3c(c4ccc5ccccc5c4cc3c1)CC2,-7.920000076293945,-7.54204797744751,0.37795209884643555,0.37795209884643555,val,scaffold,Small GNN
Cc1ccc2cc3c(ccc4ccccc43)c3c2c1CC3,c1cc2c3c(c4ccc5ccccc5c4cc3c1)CC2,-7.966300010681152,-7.375901222229004,0.5903987884521484,0.5903987884521484,val,scaffold,Small GNN
Cc1ccc2oc(/C=C/c3nc4cc(C)ccc4o3)nc2c1,C(=Cc1nc2ccccc2o1)c1nc2ccccc2o1,-6.000482082366943,-6.082065582275391,-0.08158349990844727,0.08158349990844727,val,scaffold,Small GNN
Cc1cccc(C)c1OP(=O)(Oc1cccc(OP(=O)(Oc2c(C)cccc2C)Oc2c(C)cccc2C)c1)Oc1c(C)cccc1C,O=P(Oc1ccccc1)(Oc1ccccc1)Oc1cccc(OP(=O)(Oc2ccccc2)Oc2ccccc2)c1,-6.8367533683776855,-6.481927394866943,0.3548259735107422,0.3548259735107422,val,scaffold,Small GNN
Cc1ccccc1OP(Oc1ccccc1C)Oc1ccccc1C,c1ccc(OP(Oc2ccccc2)Oc2ccccc2)cc1,-7.779842853546143,-5.946700096130371,1.8331427574157715,1.8331427574157715,val,scaffold,Small GNN
Cc1ccccc1Oc1cccnn1,c1ccc(Oc2cccnn2)cc1,-1.968999981880188,-2.4815263748168945,-0.5125263929367065,0.5125263929367065,val,scaffold,Small GNN
Cc1ccn2nc(S(=O)(=O)Nc3c(F)cccc3F)nc2n1,O=S(=O)(Nc1ccccc1)c1nc2ncccn2n1,-3.8248000144958496,-4.838167190551758,-1.0133671760559082,1.0133671760559082,val,scaffold,Small GNN
Cc1ccn[nH]1,c1cn[nH]c1,1.0856250524520874,0.6152317523956299,-0.4703933000564575,0.4703933000564575,val,scaffold,Small GNN
Cc1ccnc2c1NC(=O)c1cccnc1N2C1CC1,O=C1Nc2cccnc2N(C2CC2)c2ncccc21,-3.190000057220459,-4.2291579246521,-1.0391578674316406,1.0391578674316406,val,scaffold,Small GNN
Cc1ccnc2c1ccc1c(C)ccnc12,c1cnc2c(c1)ccc1cccnc12,-3.968600034713745,-3.86100435256958,0.10759568214416504,0.10759568214416504,val,scaffold,Small GNN
Cc1cn(C2CC(N=[N+]=[N-])C(COC(=O)c3ccncc3)O2)c(=O)[nH]c1=O,O=C(OCC1CCC(n2ccc(=O)[nH]c2=O)O1)c1ccncc1,-2.7200000286102295,-2.1191470623016357,0.6008529663085938,0.6008529663085938,val,scaffold,Small GNN
Cc1cn(Cc2ccccc2)c(=O)[nH]c1=O,O=c1ccn(Cc2ccccc2)c(=O)[nH]1,-2.2558000087738037,-2.6714391708374023,-0.41563916206359863,0.41563916206359863,val,scaffold,Small GNN
Cc1cnc(C2=NC(C)(C(C)C)C(=O)N2)c(C(=O)O)c1,O=C1CN=C(c2ccccn2)N1,-2.091099977493286,-2.74562668800354,-0.6545267105102539,0.6545267105102539,val,scaffold,Small GNN
Cc1cnc2c(ccc3c(C)c(C)cnc32)c1C,c1cnc2c(c1)ccc1cccnc12,-5.193900108337402,-4.479117393493652,0.71478271484375,0.71478271484375,val,scaffold,Small GNN
Cc1cnnc2c(O)cccc12,c1ccc2nnccc2c1,-2.678299903869629,-2.239712715148926,0.4385871887207031,0.4385871887207031,val,scaffold,Small GNN
Cc1csc(=S)n1CC(=O)O,S=c1[nH]ccs1,-1.9631999731063843,-1.630224585533142,0.3329753875732422,0.3329753875732422,val,scaffold,Small GNN
Cc1nc(C(F)(F)F)c(C(=O)Nc2c(Br)cc(OC(F)(F)F)cc2Br)s1,O=C(Nc1ccccc1)c1cncs1,-5.518599987030029,-6.671395301818848,-1.1527953147888184,1.1527953147888184,val,scaffold,Small GNN
Cc1nc(C)c(C(=O)Nc2ccccc2)s1,O=C(Nc1ccccc1)c1cncs1,-1.7300000190734863,-3.9001128673553467,-2.1701128482818604,2.1701128482818604,val,scaffold,Small GNN
Cc1nc(NS(=O)(=O)c2ccc(N)cc2)oc1C,O=S(=O)(Nc1ncco1)c1ccccc1,-2.2200000286102295,-2.880742311477661,-0.6607422828674316,0.6607422828674316,val,scaffold,Small GNN
Cc1nc2ccccc2[nH]1,c1ccc2[nH]cnc2c1,-1.9598000049591064,-2.0947024822235107,-0.1349024772644043,0.1349024772644043,val,scaffold,Small GNN
Cc1ncc2n1-c1ccc(Cl)cc1C(c1ccccc1F)=NC2,c1ccc(C2=NCc3cncn3-c3ccccc32)cc1,-4.130000114440918,-4.685638427734375,-0.555638313293457,0.555638313293457,val,scaffold,Small GNN
Cc1nn(-c2cccc(S(=O)(=O)O)c2)c(O)c1N=Nc1cc(Cl)cc(S(=O)(=O)O)c1O,c1ccc(N=Nc2cnn(-c3ccccc3)c2)cc1,-1.1331675052642822,-1.6230779886245728,-0.4899104833602905,0.4899104833602905,val,scaffold,Small GNN
Cc1nn(-c2ccccc2)c(O)c1N=Nc1cc(Cl)c(S(N)(=O)=O)cc1O,c1ccc(N=Nc2cnn(-c3ccccc3)c2)cc1,-2.6924707889556885,-3.9227452278137207,-1.2302744388580322,1.2302744388580322,val,scaffold,Small GNN
Cc1occc1C(=O)Nc1ccccc1,O=C(Nc1ccccc1)c1ccoc1,-3.3036999702453613,-3.7042899131774902,-0.4005899429321289,0.4005899429321289,val,scaffold,Small GNN
Cc1onc(NS(=O)(=O)c2ccc(N)cc2)c1C,O=S(=O)(Nc1ccon1)c1ccccc1,-2.190000057220459,-3.108839750289917,-0.918839693069458,0.918839693069458,val,scaffold,Small GNN
Cc1oncc1C(=O)O,c1cnoc1,-1.0553611516952515,-1.2228116989135742,-0.16745054721832275,0.16745054721832275,val,scaffold,Small GNN
Cc1snnc1C(=O)O,c1csnn1,-0.45980000495910645,-2.028686046600342,-1.5688860416412354,1.5688860416412354,val,scaffold,Small GNN
Cl/C=C/C[N+]12CN3CN(CN(C3)C1)C2,C1N2CN3CN1C[NH+](C2)C3,0.08290000259876251,-1.5036927461624146,-1.586592748761177,1.586592748761177,val,scaffold,Small GNN
ClC1=C(Cl)C2(Cl)C3C4OC4C(Cl)C3C1(Cl)C2(Cl)Cl,C1=CC2CC1C1CC3OC3C21,-6.289299964904785,-6.8002166748046875,-0.5109167098999023,0.5109167098999023,val,scaffold,Small GNN
ClC1=C(Cl)C2(Cl)C3CCC4C(CCC3C1(Cl)C2(Cl)Cl)C1(Cl)C(Cl)=C(Cl)C4(Cl)C1(Cl)Cl,C1=CC2CC1C1CCC3C4C=CC(C4)C3CCC21,-13.171899795532227,-7.239560127258301,5.932339668273926,5.932339668273926,val,scaffold,Small GNN
Clc1cc(Cl)c2c(c1Cl)C1=NC2N=C2NC(N=C3N=C(N=c4[nH]c(c5c(Cl)c(Cl)c(Cl)c(Cl)c45)=N1)c1c(Cl)c(Cl)c(Cl)c(Cl)c13)c1c(Cl)c(Cl)c(Cl)c(Cl)c12,c1ccc2c(c1)C1=NC2=NC2NC(=NC3N=C(N=c4[nH]c(c5ccccc45)=N1)c1ccccc13)c1ccccc12,-9.039323806762695,-10.002802848815918,-0.9634790420532227,0.9634790420532227,val,scaffold,Small GNN
Clc1ccc(CSC(Cn2cncn2)=Nc2ccc(Cl)cc2Cl)cc1,c1ccc(CSC(Cn2cncn2)=Nc2ccccc2)cc1,-5.384200096130371,-5.591845512390137,-0.20764541625976562,0.20764541625976562,val,scaffold,Small GNN
Clc1ccc(N2N=NC3C4CC(C5N=NC45)C32)cc1,c1ccc(N2N=NC3C4CC(C5N=NC45)C32)cc1,-4.869999885559082,-2.38391375541687,2.486086130142212,2.486086130142212,val,scaffold,Small GNN
Clc1ccccc1-c1nnc(-c2ccccc2Cl)nn1,c1ccc(-c2nnc(-c3ccccc3)nn2)cc1,-5.4816999435424805,-3.9153289794921875,1.566370964050293,1.566370964050293,val,scaffold,Small GNN
Cn1c(-c2ccccc2)c(C=CC2=[N+](C)c3ccccc3C2(C)C)c2ccccc21,C(=Cc1c(-c2ccccc2)[nH]c2ccccc12)C1=[NH+]c2ccccc2C1,-1.7439279556274414,-3.8312008380889893,-2.087272882461548,2.087272882461548,val,scaffold,Small GNN
Cn1c(=O)[nH]c2[nH]c(=O)[nH]c2c1=O,O=c1[nH]c(=O)c2[nH]c(=O)[nH]c2[nH]1,-1.561400055885315,-3.4230172634124756,-1.8616172075271606,1.8616172075271606,val,scaffold,Small GNN
Cn1c(=O)[nH]c2c(=O)[nH]c(=O)[nH]c21,O=c1[nH]c(=O)c2[nH]c(=O)[nH]c2[nH]1,-3.940000057220459,-3.513962984085083,0.426037073135376,0.426037073135376,val,scaffold,Small GNN
Cn1c(=O)[nH]n(-c2ccccc2)c1=O,O=c1[nH]c(=O)n(-c2ccccc2)[nH]1,-2.9804000854492188,-1.9535410404205322,1.0268590450286865,1.0268590450286865,val,scaffold,Small GNN
Cn1c(=O)c2[nH]c(-c3ccccc3)nc2n(C)c1=O,O=c1[nH]c(=O)c2[nH]c(-c3ccccc3)nc2[nH]1,-5.0,-3.1053197383880615,1.8946802616119385,1.8946802616119385,val,scaffold,Small GNN
Cn1c(=O)c2c(n(C)c1=O)n(C)c(=O)n2C,O=c1[nH]c(=O)c2[nH]c(=O)[nH]c2[nH]1,-0.9527000188827515,-0.7175467014312744,0.23515331745147705,0.23515331745147705,val,scaffold,Small GNN
Cn1c(=O)c2c(nc(-c3ccccc3)n2C)n(C)c1=O,O=c1[nH]c(=O)c2[nH]c(-c3ccccc3)nc2[nH]1,-3.309999942779541,-3.0900161266326904,0.21998381614685059,0.21998381614685059,val,scaffold,Small GNN
Cn1c(=O)cc2c3c(c(Br)ccc31)C(=O)c1ccccc1-2,O=C1c2ccccc2-c2cc(=O)[nH]c3cccc1c23,-6.680445194244385,-5.998291492462158,0.6821537017822266,0.6821537017822266,val,scaffold,Small GNN
Cn1c(=O)ncc2nccnc21,O=c1ncc2nccnc2[nH]1,-1.3712999820709229,-1.5926417112350464,-0.22134172916412354,0.22134172916412354,val,scaffold,Small GNN
Cn1cc(C(N)=O)c(Nc2ccc(Br)cc2F)c(F)c1=O,O=c1cc(Nc2ccccc2)cc[nH]1,-4.139999866485596,-3.7806520462036133,0.3593478202819824,0.3593478202819824,val,scaffold,Small GNN
Cn1cnc([N+](=O)[O-])c1Sc1ncnc2nc[nH]c12,c1nc(Sc2cnc[nH]2)c2[nH]cnc2n1,-3.2100000381469727,-2.855973958969116,0.35402607917785645,0.35402607917785645,val,scaffold,Small GNN
Cn1cnc2[nH]c(=O)nc(NCCO)c21,O=c1ncc2[nH]cnc2[nH]1,0.07999999821186066,-2.0979256629943848,-2.1779256612062454,2.1779256612062454,val,scaffold,Small GNN
Cn1nc(S(N)(=O)=O)sc1=NS(=O)(=O)C(F)(F)F,N=c1[nH]ncs1,-1.159999966621399,-2.1422576904296875,-0.9822577238082886,0.9822577238082886,val,scaffold,Small GNN
Cn1nc(S(N)(=O)=O)sc1=NS(C)(=O)=O,N=c1[nH]ncs1,-2.049999952316284,-2.391425371170044,-0.34142541885375977,0.34142541885375977,val,scaffold,Small GNN
FC(F)(F)c1nc2c(Cl)c(Cl)ccc2[nH]1,c1ccc2[nH]cnc2c1,-3.567699909210205,-5.787161827087402,-2.2194619178771973,2.2194619178771973,val,scaffold,Small GNN
F[N+]12CC[N+](CCl)(CC1)CC2,C1C[NH+]2CC[NH+]1CC2,-0.3038119077682495,-0.05970001220703125,0.24411189556121826,0.24411189556121826,val,scaffold,Small GNN
Fc1ccc(C(c2ccccc2)(c2ccccc2F)n2ccnc2)cc1,c1ccc(C(c2ccccc2)(c2ccccc2)n2ccnc2)cc1,-8.399999618530273,-4.3467512130737305,4.053248405456543,4.053248405456543,val,scaffold,Small GNN
Fc1cccc(F)c1-c1nnc(-c2ccccc2Cl)nn1,c1ccc(-c2nnc(-c3ccccc3)nn2)cc1,-6.119999885559082,-4.1681623458862305,1.9518375396728516,1.9518375396728516,val,scaffold,Small GNN
N#Cc1c[nH]cc1-c1cccc2c1OC(F)(F)O2,c1cc2c(c(-c3cc[nH]c3)c1)OCO2,-5.139500141143799,-4.085008144378662,1.0544919967651367,1.0544919967651367,val,scaffold,Small GNN
N#Cc1ccc(C=Cc2ccc(C=Cc3cccc(C#N)c3)cc2)cc1,C(=Cc1ccc(C=Cc2ccccc2)cc1)c1ccccc1,-8.12372875213623,-7.1350226402282715,0.988706111907959,0.988706111907959,val,scaffold,Small GNN
N#Cc1ccc2c(c1)N(CCCN1CCC(O)CC1)c1ccccc1S2,c1ccc2c(c1)Sc1ccccc1N2CCCN1CCCCC1,-3.9800000190734863,-4.4859161376953125,-0.5059161186218262,0.5059161186218262,val,scaffold,Small GNN
N#Cc1ccccc1/C=C/c1ccc(/C=C/c2ccccc2C#N)cc1,C(=Cc1ccc(C=Cc2ccccc2)cc1)c1ccccc1,-4.220638751983643,-7.2151899337768555,-2.994551181793213,2.994551181793213,val,scaffold,Small GNN
N#Cc1sc2c(=O)c3ccccc3c(=O)c=2sc1C#N,O=c1c2sccsc=2c(=O)c2ccccc12,-6.329999923706055,-5.447901248931885,0.8820986747741699,0.8820986747741699,val,scaffold,Small GNN
N=C(N)NN=C1C=CC(=NNC(=N)N)c2ccccc21,N=C1C=CC(=N)c2ccccc21,-3.2899999618530273,-2.690314769744873,0.5996851921081543,0.5996851921081543,val,scaffold,Small GNN
N=C(N)c1cccc(NC(=O)Nc2cccc(C(=N)N)c2)c1,O=C(Nc1ccccc1)Nc1ccccc1,-1.7699999809265137,-2.286900520324707,-0.5169005393981934,0.5169005393981934,val,scaffold,Small GNN
N=C(c1ccccc1)c1ccccc1,N=C(c1ccccc1)c1ccccc1,-2.7811279296875,-2.99450945854187,-0.21338152885437012,0.21338152885437012,val,scaffold,Small GNN
N=C1C=CC2=CC(S(=O)(=O)O)=CC(=O)C2=C1NNc1ccc(N)cc1S(=O)(=O)O,N=C1C=CC2=CC=CC(=O)C2=C1NNc1ccccc1,0.3165864050388336,-0.7727947235107422,-1.0893811285495758,1.0893811285495758,val,scaffold,Small GNN
N=C1C=CC2=CC(S(=O)(=O)O)=CC(=O)C2=C1NNc1ccccc1C(F)(F)F,N=C1C=CC2=CC=CC(=O)C2=C1NNc1ccccc1,-2.0686299800872803,-2.2368695735931396,-0.16823959350585938,0.16823959350585938,val,scaffold,Small GNN
NC(=NO)N1Cc2cccc3c(Cl)ccc(c23)C1,c1cc2c3c(cccc3c1)CNC2,-2.0,-2.914290189743042,-0.914290189743042,0.914290189743042,val,scaffold,Small GNN
NC(=Nc1ccc(N)cc1)N1Cc2cccc3cccc(c23)C1,C(=Nc1ccccc1)N1Cc2cccc3cccc(c23)C1,-1.8300000429153442,-3.2676753997802734,-1.4376753568649292,1.4376753568649292,val,scaffold,Small GNN
NC(=O)C1CCCN1C(=O)COC(=O)c1ccccc1,O=C(OCC(=O)N1CCCC1)c1ccccc1,-2.2699999809265137,-2.0217976570129395,0.24820232391357422,0.24820232391357422,val,scaffold,Small GNN
NC(=O)N1c2ccccc2C=Cc2ccccc21,C1=Cc2ccccc2Nc2ccccc21,-3.2899999618530273,-4.449089050292969,-1.1590890884399414,1.1590890884399414,val,scaffold,Small GNN
NC(=O)NC1(O)NC(=O)NC1(O)C(=O)O,O=C1NCCN1,-0.3700000047683716,-1.2366502285003662,-0.8666502237319946,0.8666502237319946,val,scaffold,Small GNN
NC(=O)NN=C1CCCCC1,N=C1CCCCC1,-1.4127000570297241,-1.8983495235443115,-0.4856494665145874,0.4856494665145874,val,scaffold,Small GNN
NC(=O)Nc1cc(Nc2nc(Cl)nc(Nc3ccc(-c4ccc(Nc5nc(Cl)nc(Nc6ccc(N=Nc7cc8c(S(=O)(=O)O)cc(S(=O)(=O)O)cc8cc7S(=O)(=O)O)c(NC(N)=O)c6)n5)cc4S(=O)(=O)O)c(S(=O)(=O)O)c3)n2)ccc1N=Nc1cc2c(S(=O)(=O)O)cc(S(=O)(=O)O)cc2cc1S(=O)(=O)O,c1ccc2cc(N=Nc3ccc(Nc4ncnc(Nc5ccc(-c6ccc(Nc7ncnc(Nc8ccc(N=Nc9ccc%10ccccc%10c9)cc8)n7)cc6)cc5)n4)cc3)ccc2c1,-1.4981682300567627,-0.7856121063232422,0.7125561237335205,0.7125561237335205,val,scaffold,Small GNN
NC(=O)OCC1COC2(CCCCC2)O1,C1CCC2(CC1)OCCO2,-1.8899999856948853,-1.7485158443450928,0.14148414134979248,0.14148414134979248,val,scaffold,Small GNN
NC(=O)OCC1CSC2(CCCCC2)O1,C1CCC2(CC1)OCCS2,-2.819999933242798,-2.134169101715088,0.68583083152771,0.68583083152771,val,scaffold,Small GNN
NC(=O)OCC1CSC2(CCCCC2)S1,C1CCC2(CC1)SCCS2,-3.5199999809265137,-2.498880624771118,1.0211193561553955,1.0211193561553955,val,scaffold,Small GNN
NC(=O)[C@@H]1CCCN1,C1CCNC1,0.7853597402572632,0.12286496162414551,-0.6624947786331177,0.6624947786331177,val,scaffold,Small GNN
NC(=O)c1ccc[n+](C2OC(COP(=O)([O-])OP(=O)(O)OCC3OC(n4cnc5c(N)ncnc54)C(O)C3O)C(O)C2O)c1,O=[PH](OCC1CCC(n2cnc3cncnc32)O1)O[PH](=O)OCC1CCC([n+]2ccccc2)O1,0.17820489406585693,-1.0359916687011719,-1.2141965627670288,1.2141965627670288,val,scaffold,Small GNN
NC(=O)c1ccc[n+](Cc2ccccc2)c1,c1ccc(C[n+]2ccccc2)cc1,0.2936103641986847,-1.1045186519622803,-1.398129016160965,1.398129016160965,val,scaffold,Small GNN
NC1CONC1=O,O=C1CCON1,-0.009999999776482582,-0.2490074634552002,-0.2390074636787176,0.2390074636787176,val,scaffold,Small GNN
NCCN1CCNC1=O,O=C1NCCN1,0.6335459351539612,-0.37905430793762207,-1.0126002430915833,1.0126002430915833,val,scaffold,Small GNN
NNP(=O)(Oc1ccccc1)Oc1ccccc1,O=[PH](Oc1ccccc1)Oc1ccccc1,-2.237299919128418,-3.2939653396606445,-1.0566654205322266,1.0566654205322266,val,scaffold,Small GNN
NS(=O)(=O)c1cc(C(=O)O)c(NCc2ccco2)cc1Cl,c1ccc(NCc2ccco2)cc1,-3.8299999237060547,-2.9368057250976562,0.8931941986083984,0.8931941986083984,val,scaffold,Small GNN
NS(=O)(=O)c1cc(C(=O)c2ccc(CN3CCOCC3)cc2)cs1,O=C(c1ccc(CN2CCOCC2)cc1)c1ccsc1,-1.5199999809265137,-2.9060099124908447,-1.386009931564331,1.386009931564331,val,scaffold,Small GNN
NS(=O)(=O)c1cc(C(=O)c2ccc(CNCc3ccccc3)cc2)cs1,O=C(c1ccc(CNCc2ccccc2)cc1)c1ccsc1,-3.369999885559082,-2.8876729011535645,0.4823269844055176,0.4823269844055176,val,scaffold,Small GNN
NS(=O)(=O)c1cc(C(=O)c2cccc(CN3CCOCC3)c2)cs1,O=C(c1ccsc1)c1cccc(CN2CCOCC2)c1,-1.9199999570846558,-2.8719687461853027,-0.951968789100647,0.951968789100647,val,scaffold,Small GNN
NS(=O)(=O)c1cc(S(=O)(=O)c2ccc(O)cc2)co1,O=S(=O)(c1ccccc1)c1ccoc1,-2.4000000953674316,-2.4050424098968506,-0.005042314529418945,0.005042314529418945,val,scaffold,Small GNN
NS(=O)(=O)c1cc2c(cc1C(F)(F)F)NC(Cc1ccccc1)NS2(=O)=O,O=S1(=O)NC(Cc2ccccc2)Nc2ccccc21,-3.5913000106811523,-2.549207925796509,1.0420920848846436,1.0420920848846436,val,scaffold,Small GNN
NS(=O)(=O)c1cc2c(cc1C(F)(F)F)NC=NS2(=O)=O,O=S1(=O)N=CNc2ccccc21,-0.8185999989509583,-2.1053273677825928,-1.2867273688316345,1.2867273688316345,val,scaffold,Small GNN
NS(=O)(=O)c1cc2c(cc1C(F)(F)F)NCNS2(=O)=O,O=S1(=O)NCNc2ccccc21,-2.9700000286102295,-2.1708412170410156,0.7991588115692139,0.7991588115692139,val,scaffold,Small GNN
NS(=O)(=O)c1cc2c(cc1Cl)NC(C(Cl)Cl)NS2(=O)=O,O=S1(=O)NCNc2ccccc21,-3.180000066757202,-2.4538156986236572,0.7261843681335449,0.7261843681335449,val,scaffold,Small GNN
NS(=O)(=O)c1cc2c(cc1Cl)NCNS2(=O)=O,O=S1(=O)NCNc2ccccc21,-2.630000114440918,-2.6057934761047363,0.02420663833618164,0.02420663833618164,val,scaffold,Small GNN
NS(=O)(=O)c1cc2c(s1)C(O)CCS2,c1cc2c(s1)CCCS2,-2.25,-2.6826083660125732,-0.43260836601257324,0.43260836601257324,val,scaffold,Small GNN
NS(=O)(=O)c1cc2c(s1)S(=O)(=O)CC(O)C2,O=S1(=O)CCCc2ccsc21,-1.5399999618530273,-3.073359966278076,-1.5333600044250488,1.5333600044250488,val,scaffold,Small GNN
NS(=O)(=O)c1cc2c(s1)S(=O)(=O)CCC2,O=S1(=O)CCCc2ccsc21,-2.680000066757202,-2.6893537044525146,-0.0093536376953125,0.0093536376953125,val,scaffold,Small GNN
NS(=O)(=O)c1cc2c(s1)S(=O)(=O)CCC2O,O=S1(=O)CCCc2ccsc21,-1.649999976158142,-2.925624370574951,-1.275624394416809,1.275624394416809,val,scaffold,Small GNN
NS(=O)(=O)c1cc2c(s1)SCCC2=O,O=C1CCSc2sccc21,-3.549999952316284,-2.5421369075775146,1.0078630447387695,1.0078630447387695,val,scaffold,Small GNN
NS(=O)(=O)c1cc2c(s1)SCCC2O,c1cc2c(s1)SCCC2,-2.5899999141693115,-2.575101852416992,0.014898061752319336,0.014898061752319336,val,scaffold,Small GNN
NS(=O)(=O)c1ccc(CNC(=S)NC(C(=O)O)C(O)c2ccccc2)cc1,S=C(NCCc1ccccc1)NCc1ccccc1,-1.2899999618530273,-2.3309154510498047,-1.0409154891967773,1.0409154891967773,val,scaffold,Small GNN
NS(=O)(=O)c1ccc(Nc2ccnc(NC(=O)NS(=O)(=O)c3ccc(Cl)cc3)n2)cc1,O=C(Nc1nccc(Nc2ccccc2)n1)NS(=O)(=O)c1ccccc1,-4.0,-3.3806891441345215,0.6193108558654785,0.6193108558654785,val,scaffold,Small GNN
NS(=O)(=O)c1ccccc1-c1nc2ccccc2c(=O)[nH]1,O=c1[nH]c(-c2ccccc2)nc2ccccc12,-3.0799999237060547,-2.5854647159576416,0.4945352077484131,0.4945352077484131,val,scaffold,Small GNN
Nc1c(N=Nc2ccc(S(=O)(=O)CCOS(=O)(=O)O)cc2S(=O)(=O)O)cc(S(=O)(=O)O)c(N)c1N=Nc1ccc(S(=O)(=O)CCOS(=O)(=O)O)cc1,c1ccc(N=Nc2cccc(N=Nc3ccccc3)c2)cc1,-0.2891446352005005,-1.264899492263794,-0.9757548570632935,0.9757548570632935,val,scaffold,Small GNN
Nc1c(Oc2ccccc2)cc(O)c2c1C(=O)c1ccccc1C2=O,O=C1c2ccccc2C(=O)c2cc(Oc3ccccc3)ccc21,-4.219226837158203,-6.460962772369385,-2.2417359352111816,2.2417359352111816,val,scaffold,Small GNN
Nc1c(S(=O)(=O)O)cc(-c2cc(S(=O)(=O)O)c(N)c3c2C(=O)c2ccccc2C3=O)c2c1C(=O)c1ccccc1C2=O,O=C1c2ccccc2C(=O)c2c1cccc2-c1cccc2c1C(=O)c1ccccc1C2=O,-2.030179977416992,-1.104097604751587,0.9260823726654053,0.9260823726654053,val,scaffold,Small GNN
Nc1ccc(-c2ccc(N)c3c2C(=O)c2ccccc2C3=O)c2c1C(=O)c1ccccc1C2=O,O=C1c2ccccc2C(=O)c2c1cccc2-c1cccc2c1C(=O)c1ccccc1C2=O,-6.293710708618164,-7.087296009063721,-0.7935853004455566,0.7935853004455566,val,scaffold,Small GNN
Nc1ccc(C2(c3ccc(N)c(Cl)c3)c3ccccc3-c3ccccc32)cc1Cl,c1ccc(C2(c3ccccc3)c3ccccc3-c3ccccc32)cc1,-6.904485702514648,-5.442304611206055,1.4621810913085938,1.4621810913085938,val,scaffold,Small GNN
Nc1ccc(N=Nc2ccc(NC(=O)c3ccc(N=Nc4c(S(=O)(=O)O)cc5c(c4N)C(=O)/C(=N/Nc4ccccc4)C(S(=O)(=O)O)=C5)cc3)cc2)c(N)c1,O=C(Nc1ccc(N=Nc2ccccc2)cc1)c1ccc(N=Nc2ccc3c(c2)C(=O)C(=NNc2ccccc2)C=C3)cc1,-1.3406827449798584,-2.542182445526123,-1.2014997005462646,1.2014997005462646,val,scaffold,Small GNN
Nc1ccc(N=Nc2ccc(S(=O)(=O)Nc3ccc(N=Nc4c(S(=O)(=O)O)cc5cc(S(=O)(=O)O)c(N=Nc6ccccc6)c(O)c5c4N)cc3)cc2)c(N)c1,O=S(=O)(Nc1ccc(N=Nc2ccc3ccc(N=Nc4ccccc4)cc3c2)cc1)c1ccc(N=Nc2ccccc2)cc1,-0.6029812097549438,-2.006951093673706,-1.4039698839187622,1.4039698839187622,val,scaffold,Small GNN
Nc1ccc(N=Nc2cccc(N=Nc3ccc(N)cc3N)c2)c(N)c1,c1ccc(N=Nc2cccc(N=Nc3ccccc3)c2)cc1,-4.197152614593506,-5.4060163497924805,-1.2088637351989746,1.2088637351989746,val,scaffold,Small GNN
Nc1ccc(OCc2cccc(F)c2)c(Cl)c1,c1ccc(COc2ccccc2)cc1,-4.693292140960693,-5.180737018585205,-0.4874448776245117,0.4874448776245117,val,scaffold,Small GNN
Nc1ccc(S(=O)(=O)N=C2CC=CN2)cc1,O=S(=O)(N=C1CC=CN1)c1ccccc1,-1.690000057220459,-2.8236660957336426,-1.1336660385131836,1.1336660385131836,val,scaffold,Small GNN
Nc1ccc(S(=O)(=O)Nc2ccccn2)cc1,O=S(=O)(Nc1ccccn1)c1ccccc1,-2.700000047683716,-2.8742353916168213,-0.17423534393310547,0.17423534393310547,val,scaffold,Small GNN
Nc1ccc(S(=O)(=O)Nc2ccnn2-c2ccccc2)cc1,O=S(=O)(Nc1ccnn1-c1ccccc1)c1ccccc1,-2.3213000297546387,-3.948268413543701,-1.6269683837890625,1.6269683837890625,val,scaffold,Small GNN
Nc1ccc(S(=O)(=O)Nc2cnccn2)cc1,O=S(=O)(Nc1cnccn1)c1ccccc1,-3.700000047683716,-2.4581167697906494,1.2418832778930664,1.2418832778930664,val,scaffold,Small GNN
Nc1ccc(S(=O)(=O)Nc2ncc3c(n2)CCCC3)cc1,O=S(=O)(Nc1ncc2c(n1)CCCC2)c1ccccc1,-3.6500000953674316,-3.79105281829834,-0.1410527229309082,0.1410527229309082,val,scaffold,Small GNN
Nc1ccnc(=O)[nH]1,O=c1nccc[nH]1,-1.1426000595092773,-1.3938769102096558,-0.2512768507003784,0.2512768507003784,val,scaffold,Small GNN
Nc1cn(N2CCOCC2)n[o+]1,c1cn(N2CCOCC2)n[o+]1,0.14719831943511963,-1.1055997610092163,-1.252798080444336,1.252798080444336,val,scaffold,Small GNN
Nc1cnn(CCO)c1N,c1cn[nH]c1,0.4442593455314636,-1.6905138492584229,-2.1347731947898865,2.1347731947898865,val,scaffold,Small GNN
Nc1nc(=O)[nH]c2[nH]cnc12,O=c1ncc2nc[nH]c2[nH]1,-3.380000114440918,-3.0808987617492676,0.2991013526916504,0.2991013526916504,val,scaffold,Small GNN
Nc1nc(=O)[nH]c2nccnc12,O=c1ncc2nccnc2[nH]1,-3.359999895095825,-2.843186140060425,0.5168137550354004,0.5168137550354004,val,scaffold,Small GNN
Nc1nc(=O)[nH]cc1F,O=c1nccc[nH]1,-0.972000002861023,-1.6233588457107544,-0.6513588428497314,0.6513588428497314,val,scaffold,Small GNN
Nc1nc(=O)c2nccnc2[nH]1,O=c1nc[nH]c2nccnc12,-3.9700000286102295,-2.844619035720825,1.1253809928894043,1.1253809928894043,val,scaffold,Small GNN
Nc1nc(=O)nc(N)[nH]1,O=c1nc[nH]cn1,-3.229099988937378,-3.039494276046753,0.189605712890625,0.189605712890625,val,scaffold,Small GNN
Nc1nc(Cl)nc(Nc2cc(S(=O)(=O)O)cc3cc(S(=O)(=O)O)c(N=Nc4cc(S(=O)(=O)O)c5cccc(S(=O)(=O)O)c5c4O)c(O)c23)n1,c1ccc2cc(N=Nc3ccc4cccc(Nc5ncncn5)c4c3)ccc2c1,-0.5907814502716064,-1.0180399417877197,-0.4272584915161133,0.4272584915161133,val,scaffold,Small GNN
Nc1nc(Cl)nc(Nc2ccc(S(=O)(=O)O)c(N/N=C3/C(=O)c4c(cc(S(=O)(=O)O)c(N=Nc5cc(S(=O)(=O)O)ccc5S(=O)(=O)O)c4N)C=C3S(=O)(=O)O)c2)n1,O=C1C(=NNc2cccc(Nc3ncncn3)c2)C=Cc2ccc(N=Nc3ccccc3)cc21,-0.5908005833625793,-0.41598987579345703,0.17481070756912231,0.17481070756912231,val,scaffold,Small GNN
Nc1nc(N)nc(-c2ccccc2)n1,c1ccc(-c2ncncn2)cc1,-2.494168519973755,-2.6819331645965576,-0.18776464462280273,0.18776464462280273,val,scaffold,Small GNN
Nc1nc(N)nc(NC2CC2)n1,c1ncnc(NC2CC2)n1,-1.1790000200271606,-2.6877737045288086,-1.508773684501648,1.508773684501648,val,scaffold,Small GNN
Nc1nc2c(ncn2COC(CO)CO)c(=O)[nH]1,O=c1[nH]cnc2[nH]cnc12,-1.7699999809265137,-2.087411880493164,-0.3174118995666504,0.3174118995666504,val,scaffold,Small GNN
Nc1nc2c(ncn2COCCO)c(=O)[nH]1,O=c1[nH]cnc2[nH]cnc12,-2.119999885559082,-2.319650650024414,-0.19965076446533203,0.19965076446533203,val,scaffold,Small GNN
Nc1nc2nc[nH]c2c(=O)[nH]1,O=c1[nH]cnc2nc[nH]c12,-4.429999828338623,-3.0198636054992676,1.4101362228393555,1.4101362228393555,val,scaffold,Small GNN
Nc1ncnc2c1ncn2C1OC(CO)C(O)C1O,c1ncc2ncn(C3CCCO3)c2n1,-1.7300000190734863,-1.3764817714691162,0.3535182476043701,0.3535182476043701,val,scaffold,Small GNN
Nc1ncnc2c1ncn2C1OC(COP(=O)(O)O)C(O)C1O,c1ncc2ncn(C3CCCO3)c2n1,-1.995302677154541,-1.283768653869629,0.7115340232849121,0.7115340232849121,val,scaffold,Small GNN
Nc1ncnc2c1ncn2C1OC(COP(=O)(O)OP(=O)(O)OP(=O)(O)O)C(O)C1O,c1ncc2ncn(C3CCCO3)c2n1,0.2948000133037567,-0.952951192855835,-1.2477512061595917,1.2477512061595917,val,scaffold,Small GNN
Nc1ncnc2c1ncn2[C@@H]1O[C@H](COP(=O)(O)OP(=O)(O)OP(=O)(O)O)[C@@H](O)[C@H]1O,c1ncc2ncn(C3CCCO3)c2n1,0.016887962818145752,-0.952951192855835,-0.9698391556739807,0.9698391556739807,val,scaffold,Small GNN
Nc1ncnc2c1ncn2[C@]1(CO)O[C@H](CO)[C@@H](O)[C@H]1O,c1ncc2ncn(C3CCCO3)c2n1,-1.570099949836731,-1.6560431718826294,-0.08594322204589844,0.08594322204589844,val,scaffold,Small GNN
O=C(C1CCC1)N(O)C1CCCCC1,O=C(NC1CCCCC1)C1CCC1,-2.700000047683716,-2.358339786529541,0.3416602611541748,0.3416602611541748,val,scaffold,Small GNN
O=C(CC(Cl)Cl)NC1=C(Cl)C(=O)c2ccccc2C1=O,O=C1C=CC(=O)c2ccccc21,-5.03000020980835,-6.055168628692627,-1.0251684188842773,1.0251684188842773,val,scaffold,Small GNN
O=C(CCCCC(=O)Nc1c(I)cc(I)c(C(=O)O)c1I)Nc1c(I)cc(I)c(C(=O)O)c1I,O=C(CCCCC(=O)Nc1ccccc1)Nc1ccccc1,-3.390000104904175,-3.722609519958496,-0.3326094150543213,0.3326094150543213,val,scaffold,Small GNN
O=C(Cc1ccccc1)NNC(=O)c1ccncc1,O=C(Cc1ccccc1)NNC(=O)c1ccncc1,-2.4700000286102295,-2.413658618927002,0.05634140968322754,0.05634140968322754,val,scaffold,Small GNN
O=C(Cc1ccccc1)OCCc1ccccc1,O=C(Cc1ccccc1)OCCc1ccccc1,-4.188747882843018,-4.2803778648376465,-0.0916299819946289,0.0916299819946289,val,scaffold,Small GNN
O=C(N=C1C=CC2=C(S(=O)(=O)O)C(NNc3ccc4c(S(=O)(=O)O)cccc4c3)=CC(=O)C2=C1)Nc1ccc2c(c1)C=C(S(=O)(=O)O)/C(=N\Nc1ccc3cccc(S(=O)(=O)O)c3c1)C2=O,O=C(N=C1C=CC2=CC(NNc3ccc4ccccc4c3)=CC(=O)C2=C1)Nc1ccc2c(c1)C=CC(=NNc1ccc3ccccc3c1)C2=O,-0.687217116355896,-0.9092731475830078,-0.22205603122711182,0.22205603122711182,val,scaffold,Small GNN
O=C(NC(=O)c1c(F)cccc1F)Nc1ccc(Cl)c(Oc2ncc(C(F)(F)F)cc2Cl)c1,O=C(NC(=O)c1ccccc1)Nc1cccc(Oc2ccccn2)c1,-7.403299808502197,-6.3525190353393555,1.0507807731628418,1.0507807731628418,val,scaffold,Small GNN
O=C(NC(=O)c1c(F)cccc1F)Nc1ccc(Oc2ccc(C(F)(F)F)cc2Cl)cc1F,O=C(NC(=O)c1ccccc1)Nc1ccc(Oc2ccccc2)cc1,-8.09000015258789,-6.470436096191406,1.6195640563964844,1.6195640563964844,val,scaffold,Small GNN
O=C(NC1CCCCC1)c1cccnc1,O=C(NC1CCCCC1)c1cccnc1,-2.319000005722046,-2.1060173511505127,0.2129826545715332,0.2129826545715332,val,scaffold,Small GNN
O=C(NCCc1c[nH]cn1)c1ccccc1,O=C(NCCc1c[nH]cn1)c1ccccc1,-0.6340000033378601,-1.465096354484558,-0.831096351146698,0.831096351146698,val,scaffold,Small GNN
O=C(NCN1CCCCC1)c1ccccc1,O=C(NCN1CCCCC1)c1ccccc1,-2.1500000953674316,-2.1839754581451416,-0.03397536277770996,0.03397536277770996,val,scaffold,Small GNN
O=C(NCNC(=O)NC1C(=O)NC(=O)N1CO)NC1C(=O)NC(=O)N1CO,O=C(NCNC(=O)NC1NC(=O)NC1=O)NC1NC(=O)NC1=O,0.41083595156669617,-1.6760894060134888,-2.086925357580185,2.086925357580185,val,scaffold,Small GNN
O=C(NO)c1ccccc1N=Cc1ccccn1,C(=Nc1ccccc1)c1ccccn1,-3.2100000381469727,-3.3827428817749023,-0.1727428436279297,0.1727428436279297,val,scaffold,Small GNN
O=C(Nc1cc(S(=O)(=O)O)cc2c1C(=O)/C(=N/Nc1ccc3cc(S(=O)(=O)CCOS(=O)(=O)O)ccc3c1S(=O)(=O)O)C(S(=O)(=O)O)=C2)c1ccccc1,O=C(Nc1cccc2c1C(=O)C(=NNc1ccc3ccccc3c1)C=C2)c1ccccc1,-0.3893149495124817,-0.21973657608032227,0.16957837343215942,0.16957837343215942,val,scaffold,Small GNN
O=C(Nc1cc2c3cc(NC(=O)c4ccccc4)c4c(=O)c5ccccc5c(=O)c4c3[nH]c2c2c(=O)c3ccccc3c(=O)c12)c1ccccc1,O=C(Nc1cc2c3cc(NC(=O)c4ccccc4)c4c(=O)c5ccccc5c(=O)c4c3[nH]c2c2c(=O)c3ccccc3c(=O)c12)c1ccccc1,-4.522222995758057,-6.355438232421875,-1.8332152366638184,1.8332152366638184,val,scaffold,Small GNN
O=C(Nc1ccc(Cl)cc1)Nc1ccc(Cl)c(Cl)c1,O=C(Nc1ccccc1)Nc1ccccc1,-6.45772647857666,-6.028977394104004,0.42874908447265625,0.42874908447265625,val,scaffold,Small GNN
O=C(Nc1ccc2c(c1)C=C(S(=O)(=O)O)/C(=N/Nc1ccc(N=Nc3ccc(S(=O)(=O)O)cc3)cc1S(=O)(=O)O)C2=O)Nc1ccc2c(c1)C=C(S(=O)(=O)O)/C(=N/Nc1ccc(N=Nc3ccc(S(=O)(=O)O)cc3)cc1S(=O)(=O)O)C2=O,O=C(Nc1ccc2c(c1)C=CC(=NNc1ccc(N=Nc3ccccc3)cc1)C2=O)Nc1ccc2c(c1)C=CC(=NNc1ccc(N=Nc3ccccc3)cc1)C2=O,-0.5694985389709473,-0.3852691650390625,0.18422937393188477,0.18422937393188477,val,scaffold,Small GNN
O=C(Nc1cccc2c1C(=O)c1ccccc1C2=O)c1ccc(-c2ccc(N=Nc3ccc(-c4ccc(C(=O)Nc5cccc6c5C(=O)c5ccccc5C6=O)cc4)cc3)cc2)cc1,O=C(Nc1cccc2c1C(=O)c1ccccc1C2=O)c1ccc(-c2ccc(N=Nc3ccc(-c4ccc(C(=O)Nc5cccc6c5C(=O)c5ccccc5C6=O)cc4)cc3)cc2)cc1,-5.716458320617676,-7.652631759643555,-1.936173439025879,1.936173439025879,val,scaffold,Small GNN
O=C(Nc1ccccc1)C(O)COc1ccccc1,O=C(CCOc1ccccc1)Nc1ccccc1,-2.4100000858306885,-3.065175771713257,-0.6551756858825684,0.6551756858825684,val,scaffold,Small GNN
O=C(Nc1ccccc1)Nc1ccccc1,O=C(Nc1ccccc1)Nc1ccccc1,-3.1507999897003174,-4.155501842498779,-1.004701852798462,1.004701852798462,val,scaffold,Small GNN
O=C(Nc1ccccc1)Nc1cnns1,O=C(Nc1ccccc1)Nc1cnns1,-3.8499999046325684,-3.1201233863830566,0.7298765182495117,0.7298765182495117,val,scaffold,Small GNN
O=C(Nc1ccccc1)c1cccnc1,O=C(Nc1ccccc1)c1cccnc1,-3.0929999351501465,-2.769423484802246,0.3235764503479004,0.3235764503479004,val,scaffold,Small GNN
O=C(Nc1ccccc1)n1cc(F)c(=O)[nH]c1=O,O=C(Nc1ccccc1)n1ccc(=O)[nH]c1=O,-1.618399977684021,-2.8935749530792236,-1.2751749753952026,1.2751749753952026,val,scaffold,Small GNN
O=C(Nc1ccnc(=O)[nH]1)c1ccccc1,O=C(Nc1ccnc(=O)[nH]1)c1ccccc1,-5.159680366516113,-2.4869203567504883,2.672760009765625,2.672760009765625,val,scaffold,Small GNN
O=C(O)C(O)C(O)C1OB(O)OC1CO,B1OCCO1,0.3169727921485901,-0.6602299213409424,-0.9772027134895325,0.9772027134895325,val,scaffold,Small GNN
O=C(O)C1=C[NH+2]([O-])CC=C1,C1=CC[NH2+2]C=C1,-1.29830002784729,-1.1268787384033203,0.17142128944396973,0.17142128944396973,val,scaffold,Small GNN
O=C(O)C1C2CCC(O2)C1C(=O)O,C1CC2CCC1O2,-0.27000001072883606,-0.9023805856704712,-0.6323805749416351,0.6323805749416351,val,scaffold,Small GNN
O=C(O)C1CC(O)CN1,C1CCNC1,0.43992212414741516,0.15553069114685059,-0.2843914330005646,0.2843914330005646,val,scaffold,Small GNN
O=C(O)C1CC1C(=O)Nc1ccc(Cl)cc1Cl,O=C(Nc1ccccc1)C1CC1,-3.8696999549865723,-3.688704252243042,0.18099570274353027,0.18099570274353027,val,scaffold,Small GNN
O=C(O)C1CCCN1,C1CCNC1,1.1291356086730957,0.35571980476379395,-0.7734158039093018,0.7734158039093018,val,scaffold,Small GNN
O=C(O)C1OC(c2ccccc2)OC1C1COC(c2ccccc2)O1,c1ccc(C2OCC(C3COC(c4ccccc4)O3)O2)cc1,-2.450000047683716,-3.2799108028411865,-0.8299107551574707,0.8299107551574707,val,scaffold,Small GNN
O=C(O)CC1(CC(=O)O)OCOC1=O,O=C1COCO1,-0.6110000014305115,-0.6870443820953369,-0.07604438066482544,0.07604438066482544,val,scaffold,Small GNN
O=C(O)CC1(O)CC(=O)N(c2ccccc2)C1=O,O=C1CCC(=O)N1c1ccccc1,-0.6800000071525574,-2.008798122406006,-1.3287981152534485,1.3287981152534485,val,scaffold,Small GNN
O=C(O)CCCCC1CCSS1,C1CSSC1,-2.375047445297241,-2.117025375366211,0.2580220699310303,0.2580220699310303,val,scaffold,Small GNN
O=C(O)CCCCC1SCC2NC(=O)NC21,O=C1NC2CSCC2N1,-3.0460000038146973,-1.8269400596618652,1.219059944152832,1.219059944152832,val,scaffold,Small GNN
O=C(O)CN1C(=O)N(c2ccccc2)C(=O)C1Cc1ccccc1,O=C1NC(Cc2ccccc2)C(=O)N1c1ccccc1,-2.9100000858306885,-2.899503707885742,0.010496377944946289,0.010496377944946289,val,scaffold,Small GNN
O=C(O)CN1CCCCS1(=O)=O,O=S1(=O)CCCCN1,-0.5899999737739563,-1.4895371198654175,-0.8995371460914612,0.8995371460914612,val,scaffold,Small GNN
O=C(O)Cc1sc(-c2ccccc2)nc1-c1ccc(Cl)cc1,c1ccc(-c2csc(-c3ccccc3)n2)cc1,-4.964399814605713,-4.005363464355469,0.9590363502502441,0.9590363502502441,val,scaffold,Small GNN
O=C(O)Cn1c(=O)sc2cccc(Cl)c21,O=c1[nH]c2ccccc2s1,-2.6087000370025635,-3.162445545196533,-0.5537455081939697,0.5537455081939697,val,scaffold,Small GNN
O=C(O)c1cc(/N=N/c2ccc(S(=O)(=O)Nc3ccccn3)cc2)ccc1O,O=S(=O)(Nc1ccccn1)c1ccc(N=Nc2ccccc2)cc1,-6.139999866485596,-3.8696508407592773,2.2703490257263184,2.2703490257263184,val,scaffold,Small GNN
O=C(O)c1cc(Br)nn1-c1ncccc1Cl,c1ccc(-n2cccn2)nc1,-1.4489346742630005,-3.2656774520874023,-1.8167427778244019,1.8167427778244019,val,scaffold,Small GNN
O=C(O)c1cc(N=Nc2ccc(S(=O)(=O)Nc3ccccn3)cc2)ccc1O,O=S(=O)(Nc1ccccn1)c1ccc(N=Nc2ccccc2)cc1,-6.139999866485596,-3.8696508407592773,2.2703490257263184,2.2703490257263184,val,scaffold,Small GNN
O=C(O)c1cc2ccccc2c(Cc2c(O)c(C(=O)O)cc3ccccc23)c1O,c1ccc2c(Cc3cccc4ccccc34)cccc2c1,-0.9807589054107666,-3.8669896125793457,-2.886230707168579,2.886230707168579,val,scaffold,Small GNN
O=C(O)c1cc[n+]([O-])cc1,c1cc[nH+]cc1,-1.1019999980926514,-0.9066373109817505,0.19536268711090088,0.19536268711090088,val,scaffold,Small GNN
O=C(O)c1ccc(NC(=O)c2cccnc2)cc1,O=C(Nc1ccccc1)c1cccnc1,-3.083199977874756,-2.7908883094787598,0.2923116683959961,0.2923116683959961,val,scaffold,Small GNN
O=C(O)c1cccc2cccc(-c3cccc4cccc(C(=O)O)c34)c12,c1ccc2c(-c3cccc4ccccc34)cccc2c1,-2.233440399169922,-3.6196820735931396,-1.3862416744232178,1.3862416744232178,val,scaffold,Small GNN
O=C(O)c1ccccc1C(=O)Nc1cccc2ccccc12,O=C(Nc1cccc2ccccc12)c1ccccc1,-3.163300037384033,-4.251664638519287,-1.088364601135254,1.088364601135254,val,scaffold,Small GNN
O=C(O)c1ccccc1C(=O)OCCOC(=O)c1ccccc1C(=O)O,O=C(OCCOC(=O)c1ccccc1)c1ccccc1,-2.8299999237060547,-2.9692471027374268,-0.13924717903137207,0.13924717903137207,val,scaffold,Small GNN
O=C(O)c1cccnc1Nc1cccc(C(F)(F)F)c1,c1ccc(Nc2ccccn2)cc1,-4.171800136566162,-3.818594455718994,0.35320568084716797,0.35320568084716797,val,scaffold,Small GNN
O=C(O)c1cn(C2CC2)c2cc(N3CCNCC3)c(F)cc2c1=O,O=c1ccn(C2CC2)c2cc(N3CCNCC3)ccc12,-3.5999999046325684,-3.7069153785705566,-0.10691547393798828,0.10691547393798828,val,scaffold,Small GNN
O=C(OC1CCCCC1)c1ccccc1C(=O)OC1CCCCC1,O=C(OC1CCCCC1)c1ccccc1C(=O)OC1CCCCC1,-5.512605667114258,-5.444517135620117,0.06808853149414062,0.06808853149414062,val,scaffold,Small GNN
O=C(OCC(=O)N1CCCC1)c1ccccc1,O=C(OCC(=O)N1CCCC1)c1ccccc1,-1.5700000524520874,-2.400778293609619,-0.8307782411575317,0.8307782411575317,val,scaffold,Small GNN
O=C(OCC(=O)N1CCCC1C(=O)O)c1ccccc1,O=C(OCC(=O)N1CCCC1)c1ccccc1,-1.590000033378601,-1.9263076782226562,-0.3363076448440552,0.3363076448440552,val,scaffold,Small GNN
O=C(OCC(=O)N1CCCCCC1)c1ccccc1,O=C(OCC(=O)N1CCCCCC1)c1ccccc1,-2.542099952697754,-2.6776576042175293,-0.1355576515197754,0.1355576515197754,val,scaffold,Small GNN
O=C(OCC(=O)N1CCC[C@H]1C(=O)O)c1ccccc1,O=C(OCC(=O)N1CCCC1)c1ccccc1,-1.5916999578475952,-1.9263076782226562,-0.33460772037506104,0.33460772037506104,val,scaffold,Small GNN
O=C(OCC(O)CO)c1ccccc1Nc1ccnc2cc(Cl)ccc12,c1ccc(Nc2ccnc3ccccc23)cc1,-4.539999961853027,-3.86902117729187,0.6709787845611572,0.6709787845611572,val,scaffold,Small GNN
O=C(OCC1CO1)c1ccc(C(=O)OCC2CO2)cc1,O=C(OCC1CO1)c1ccc(C(=O)OCC2CO2)cc1,-3.557960033416748,-3.5925793647766113,-0.03461933135986328,0.03461933135986328,val,scaffold,Small GNN
O=C(OCCCc1ccccc1)c1ccccc1,O=C(OCCCc1ccccc1)c1ccccc1,-4.800973892211914,-4.535263538360596,0.26571035385131836,0.26571035385131836,val,scaffold,Small GNN
O=C(OCCOC(=O)c1ccccc1)c1ccccc1,O=C(OCCOC(=O)c1ccccc1)c1ccccc1,-5.070092678070068,-4.26554536819458,0.8045473098754883,0.8045473098754883,val,scaffold,Small GNN
O=C(OCCOc1ccc(Cl)cc1Cl)c1ccccc1,O=C(OCCOc1ccccc1)c1ccccc1,-3.811800003051758,-5.52467155456543,-1.7128715515136719,1.7128715515136719,val,scaffold,Small GNN
O=C(OC[C@H]1O[C@@H](Oc2ccccc2CO)[C@H](O)[C@@H](O)[C@@H]1O)c1ccccc1,O=C(OCC1CCCC(Oc2ccccc2)O1)c1ccccc1,-2.8924999237060547,-2.785088300704956,0.10741162300109863,0.10741162300109863,val,scaffold,Small GNN
O=C(OCc1ccccc1)c1sc(Cl)nc1C(F)(F)F,O=C(OCc1ccccc1)c1cncs1,-5.808499813079834,-5.591325759887695,0.21717405319213867,0.21717405319213867,val,scaffold,Small GNN
O=C(OCn1c(=O)[nH]cc(F)c1=O)Oc1ccccc1,O=C(OCn1c(=O)cc[nH]c1=O)Oc1ccccc1,-2.450000047683716,-2.3720240592956543,0.07797598838806152,0.07797598838806152,val,scaffold,Small GNN
O=C(OOC(=O)c1ccc(Cl)cc1Cl)c1ccc(Cl)cc1Cl,O=C(OOC(=O)c1ccccc1)c1ccccc1,-8.278764724731445,-5.5656585693359375,2.713106155395508,2.713106155395508,val,scaffold,Small GNN
O=C(OOC(=O)c1ccccc1)c1ccccc1,O=C(OOC(=O)c1ccccc1)c1ccccc1,-4.42519998550415,-3.6561663150787354,0.769033670425415,0.769033670425415,val,scaffold,Small GNN
O=C(O[C@@H]1Cc2c(O)cc(O)cc2O[C@@H]1c1cc(O)c(O)c(O)c1)c1cc(O)c(O)c(O)c1,O=C(OC1Cc2ccccc2OC1c1ccccc1)c1ccccc1,-1.0591609477996826,-2.974233865737915,-1.9150729179382324,1.9150729179382324,val,scaffold,Small GNN
O=C(Oc1cc([N+](=O)[O-])c(Cl)cc1Cl)Oc1cc([N+](=O)[O-])c(Cl)cc1Cl,O=C(Oc1ccccc1)Oc1ccccc1,-6.812907695770264,-5.464046955108643,1.348860740661621,1.348860740661621,val,scaffold,Small GNN
O=C(Oc1cccc(N=C=S)c1)c1cccnc1,O=C(Oc1ccccc1)c1cccnc1,-4.300000190734863,-3.676833152770996,0.6231670379638672,0.6231670379638672,val,scaffold,Small GNN
O=C(Oc1ccccc1)Oc1ccccc1,O=C(Oc1ccccc1)Oc1ccccc1,-4.216916561126709,-3.7101967334747314,0.5067198276519775,0.5067198276519775,val,scaffold,Small GNN
O=C(Oc1ccccc1)n1c(C(F)(F)F)nc2cc(Cl)c(Cl)cc21,O=C(Oc1ccccc1)n1cnc2ccccc21,-4.460299968719482,-5.708045959472656,-1.2477459907531738,1.2477459907531738,val,scaffold,Small GNN
O=C([O-])c1ccc[n+](Cc2ccccc2)c1,c1ccc(C[n+]2ccccc2)cc1,0.5192202925682068,-1.1491190195083618,-1.6683393120765686,1.6683393120765686,val,scaffold,Small GNN
O=C(c1cc(N2CC2)c([N+](=O)[O-])cc1[N+](=O)[O-])N1CCCCC1,O=C(c1cccc(N2CC2)c1)N1CCCCC1,-3.1700000762939453,-3.5682077407836914,-0.3982076644897461,0.3982076644897461,val,scaffold,Small GNN
O=C(c1ccc(F)cc1)C1CCN(CCn2c(=O)[nH]c3ccccc3c2=O)CC1,O=C(c1ccccc1)C1CCN(CCn2c(=O)[nH]c3ccccc3c2=O)CC1,-4.597099781036377,-3.472900152206421,1.124199628829956,1.124199628829956,val,scaffold,Small GNN
O=C(c1ccccc1)C1(O)CCCCC1,O=C(c1ccccc1)C1CCCCC1,-2.6647801399230957,-2.7022550106048584,-0.037474870681762695,0.037474870681762695,val,scaffold,Small GNN
O=C(c1ccccc1)C1CCCCC1,O=C(c1ccccc1)C1CCCCC1,-4.014709949493408,-4.281599044799805,-0.2668890953063965,0.2668890953063965,val,scaffold,Small GNN
O=C(c1ccccc1)N(O)c1cccc2ccccc12,O=C(Nc1cccc2ccccc12)c1ccccc1,-3.30649995803833,-3.9555859565734863,-0.6490859985351562,0.6490859985351562,val,scaffold,Small GNN
O=C(c1ccccc1)c1ccc(OCC(O)COc2ccc(C(=O)c3ccccc3)c(O)c2)cc1O,O=C(c1ccccc1)c1ccc(OCCCOc2ccc(C(=O)c3ccccc3)cc2)cc1,-7.138754844665527,-4.96640682220459,2.1723480224609375,2.1723480224609375,val,scaffold,Small GNN
O=C(c1ccccc1)c1ccccn1,O=C(c1ccccc1)c1ccccn1,-2.0199999809265137,-2.8460752964019775,-0.8260753154754639,0.8260753154754639,val,scaffold,Small GNN
O=C(c1ccccc1)n1ncc2c(=O)[nH]cnc21,O=C(c1ccccc1)n1ncc2c(=O)[nH]cnc21,-4.230000019073486,-3.6024065017700195,0.6275935173034668,0.6275935173034668,val,scaffold,Small GNN
O=C(c1ccco1)N(O)c1ccccc1,O=C(Nc1ccccc1)c1ccco1,-3.194000005722046,-2.39022159576416,0.8037784099578857,0.8037784099578857,val,scaffold,Small GNN
O=C(c1ccco1)c1no[n+]([O-])c1C(=O)c1ccco1,O=C(c1ccco1)c1no[nH+]c1C(=O)c1ccco1,-3.8499999046325684,-3.4659790992736816,0.3840208053588867,0.3840208053588867,val,scaffold,Small GNN
O=C1C(Cl)=C(Cl)C(=O)N1c1ccc(F)cc1,O=C1C=CC(=O)N1c1ccccc1,-4.644199848175049,-4.924712181091309,-0.28051233291625977,0.28051233291625977,val,scaffold,Small GNN
O=C1C(Cl)=C(Cl)C(=O)c2ccccc21,O=C1C=CC(=O)c2ccccc21,-5.023776531219482,-5.092252254486084,-0.06847572326660156,0.06847572326660156,val,scaffold,Small GNN
O=C1C(Cl)=C(NC(=O)C(Cl)Cl)C(=O)c2ccccc21,O=C1C=CC(=O)c2ccccc21,-5.026100158691406,-5.96599817276001,-0.9398980140686035,0.9398980140686035,val,scaffold,Small GNN
O=C1C(Cl)C(CCl)CN1c1cccc(C(F)(F)F)c1,O=C1CCCN1c1ccccc1,-4.050000190734863,-4.463053226470947,-0.413053035736084,0.413053035736084,val,scaffold,Small GNN
O=C1C2(Cl)C3(Cl)C4(Cl)C(Cl)(Cl)C5(Cl)C3(Cl)C1(Cl)C5(Cl)C24Cl,O=C1C2C3C4CC5C3C1C5C42,-5.259399890899658,-5.349896430969238,-0.09049654006958008,0.09049654006958008,val,scaffold,Small GNN
O=C1C=C(O)C[C@@H](c2ccccc2)C1,O=C1C=CCC(c2ccccc2)C1,-2.5113000869750977,-1.494829773902893,1.0164703130722046,1.0164703130722046,val,scaffold,Small GNN
O=C1C=CC(=NNc2ccc(N=Nc3ccccc3)c3ccccc23)C=C1,O=C1C=CC(=NNc2ccc(N=Nc3ccccc3)c3ccccc23)C=C1,-6.009200096130371,-6.387594699859619,-0.37839460372924805,0.37839460372924805,val,scaffold,Small GNN
O=C1C=CC(=O)N1c1ccc(Cc2ccc(N3C(=O)C=CC3=O)cc2)cc1,O=C1C=CC(=O)N1c1ccc(Cc2ccc(N3C(=O)C=CC3=O)cc2)cc1,-5.998008728027344,-5.196223258972168,0.8017854690551758,0.8017854690551758,val,scaffold,Small GNN
O=C1C=CC(=O)N1c1ccccc1,O=C1C=CC(=O)N1c1ccccc1,-2.327317476272583,-3.1673216819763184,-0.8400042057037354,0.8400042057037354,val,scaffold,Small GNN
O=C1C=CC(=O)O1,O=C1C=CC(=O)O1,0.6181157827377319,-0.5392930507659912,-1.1574088335037231,1.1574088335037231,val,scaffold,Small GNN
O=C1C=CC(O)(c2cc(O)ccc2O)C=C1,O=C1C=CC(c2ccccc2)C=C1,-1.7300000190734863,-2.1389718055725098,-0.40897178649902344,0.40897178649902344,val,scaffold,Small GNN
O=C1C=CC=C2C(=O)C(NNc3cc(S(=O)(=O)O)ccc3O)=CC=C12,O=C1C=CC=C2C(=O)C(NNc3ccccc3)=CC=C12,-0.9011960029602051,-1.961700439453125,-1.06050443649292,1.06050443649292,val,scaffold,Small GNN
O=C1C=Cc2ccccc2/C1=N/Nc1ccc(N=Nc2ccc(S(=O)(=O)O)cc2)cc1,O=C1C=Cc2ccccc2C1=NNc1ccc(N=Nc2ccccc2)cc1,-4.658441543579102,-3.0178959369659424,1.6405456066131592,1.6405456066131592,val,scaffold,Small GNN
O=C1C=Cc2ccccc2C1=NO,N=C1C(=O)C=Cc2ccccc21,-2.940000057220459,-3.779191017150879,-0.8391909599304199,0.8391909599304199,val,scaffold,Small GNN
O=C1CC(c2ccc(O)c(O)c2)Oc2cc(O)cc(O)c21,O=C1CC(c2ccccc2)Oc2ccccc21,-3.619999885559082,-2.6958682537078857,0.9241316318511963,0.9241316318511963,val,scaffold,Small GNN
O=C1CC/C=C\CCCCCCCCCC1,O=C1CCC=CCCCCCCCCCC1,-4.883187294006348,-2.848393201828003,2.0347940921783447,2.0347940921783447,val,scaffold,Small GNN
O=C1CC=CS1,O=C1CC=CS1,-0.2224999964237213,-0.8229420185089111,-0.6004420220851898,0.6004420220851898,val,scaffold,Small GNN
O=C1CCC(C(=O)Nc2ccccc2)N1,O=C1CCC(C(=O)Nc2ccccc2)N1,-1.3278000354766846,-2.1088781356811523,-0.7810781002044678,0.7810781002044678,val,scaffold,Small GNN
O=C1CCC/C=C\CCCCCCCCCC1,O=C1CCCC=CCCCCCCCCCC1,-5.560732364654541,-2.935410737991333,2.625321626663208,2.625321626663208,val,scaffold,Small GNN
O=C1CCCCCCCCCCOCCCCO1,O=C1CCCCCCCCCCOCCCCO1,-4.017959117889404,-1.2816603183746338,2.7362987995147705,2.7362987995147705,val,scaffold,Small GNN
O=C1CCCCCCCCCN1,O=C1CCCCCCCCCN1,-1.886199951171875,-1.7159210443496704,0.1702789068222046,0.1702789068222046,val,scaffold,Small GNN
O=C1CCCCCCCCCOCCCCCO1,O=C1CCCCCCCCCOCCCCCO1,-3.8838493824005127,-1.2805618047714233,2.6032875776290894,2.6032875776290894,val,scaffold,Small GNN
O=C1CCCCCN1,O=C1CCCCCN1,0.8601208925247192,-0.5522177219390869,-1.4123386144638062,1.4123386144638062,val,scaffold,Small GNN
O=C1CCCCCN1C(=O)Nc1ccc(Cc2ccc(NC(=O)N3CCCCCC3=O)cc2)cc1,O=C1CCCCCN1C(=O)Nc1ccc(Cc2ccc(NC(=O)N3CCCCCC3=O)cc2)cc1,-7.763261318206787,-4.767419815063477,2.9958415031433105,2.9958415031433105,val,scaffold,Small GNN
O=C1CCCCCN1C(=O)c1ccccc1,O=C1CCCCCN1C(=O)c1ccccc1,-2.1666998863220215,-2.8179070949554443,-0.6512072086334229,0.6512072086334229,val,scaffold,Small GNN
O=C1CCCCCO1,O=C1CCCCCO1,0.9425469040870667,-0.5219268798828125,-1.4644737839698792,1.4644737839698792,val,scaffold,Small GNN
O=C1CCN(c2ccccc2)N1,O=C1CCN(c2ccccc2)N1,-1.1448233127593994,-2.143280029296875,-0.9984567165374756,0.9984567165374756,val,scaffold,Small GNN
O=C1CCc2cccc3c2N1CC3,O=C1CCc2cccc3c2N1CC3,-1.6365000009536743,-4.492694854736328,-2.856194853782654,2.856194853782654,val,scaffold,Small GNN
O=C1CN(/N=C/c2ccc([N+](=O)[O-])o2)C(=O)N1,O=C1CN(N=Cc2ccco2)C(=O)N1,-3.380000114440918,-3.814023017883301,-0.4340229034423828,0.4340229034423828,val,scaffold,Small GNN
O=C1CN(/N=C/c2ccc([N+](=O)[O-])o2)C(=O)N1CO,O=C1CN(N=Cc2ccco2)C(=O)N1,-2.9100000858306885,-3.3952932357788086,-0.4852931499481201,0.4852931499481201,val,scaffold,Small GNN
O=C1CN(N=Cc2ccc([N+](=O)[O-])o2)C(=O)N1,O=C1CN(N=Cc2ccco2)C(=O)N1,-3.380000114440918,-3.814023017883301,-0.4340229034423828,0.4340229034423828,val,scaffold,Small GNN
O=C1CNC(=O)c2cc(Cl)ccc2N1,O=C1CNC(=O)c2ccccc2N1,-3.049999952316284,-2.9126555919647217,0.1373443603515625,0.1373443603515625,val,scaffold,Small GNN
O=C1CNC(=O)c2ccccc2N1,O=C1CNC(=O)c2ccccc2N1,-2.8499999046325684,-2.326357126235962,0.5236427783966064,0.5236427783966064,val,scaffold,Small GNN
O=C1CNC(=S)N1c1ccccc1,O=C1CNC(=S)N1c1ccccc1,-3.242500066757202,-3.332422971725464,-0.08992290496826172,0.08992290496826172,val,scaffold,Small GNN
O=C1COc2ccccc2N1,O=C1COc2ccccc2N1,-2.5715999603271484,-2.314998149871826,0.25660181045532227,0.25660181045532227,val,scaffold,Small GNN
O=C1C[C@@H](c2ccc(O)c(O)c2)Oc2cc(O)cc(O)c21,O=C1CC(c2ccccc2)Oc2ccccc21,-3.6147000789642334,-2.6958682537078857,0.9188318252563477,0.9188318252563477,val,scaffold,Small GNN
O=C1NC(=O)C(=c2[nH]c(=C3C(=O)NC(=O)NC3=O)c3ccccc23)C(=O)N1,O=C1NC(=O)C(=c2[nH]c(=C3C(=O)NC(=O)NC3=O)c3ccccc23)C(=O)N1,-7.564993858337402,-4.275570392608643,3.2894234657287598,3.2894234657287598,val,scaffold,Small GNN
O=C1NC(=O)C(c2ccc(O)cc2)N1,O=C1NC(=O)C(c2ccccc2)N1,-2.173105001449585,-2.384430170059204,-0.21132516860961914,0.21132516860961914,val,scaffold,Small GNN
O=C1NC(=O)C2(CC2)C(=O)N1,O=C1NC(=O)C2(CC2)C(=O)N1,-1.8899999856948853,-2.0310823917388916,-0.14108240604400635,0.14108240604400635,val,scaffold,Small GNN
O=C1NC(=O)C2(CCCC2)C(=O)N1,O=C1NC(=O)C2(CCCC2)C(=O)N1,-2.3489999771118164,-2.2909555435180664,0.05804443359375,0.05804443359375,val,scaffold,Small GNN
O=C1NC(=O)C2(CCCCCCCCC2)C(=O)N1,O=C1NC(=O)C2(CCCCCCCCC2)C(=O)N1,-4.590000152587891,-2.906515121459961,1.6834850311279297,1.6834850311279297,val,scaffold,Small GNN
O=C1NC(=O)C2(CCCCCCCCCCC2)C(=O)N1,O=C1NC(=O)C2(CCCCCCCCCCC2)C(=O)N1,-5.800000190734863,-3.1131439208984375,2.686856269836426,2.686856269836426,val,scaffold,Small GNN
O=C1NC(=O)C2C3C(C(O)(c4ccccc4)c4ccccn4)=CC(C3=C(c3ccccc3)c3ccccn3)C12,O=C1NC(=O)C2C3C(C(c4ccccc4)c4ccccn4)=CC(C3=C(c3ccccc3)c3ccccn3)C12,-3.930999994277954,-4.295166015625,-0.3641660213470459,0.3641660213470459,val,scaffold,Small GNN
O=C1NC(=O)c2cccc3cccc1c23,O=C1NC(=O)c2cccc3cccc1c23,-4.692831516265869,-4.370578289031982,0.3222532272338867,0.3222532272338867,val,scaffold,Small GNN
O=C1NC(=S)NC(=O)C12CCCCC2,O=C1NC(=S)NC(=O)C12CCCCC2,-3.4600000381469727,-3.0091209411621094,0.4508790969848633,0.4508790969848633,val,scaffold,Small GNN
O=C1NCC(=O)N(CC(O)C(O)C(O)CO)c2ccccc21,O=C1CNC(=O)c2ccccc2N1,-1.4600000381469727,-1.7576873302459717,-0.297687292098999,0.297687292098999,val,scaffold,Small GNN
O=C1NCCCC1N1C(=O)c2ccccc2S1(=O)=O,O=C1NCCCC1N1C(=O)c2ccccc2S1(=O)=O,-2.640000104904175,-2.5906262397766113,0.04937386512756348,0.04937386512756348,val,scaffold,Small GNN
O=C1NCCN1,O=C1NCCN1,0.840273380279541,0.11101770401000977,-0.7292556762695312,0.7292556762695312,val,scaffold,Small GNN
O=C1NCCN1CCO,O=C1NCCN1,0.877677321434021,-0.09557247161865234,-0.9732497930526733,0.9732497930526733,val,scaffold,Small GNN
O=C1NS(=O)(=O)c2ccccc21,O=C1NS(=O)(=O)c2ccccc21,-1.6718324422836304,-2.6660265922546387,-0.9941941499710083,0.9941941499710083,val,scaffold,Small GNN
O=C1Nc2cccc3cccc1c23,O=C1Nc2cccc3cccc1c23,-3.2547671794891357,-5.250904083251953,-1.9961369037628174,1.9961369037628174,val,scaffold,Small GNN
O=C1OC(=O)C2CC=CCC12,O=C1OC(=O)C2CC=CCC12,-0.7139217853546143,-0.9175786972045898,-0.20365691184997559,0.20365691184997559,val,scaffold,Small GNN
O=C1c2c(Cl)c(Cl)c(Cl)c(Cl)c2C(=O)C1c1ccc2cccc(N3C(=O)c4c(Cl)c(Cl)c(Cl)c(Cl)c4C3=O)c2n1,O=C1c2ccccc2C(=O)C1c1ccc2cccc(N3C(=O)c4ccccc4C3=O)c2n1,-7.727396011352539,-8.096336364746094,-0.3689403533935547,0.3689403533935547,val,scaffold,Small GNN
O=C1c2cc(CCCCO)ccc2OCc2ccsc21,O=C1c2ccccc2OCc2ccsc21,-3.9200000762939453,-4.8056769371032715,-0.8856768608093262,0.8856768608093262,val,scaffold,Small GNN
O=C1c2ccccc2-c2ccc3c4c([N+](=O)[O-])cc5c6c(ccc(c7ccc1c2c73)c64)C(=O)c1ccccc1-5,O=C1c2ccccc2-c2ccc3c4ccc5c6c(ccc(c7ccc1c2c73)c64)C(=O)c1ccccc1-5,-4.399238109588623,-7.560766696929932,-3.1615285873413086,3.1615285873413086,val,scaffold,Small GNN
O=C1c2ccccc2-c2ccc3c4ccc5c6c(ccc(c7ccc1c2c73)c64)C(=O)c1ccccc1-5,O=C1c2ccccc2-c2ccc3c4ccc5c6c(ccc(c7ccc1c2c73)c64)C(=O)c1ccccc1-5,-5.513312816619873,-7.678290367126465,-2.164977550506592,2.164977550506592,val,scaffold,Small GNN
O=C1c2ccccc2C(=O)C1C(=O)C(c1ccccc1)c1ccc(Cl)cc1,O=C1c2ccccc2C(=O)C1C(=O)C(c1ccccc1)c1ccccc1,-3.5738000869750977,-5.753028869628906,-2.1792287826538086,2.1792287826538086,val,scaffold,Small GNN
O=C1c2ccccc2C(=O)c2c(Nc3nc(Nc4cccc5c4C(=O)c4ccccc4C5=O)nc(-c4ccccc4)n3)cccc21,O=C1c2ccccc2C(=O)c2c(Nc3nc(Nc4cccc5c4C(=O)c4ccccc4C5=O)nc(-c4ccccc4)n3)cccc21,-7.777865886688232,-7.786802291870117,-0.008936405181884766,0.008936405181884766,val,scaffold,Small GNN
O=C1c2ccccc2Cc2ccccc2N1CCF,O=C1Nc2ccccc2Cc2ccccc21,-3.5350000858306885,-4.768980979919434,-1.2339808940887451,1.2339808940887451,val,scaffold,Small GNN
O=CNC(N1C=CN(C(NC=O)C(Cl)(Cl)Cl)C=C1)C(Cl)(Cl)Cl,C1=CNC=CN1,-4.190000057220459,-3.2183518409729004,0.9716482162475586,0.9716482162475586,val,scaffold,Small GNN
O=NC1=C(NO)CCCCC1,C1=CCCCCC1,-1.4249000549316406,-1.7106512784957886,-0.28575122356414795,0.28575122356414795,val,scaffold,Small GNN
O=NN1CCCC1,C1CCNC1,0.9994999766349792,-0.515833854675293,-1.5153338313102722,1.5153338313102722,val,scaffold,Small GNN
O=NN1CCCCCC1,C1CCCNCC1,-1.000599980354309,-1.191109538078308,-0.19050955772399902,0.19050955772399902,val,scaffold,Small GNN
O=P(N1CCOCC1)(N1CCOCC1)N1CCOCC1,O=P(N1CCOCC1)(N1CCOCC1)N1CCOCC1,0.29840001463890076,0.10352849960327148,-0.19487151503562927,0.19487151503562927,val,scaffold,Small GNN
O=P(Oc1ccccc1)(Oc1ccccc1)N1CCOCC1,O=P(Oc1ccccc1)(Oc1ccccc1)N1CCOCC1,-2.1424999237060547,-3.1595675945281982,-1.0170676708221436,1.0170676708221436,val,scaffold,Small GNN
O=P(Oc1ccccc1)(Oc1ccccc1)Oc1ccc(-c2ccc(OP(=O)(Oc3ccccc3)Oc3ccccc3)cc2)cc1,O=P(Oc1ccccc1)(Oc1ccccc1)Oc1ccc(-c2ccc(OP(=O)(Oc3ccccc3)Oc3ccccc3)cc2)cc1,-7.813287258148193,-6.257871627807617,1.5554156303405762,1.5554156303405762,val,scaffold,Small GNN
O=P(Oc1ccccc1)(Oc1ccccc1)Oc1cccc(OP(=O)(Oc2ccccc2)Oc2ccccc2)c1,O=P(Oc1ccccc1)(Oc1ccccc1)Oc1cccc(OP(=O)(Oc2ccccc2)Oc2ccccc2)c1,-5.738071918487549,-6.043569087982178,-0.3054971694946289,0.3054971694946289,val,scaffold,Small GNN
O=P1(N(CCCl)CCCl)NCCCCO1,O=[PH]1NCCCCO1,-0.9624000191688538,-2.074629783630371,-1.1122297644615173,1.1122297644615173,val,scaffold,Small GNN
O=P1(N(CCCl)CCCl)NCCCO1,O=[PH]1NCCCO1,-0.8147000074386597,-2.01096773147583,-1.1962677240371704,1.1962677240371704,val,scaffold,Small GNN
O=S(=O)(C1CCCCC1)C1CCCCC1,O=S(=O)(C1CCCCC1)C1CCCCC1,-2.059999942779541,-2.5149271488189697,-0.4549272060394287,0.4549272060394287,val,scaffold,Small GNN
O=S(=O)(Nc1ncccc1Cl)c1ccccc1,O=S(=O)(Nc1ccccn1)c1ccccc1,-3.1700000762939453,-3.7566378116607666,-0.5866377353668213,0.5866377353668213,val,scaffold,Small GNN
O=S(=O)(O)c1cc(N=Nc2ccc3c(S(=O)(=O)O)cccc3c2S(=O)(=O)O)c2c(O)c(Nc3nc(Cl)nc(Nc4ccc(Nc5nc(Cl)nc(Nc6c(S(=O)(=O)O)cc7cc(S(=O)(=O)O)cc(N=Nc8ccc9c(S(=O)(=O)O)cccc9c8S(=O)(=O)O)c7c6O)n5)cc4)n3)c(S(=O)(=O)O)cc2c1,c1ccc2cc(N=Nc3cccc4ccc(Nc5ncnc(Nc6ccc(Nc7ncnc(Nc8ccc9cccc(N=Nc%10ccc%11ccccc%11c%10)c9c8)n7)cc6)n5)cc34)ccc2c1,-0.6348683834075928,-0.8128783702850342,-0.1780099868774414,0.1780099868774414,val,scaffold,Small GNN
O=S(=O)(O)c1cc(Nc2nc(Nc3ccccc3)nc(N3CCOCC3)n2)ccc1/C=C/c1ccc(Nc2nc(Nc3ccccc3)nc(N3CCOCC3)n2)cc1S(=O)(=O)O,C(=Cc1ccc(Nc2nc(Nc3ccccc3)nc(N3CCOCC3)n2)cc1)c1ccc(Nc2nc(Nc3ccccc3)nc(N3CCOCC3)n2)cc1,-2.7108383178710938,-2.437225818634033,0.27361249923706055,0.27361249923706055,val,scaffold,Small GNN
O=S(=O)(O)c1cc(O)c2ccc3c(S(=O)(=O)O)cc(S(=O)(=O)O)c4ccc1c2c34,c1cc2ccc3cccc4ccc(c1)c2c34,-0.24253563582897186,-0.827894926071167,-0.5853592902421951,0.5853592902421951,val,scaffold,Small GNN
O=S(=O)(O)c1cc(S(=O)(=O)O)c2cc(NS(=O)(=O)c3cccc(N=Nc4ccc(N=Nc5c(O)ccc6ccccc56)cc4)c3)ccc2c1,O=S(=O)(Nc1ccc2ccccc2c1)c1cccc(N=Nc2ccc(N=Nc3cccc4ccccc34)cc2)c1,-1.209646224975586,-1.6724778413772583,-0.46283161640167236,0.46283161640167236,val,scaffold,Small GNN
O=S(=O)(O)c1ccc(N=Nc2ccc(N=Nc3ccc(/C=C/c4ccc(N=Nc5ccc(/C=C/c6ccc(N=Nc7ccc(N=Nc8ccc(S(=O)(=O)O)cc8)cc7)cc6S(=O)(=O)O)c(S(=O)(=O)O)c5)cc4S(=O)(=O)O)c(S(=O)(=O)O)c3)cc2)cc1,C(=Cc1ccc(N=Nc2ccc(N=Nc3ccccc3)cc2)cc1)c1ccc(N=Nc2ccc(C=Cc3ccc(N=Nc4ccc(N=Nc5ccccc5)cc4)cc3)cc2)cc1,-1.2315456867218018,-1.0358580350875854,0.1956876516342163,0.1956876516342163,val,scaffold,Small GNN
O=S(=O)(O)c1ccccc1N=C1C=CC(=C(c2ccc(Nc3ccccc3)cc2)c2ccc(Nc3ccccc3)cc2)C=C1,C1=CC(=C(c2ccc(Nc3ccccc3)cc2)c2ccc(Nc3ccccc3)cc2)C=CC1=Nc1ccccc1,-8.377104759216309,-3.5124106407165527,4.864694118499756,4.864694118499756,val,scaffold,Small GNN
O=S1(=O)CCCC1,O=S1(=O)CCCC1,-0.07980690151453018,-1.24107027053833,-1.1612633690238,1.1612633690238,val,scaffold,Small GNN
O=S1(=O)OC2(c3cc(O)ccc3Oc3ccc(O)cc32)c2ccccc21,O=S1(=O)OC2(c3ccccc3Oc3ccccc32)c2ccccc21,-3.5,-3.862504482269287,-0.3625044822692871,0.3625044822692871,val,scaffold,Small GNN
O=S1OCCO1,O=S1OCCO1,0.22139999270439148,-2.02789044380188,-2.2492904365062714,2.2492904365062714,val,scaffold,Small GNN
O=[N+]([O-])OC1COC2C(O[N+](=O)[O-])COC12,C1CC2OCCC2O1,-2.630000114440918,-2.0608651638031006,0.5691349506378174,0.5691349506378174,val,scaffold,Small GNN
O=[N+]([O-])O[C@H]1CO[C@H]2[C@@H]1OC[C@H]2O[N+](=O)[O-],C1CC2OCCC2O1,-2.6328001022338867,-2.0608649253845215,0.5719351768493652,0.5719351768493652,val,scaffold,Small GNN
O=[N+]([O-])c1cc2cccnc2c2ncccc12,c1cnc2c(c1)ccc1cccnc12,-3.9172000885009766,-3.611457347869873,0.3057427406311035,0.3057427406311035,val,scaffold,Small GNN
O=[N+]([O-])c1ccc(-c2nc3ccc(Cl)cc3[nH]2)o1,c1coc(-c2nc3ccccc3[nH]2)c1,-4.820000171661377,-4.313631534576416,0.5063686370849609,0.5063686370849609,val,scaffold,Small GNN
O=[N+]([O-])c1ccc(-c2nc3ccc(F)cc3[nH]2)o1,c1coc(-c2nc3ccccc3[nH]2)c1,-4.0,-4.129500389099121,-0.1295003890991211,0.1295003890991211,val,scaffold,Small GNN
O=[N+]([O-])c1ccc(-c2nc3ccccc3[nH]2)o1,c1coc(-c2nc3ccccc3[nH]2)c1,-3.890000104904175,-3.706991195678711,0.18300890922546387,0.18300890922546387,val,scaffold,Small GNN
O=[N+]([O-])c1ccc(N=Nc2c(O)c(N=Nc3cc([N+](=O)[O-])cc([N+](=O)[O-])c3O)cc(N=Nc3cc(S(=O)(=O)O)cc4cc(S(=O)(=O)O)cc(O)c34)c2O)cc1,c1ccc(N=Nc2cc(N=Nc3ccccc3)cc(N=Nc3cccc4ccccc34)c2)cc1,-0.9675670266151428,-2.2150232791900635,-1.2474562525749207,1.2474562525749207,val,scaffold,Small GNN
O=[N+]([O-])c1ccc2c3c(cccc13)-c1ccccc1-2,c1ccc2c(c1)-c1cccc3cccc-2c13,-7.103099822998047,-6.070924758911133,1.032175064086914,1.032175064086914,val,scaffold,Small GNN
O=[N+]([O-])c1ccc2ccc3cccc4ccc1c2c34,c1cc2ccc3cccc4ccc(c1)c2c34,-7.321300029754639,-6.683561325073242,0.6377387046813965,0.6377387046813965,val,scaffold,Small GNN
O=[N+]([O-])c1ccn[nH]1,c1cn[nH]c1,-1.2854728698730469,-1.0416046380996704,0.24386823177337646,0.24386823177337646,val,scaffold,Small GNN
O=[p+]1oc2ccccc2c2ccccc21,O=[p+]1oc2ccccc2c2ccccc21,-1.7796231508255005,-2.2270820140838623,-0.4474588632583618,0.4474588632583618,val,scaffold,Small GNN
O=c1[nH]c(=O)c2[nH]c(=O)[nH]c2[nH]1,O=c1[nH]c(=O)c2[nH]c(=O)[nH]c2[nH]1,-3.619999885559082,-3.960033655166626,-0.34003376960754395,0.34003376960754395,val,scaffold,Small GNN
O=c1[nH]c(=O)n(Cc2ccc(Cl)cc2)cc1F,O=c1ccn(Cc2ccccc2)c(=O)[nH]1,-3.490000009536743,-3.324437379837036,0.16556262969970703,0.16556262969970703,val,scaffold,Small GNN
O=c1[nH]c(=O)n(Cc2ccc(Cl)cc2Cl)cc1F,O=c1ccn(Cc2ccccc2)c(=O)[nH]1,-3.940000057220459,-3.735982656478882,0.20401740074157715,0.20401740074157715,val,scaffold,Small GNN
O=c1[nH]c(=O)n(Cc2ccccc2)cc1F,O=c1ccn(Cc2ccccc2)c(=O)[nH]1,-2.6500000953674316,-2.692106246948242,-0.04210615158081055,0.04210615158081055,val,scaffold,Small GNN
O=c1[nH]c(CN2CCCC2)c(Br)c(=O)[nH]1,O=c1cc(CN2CCCC2)[nH]c(=O)[nH]1,-1.7799999713897705,-2.513889789581299,-0.7338898181915283,0.7338898181915283,val,scaffold,Small GNN
O=c1[nH]c(CN2CCCC2)c(Cl)c(=O)[nH]1,O=c1cc(CN2CCCC2)[nH]c(=O)[nH]1,-1.5399999618530273,-2.460541248321533,-0.9205412864685059,0.9205412864685059,val,scaffold,Small GNN
O=c1[nH]c(Nc2ccccc2)nc2[nH]cnc12,O=c1[nH]c(Nc2ccccc2)nc2[nH]cnc12,-4.119999885559082,-3.7470905780792236,0.3729093074798584,0.3729093074798584,val,scaffold,Small GNN
O=c1[nH]c2c(c(=O)n1C1CCCCC1)CCC2,O=c1[nH]c2c(c(=O)n1C1CCCCC1)CCC2,-4.591599941253662,-3.6862478256225586,0.9053521156311035,0.9053521156311035,val,scaffold,Small GNN
O=c1[nH]c2cncnc2[nH]1,O=c1[nH]c2cncnc2[nH]1,-1.5140999555587769,-2.6636252403259277,-1.1495252847671509,1.1495252847671509,val,scaffold,Small GNN
O=c1[nH]ccc2ccccc12,O=c1[nH]ccc2ccccc12,-2.4842000007629395,-2.646489381790161,-0.16228938102722168,0.16228938102722168,val,scaffold,Small GNN
O=c1[nH]sc2ccccc12,O=c1[nH]sc2ccccc12,-1.9472895860671997,-2.7360243797302246,-0.7887347936630249,0.7887347936630249,val,scaffold,Small GNN
O=c1c2ccc3c(=O)n4c5ccccc5nc4c4ccc(c2c34)c2nc3ccccc3n12,O=c1c2ccc3c(=O)n4c5ccccc5nc4c4ccc(c2c34)c2nc3ccccc3n12,-5.633055686950684,-6.385065078735352,-0.752009391784668,0.752009391784668,val,scaffold,Small GNN
O=c1c2ccccc2c(=O)c2c1ccc1c3ccc4c(=O)c5c(ccc6c7ccc8c(=O)c9ccccc9c(=O)c8c7[nH]c65)c(=O)c4c3[nH]c12,O=c1c2ccccc2c(=O)c2c1ccc1c3ccc4c(=O)c5c(ccc6c7ccc8c(=O)c9ccccc9c(=O)c8c7[nH]c65)c(=O)c4c3[nH]c12,-8.81064510345459,-5.405793190002441,3.4048519134521484,3.4048519134521484,val,scaffold,Small GNN
O=c1ccc2nc3ccccc3sc-2c1,O=c1ccc2nc3ccccc3sc-2c1,-3.7200000286102295,-2.941542863845825,0.7784571647644043,0.7784571647644043,val,scaffold,Small GNN
O=c1cccc2[nH]cccc1-2,O=c1cccc2[nH]cccc1-2,-2.5416998863220215,-2.4519896507263184,0.08971023559570312,0.08971023559570312,val,scaffold,Small GNN
O=c1cnc2ncncc2[nH]1,O=c1cnc2ncncc2[nH]1,-2.7100000381469727,-1.9718520641326904,0.7381479740142822,0.7381479740142822,val,scaffold,Small GNN
O=c1n(CC2CO2)c(=O)n(CC2CO2)c(=O)n1CC1CO1,O=c1n(CC2CO2)c(=O)n(CC2CO2)c(=O)n1CC1CO1,-1.4954230785369873,-0.8245124816894531,0.6709105968475342,0.6709105968475342,val,scaffold,Small GNN
O=c1n(C[C@@H]2CO2)c(=O)n(C[C@@H]2CO2)c(=O)n1C[C@@H]1CO1,O=c1n(CC2CO2)c(=O)n(CC2CO2)c(=O)n1CC1CO1,-2.468825340270996,-0.8245124816894531,1.644312858581543,1.644312858581543,val,scaffold,Small GNN
O=c1nc(-c2ccccc2)oc2ccccc12,O=c1nc(-c2ccccc2)oc2ccccc12,-4.610000133514404,-3.669938087463379,0.9400620460510254,0.9400620460510254,val,scaffold,Small GNN
O=c1nc[nH]c2c1ncn2C1OC(CO)C(O)C1O,O=c1nc[nH]c2c1ncn2C1CCCO1,-1.2298486232757568,-1.388545274734497,-0.15869665145874023,0.15869665145874023,val,scaffold,Small GNN
O=c1nc[nH]c2cccnc12,O=c1nc[nH]c2cccnc12,-2.0655999183654785,-2.0312447547912598,0.03435516357421875,0.03435516357421875,val,scaffold,Small GNN
O=c1nc[nH]c2nc(-c3ccccc3)c(-c3ccccc3)nc12,O=c1nc[nH]c2nc(-c3ccccc3)c(-c3ccccc3)nc12,-3.1765999794006348,-3.834465742111206,-0.6578657627105713,0.6578657627105713,val,scaffold,Small GNN
O=c1nc[nH]c2nc[nH]c12,O=c1nc[nH]c2nc[nH]c12,-2.288800001144409,-2.2065038681030273,0.08229613304138184,0.08229613304138184,val,scaffold,Small GNN
O=c1nc[nH]c2nccnc12,O=c1nc[nH]c2nccnc12,-1.47160005569458,-2.027294635772705,-0.555694580078125,0.555694580078125,val,scaffold,Small GNN
O=c1ncc2[nH]cnc2[nH]1,O=c1ncc2[nH]cnc2[nH]1,-1.7136000394821167,-2.203935384750366,-0.4903353452682495,0.4903353452682495,val,scaffold,Small GNN
O=c1ncc2nccnc2[nH]1,O=c1ncc2nccnc2[nH]1,-2.0,-2.137697696685791,-0.13769769668579102,0.13769769668579102,val,scaffold,Small GNN
O=c1nccc[nH]1,O=c1nccc[nH]1,0.6748999953269958,-0.19893288612365723,-0.8738328814506531,0.8738328814506531,val,scaffold,Small GNN
O=c1oc(-c2ccc(-c3nc4ccccc4c(=O)o3)cc2)nc2ccccc12,O=c1oc(-c2ccc(-c3nc4ccccc4c(=O)o3)cc2)nc2ccccc12,-6.517040252685547,-3.929018974304199,2.5880212783813477,2.5880212783813477,val,scaffold,Small GNN
O=c1oc2ccccc2c(O)c1C1CCCc2ccccc21,O=c1oc2ccccc2cc1C1CCCc2ccccc21,-4.860000133514404,-4.683047294616699,0.17695283889770508,0.17695283889770508,val,scaffold,Small GNN
OC(CN1CCCCC1)c1ccc(Cl)c2ccccc12,c1ccc2c(CCN3CCCCC3)cccc2c1,-1.5499999523162842,-3.737164258956909,-2.187164306640625,2.187164306640625,val,scaffold,Small GNN
OC(Cn1cncn1)(c1ccc(F)cc1)c1ccccc1F,c1ccc(C(Cn2cncn2)c2ccccc2)cc1,-3.3650999069213867,-3.85540771484375,-0.4903078079223633,0.4903078079223633,val,scaffold,Small GNN
OC(c1ccccc1)(c1ccccc1)C1CCNCC1,c1ccc(C(c2ccccc2)C2CCNCC2)cc1,-1.3899999856948853,-2.7356879711151123,-1.345687985420227,1.345687985420227,val,scaffold,Small GNN
OC1CSC(O)CS1,C1CSCCS1,-1.4690382480621338,0.5238914489746094,1.9929296970367432,1.9929296970367432,val,scaffold,Small GNN
OCC1=C[C@@H](O)[C@@H]2C=CO[C@@H](O[C@@H]3O[C@H](CO)[C@@H](O)[C@H](O)[C@H]3O)[C@H]12,C1=CC2C(C=COC2OC2CCCCO2)C1,0.011900000274181366,-0.8518621921539307,-0.863762192428112,0.863762192428112,val,scaffold,Small GNN
OCC1=C[C@H](N[C@H]2C[C@H](CO)[C@@H](O[C@@H]3O[C@H](CO)[C@@H](O)[C@H](O)[C@H]3O)[C@H](O)[C@H]2O)[C@H](O)[C@@H](O)[C@@H]1O,C1=CC(NC2CCC(OC3CCCCO3)CC2)CCC1,0.30320000648498535,-0.3950774669647217,-0.698277473449707,0.698277473449707,val,scaffold,Small GNN
OCC1OC(OCCc2cccc3ccccc23)C(O)C(O)C1O,c1ccc2c(CCOC3CCCCO3)cccc2c1,-1.1100000143051147,-2.346315622329712,-1.2363156080245972,1.2363156080245972,val,scaffold,Small GNN
OCC1OC2OC3C(CO)OC(OC4C(CO)OC(OC5C(CO)OC(OC6C(CO)OC(OC7C(CO)OC(OC8C(CO)OC(OC9C(CO)OC(OC1C(O)C2O)C(O)C9O)C(O)C8O)C(O)C7O)C(O)C6O)C(O)C5O)C(O)C4O)C(O)C3O,C1CC2OCC1OC1CCC(CO1)OC1CCC(CO1)OC1CCC(CO1)OC1CCC(CO1)OC1CCC(CO1)OC1CCC(CO1)OC1CCC(CO1)O2,-0.75,-0.23297882080078125,0.5170211791992188,0.5170211791992188,val,scaffold,Small GNN
OCC1OCOC2COCOC12,C1OCC2OCOCC2O1,-0.6200000047683716,0.20525145530700684,0.8252514600753784,0.8252514600753784,val,scaffold,Small GNN
OC[C@H]1O[C@@H](n2cnc3cncnc32)[C@H](O)[C@@H]1O,c1ncc2ncn(C3CCCO3)c2n1,-0.4018000066280365,-0.8839164972305298,-0.4821164906024933,0.4821164906024933,val,scaffold,Small GNN
ON=C(C(=NO)c1ccccc1)c1ccccc1,N=C(C(=N)c1ccccc1)c1ccccc1,-5.900000095367432,-3.05680251121521,2.8431975841522217,2.8431975841522217,val,scaffold,Small GNN
ON=C1CCCCC1,N=C1CCCCC1,-0.8495729565620422,-1.261437177658081,-0.4118642210960388,0.4118642210960388,val,scaffold,Small GNN
O[C@@H]1CO[C@H]2[C@@H]1OC[C@@H]2O,C1CC2OCCC2O1,1.177450180053711,0.00656437873840332,-1.1708858013153076,1.1708858013153076,val,scaffold,Small GNN
O[C@]12COC(c3ccccc3)O[C@@H]1[C@H]1OC(c3ccccc3)OC[C@H]1O2,c1ccc(C2OCC3OC4COC(c5ccccc5)OC4C3O2)cc1,-4.437962532043457,-4.0904951095581055,0.34746742248535156,0.34746742248535156,val,scaffold,Small GNN
Oc1cccc2ccnnc12,c1ccc2nnccc2c1,-2.408900022506714,-2.140444755554199,0.26845526695251465,0.26845526695251465,val,scaffold,Small GNN
Oc1ccccc1N=Cc1c(O)ccc2ccccc12,C(=Nc1ccccc1)c1cccc2ccccc12,-7.432469367980957,-4.829629421234131,2.602839946746826,2.602839946746826,val,scaffold,Small GNN
S=C(N=Nc1ccccc1)NNc1ccccc1,S=C(N=Nc1ccccc1)NNc1ccccc1,-6.610000133514404,-4.900287628173828,1.7097125053405762,1.7097125053405762,val,scaffold,Small GNN
S=C(SN1CCOCC1)N1CCOCC1,S=C(SN1CCOCC1)N1CCOCC1,-3.2913007736206055,-1.8830554485321045,1.408245325088501,1.408245325088501,val,scaffold,Small GNN
S=C1NCCN1,S=C1NCCN1,-0.708299994468689,-0.651475191116333,0.05682480335235596,0.05682480335235596,val,scaffold,Small GNN
S=c1[nH]c2cncnc2[nH]1,S=c1[nH]c2cncnc2[nH]1,-2.5243000984191895,-2.5642707347869873,-0.03997063636779785,0.03997063636779785,val,scaffold,Small GNN
S=c1[nH]sc(=S)[nH]1,S=c1[nH]sc(=S)[nH]1,-1.7618000507354736,-2.4066450595855713,-0.6448450088500977,0.6448450088500977,val,scaffold,Small GNN
S=c1ncc2nccnc2[nH]1,S=c1ncc2nccnc2[nH]1,-2.680000066757202,-2.151444435119629,0.5285556316375732,0.5285556316375732,val,scaffold,Small GNN
[N-]=[N+]=C1C(=O)NC(=O)NC1=O,[N+]=C1C(=O)NC(=O)NC1=O,-1.4717570543289185,-1.898329734802246,-0.42657268047332764,0.42657268047332764,val,scaffold,Small GNN
[O-][S+](Cc1ccccc1)Cc1ccccc1,c1ccc(C[SH+]Cc2ccccc2)cc1,-2.858808755874634,-2.0119106769561768,0.846898078918457,0.846898078918457,val,scaffold,Small GNN
[O-][n+]1ccccc1,c1cc[nH+]cc1,1.0218000411987305,-0.02696084976196289,-1.0487608909606934,1.0487608909606934,val,scaffold,Small GNN
[O-][n+]1nc(-n2ccnc2)nc2ccc(Cl)cc21,c1ccc2[nH+]nc(-n3ccnc3)nc2c1,-3.630000114440918,-2.515721321105957,1.114278793334961,1.114278793334961,val,scaffold,Small GNN
c1cc2c3c(c4ccc5ccccc5c4cc3c1)CC2,c1cc2c3c(c4ccc5ccccc5c4cc3c1)CC2,-7.861299991607666,-7.327459335327148,0.5338406562805176,0.5338406562805176,val,scaffold,Small GNN
c1cc2ccc3ccc4ccc5ccc6ccc1c1c2c3c4c5c61,c1cc2ccc3ccc4ccc5ccc6ccc1c1c2c3c4c5c61,-8.829999923706055,-9.215230941772461,-0.38523101806640625,0.38523101806640625,val,scaffold,Small GNN
c1cc2ccc3cccc4ccc(c1)c2c34,c1cc2ccc3cccc4ccc(c1)c2c34,-6.178796768188477,-7.5226545333862305,-1.343857765197754,1.343857765197754,val,scaffold,Small GNN
c1cc2cccc3c4cccc5cccc(c(c1)c23)c54,c1cc2cccc3c4cccc5cccc(c(c1)c23)c54,-8.699999809265137,-7.042453765869141,1.657546043395996,1.657546043395996,val,scaffold,Small GNN
c1ccc(-c2cccnc2)nc1,c1ccc(-c2cccnc2)nc1,-0.5916000008583069,-1.265395164489746,-0.6737951636314392,0.6737951636314392,val,scaffold,Small GNN
c1ccc(-c2cnc(-c3ccccc3)o2)cc1,c1ccc(-c2cnc(-c3ccccc3)o2)cc1,-5.553210258483887,-3.47741961479187,2.0757906436920166,2.0757906436920166,val,scaffold,Small GNN
c1ccc(C2=NCCN2)cc1,c1ccc(C2=NCCN2)cc1,-1.1265181303024292,-2.2819056510925293,-1.1553875207901,1.1553875207901,val,scaffold,Small GNN
c1ccc(CN(CC2=NCCN2)c2ccccc2)cc1,c1ccc(CN(CC2=NCCN2)c2ccccc2)cc1,-2.5999999046325684,-4.183049201965332,-1.5830492973327637,1.5830492973327637,val,scaffold,Small GNN
c1ccc(CN2CCC(Nc3ccccc3)CC2)cc1,c1ccc(CN2CCC(Nc3ccccc3)CC2)cc1,-3.9542229175567627,-2.452808380126953,1.5014145374298096,1.5014145374298096,val,scaffold,Small GNN
c1ccc(Nc2cccc3ccccc23)cc1,c1ccc(Nc2cccc3ccccc23)cc1,-4.8638916015625,-5.723514556884766,-0.8596229553222656,0.8596229553222656,val,scaffold,Small GNN
c1ccc2[nH]c(-c3cscn3)nc2c1,c1ccc2[nH]c(-c3cscn3)nc2c1,-3.60479998588562,-2.9049072265625,0.6998927593231201,0.6998927593231201,val,scaffold,Small GNN
c1ccc2[nH]cnc2c1,c1ccc2[nH]cnc2c1,-1.7691972255706787,-1.609110951423645,0.1600862741470337,0.1600862741470337,val,scaffold,Small GNN
c1ccc2c(c1)-c1cccc3cc4c(ccc5ccccc54)c-2c13,c1ccc2c(c1)-c1cccc3cc4c(ccc5ccccc54)c-2c13,-8.480600357055664,-7.39328670501709,1.0873136520385742,1.0873136520385742,val,scaffold,Small GNN
c1ccc2c(c1)-c1cccc3cccc-2c13,c1ccc2c(c1)-c1cccc3cccc-2c13,-5.929999828338623,-6.631863594055176,-0.7018637657165527,0.7018637657165527,val,scaffold,Small GNN
c1ccc2c(c1)CCc1ccccc1-2,c1ccc2c(c1)CCc1ccccc1-2,-4.634699821472168,-4.951647758483887,-0.31694793701171875,0.31694793701171875,val,scaffold,Small GNN
c1ccc2c(c1)Cc1cc3ccccc3cc1-2,c1ccc2c(c1)Cc1cc3ccccc3cc1-2,-7.732999801635742,-6.635050296783447,1.097949504852295,1.097949504852295,val,scaffold,Small GNN
c1ccc2c(c1)Nc1c(ccc3ccccc13)S2,c1ccc2c(c1)Nc1c(ccc3ccccc13)S2,-5.895699977874756,-6.173529624938965,-0.277829647064209,0.277829647064209,val,scaffold,Small GNN
c1ccc2c(c1)Nc1ccc3ccccc3c1S2,c1ccc2c(c1)Nc1ccc3ccccc3c1S2,-6.572700023651123,-6.2215118408203125,0.35118818283081055,0.35118818283081055,val,scaffold,Small GNN
c1ccc2c(c1)OCCOCCOc1ccccc1OCCOCCO2,c1ccc2c(c1)OCCOCCOc1ccccc1OCCOCCO2,-4.69350004196167,-1.0581681728363037,3.635331869125366,3.635331869125366,val,scaffold,Small GNN
c1ccc2c(c1)c1cccc3ccc4cccc2c4c31,c1ccc2c(c1)c1cccc3ccc4cccc2c4c31,-7.659999847412109,-7.170960903167725,0.48903894424438477,0.48903894424438477,val,scaffold,Small GNN
c1ccc2c(c1)cc1ccc3cccc4ccc2c1c34,c1ccc2c(c1)cc1ccc3cccc4ccc2c1c34,-8.192399978637695,-7.662156581878662,0.5302433967590332,0.5302433967590332,val,scaffold,Small GNN
c1ccc2c(c1)ccc1[nH]c3ccc4ccccc4c3c12,c1ccc2c(c1)ccc1[nH]c3ccc4ccccc4c3c12,-6.627699851989746,-6.505932807922363,0.12176704406738281,0.12176704406738281,val,scaffold,Small GNN
c1ccc2c(c1)ccc1c2ccc2c3ccccc3ccc21,c1ccc2c(c1)ccc1c2ccc2c3ccccc3ccc21,-7.869999885559082,-6.943930625915527,0.9260692596435547,0.9260692596435547,val,scaffold,Small GNN
c1ccc2c(c1)ccc1cc3c(ccc4ccccc43)cc12,c1ccc2c(c1)ccc1cc3c(ccc4ccccc43)cc12,-8.667900085449219,-7.338281154632568,1.3296189308166504,1.3296189308166504,val,scaffold,Small GNN
c1ccc2c(c1)ccc1cc3ccc4ccccc4c3cc12,c1ccc2c(c1)ccc1cc3ccc4ccccc4c3cc12,-8.43179988861084,-7.3383708000183105,1.0934290885925293,1.0934290885925293,val,scaffold,Small GNN
c1ccc2c(c1)ccc1ccc3ccccc3c12,c1ccc2c(c1)ccc1ccc3ccccc3c12,-7.820700168609619,-6.641902923583984,1.1787972450256348,1.1787972450256348,val,scaffold,Small GNN
c1ccc2c(c1)ccc1nc3c(ccc4ccccc43)cc12,c1ccc2c(c1)ccc1nc3c(ccc4ccccc43)cc12,-6.244699954986572,-6.002734184265137,0.24196577072143555,0.24196577072143555,val,scaffold,Small GNN
c1ccc2c(c1)ccc1nccnc12,c1ccc2c(c1)ccc1nccnc12,-2.680000066757202,-3.075408458709717,-0.39540839195251465,0.39540839195251465,val,scaffold,Small GNN
c1ccc2cc3c(cc2c1)-c1cccc2cccc-3c12,c1ccc2cc3c(cc2c1)-c1cccc2cccc-3c12,-8.498900413513184,-7.453430652618408,1.0454697608947754,1.0454697608947754,val,scaffold,Small GNN
c1ccc2cc3c(cc4c5c(cccc53)CC4)cc2c1,c1ccc2cc3c(cc4c5c(cccc53)CC4)cc2c1,-2.9700000286102295,-7.670186996459961,-4.7001869678497314,4.7001869678497314,val,scaffold,Small GNN
c1ccc2sc(SN(C3CCCCC3)C3CCCCC3)nc2c1,c1ccc2sc(SN(C3CCCCC3)C3CCCCC3)nc2c1,-6.788599967956543,-5.606045722961426,1.1825542449951172,1.1825542449951172,val,scaffold,Small GNN
c1ccc2sc(SSc3nc4ccccc4s3)nc2c1,c1ccc2sc(SSc3nc4ccccc4s3)nc2c1,-4.5218000411987305,-5.854373931884766,-1.3325738906860352,1.3325738906860352,val,scaffold,Small GNN
c1ccc2sccc2c1,c1ccc2sccc2c1,-3.0137999057769775,-4.155308723449707,-1.1415088176727295,1.1415088176727295,val,scaffold,Small GNN
c1ccnnc1,c1ccnnc1,1.0964000225067139,0.7496371269226074,-0.34676289558410645,0.34676289558410645,val,scaffold,Small GNN
c1cn[nH]c1,c1cn[nH]c1,1.2878895998001099,0.877185583114624,-0.41070401668548584,0.41070401668548584,val,scaffold,Small GNN
c1cnc2c(c1)ccc1cccnc12,c1cnc2c(c1)ccc1cccnc12,-1.8259999752044678,-3.550100088119507,-1.724100112915039,1.724100112915039,val,scaffold,Small GNN
c1cnoc1,c1cnoc1,0.38269999623298645,0.5636889934539795,0.18098899722099304,0.18098899722099304,val,scaffold,Small GNN
c1coc(-c2nc3ccccc3[nH]2)c1,c1coc(-c2nc3ccccc3[nH]2)c1,-3.4140000343322754,-3.247645139694214,0.16635489463806152,0.16635489463806152,val,scaffold,Small GNN
c1coc(CNc2ncnc3[nH]cnc23)c1,c1coc(CNc2ncnc3[nH]cnc23)c1,-3.950000047683716,-3.115934371948242,0.8340656757354736,0.8340656757354736,val,scaffold,Small GNN
Brc1cc(Br)c(OCCOc2c(Br)cc(Br)cc2Br)c(Br)c1,c1ccc(OCCOc2ccccc2)cc1,-6.536300182342529,-8.208422660827637,-1.6721224784851074,1.6721224784851074,test,scaffold,Small GNN
Brc1cccc(Nc2ncnc3cc4[nH]ccc4cc23)c1,c1ccc(Nc2ncnc3cc4[nH]ccc4cc23)cc1,-2.819999933242798,-5.732639312744141,-2.9126393795013428,2.9126393795013428,test,scaffold,Small GNN
Brc1cccc(Nc2ncnc3cc4[nH]ncc4cc23)c1,c1ccc(Nc2ncnc3cc4[nH]ncc4cc23)cc1,-3.9600000381469727,-3.758875846862793,0.2011241912841797,0.2011241912841797,test,scaffold,Small GNN
C#CCOS(=O)OC1CCCCC1Oc1ccc(C(C)(C)C)cc1,c1ccc(OC2CCCCC2)cc1,-5.845699787139893,-5.587316513061523,0.25838327407836914,0.25838327407836914,test,scaffold,Small GNN
C/C(=C\C(C)CC(C)CC(C)C)C1CC(=O)OC1=O,O=C1CCC(=O)O1,-4.425503253936768,-3.1562516689300537,1.2692515850067139,1.2692515850067139,test,scaffold,Small GNN
C/C(=N/Nc1nc(C)cc(C)n1)c1ccccc1C,C(=NNc1ncccn1)c1ccccc1,-3.1958999633789062,-3.7982537746429443,-0.6023538112640381,0.6023538112640381,test,scaffold,Small GNN
C/C=C/CC(C)C(O)C1C(=O)NC(CC)C(=O)N(C)CC(=O)N(C)C(CC(C)C)C(=O)NC(C(C)C)C(=O)N(C)C(CC(C)C)C(=O)NC(C)C(=O)NC(C)C(=O)N(C)C(CC(C)C)C(=O)N(C)C(CC(C)C)C(=O)N(C)C(C(C)C)C(=O)N1C,O=C1CNC(=O)CNC(=O)CNC(=O)CNC(=O)CNC(=O)CNC(=O)CNC(=O)CNC(=O)CNC(=O)CNC(=O)CN1,-4.639999866485596,-0.9428194761276245,3.697180390357971,3.697180390357971,test,scaffold,Small GNN
C/C=C1\CC2C=CC1C2,C=C1CC2C=CC1C2,-3.1767964363098145,-3.2400808334350586,-0.06328439712524414,0.06328439712524414,test,scaffold,Small GNN
C1=CC=CCC=C1,C1=CC=CCC=C1,-2.172100067138672,-2.552672863006592,-0.3805727958679199,0.3805727958679199,test,scaffold,Small GNN
C1=CCC(C2OCC3(CO2)COC(C2CC=CCC2)OC3)CC1,C1=CCC(C2OCC3(CO2)COC(C2CC=CCC2)OC3)CC1,-5.2397356033325195,-3.70562481880188,1.5341107845306396,1.5341107845306396,test,scaffold,Small GNN
C1=COCCC1,C1=COCCC1,-1.038398265838623,-0.8435139656066895,0.1948843002319336,0.1948843002319336,test,scaffold,Small GNN
C1=Cc2cccc3cccc1c23,C1=Cc2cccc3cccc1c23,-3.975600004196167,-7.304483890533447,-3.3288838863372803,3.3288838863372803,test,scaffold,Small GNN
C1=NC=NC2N=C(c3ccccc3)N=C12,C1=NC=NC2N=C(c3ccccc3)N=C12,-3.069999933242798,-3.6460413932800293,-0.5760414600372314,0.5760414600372314,test,scaffold,Small GNN
C1CC(COCC2CO2)CCC1COCC1CO1,C1CC(COCC2CO2)CCC1COCC1CO1,-1.8357971906661987,-0.7465391159057617,1.089258074760437,1.089258074760437,test,scaffold,Small GNN
C1CC(N2CCOCC2)CCN1,C1CC(N2CCOCC2)CCN1,-2.9027228355407715,0.5332822799682617,3.436005115509033,3.436005115509033,test,scaffold,Small GNN
C1CCC2CCCCC2C1,C1CCC2CCCCC2C1,-4.1406779289245605,-5.144026756286621,-1.0033488273620605,1.0033488273620605,test,scaffold,Small GNN
C1CCCCCC1,C1CCCCCC1,-3.514899969100952,-4.814691543579102,-1.2997915744781494,1.2997915744781494,test,scaffold,Small GNN
C1CCCCCCC1,C1CCCCCCC1,-4.152400016784668,-4.814691543579102,-0.6622915267944336,0.6622915267944336,test,scaffold,Small GNN
C1CCN2CC3CC(CN4CCCCC34)C2C1,C1CCN2CC3CC(CN4CCCCC34)C2C1,-1.8899999856948853,-0.7354099750518799,1.1545900106430054,1.1545900106430054,test,scaffold,Small GNN
C1CCN2C[C@@H]3C[C@@H](CN4CCCC[C@@H]34)[C@H]2C1,C1CCN2CC3CC(CN4CCCCC34)C2C1,-1.8870999813079834,-0.7354099750518799,1.1516900062561035,1.1516900062561035,test,scaffold,Small GNN
C1CCOCOC1,C1CCOCOC1,0.4107896685600281,0.2858309745788574,-0.12495869398117065,0.12495869398117065,test,scaffold,Small GNN
C1CC[C@@H]2NCCC[C@H]2C1,C1CCC2NCCCC2C1,-1.0830999612808228,-0.7702150344848633,0.3128849267959595,0.3128849267959595,test,scaffold,Small GNN
C1CN(SSN2CCOCC2)CCO1,C1CN(SSN2CCOCC2)CCO1,-3.259634256362915,-1.4845170974731445,1.7751171588897705,1.7751171588897705,test,scaffold,Small GNN
C1CN2CCN1CC2,C1CN2CCN1CC2,0.6032999753952026,-0.5021259784698486,-1.1054259538650513,1.1054259538650513,test,scaffold,Small GNN
C1CNCCNCCNCCN1,C1CNCCNCCNCCN1,-0.03102041594684124,0.7421538829803467,0.7731742989271879,0.7731742989271879,test,scaffold,Small GNN
C1N2CN3CN1CN(C2)C3,C1N2CN3CN1CN(C2)C3,0.7924026846885681,-1.7208608388900757,-2.513263523578644,2.513263523578644,test,scaffold,Small GNN
C1OC1C1CO1,C1OC1C1CO1,1.065000057220459,0.4734494686126709,-0.5915505886077881,0.5915505886077881,test,scaffold,Small GNN
C1O[C@@H]1[C@@H]1CO1,C1OC1C1CO1,1.065000057220459,0.4734494686126709,-0.5915505886077881,0.5915505886077881,test,scaffold,Small GNN
C1O[C@@H]1[C@H]1CO1,C1OC1C1CO1,1.065000057220459,0.4734494686126709,-0.5915505886077881,0.5915505886077881,test,scaffold,Small GNN
C1O[C@H]1[C@H]1CO1,C1OC1C1CO1,1.065000057220459,0.4734494686126709,-0.5915505886077881,0.5915505886077881,test,scaffold,Small GNN
C=C(C)C1Cc2c(ccc3c2OC2COc4cc(OC)c(OC)cc4C2C3=O)O1,O=C1c2ccc3c(c2OC2COc4ccccc4C12)CCO3,-4.46999979019165,-4.230922222137451,0.23907756805419922,0.23907756805419922,test,scaffold,Small GNN
C=C(C)[C@H]1Cc2c(ccc3c2O[C@@H]2COc4cc(OC)c(OC)cc4[C@@H]2C3=O)O1,O=C1c2ccc3c(c2OC2COc4ccccc4C12)CCO3,-6.294899940490723,-4.230922222137451,2.0639777183532715,2.0639777183532715,test,scaffold,Small GNN
C=C(c1ccccc1)c1ccccc1,C=C(c1ccccc1)c1ccccc1,-4.436299800872803,-4.514618873596191,-0.07831907272338867,0.07831907272338867,test,scaffold,Small GNN
C=C1C2CCC(C2)C1(C)C,C=C1CC2CCC1C2,-4.471540451049805,-3.1408097743988037,1.330730676651001,1.330730676651001,test,scaffold,Small GNN
C=C1C=CC(=O)O1,C=C1C=CC(=O)O1,-0.982699990272522,-1.078298807144165,-0.09559881687164307,0.09559881687164307,test,scaffold,Small GNN
C=C1CC2C(CCC3(C)C2CCC3(OC(C)=O)C(C)=O)C2(C)CCC(=O)C=C12,C=C1CC2C3CCCC3CCC2C2CCC(=O)C=C12,-6.10779333114624,-4.238096237182617,1.869697093963623,1.869697093963623,test,scaffold,Small GNN
C=C1CCOC(C=C(C)C)C1,C=C1CCOCC1,-2.510422468185425,-1.4176700115203857,1.092752456665039,1.092752456665039,test,scaffold,Small GNN
C=C1CCO[C@]2(C(O)C(C)(O)CO)NC(=O)[C@@]1(O)NC2=O,C=C1CCOC2NC(=O)C1NC2=O,-0.19709999859333038,-0.9425595998764038,-0.7454596012830734,0.7454596012830734,test,scaffold,Small GNN
C=CC(=O)OCC1CC2CC1C1CCC(COC(=O)C=C)C21,C1CC2C3CCC(C3)C2C1,-4.493085861206055,-4.374477386474609,0.11860847473144531,0.11860847473144531,test,scaffold,Small GNN
C=CC(=O)OCCn1c(=O)n(CCOC(=O)C=C)c(=O)n(CCOC(=O)C=C)c1=O,O=c1[nH]c(=O)[nH]c(=O)[nH]1,-2.4514193534851074,-1.850160837173462,0.6012585163116455,0.6012585163116455,test,scaffold,Small GNN
C=CC1CN2CCC1CC2C(=O)c1ccnc2ccc(OC)cc12,O=C(c1ccnc2ccccc12)C1CC2CCN1CC2,-5.031300067901611,-2.782266139984131,2.2490339279174805,2.2490339279174805,test,scaffold,Small GNN
C=CC1CN2CCC1CC2C(=O)c1ccnc2ccccc12,O=C(c1ccnc2ccccc12)C1CC2CCN1CC2,-3.190000057220459,-2.4937872886657715,0.6962127685546875,0.6962127685546875,test,scaffold,Small GNN
C=CCC1(c2ccccc2)C(=O)NC(=O)NC1=O,O=C1NC(=O)C(c2ccccc2)C(=O)N1,-2.180000066757202,-2.65988826751709,-0.4798882007598877,0.4798882007598877,test,scaffold,Small GNN
C=CCOC(Cn1ccnc1)c1ccc(Cl)cc1Cl,c1ccc(CCn2ccnc2)cc1,-3.2177999019622803,-3.24446439743042,-0.02666449546813965,0.02666449546813965,test,scaffold,Small GNN
C=CCOC1=NS(=O)(=O)c2ccccc21,O=S1(=O)N=Cc2ccccc21,-3.1726999282836914,-3.4213199615478516,-0.24862003326416016,0.24862003326416016,test,scaffold,Small GNN
C=CCc1ccc2cncnc2c1O,c1ccc2ncncc2c1,-3.619999885559082,-2.6327927112579346,0.9872071743011475,0.9872071743011475,test,scaffold,Small GNN
C=CCn1c(=O)n(CC=C)c(=O)n(CC=C)c1=O,O=c1[nH]c(=O)[nH]c(=O)[nH]1,-1.8526020050048828,-1.3202439546585083,0.5323580503463745,0.5323580503463745,test,scaffold,Small GNN
C=CN1C=CN(C)C1,C1=CNCN1,0.6585803031921387,-0.9545447826385498,-1.6131250858306885,1.6131250858306885,test,scaffold,Small GNN
C=CS(=O)(=O)CCOCCNc1nc(F)nc(Nc2ccc(N=Nc3cc4c(S(=O)(=O)O)cc(S(=O)(=O)O)cc4cc3S(=O)(=O)O)c(NC(N)=O)c2)n1,c1ccc2cc(N=Nc3ccc(Nc4ncncn4)cc3)ccc2c1,-0.4145597219467163,-1.0885149240493774,-0.6739552021026611,0.6739552021026611,test,scaffold,Small GNN
CC(=NNc1nc(C)cc(C)n1)c1ccccc1C,C(=NNc1ncccn1)c1ccccc1,-3.200000047683716,-3.7982537746429443,-0.5982537269592285,0.5982537269592285,test,scaffold,Small GNN
CC(=O)/C(=N/Nc1cc(S(N)(=O)=O)ccc1O)C(=O)Nc1ccccc1,O=C(C=NNc1ccccc1)Nc1ccccc1,-2.208470106124878,-3.2917871475219727,-1.0833170413970947,1.0833170413970947,test,scaffold,Small GNN
CC(=O)C(N=Nc1ccc(C(=O)Nc2ccc(C(N)=O)cc2)cc1)C(=O)Nc1ccc2[nH]c(=O)[nH]c2c1,O=C(CN=Nc1ccc(C(=O)Nc2ccccc2)cc1)Nc1ccc2[nH]c(=O)[nH]c2c1,-6.672808647155762,-5.69156551361084,0.9812431335449219,0.9812431335449219,test,scaffold,Small GNN
CC(=O)C(N=Nc1ccc(C)cc1[N+](=O)[O-])C(=O)Nc1ccc(Cl)cc1,O=C(CN=Nc1ccccc1)Nc1ccccc1,-7.605298042297363,-6.770151138305664,0.8351469039916992,0.8351469039916992,test,scaffold,Small GNN
CC(=O)C(N=Nc1ccc(C)cc1[N+](=O)[O-])C(=O)Nc1ccccc1,O=C(CN=Nc1ccccc1)Nc1ccccc1,-7.417968273162842,-6.356296539306641,1.0616717338562012,1.0616717338562012,test,scaffold,Small GNN
CC(=O)C(N=Nc1ccc(Cl)cc1[N+](=O)[O-])C(=O)Nc1ccc2[nH]c(=O)[nH]c2c1,O=C(CN=Nc1ccccc1)Nc1ccc2[nH]c(=O)[nH]c2c1,-7.473779678344727,-6.213676452636719,1.2601032257080078,1.2601032257080078,test,scaffold,Small GNN
CC(=O)C(N=Nc1ccc(Cl)cc1[N+](=O)[O-])C(=O)Nc1ccccc1Cl,O=C(CN=Nc1ccccc1)Nc1ccccc1,-7.721757888793945,-6.927385330200195,0.79437255859375,0.79437255859375,test,scaffold,Small GNN
CC(=O)C(N=Nc1ccc(S(=O)(=O)O)cc1[N+](=O)[O-])C(=O)Nc1ccccc1,O=C(CN=Nc1ccccc1)Nc1ccccc1,-4.674561977386475,-2.215546131134033,2.4590158462524414,2.4590158462524414,test,scaffold,Small GNN
CC(=O)C(N=Nc1ccc(S(=O)(=O)O)cc1[N+](=O)[O-])C(=O)Nc1ccccc1Cl,O=C(CN=Nc1ccccc1)Nc1ccccc1,-5.451460838317871,-2.466346263885498,2.985114574432373,2.985114574432373,test,scaffold,Small GNN
CC(=O)C(N=Nc1ccc([N+](=O)[O-])cc1)C(=O)Nc1ccc2[nH]c(=O)[nH]c2c1,O=C(CN=Nc1ccccc1)Nc1ccc2[nH]c(=O)[nH]c2c1,-7.525540351867676,-5.967425346374512,1.558115005493164,1.558115005493164,test,scaffold,Small GNN
CC(=O)C(N=Nc1ccccc1C(=O)O)C(=O)Nc1ccc2[nH]c(=O)[nH]c2c1,O=C(CN=Nc1ccccc1)Nc1ccc2[nH]c(=O)[nH]c2c1,-7.330901622772217,-4.982975959777832,2.3479256629943848,2.3479256629943848,test,scaffold,Small GNN
CC(=O)C(N=Nc1ccccc1C(F)(F)F)C(=O)Nc1ccc2[nH]c(=O)[nH]c2c1,O=C(CN=Nc1ccccc1)Nc1ccc2[nH]c(=O)[nH]c2c1,-7.455526828765869,-6.292166709899902,1.1633601188659668,1.1633601188659668,test,scaffold,Small GNN
CC(=O)C1(C)CCC2C3C=C(C)C4=CC(=O)CCC4(C)C3CCC21C,O=C1C=C2C=CC3C4CCCC4CCC3C2CC1,-5.27209997177124,-4.903501510620117,0.36859846115112305,0.36859846115112305,test,scaffold,Small GNN
CC(=O)C1=C(C)C2CC3(C1)C(C)CCC3C2(C)C,C1=CC2CC3CCCC3(C1)C2,-4.613478660583496,-4.911277770996094,-0.29779911041259766,0.29779911041259766,test,scaffold,Small GNN
CC(=O)CC(c1ccc(Cl)cc1)c1c(O)c2ccccc2oc1=O,O=c1oc2ccccc2cc1Cc1ccccc1,-5.839000225067139,-4.5431599617004395,1.2958402633666992,1.2958402633666992,test,scaffold,Small GNN
CC(=O)CC(c1ccccc1)c1c(O)c2ccccc2oc1=O,O=c1oc2ccccc2cc1Cc1ccccc1,-4.78000020980835,-4.041235446929932,0.738764762878418,0.738764762878418,test,scaffold,Small GNN
CC(=O)CC1=NCCS1,C1=NCCS1,-1.156000018119812,-0.33542728424072266,0.8205727338790894,0.8205727338790894,test,scaffold,Small GNN
CC(=O)N(c1onc(C)c1C)S(=O)(=O)c1ccc(N)cc1,O=S(=O)(Nc1ccno1)c1ccccc1,-3.5899999141693115,-3.0308172702789307,0.5591826438903809,0.5591826438903809,test,scaffold,Small GNN
CC(=O)N(c1onc(C)c1C)[S+]([O-])c1ccc(N)cc1,c1ccc([SH+]Nc2ccno2)cc1,-3.5899999141693115,-2.4732906818389893,1.1167092323303223,1.1167092323303223,test,scaffold,Small GNN
CC(=O)N1CCN(C(=O)/C=C/c2ccc(Sc3ccc4[nH]ccc4c3)c(Cl)c2)CC1,O=C(C=Cc1ccc(Sc2ccc3[nH]ccc3c2)cc1)N1CCNCC1,-2.740000009536743,-4.364800930023193,-1.6248009204864502,1.6248009204864502,test,scaffold,Small GNN
CC(=O)Nc1ccc(N/N=C2\C=C(C)C=CC2=O)cc1,O=C1C=CC=CC1=NNc1ccccc1,-5.357999801635742,-5.16372013092041,0.19427967071533203,0.19427967071533203,test,scaffold,Small GNN
CC(=O)Nc1ccc(S(=O)(=O)Nc2ncccn2)cc1,O=S(=O)(Nc1ncccn1)c1ccccc1,-3.5899999141693115,-2.7214255332946777,0.8685743808746338,0.8685743808746338,test,scaffold,Small GNN
CC(=O)Nc1ccncc1NS(=O)(=O)c1ccc([N+](=O)[O-])cc1,O=S(=O)(Nc1cccnc1)c1ccccc1,-3.390000104904175,-3.3137693405151367,0.07623076438903809,0.07623076438903809,test,scaffold,Small GNN
CC(=O)OC1(C(C)=O)CCC2C3C=C(C)C4=CC(=O)CCC4(C)C3CCC21C,O=C1C=C2C=CC3C4CCCC4CCC3C2CC1,-5.349999904632568,-4.488879203796387,0.8611207008361816,0.8611207008361816,test,scaffold,Small GNN
CC(=O)OC1(C)CCC23CC1C(C)(C)[C@@H]2CC[C@H]3C,C1CC2CC3CCCC3(C1)C2,-5.42664098739624,-4.583535671234131,0.8431053161621094,0.8431053161621094,test,scaffold,Small GNN
CC(=O)OC1C(C2COC(C)(C)O2)OC2OC(C)(C)OC21,C1OCC(C2CC3OCOC3O2)O1,-1.5199999809265137,-2.5997495651245117,-1.079749584197998,1.079749584197998,test,scaffold,Small GNN
CC(=O)OC1C2C(CC(C)C3C=CC(=O)C31C)OC(=O)C2C,O=C1CC2CC3C(=O)C=CC3CCC2O1,-2.190000057220459,-2.295755624771118,-0.10575556755065918,0.10575556755065918,test,scaffold,Small GNN
CC(=O)OC1CC2CC1C1CCCC21,C1CC2C3CCC(C3)C2C1,-3.33804988861084,-4.6554741859436035,-1.3174242973327637,1.3174242973327637,test,scaffold,Small GNN
CC(=O)OC1CCC2CCCCC2C1,C1CCC2CCCCC2C1,-3.56050443649292,-3.1779465675354004,0.38255786895751953,0.38255786895751953,test,scaffold,Small GNN
CC(=O)OC1c2ccccc2N(C(N)=O)c2ccccc2C1OC(C)=O,c1ccc2c(c1)CCc1ccccc1N2,-3.549999952316284,-3.8221726417541504,-0.2721726894378662,0.2721726894378662,test,scaffold,Small GNN
CC(=O)OCC1=C(C(=O)O)N2C(=O)C(NC(=O)Cc3cccs3)C2SC1,O=C(Cc1cccs1)NC1C(=O)N2C=CCSC12,-2.940000057220459,-2.80753755569458,0.1324625015258789,0.1324625015258789,test,scaffold,Small GNN
CC(=O)OCC1=C(C(=O)O)N2C(=O)[C@@H](NC(=O)Cc3cccs3)[C@H]2SC1,O=C(Cc1cccs1)NC1C(=O)N2C=CCSC12,-2.940000057220459,-2.80753755569458,0.1324625015258789,0.1324625015258789,test,scaffold,Small GNN
CC(=O)OCCN(CCC#N)c1ccc(N=Nc2nc3ccc([N+](=O)[O-])cc3s2)cc1,c1ccc(N=Nc2nc3ccccc3s2)cc1,-4.340909004211426,-6.069727420806885,-1.728818416595459,1.728818416595459,test,scaffold,Small GNN
CC(=O)OCCN(CCOC(C)=O)c1ccc(N=Nc2sc([N+](=O)[O-])cc2[N+](=O)[O-])cc1,c1ccc(N=Nc2cccs2)cc1,-7.547293663024902,-5.935523986816406,1.611769676208496,1.611769676208496,test,scaffold,Small GNN
CC(=O)OC[C@H]1O[C@@](COC(C)=O)(O[C@H]2O[C@H](COC(C)=O)[C@@H](OC(C)=O)[C@H](OC(C)=O)[C@H]2OC(C)=O)[C@@H](OC(C)=O)[C@@H]1OC(C)=O,C1CCC(OC2CCCO2)OC1,-2.8726000785827637,-2.921494483947754,-0.048894405364990234,0.048894405364990234,test,scaffold,Small GNN
CC(=O)OC[C@H]1O[C@H](O[C@]2(COC(C)=O)O[C@H](COC(=O)C(C)C)[C@@H](OC(=O)C(C)C)[C@@H]2OC(=O)C(C)C)[C@H](OC(=O)C(C)C)[C@@H](OC(=O)C(C)C)[C@@H]1OC(=O)C(C)C,C1CCC(OC2CCCO2)OC1,-6.073534965515137,-4.363214492797852,1.7103204727172852,1.7103204727172852,test,scaffold,Small GNN
CC(=O)OCn1cc2c(=O)n(COC(C)=O)cnc2n1,O=c1[nH]cnc2n[nH]cc12,-1.9900000095367432,-3.0757620334625244,-1.0857620239257812,1.0857620239257812,test,scaffold,Small GNN
CC(=O)O[C@@H]1[C@H]2OC(C)(C)O[C@H]2O[C@@H]1[C@H]1COC(C)(C)O1,C1OCC(C2CC3OCOC3O2)O1,-1.5228999853134155,-2.5997493267059326,-1.076849341392517,1.076849341392517,test,scaffold,Small GNN
CC(=O)O[C@]1(C(C)=O)CC[C@H]2[C@@H]3C=C(C)C4=CC(=O)CC[C@]4(C)[C@H]3CC[C@@]21C,O=C1C=C2C=CC3C4CCCC4CCC3C2CC1,-5.283999919891357,-4.488879203796387,0.7951207160949707,0.7951207160949707,test,scaffold,Small GNN
CC(=O)Oc1c(C)c(C)c2c(c1C)CC[C@@](C)(CCC[C@H](C)CCC[C@H](C)CCCC(C)C)O2,c1ccc2c(c1)CCCO2,-5.77154541015625,-6.230631351470947,-0.45908594131469727,0.45908594131469727,test,scaffold,Small GNN
CC(=O)Oc1ccc(C(C)(C)CC(C)(C)C)cc1C1C(=O)Oc2ccc(C(C)(C)CC(C)(C)C)cc21,O=C1Oc2ccccc2C1c1ccccc1,-6.692582607269287,-6.570680618286133,0.1219019889831543,0.1219019889831543,test,scaffold,Small GNN
CC(=O)Oc1ccc2c(c1)CC(=O)N2,O=C1Cc2ccccc2N1,-1.5399999618530273,-3.207268714904785,-1.6672687530517578,1.6672687530517578,test,scaffold,Small GNN
CC(=O)c1cc(C(C)(C)C)cc2c1CCC2(C)C,c1ccc2c(c1)CCC2,-4.870866298675537,-5.805906295776367,-0.9350399971008301,0.9350399971008301,test,scaffold,Small GNN
CC(=O)c1cc2c(cc1C)C(C)(C)C(C)CC2(C)C,c1ccc2c(c1)CCCC2,-5.315400123596191,-5.041016578674316,0.274383544921875,0.274383544921875,test,scaffold,Small GNN
CC(=O)c1cc2ccccc2o1,c1ccc2occc2c1,-2.5484883785247803,-3.434321880340576,-0.8858335018157959,0.8858335018157959,test,scaffold,Small GNN
CC(=O)c1ccc(S(=O)(=O)NC(=O)NC2CCCCC2)cc1,O=C(NC1CCCCC1)NS(=O)(=O)c1ccccc1,-2.059999942779541,-3.390255928039551,-1.3302559852600098,1.3302559852600098,test,scaffold,Small GNN
CC(C(=O)O)c1ccc2c(c1)[nH]c1ccc(Cl)cc12,c1ccc2c(c1)[nH]c1ccccc12,-4.699999809265137,-4.376755714416504,0.3232440948486328,0.3232440948486328,test,scaffold,Small GNN
CC(C)(C)C(=O)C1C(=O)c2ccccc2C1=O,O=C1CC(=O)c2ccccc21,-4.10699987411499,-3.774827003479004,0.33217287063598633,0.33217287063598633,test,scaffold,Small GNN
CC(C)(C)C(=O)OCn1cc2c(=O)[nH]cnc2n1,O=c1[nH]cnc2n[nH]cc12,-2.1700000762939453,-4.06797456741333,-1.8979744911193848,1.8979744911193848,test,scaffold,Small GNN
CC(C)(C)C(=O)OCn1cc2c(=O)n(COC(=O)C(C)(C)C)cnc2n1,O=c1[nH]cnc2n[nH]cc12,-3.9100000858306885,-4.945348739624023,-1.035348653793335,1.035348653793335,test,scaffold,Small GNN
CC(C)(C)C(O)(CCc1ccc(Cl)cc1)Cn1cncn1,c1ccc(CCCCn2cncn2)cc1,-3.931999921798706,-3.9233803749084473,0.008619546890258789,0.008619546890258789,test,scaffold,Small GNN
CC(C)(C)C(O)/C(=C\c1ccc(Cl)cc1)n1cncn1,C(=Cn1cncn1)c1ccccc1,-4.540299892425537,-4.672218322753906,-0.13191843032836914,0.13191843032836914,test,scaffold,Small GNN
CC(C)(C)C(O)/C(=C\c1ccc(Cl)cc1Cl)n1cncn1,C(=Cn1cncn1)c1ccccc1,-4.911499977111816,-5.128538131713867,-0.21703815460205078,0.21703815460205078,test,scaffold,Small GNN
CC(C)(C)C1CCC(CC2=C(O)C(=O)c3ccccc3C2=O)CC1,O=C1C=C(CC2CCCCC2)C(=O)c2ccccc21,-7.039999961853027,-4.836864471435547,2.2031354904174805,2.2031354904174805,test,scaffold,Small GNN
CC(C)(C)N(CC(=O)c1ccc(O)c(CO)c1)Cc1ccccc1,O=C(CNCc1ccccc1)c1ccccc1,-1.3487765789031982,-3.2670443058013916,-1.9182677268981934,1.9182677268981934,test,scaffold,Small GNN
CC(C)(C)N(NC(=O)c1ccc(Cl)cc1)C(=O)c1ccccc1,O=C(NNC(=O)c1ccccc1)c1ccccc1,-4.440400123596191,-4.683938503265381,-0.24353837966918945,0.24353837966918945,test,scaffold,Small GNN
CC(C)(C)NC(=O)C1N(C(=O)C(O)C(Cc2ccccc2)NC(=O)Cc2ccccc2)CSC1(C)C,O=C(Cc1ccccc1)NC(CC(=O)N1CCSC1)Cc1ccccc1,-3.7200000286102295,-3.5602316856384277,0.15976834297180176,0.15976834297180176,test,scaffold,Small GNN
CC(C)(C)NC(=O)[C@@H]1C[C@@H]2CCCC[C@H]2CN1,C1CCC2CNCCC2C1,-2.161609411239624,-1.3476394414901733,0.8139699697494507,0.8139699697494507,test,scaffold,Small GNN
CC(C)(C)NCC(O)COc1cccc2c1CC(O)C(O)C2,c1ccc2c(c1)CCCC2,-1.0099999904632568,-2.1575422286987305,-1.1475422382354736,1.1475422382354736,test,scaffold,Small GNN
CC(C)(C)NCC(O)COc1cccc2c1C[C@H](O)[C@H](O)C2,c1ccc2c(c1)CCCC2,-1.5699000358581543,-2.1575422286987305,-0.5876421928405762,0.5876421928405762,test,scaffold,Small GNN
CC(C)(C)NCC(O)COc1ccccc1C1CCCC1,c1ccc(C2CCCC2)cc1,-1.840000033378601,-3.594589948654175,-1.7545899152755737,1.7545899152755737,test,scaffold,Small GNN
CC(C)(C)NC[C@@H](O)COc1ccccc1C1CCCC1,c1ccc(C2CCCC2)cc1,-1.6195000410079956,-3.594589948654175,-1.9750899076461792,1.9750899076461792,test,scaffold,Small GNN
CC(C)(C)[C@H](O)/C(=C\c1ccc(Cl)cc1)n1cncn1,C(=Cn1cncn1)c1ccccc1,-4.540299892425537,-4.672218322753906,-0.13191843032836914,0.13191843032836914,test,scaffold,Small GNN
CC(C)(C)c1cc(CCC(=O)OCC(COC(=O)CCc2cc(C(C)(C)C)c(O)c(C(C)(C)C)c2)(COC(=O)CCc2cc(C(C)(C)C)c(O)c(C(C)(C)C)c2)COC(=O)CCc2cc(C(C)(C)C)c(O)c(C(C)(C)C)c2)cc(C(C)(C)C)c1O,O=C(CCc1ccccc1)OCC(COC(=O)CCc1ccccc1)(COC(=O)CCc1ccccc1)COC(=O)CCc1ccccc1,-7.071018218994141,-7.142342567443848,-0.07132434844970703,0.07132434844970703,test,scaffold,Small GNN
CC(C)(C)c1cc(Cn2c(=O)n(Cc3cc(C(C)(C)C)c(O)c(C(C)(C)C)c3)c(=O)n(Cc3cc(C(C)(C)C)c(O)c(C(C)(C)C)c3)c2=O)cc(C(C)(C)C)c1O,O=c1n(Cc2ccccc2)c(=O)n(Cc2ccccc2)c(=O)n1Cc1ccccc1,-7.292308807373047,-6.697327613830566,0.5949811935424805,0.5949811935424805,test,scaffold,Small GNN
CC(C)(C)c1ccc(C(O)CCCN2CCC(C(O)(c3ccccc3)c3ccccc3)CC2)cc1,c1ccc(CCCCN2CCC(C(c3ccccc3)c3ccccc3)CC2)cc1,-6.690000057220459,-4.158390045166016,2.5316100120544434,2.5316100120544434,test,scaffold,Small GNN
CC(C)(C)c1ccc(CCOc2ncnc3ccccc23)cc1,c1ccc(CCOc2ncnc3ccccc23)cc1,-6.143899917602539,-5.274820327758789,0.86907958984375,0.86907958984375,test,scaffold,Small GNN
CC(C)(C)c1ccc(CSc2cnn(C(C)(C)C)c(=O)c2Cl)cc1,O=c1cc(SCc2ccccc2)cn[nH]1,-7.482999801635742,-6.00551700592041,1.477482795715332,1.477482795715332,test,scaffold,Small GNN
CC(C)(C)c1ccc(OCC2CO2)cc1,c1ccc(OCC2CO2)cc1,-3.430238962173462,-4.506662368774414,-1.0764234066009521,1.0764234066009521,test,scaffold,Small GNN
CC(C)(C)c1ccc(S(=O)(=O)Nc2ccc3cc(S(=O)(=O)c4cc5c(c(S(=O)(=O)O)c4N)Oc4c(Cl)c6c(c(Cl)c4=N5)Oc4c(ccc(N)c4S(=O)(=O)O)N=6)ccc3c2)cc1,O=S(=O)(Nc1ccc2cc(S(=O)(=O)c3ccc4c(c3)N=c3cc5c(cc3O4)=Nc3ccccc3O5)ccc2c1)c1ccccc1,-2.1807658672332764,-1.9682399034500122,0.21252596378326416,0.21252596378326416,test,scaffold,Small GNN
CC(C)(C1CCC(O)CC1)C1CCC(O)CC1,C1CCC(CC2CCCCC2)CC1,-3.097609758377075,-2.545714855194092,0.5518949031829834,0.5518949031829834,test,scaffold,Small GNN
CC(C)(c1cc(Br)c(OCC2CO2)c(Br)c1)c1cc(Br)c(OCC2CO2)c(Br)c1,c1cc(OCC2CO2)ccc1Cc1ccc(OCC2CO2)cc1,-7.395301818847656,-6.776798248291016,0.6185035705566406,0.6185035705566406,test,scaffold,Small GNN
CC(C)(c1ccc(OCC2CO2)cc1)c1ccc(OCC2CO2)cc1,c1cc(OCC2CO2)ccc1Cc1ccc(OCC2CO2)cc1,-4.799620151519775,-5.197991371154785,-0.39837121963500977,0.39837121963500977,test,scaffold,Small GNN
CC(C)(c1ccc(Oc2ccc(N)cc2)cc1)c1ccc(Oc2ccc(N)cc2)cc1,c1ccc(Oc2ccc(Cc3ccc(Oc4ccccc4)cc3)cc2)cc1,-7.191727161407471,-5.610786437988281,1.5809407234191895,1.5809407234191895,test,scaffold,Small GNN
CC(C)=CC1C(C(=O)OCN2C(=O)C3=C(CCCC3)C2=O)C1(C)C,O=C(OCN1C(=O)C2=C(CCCC2)C1=O)C1CC1,-5.260000228881836,-6.180097579956055,-0.9200973510742188,0.9200973510742188,test,scaffold,Small GNN
CC(C)=C[C@@H]1[C@@H](C(=O)OCN2C(=O)C3=C(CCCC3)C2=O)C1(C)C,O=C(OCN1C(=O)C2=C(CCCC2)C1=O)C1CC1,-4.857999801635742,-6.180097579956055,-1.3220977783203125,1.3220977783203125,test,scaffold,Small GNN
CC(C)=NNC(=O)NC1c2ccccc2Oc2ccccc21,c1ccc2c(c1)Cc1ccccc1O2,-4.170000076293945,-4.675075531005859,-0.5050754547119141,0.5050754547119141,test,scaffold,Small GNN
CC(C)C(C(=O)O)N1CCCNC1=O,O=C1NCCCN1,-1.1028618812561035,-0.9466882944107056,0.15617358684539795,0.15617358684539795,test,scaffold,Small GNN
CC(C)C(NS(=O)(=O)c1ccc(F)cc1)C(=O)NC1CCOC1O,O=C(CNS(=O)(=O)c1ccccc1)NC1CCOC1,-2.380000114440918,-2.007359027862549,0.37264108657836914,0.37264108657836914,test,scaffold,Small GNN
CC(C)C(Nc1ccc(C(F)(F)F)cc1Cl)C(=O)OC(C#N)c1cccc(Oc2ccccc2)c1,O=C(CNc1ccccc1)OCc1cccc(Oc2ccccc2)c1,-8.0024995803833,-7.0998969078063965,0.9026026725769043,0.9026026725769043,test,scaffold,Small GNN
CC(C)C1(NC(=O)C2CC3c4cccc5[nH]cc(c45)CC3N(C)C2)OC2(O)C3CCCN3C(=O)C(Cc3ccccc3)N2C1=O,O=C(NC1OC2C3CCCN3C(=O)C(Cc3ccccc3)N2C1=O)C1CNC2Cc3c[nH]c4cccc(c34)C2C1,-5.269999980926514,-2.9230964183807373,2.3469035625457764,2.3469035625457764,test,scaffold,Small GNN
CC(C)C1(O)CCN2CC3c4ccccc4CCc4cccc(c43)C2C1,c1ccc2c(c1)CCc1cccc3c1C2CN1CCCCC31,-3.809999942779541,-4.00046443939209,-0.19046449661254883,0.19046449661254883,test,scaffold,Small GNN
CC(C)C1=CC2=CCC3C(C)(C(=O)O)CCCC3(C)C2CC1,C1=CC2=CCC3CCCCC3C2CC1,-3.799999952316284,-4.657658576965332,-0.8576586246490479,0.8576586246490479,test,scaffold,Small GNN
CC(C)C1=CC2=CC[C@@H]3[C@](C)(CCC[C@@]3(C)C(=O)O)[C@H]2CC1,C1=CC2=CCC3CCCCC3C2CC1,-3.7959001064300537,-4.657658100128174,-0.8617579936981201,0.8617579936981201,test,scaffold,Small GNN
CC(C)CC(NC(=O)CC(O)C(CC(C)C)NC(=O)C(Cc1c[nH]cn1)NC(=O)C(Cc1ccccc1)NC(=O)OC(C)(C)C)C(=O)NC(C(=O)O)c1ccccc1,O=C(CCCNC(=O)C(Cc1c[nH]cn1)NC(=O)CCc1ccccc1)NCC(=O)NCc1ccccc1,-3.130000114440918,-3.326953887939453,-0.19695377349853516,0.19695377349853516,test,scaffold,Small GNN
CC(C)CC(NC(=O)CC(O)C(CC(C)C)NC(=O)C(Cc1c[nH]cn1)NC(=O)C(Cc1ccccc1)NC(=O)OC(C)(C)C)C(=O)NC(Cc1cccc(CN)c1)C(=O)O,O=C(CCCNC(=O)C(Cc1c[nH]cn1)NC(=O)CCc1ccccc1)NCC(=O)NCCc1ccccc1,-2.819999933242798,-2.749244451522827,0.0707554817199707,0.0707554817199707,test,scaffold,Small GNN
CC(C)CC(NC(=O)CC(O)C(CC(C)C)NC(=O)C(Cc1c[nH]cn1)NC(=O)C(Cc1ccccc1)NC(=O)OC(C)(C)C)C(=O)NCCC(N)C(=O)O,O=C(CCc1ccccc1)NCCc1c[nH]cn1,-2.2200000286102295,-2.2459921836853027,-0.025992155075073242,0.025992155075073242,test,scaffold,Small GNN
CC(C)CC(NC(=O)CC(O)C(CC(C)C)NC(=O)C(Cc1c[nH]cn1)NC(=O)C(Cc1ccccc1)NC(=O)OC(C)(C)C)C(=O)NCCCN(CCO)CCO,O=C(CCc1ccccc1)NCCc1c[nH]cn1,-2.369999885559082,-2.330909252166748,0.039090633392333984,0.039090633392333984,test,scaffold,Small GNN
CC(C)CC(NC(=O)CC(O)C(CC(C)C)NC(=O)C(Cc1c[nH]cn1)NC(=O)C(Cc1ccccc1)NC(=O)OC(C)(C)C)C(=O)NCc1cccc(CN)c1,O=C(CCCNC(=O)C(Cc1c[nH]cn1)NC(=O)CCc1ccccc1)NCC(=O)NCc1ccccc1,-2.8499999046325684,-3.0538551807403564,-0.20385527610778809,0.20385527610778809,test,scaffold,Small GNN
CC(C)CC(NC(=O)CC(O)C(CC(C)C)NC(=O)C(Cc1c[nH]cn1)NC(=O)C(Cc1ccccc1)NC(=O)OC(C)(C)C)C(=O)NCc1ccccn1,O=C(CCCNC(=O)C(Cc1c[nH]cn1)NC(=O)CCc1ccccc1)NCC(=O)NCc1ccccn1,-3.4200000762939453,-3.249648332595825,0.17035174369812012,0.17035174369812012,test,scaffold,Small GNN
CC(C)CC(NC(=S)Nc1ccccc1)C(=O)NC1CCOC1O,O=C(CNC(=S)Nc1ccccc1)NC1CCOC1,-2.369999885559082,-2.361419677734375,0.008580207824707031,0.008580207824707031,test,scaffold,Small GNN
CC(C)N(C(=O)COc1nnc(C(F)(F)F)s1)c1ccc(F)cc1,O=C(COc1nncs1)Nc1ccccc1,-3.8120999336242676,-4.674118995666504,-0.8620190620422363,0.8620190620422363,test,scaffold,Small GNN
CC(C)N(c1n[n+](C)c(N=Nc2ccc(N(C)C)cc2)s1)C(C)C,c1ccc(N=Nc2[nH+]ncs2)cc1,-1.2596983909606934,-3.9358696937561035,-2.67617130279541,2.67617130279541,test,scaffold,Small GNN
CC(C)N1C(=O)c2ccccc2NS1(=O)=O,O=C1NS(=O)(=O)Nc2ccccc21,-2.6816999912261963,-3.0411744117736816,-0.35947442054748535,0.35947442054748535,test,scaffold,Small GNN
CC(C)OC(=O)C(C(=O)OC(C)C)=C1SCCS1,C=C1SCCS1,-3.730600118637085,-2.9028539657592773,0.8277461528778076,0.8277461528778076,test,scaffold,Small GNN
CC(C)Oc1ccc(C(=O)NS(=O)(=O)c2ccc(N)cc2)cc1,O=C(NS(=O)(=O)c1ccccc1)c1ccccc1,-4.300000190734863,-4.075363636016846,0.22463655471801758,0.22463655471801758,test,scaffold,Small GNN
CC(C)c1cc(OP(=O)(Oc2ccccc2)Oc2ccccc2)cc(-c2ccccc2)c1,O=P(Oc1ccccc1)(Oc1ccccc1)Oc1cccc(-c2ccccc2)c1,-6.848499774932861,-6.255028247833252,0.5934715270996094,0.5934715270996094,test,scaffold,Small GNN
CC(C)c1ccc2c(c1)CC[C@H]1[C@](C)(C(=O)O)CCC[C@]21C,c1ccc2c(c1)CCC1CCCCC21,-4.658199787139893,-4.557229995727539,0.10096979141235352,0.10096979141235352,test,scaffold,Small GNN
CC(C)c1nn(C(=O)NC(C)(C)C)c(=O)n1N,O=c1[nH]cn[nH]1,-1.718847393989563,-2.8339576721191406,-1.1151102781295776,1.1151102781295776,test,scaffold,Small GNN
CC(CN(C)C)CN1c2ccccc2CCc2ccccc21,c1ccc2c(c1)CCc1ccccc1N2,-4.789999961853027,-4.120757102966309,0.6692428588867188,0.6692428588867188,test,scaffold,Small GNN
CC(CN/C=C1/C=CC=CC1=O)N/C=C1/C=CC=CC1=O,O=C1C=CC=CC1=CNCCNC=C1C=CC=CC1=O,-3.1720235347747803,-3.3385651111602783,-0.16654157638549805,0.16654157638549805,test,scaffold,Small GNN
CC(Cc1ccc(C(C)(C)C)cc1)CN1CC(C)OC(C)C1,c1ccc(CCCN2CCOCC2)cc1,-2.482100009918213,-3.5817675590515137,-1.0996675491333008,1.0996675491333008,test,scaffold,Small GNN
CC(Cc1ccc(C(C)(C)C)cc1)CN1C[C@@H](C)O[C@@H](C)C1,c1ccc(CCCN2CCOCC2)cc1,-4.848700046539307,-3.5817675590515137,1.266932487487793,1.266932487487793,test,scaffold,Small GNN
CC(Cc1cccc(CC(C)c2ccc(O)cc2)c1)c1ccc(O)cc1,c1ccc(CCc2cccc(CCc3ccccc3)c2)cc1,-6.238635540008545,-4.490306854248047,1.748328685760498,1.748328685760498,test,scaffold,Small GNN
CC(O)C1C(=O)N2C(C(=O)O)=C(SCC(=N)N(C)C)C(C)C12,O=C1CC2CC=CN12,-0.2800000011920929,-1.7994868755340576,-1.5194868743419647,1.5194868743419647,test,scaffold,Small GNN
CC(Oc1ccc(Oc2cnc3cc(Cl)ccc3n2)cc1)C(=O)OC1CCCO1,O=C(COc1ccc(Oc2cnc3ccccc3n2)cc1)OC1CCCO1,-5.019999980926514,-5.101642608642578,-0.08164262771606445,0.08164262771606445,test,scaffold,Small GNN
CC(c1ccc(O)cc1)(c1ccc(O)cc1)c1ccc(O)cc1,c1ccc(C(c2ccccc2)c2ccccc2)cc1,-4.086559772491455,-3.529012680053711,0.5575470924377441,0.5575470924377441,test,scaffold,Small GNN
CC/C(=C(\c1ccccc1)c1ccc(OCCN(C)C)cc1)c1ccccc1,C(=C(c1ccccc1)c1ccccc1)c1ccccc1,-8.489999771118164,-4.345522880554199,4.144476890563965,4.144476890563965,test,scaffold,Small GNN
CC1(C)C2CCC3(C2)C1C(=O)CCC3(C)C,O=C1CCCC23CCC(CC12)C3,-4.097612380981445,-3.6789252758026123,0.418687105178833,0.418687105178833,test,scaffold,Small GNN
CC1(C)CC/C(=C\c2ccc(Cl)cc2)C1=O,O=C1CCCC1=Cc1ccccc1,-5.671591281890869,-4.771085739135742,0.900505542755127,0.900505542755127,test,scaffold,Small GNN
CC1(C)CC2(CC(C)(C)N1)OC1(CCCCCCCCCCC1)NC2=O,O=C1NC2(CCCCCCCCCCC2)OC12CCNCC2,-5.084664344787598,-3.8401951789855957,1.244469165802002,1.244469165802002,test,scaffold,Small GNN
CC1(C)CCC2OC23C(C)(C)C2CCC13C2,C1CC2OC23CC2CCC3(C1)C2,-4.652928829193115,-5.218745231628418,-0.5658164024353027,0.5658164024353027,test,scaffold,Small GNN
CC1(C)COC(=O)C2CC=CCC2C(=O)OC1,O=C1OCCCOC(=O)C2CC=CCC12,-3.004181146621704,-0.7962894439697266,2.2078917026519775,2.2078917026519775,test,scaffold,Small GNN
CC1(C)CON(Cc2ccccc2Cl)C1=O,O=C1CCON1Cc1ccccc1,-2.3382999897003174,-4.591369152069092,-2.2530691623687744,2.2530691623687744,test,scaffold,Small GNN
CC1(C)Cc2cccc([N+](=O)[O-])c2O1,c1ccc2c(c1)CCO2,-3.2067999839782715,-3.974290609359741,-0.7674906253814697,0.7674906253814697,test,scaffold,Small GNN
CC1(C)NC(=O)N(Cc2ccccc2)C1=O,O=C1CNC(=O)N1Cc1ccccc1,-1.7999999523162842,-3.3337838649749756,-1.5337839126586914,1.5337839126586914,test,scaffold,Small GNN
CC1(C)Nc2cccc3cccc(c23)N1,c1cc2c3c(cccc3c1)NCN2,-2.929898977279663,-4.003087043762207,-1.073188066482544,1.073188066482544,test,scaffold,Small GNN
CC1(C)OC(=O)c2cc3ccccc3cc21,O=C1OCc2cc3ccccc3cc21,-2.9844000339508057,-4.6522674560546875,-1.6678674221038818,1.6678674221038818,test,scaffold,Small GNN
CC1(C)OC(c2ccco2)CN1C(=O)C(Cl)Cl,c1coc(C2CNCO2)c1,-3.1498000621795654,-2.3311879634857178,0.8186120986938477,0.8186120986938477,test,scaffold,Small GNN
CC1(c2ccccc2)C(=O)NC(=O)NC1=O,O=C1NC(=O)C(c2ccccc2)C(=O)N1,-2.4581000804901123,-2.4139840602874756,0.04411602020263672,0.04411602020263672,test,scaffold,Small GNN
CC12CC(O)C3C(CCC4CC(O)CCC43C)C1CCC2=O,O=C1CCC2C1CCC1C3CCCCC3CCC21,-3.5899999141693115,-3.562074661254883,0.02792525291442871,0.02792525291442871,test,scaffold,Small GNN
CC12CC(O)C3C(CCC4C[C@@H](O)CCC43C)C1CCC2=O,O=C1CCC2C1CCC1C3CCCCC3CCC21,-3.5931999683380127,-3.562074661254883,0.031125307083129883,0.031125307083129883,test,scaffold,Small GNN
CC12CCC(=O)C=C1C=CC1C2CCC2(C)C1CCC2(O)CCC(=O)O,O=C1C=C2C=CC3C4CCCC4CCC3C2CC1,-5.170000076293945,-3.7046151161193848,1.4653849601745605,1.4653849601745605,test,scaffold,Small GNN
CC12CCC(=O)C=C1C=CC1C2CCC2(C)C1CCC21CCC(=O)O1,O=C1C=C2C=CC3C(CCC4C3CCC43CCC(=O)O3)C2CC1,-4.100706100463867,-4.530876636505127,-0.43017053604125977,0.43017053604125977,test,scaffold,Small GNN
CC12CCC(=O)C=C1CCC1C2CCC2(C)C(OC(=O)CCc3ccccc3)CCC12,O=C1C=C2CCC3C(CCC4C(OC(=O)CCc5ccccc5)CCC43)C2CC1,-5.269999980926514,-5.415129661560059,-0.14512968063354492,0.14512968063354492,test,scaffold,Small GNN
CC12CCC(=O)C=C1CCC1C2CCC2(C)C(OC(=O)Cc3ccccc3)CCC12,O=C1C=C2CCC3C(CCC4C(OC(=O)Cc5ccccc5)CCC43)C2CC1,-4.659999847412109,-5.374414443969727,-0.7144145965576172,0.7144145965576172,test,scaffold,Small GNN
CC12CCC3C(=CCc4cc(O)ccc43)C1CCC2O,C1=C2C(CCC3CCCC23)c2ccccc2C1,-4.400000095367432,-4.4504218101501465,-0.050421714782714844,0.050421714782714844,test,scaffold,Small GNN
CC12CCC3C(CCC4C(C)(C)CCCC43C)(CO1)O2,C1CCC2C(C1)CCC13COC(CCC21)O3,-5.645384788513184,-5.826805114746094,-0.18142032623291016,0.18142032623291016,test,scaffold,Small GNN
CC12CCC3C(CCC4CC(O)CCC43C)C1CCC2=O,O=C1CCC2C1CCC1C3CCCCC3CCC21,-4.400000095367432,-4.26542854309082,0.13457155227661133,0.13457155227661133,test,scaffold,Small GNN
CC12CCC3C(CCC4CCCCC43C)C1CCC2=O,O=C1CCC2C1CCC1C3CCCCC3CCC21,-6.699999809265137,-5.15541934967041,1.5445804595947266,1.5445804595947266,test,scaffold,Small GNN
CC12CCCC(C)(CC1)C2=NO,N=C1C2CCCC1CC2,-3.0741522312164307,-3.017543077468872,0.056609153747558594,0.056609153747558594,test,scaffold,Small GNN
CC12CCc3c(ccc4cc(O)ccc34)C1CCC2O,c1ccc2c3c(ccc2c1)C1CCCC1CC3,-4.639999866485596,-4.309367656707764,0.33063220977783203,0.33063220977783203,test,scaffold,Small GNN
CC1=C(C(=O)Nc2ccccc2)CCCO1,O=C(Nc1ccccc1)C1=COCCC1,-2.559999942779541,-3.0230419635772705,-0.4630420207977295,0.4630420207977295,test,scaffold,Small GNN
CC1=C(C(=O)Nc2ccccc2)S(=O)(=O)CCO1,O=C(Nc1ccccc1)C1=COCCS1(=O)=O,-2.430000066757202,-2.3405284881591797,0.08947157859802246,0.08947157859802246,test,scaffold,Small GNN
CC1=C(C(=O)O)N2C(=O)C(NC(=O)C(N)C3=CCC=CC3)C2SC1,O=C(CC1=CCC=CC1)NC1C(=O)N2C=CCSC12,-1.2200000286102295,-1.9791221618652344,-0.7591221332550049,0.7591221332550049,test,scaffold,Small GNN
CC1=C(C)S(=O)(=O)CCS1(=O)=O,O=S1(=O)C=CS(=O)(=O)CC1,-1.659999966621399,-2.1038949489593506,-0.44389498233795166,0.44389498233795166,test,scaffold,Small GNN
CC1=C(CC(=O)O)c2cc(F)ccc2/C1=C/c1ccc([S+](C)[O-])cc1,C1=Cc2ccccc2C1=Cc1ccccc1,-4.5,-4.777493476867676,-0.2774934768676758,0.2774934768676758,test,scaffold,Small GNN
CC1=C(CC(=O)O)c2cc(F)ccc2/C1=C\c1ccc([S+](C)[O-])cc1,C1=Cc2ccccc2C1=Cc1ccccc1,-4.552000045776367,-4.777493476867676,-0.2254934310913086,0.2254934310913086,test,scaffold,Small GNN
CC1=C(CCC(=O)O)C(=O)NC1=O,O=C1C=CC(=O)N1,-0.6607999801635742,-1.473487377166748,-0.8126873970031738,0.8126873970031738,test,scaffold,Small GNN
CC1=C(O)C(=O)C(C)O1,O=C1C=COC1,0.39066988229751587,0.33095741271972656,-0.05971246957778931,0.05971246957778931,test,scaffold,Small GNN
CC1=C/C(=N\Nc2ccccc2[N+](=O)[O-])C(=O)C=C1,O=C1C=CC=CC1=NNc1ccccc1,-5.74759578704834,-5.567316055297852,0.18027973175048828,0.18027973175048828,test,scaffold,Small GNN
CC1=CC(=C(c2ccc(N)c(S(=O)(=O)O)c2)c2ccc(N)c(S(=O)(=O)O)c2)C=C(S(=O)(=O)O)C1=N,N=C1C=CC(=C(c2ccccc2)c2ccccc2)C=C1,-1.7675632238388062,-1.2924911975860596,0.4750720262527466,0.4750720262527466,test,scaffold,Small GNN
CC1=CC(=C(c2ccc(N)cc2)c2ccc(N)cc2)C=CC1=N,N=C1C=CC(=C(c2ccccc2)c2ccccc2)C=C1,-2.105483293533325,-3.6420223712921143,-1.536539077758789,1.536539077758789,test,scaffold,Small GNN
CC1=CC(=O)N(Cc2cccc(CN3C(=O)C=C(C)C3=O)c2)C1=O,O=C1C=CC(=O)N1Cc1cccc(CN2C(=O)C=CC2=O)c1,-3.9003350734710693,-4.861410140991211,-0.9610750675201416,0.9610750675201416,test,scaffold,Small GNN
CC1=CC(C)(C)Nc2ccccc21,C1=Cc2ccccc2NC1,-5.2386956214904785,-4.036888122558594,1.2018074989318848,1.2018074989318848,test,scaffold,Small GNN
CC1=CCC(=O)O1,O=C1CC=CO1,-0.2930000126361847,-0.5701563358306885,-0.2771563231945038,0.2771563231945038,test,scaffold,Small GNN
CC1=CCC2C(C1)C2(C)C,C1=CCC2CC2C1,-4.670405387878418,-5.35212516784668,-0.6817197799682617,0.6817197799682617,test,scaffold,Small GNN
CC1=CCCC2(C)C(OC=O)C(C)CCC12C,C1=CC2CCCCC2CC1,-5.031142234802246,-4.397791862487793,0.6333503723144531,0.6333503723144531,test,scaffold,Small GNN
CC1=NN(c2cc(Cl)c(S(=O)(=O)O)cc2Cl)C(=O)C1N=Nc1cccc(S(=O)(=O)NCCc2ccccc2)c1,O=C1C(N=Nc2cccc(S(=O)(=O)NCCc3ccccc3)c2)C=NN1c1ccccc1,-2.429980993270874,-2.7998719215393066,-0.3698909282684326,0.3698909282684326,test,scaffold,Small GNN
CC1=NN(c2cc(S(=O)(=O)O)ccc2Cl)C(=O)C1N=Nc1cc(Cl)ccc1Oc1ccccc1Cl,O=C1C(N=Nc2ccccc2Oc2ccccc2)C=NN1c1ccccc1,-2.3162214756011963,-3.307410955429077,-0.9911894798278809,0.9911894798278809,test,scaffold,Small GNN
CC1=NN(c2ccc(C)cc2)C(=O)C1N=Nc1ccc(-c2ccc(N=NC3C(=O)N(c4ccc(C)cc4)N=C3C)c(Cl)c2)cc1Cl,O=C1C(N=Nc2ccc(-c3ccc(N=NC4C=NN(c5ccccc5)C4=O)cc3)cc2)C=NN1c1ccccc1,-8.269885063171387,-7.4252848625183105,0.8446002006530762,0.8446002006530762,test,scaffold,Small GNN
CC1=NN(c2ccc(S(=O)(=O)O)cc2)C(=O)C1N/N=C1\C=C([N+](=O)[O-])C=C(Cl)C1=O,O=C1C=CC=CC1=NNC1C=NN(c2ccccc2)C1=O,-0.838577151298523,-2.257495880126953,-1.4189187288284302,1.4189187288284302,test,scaffold,Small GNN
CC1=NN(c2ccc(S(=O)(=O)O)cc2)C(=O)C1N=Nc1ccc(C)c(S(=O)(=O)Nc2ccccc2)c1,O=C1C(N=Nc2cccc(S(=O)(=O)Nc3ccccc3)c2)C=NN1c1ccccc1,-0.8725523948669434,-2.509248733520508,-1.6366963386535645,1.6366963386535645,test,scaffold,Small GNN
CC1=NN(c2ccccc2)C(=N)/C1=N/Nc1cc(Cl)c(S(=O)(=O)O)cc1Cl,N=C1C(=NNc2ccccc2)C=NN1c1ccccc1,-1.2370685338974,-2.650209426879883,-1.413140892982483,1.413140892982483,test,scaffold,Small GNN
CC1=NN(c2ccccc2)C(=O)/C1=C/C1C(=O)N(c2ccccc2)N=C1C,O=C1C(=CC2C=NN(c3ccccc3)C2=O)C=NN1c1ccccc1,-7.8822712898254395,-4.816307544708252,3.0659637451171875,3.0659637451171875,test,scaffold,Small GNN
CC1=NN(c2ccccc2)C(=O)C1N=Nc1ccc(-c2ccc(N=NC3C(=O)N(c4ccccc4)N=C3C)cc2S(=O)(=O)O)c(S(=O)(=O)O)c1,O=C1C(N=Nc2ccc(-c3ccc(N=NC4C=NN(c5ccccc5)C4=O)cc3)cc2)C=NN1c1ccccc1,-1.642781138420105,-2.2198023796081543,-0.5770212411880493,0.5770212411880493,test,scaffold,Small GNN
CC1C(C=O)CC2CC1C2(C)C,C1CC2CC(C1)C2,-3.5580403804779053,-1.9717599153518677,1.5862804651260376,1.5862804651260376,test,scaffold,Small GNN
CC1C(c2ccc(Cl)cc2)SC(=O)N1C(=O)NC1CCCCC1,O=C(NC1CCCCC1)N1CC(c2ccccc2)SC1=O,-5.849999904632568,-4.254212379455566,1.595787525177002,1.595787525177002,test,scaffold,Small GNN
CC1C/C=C/C=C/C=C/C=C/C(OC2OC(C)C(O)C(N)C2O)CC2OC(O)(CC(O)CC3OC3/C=C/C(=O)O1)CC(O)C2C(=O)O,O=C1C=CC2OC2CCCC2CCCC(CC(OC3CCCCO3)C=CC=CC=CC=CCCO1)O2,-2.2100000381469727,-0.9193518161773682,1.2906482219696045,1.2906482219696045,test,scaffold,Small GNN
CC1CC(CC2CCC(N)C(C)C2)CCC1N,C1CCC(CC2CCCCC2)CC1,-1.8210383653640747,-1.2397010326385498,0.5813373327255249,0.5813373327255249,test,scaffold,Small GNN
CC1CC(NC(N)=O)NC(=O)N1,O=C1NCCCN1,-1.5314234495162964,-0.9049063920974731,0.6265170574188232,0.6265170574188232,test,scaffold,Small GNN
CC1CC(OC(=O)c2ccccc2O)CC(C)(C)C1,O=C(OC1CCCCC1)c1ccccc1,-5.816819190979004,-4.300993919372559,1.5158252716064453,1.5158252716064453,test,scaffold,Small GNN
CC1CC=CC=CC=CC=CC(OC2OC(C)C(O)C(N)C2O)CC2OC(O)(CC(O)CC3OC3C=CC(=O)O1)CC(O)C2C(=O)O,O=C1C=CC2OC2CCCC2CCCC(CC(OC3CCCCO3)C=CC=CC=CC=CCCO1)O2,-3.2100000381469727,-0.9193518161773682,2.2906482219696045,2.2906482219696045,test,scaffold,Small GNN
CC1CCC2C(C)C(=O)OCC12,O=C1CC2CCCC2CO1,-1.9249000549316406,-2.144782543182373,-0.21988248825073242,0.21988248825073242,test,scaffold,Small GNN
CC1CCCC(C)N1C(=O)COC(=O)c1ccccc1,O=C(OCC(=O)N1CCCCC1)c1ccccc1,-3.259999990463257,-3.257558822631836,0.0024411678314208984,0.0024411678314208984,test,scaffold,Small GNN
CC1CN(S(=O)(=O)NC(=O)NCC2CC3C=CC2C3)CCO1,O=C(NCC1CC2C=CC1C2)NS(=O)(=O)N1CCOCC1,-2.259999990463257,-2.1536707878112793,0.10632920265197754,0.10632920265197754,test,scaffold,Small GNN
CC1COC(=O)O1,O=C1OCCO1,0.3712323009967804,0.5750100612640381,0.2037777602672577,0.2037777602672577,test,scaffold,Small GNN
CC1COC(Cn2cncn2)(c2ccc(Oc3ccc(Cl)cc3)cc2Cl)O1,c1ccc(Oc2ccc(C3(Cn4cncn4)OCCO3)cc2)cc1,-4.909999847412109,-4.808825492858887,0.10117435455322266,0.10117435455322266,test,scaffold,Small GNN
CC1OC(=O)C(C)OC1=O,O=C1COC(=O)CO1,-0.936025857925415,0.41112399101257324,1.3471498489379883,1.3471498489379883,test,scaffold,Small GNN
CC1OC(O[C@@H]2C=C3CC[C@@H]4[C@H](CC[C@]5(C)[C@@H](c6ccc(=O)oc6)CC[C@]45O)[C@@]3(C)CC2)C(O)C(O)C1O,O=c1ccc(C2CCC3C2CCC2C4CCC(OC5CCCCO5)C=C4CCC23)co1,-3.9549999237060547,-4.204877853393555,-0.2498779296875,0.2498779296875,test,scaffold,Small GNN
CC1OC1C1OC1C,C1OC1C1CO1,-0.057500001043081284,-1.257697343826294,-1.2001973427832127,1.2001973427832127,test,scaffold,Small GNN
CC1OCC(c2ccccc2)O1,c1ccc(C2COCO2)cc1,-1.8054505586624146,-1.8941993713378906,-0.08874881267547607,0.08874881267547607,test,scaffold,Small GNN
CC1c2nc3ccccc3c(=O)n2C(C)CN1C,O=c1c2ccccc2nc2n1CCNC2,-2.0899999141693115,-1.9089984893798828,0.1810014247894287,0.1810014247894287,test,scaffold,Small GNN
CC1c2nc3ccccc3c(=O)n2CN1Cc1ccccc1,O=c1c2ccccc2nc2n1CN(Cc1ccccc1)C2,-4.0,-2.9751811027526855,1.0248188972473145,1.0248188972473145,test,scaffold,Small GNN
CCC(=O)OCOC(=O)c1cn(CC)c2nc(C)ccc2c1=O,O=c1cc[nH]c2ncccc12,-2.8299999237060547,-3.698519468307495,-0.8685195446014404,0.8685195446014404,test,scaffold,Small GNN
CCC(C)C1NC(=O)C(Cc2c[nH]c3ccccc23)NC(=O)C2CCCN2C(=O)C(Cc2c[nH]cn2)NC(=O)C2CCCCN2C(=O)C2CCCCN2C1=O,O=C1NCC(=O)N2CCCCC2C(=O)N2CCCCC2C(=O)NC(Cc2c[nH]cn2)C(=O)N2CCCC2C(=O)NC1Cc1c[nH]c2ccccc12,-2.5799999237060547,-2.238858461380005,0.3411414623260498,0.3411414623260498,test,scaffold,Small GNN
CCC(C)C1NC(=O)C(Cc2ccc3ccccc3c2)NC(=O)C2CCCN2C(=O)C(Cc2c[nH]cn2)NC(=O)C2CCCCN2C(=O)C2CCCCN2C1=O,O=C1NCC(=O)N2CCCCC2C(=O)N2CCCCC2C(=O)NC(Cc2c[nH]cn2)C(=O)N2CCCC2C(=O)NC1Cc1ccc2ccccc2c1,-3.9800000190734863,-2.5266759395599365,1.4533240795135498,1.4533240795135498,test,scaffold,Small GNN
CCC(C)C1NC(=O)C(Cc2ccccc2)NC(=O)C2CCCN2C(=O)C(Cc2ccccc2)N(C)C(=O)C(CCCN)NC(=O)C2CCC=NN2C1=O,O=C1CNC(=O)C2CCC=NN2C(=O)CNC(=O)C(Cc2ccccc2)NC(=O)C2CCCN2C(=O)C(Cc2ccccc2)N1,-2.700000047683716,-1.7705297470092773,0.9294703006744385,0.9294703006744385,test,scaffold,Small GNN
CCC(C)C1NC(=O)C(Cc2ccccc2)NC(=O)C2CCCN2C(=O)C(Cc2ccccc2)N(C)C(=O)C2CCC=NN2C(=O)C2CCC=NN2C1=O,O=C1NCC(=O)N2N=CCCC2C(=O)N2N=CCCC2C(=O)NC(Cc2ccccc2)C(=O)N2CCCC2C(=O)NC1Cc1ccccc1,-4.039999961853027,-2.2622947692871094,1.777705192565918,1.777705192565918,test,scaffold,Small GNN
CCC(C)C1NC(=O)C(Cc2ccccc2)NC(=O)C2CCCN2C(=O)C(Cc2ccccc2)N(C)C(=O)C2CCCCN2C(=O)C2CCCCN2C1=O,O=C1NCC(=O)N2CCCCC2C(=O)N2CCCCC2C(=O)NC(Cc2ccccc2)C(=O)N2CCCC2C(=O)NC1Cc1ccccc1,-5.570000171661377,-2.096804618835449,3.4731955528259277,3.4731955528259277,test,scaffold,Small GNN
CCC(C)n1ncn(-c2ccc(N3CCN(c4ccc(O)cc4)CC3)cc2)c1=O,O=c1[nH]ncn1-c1ccc(N2CCN(c3ccccc3)CC2)cc1,-4.828521728515625,-3.35321307182312,1.4753086566925049,1.4753086566925049,test,scaffold,Small GNN
CCC1(C)Nc2cccc3cccc(c23)N1,c1cc2c3c(cccc3c1)NCN2,-3.247760534286499,-3.7877440452575684,-0.5399835109710693,0.5399835109710693,test,scaffold,Small GNN
CCC1(C2=CC3CCC(C2)C3)C(=O)NC(=O)NC1=O,O=C1NC(=O)C(C2=CC3CCC(C2)C3)C(=O)N1,-2.7695999145507812,-2.9529483318328857,-0.1833484172821045,0.1833484172821045,test,scaffold,Small GNN
CCC1(C2=CCCCCC2)C(=O)NC(=O)NC1=O,O=C1NC(=O)C(C2=CCCCCC2)C(=O)N1,-3.0,-3.1910147666931152,-0.19101476669311523,0.19101476669311523,test,scaffold,Small GNN
CCC1(CC)C(=O)N(C)N(c2ccccc2)C1=O,O=C1CC(=O)N(c2ccccc2)N1,-2.690000057220459,-3.4327640533447266,-0.7427639961242676,0.7427639961242676,test,scaffold,Small GNN
CCC1(CC)C(=O)NC(=O)N=C1N,O=C1CC=NC(=O)N1,-1.3967000246047974,-1.9517581462860107,-0.5550581216812134,0.5550581216812134,test,scaffold,Small GNN
CCC1(c2ccccc2)C(=O)NC(=O)N(C)C1=O,O=C1NC(=O)C(c2ccccc2)C(=O)N1,-3.680000066757202,-2.680037260055542,0.9999628067016602,0.9999628067016602,test,scaffold,Small GNN
CCC1(c2ccccc2)C(=O)NC(=O)N(CC(O)CO)C1=O,O=C1NC(=O)C(c2ccccc2)C(=O)N1,-1.7871999740600586,-2.180251359939575,-0.3930513858795166,0.3930513858795166,test,scaffold,Small GNN
CCC1(c2ccccc2)C(=O)NC(=O)N(CO)C1=O,O=C1NC(=O)C(c2ccccc2)C(=O)N1,-1.600000023841858,-2.4909706115722656,-0.8909705877304077,0.8909705877304077,test,scaffold,Small GNN
CCC1(c2ccccc2)C(=O)NC(=O)NC1=O,O=C1NC(=O)C(c2ccccc2)C(=O)N1,-2.2899999618530273,-2.537357807159424,-0.24735784530639648,0.24735784530639648,test,scaffold,Small GNN
CCC1CCCCN1C(=O)COC(=O)c1ccccc1,O=C(OCC(=O)N1CCCCC1)c1ccccc1,-2.7200000286102295,-3.0553412437438965,-0.335341215133667,0.335341215133667,test,scaffold,Small GNN
CCCC(=O)OCOC(=O)c1cn(CC)c2nc(C)ccc2c1=O,O=c1cc[nH]c2ncccc12,-2.950000047683716,-3.9659602642059326,-1.0159602165222168,1.0159602165222168,test,scaffold,Small GNN
CCCC(=O)OCn1cc2c(=O)[nH]cnc2n1,O=c1[nH]cnc2n[nH]cc12,-2.200000047683716,-3.793761730194092,-1.593761682510376,1.593761682510376,test,scaffold,Small GNN
CCCC(=O)OCn1cc2c(=O)n(COC(=O)CCC)cnc2n1,O=c1[nH]cnc2n[nH]cc12,-3.549999952316284,-4.574068069458008,-1.0240681171417236,1.0240681171417236,test,scaffold,Small GNN
CCCCC(=O)N(Cc1ccc(-c2ccccc2-c2nnn[nH]2)cc1)C(C(=O)O)C(C)C,c1ccc(-c2ccccc2-c2nnn[nH]2)cc1,-4.199999809265137,-3.201676368713379,0.9983234405517578,0.9983234405517578,test,scaffold,Small GNN
CCCCC(CC)C1CCON1CCOC(=O)NCCCCCCNC(=O)OCCN1OCCC1C(CC)CCCC,O=C(NCCCCCCNC(=O)OCCN1CCCO1)OCCN1CCCO1,-5.790560722351074,-4.192403793334961,1.5981569290161133,1.5981569290161133,test,scaffold,Small GNN
CCCCC(CC)CNS(=O)(=O)c1ccc(N=Nc2c(C)c(C#N)c(=O)n(CCCC)c2O)cc1,O=c1ccc(N=Nc2ccccc2)c[nH]1,-8.797313690185547,-5.859864711761475,2.9374489784240723,2.9374489784240723,test,scaffold,Small GNN
CCCCC(CC)COC(=O)C(C#N)=C(c1ccccc1)c1ccccc1,C=C(c1ccccc1)c1ccccc1,-6.5580902099609375,-5.720447540283203,0.8376426696777344,0.8376426696777344,test,scaffold,Small GNN
CCCCC1CCC(C2CCC(=O)CC2)CC1,O=C1CCC(C2CCCCC2)CC1,-6.373645782470703,-3.7349295616149902,2.638716220855713,2.638716220855713,test,scaffold,Small GNN
CCCCCC/C=C/C1CC(=O)OC1=O,O=C1CCC(=O)O1,-4.021753311157227,-3.008166551589966,1.0135867595672607,1.0135867595672607,test,scaffold,Small GNN
CCCCCC/C=C/CCCCCCCc1cccc(OCC2CO2)c1,c1ccc(OCC2CO2)cc1,-6.0798516273498535,-6.541799545288086,-0.4619479179382324,0.4619479179382324,test,scaffold,Small GNN
CCCCCC1CCC(c2ccc(CCC)cc2)CC1,c1ccc(C2CCCCC2)cc1,-6.772570610046387,-5.825016021728516,0.9475545883178711,0.9475545883178711,test,scaffold,Small GNN
CCCCCCCC(=O)OC1C(C(O)CO)OC2OC(C)(C)OC21,C1CC2OCOC2O1,-3.1700000762939453,-4.0725321769714355,-0.9025321006774902,0.9025321006774902,test,scaffold,Small GNN
CCCCCCCC1N(CCO)C=CN1CCC(=O)O,C1=CNCN1,0.2127067595720291,-2.162088394165039,-2.374795153737068,2.374795153737068,test,scaffold,Small GNN
CCCCCCCCC/C=C/CC1CC(=O)OC1=O,O=C1CCC(=O)O1,-4.425503253936768,-4.118385314941406,0.30711793899536133,0.30711793899536133,test,scaffold,Small GNN
CCCCCCCCCCCCNc1nc(Cl)nc(Nc2ccc3c(O)c(N=Nc4ccc(N=Nc5ccc(S(=O)(=O)O)cc5)cc4)c(S(=O)(=O)O)cc3c2)n1,c1ccc(N=Nc2ccc(N=Nc3ccc4cc(Nc5ncncn5)ccc4c3)cc2)cc1,-3.3589112758636475,-2.34724497795105,1.0116662979125977,1.0116662979125977,test,scaffold,Small GNN
CCCCCCCCSc1nc(Nc2cc(C(C)(C)C)c(O)c(C(C)(C)C)c2)nc(SCCCCCCCC)n1,c1ccc(Nc2ncncn2)cc1,-7.469064712524414,-7.301506519317627,0.1675581932067871,0.1675581932067871,test,scaffold,Small GNN
CCCCCCCCn1sccc1=O,O=c1ccs[nH]1,-2.6301000118255615,-4.257782936096191,-1.6276829242706299,1.6276829242706299,test,scaffold,Small GNN
CCCCN(CCCC)SN(C)C(=O)Oc1cccc2c1OC(C)(C)C2,c1ccc2c(c1)CCO2,-6.103300094604492,-5.6077680587768555,0.4955320358276367,0.4955320358276367,test,scaffold,Small GNN
CCCCN(CCCC)c1ccc2c(c1)Oc1cc(C)c(Nc3ccccc3)cc1C21OC(=O)c2ccccc21,O=C1OC2(c3ccccc3Oc3ccc(Nc4ccccc4)cc32)c2ccccc21,-7.404250144958496,-7.138051509857178,0.26619863510131836,0.26619863510131836,test,scaffold,Small GNN
CCCCN(CCN(CCCC)C(=O)N1CCOCC1)C(=O)N1CCOCC1,O=C(NCCNC(=O)N1CCOCC1)N1CCOCC1,0.09849999845027924,-2.012549877166748,-2.1110498756170273,2.1110498756170273,test,scaffold,Small GNN
CCCCOC(=O)N(C)SN(C)C(=O)Oc1cccc2c1OC(C)(C)C2,c1ccc2c(c1)CCO2,-4.541200160980225,-4.31693172454834,0.22426843643188477,0.22426843643188477,test,scaffold,Small GNN
CCCCOC(=O)c1ccccc1N/N=C1\C(=O)C(C(=O)Nc2ccc3[nH]c(=O)[nH]c3c2)=Cc2ccccc21,O=C(Nc1ccc2[nH]c(=O)[nH]c2c1)C1=Cc2ccccc2C(=NNc2ccccc2)C1=O,-8.213807106018066,-7.465902805328369,0.7479043006896973,0.7479043006896973,test,scaffold,Small GNN
CCCCSC(=Nc1cccnc1)SCc1ccc(C(C)(C)C)cc1,C(=Nc1cccnc1)SCc1ccccc1,-5.571199893951416,-5.262410640716553,0.3087892532348633,0.3087892532348633,test,scaffold,Small GNN
CCCCc1c(C)[nH]c(N(C)C)nc1=O,O=c1cc[nH]cn1,-2.2416000366210938,-3.069490909576416,-0.8278908729553223,0.8278908729553223,test,scaffold,Small GNN
CCCCc1c(C)[nH]c(NCC)nc1=O,O=c1cc[nH]cn1,-3.0199999809265137,-3.2316575050354004,-0.21165752410888672,0.21165752410888672,test,scaffold,Small GNN
CCCN(CCC)Cc1cccc(C(=O)OCCOCn2cnc3c(=O)[nH]c(N)nc32)c1,O=C(OCCOCn1cnc2c(=O)[nH]cnc21)c1ccccc1,-0.3499999940395355,-3.5997936725616455,-3.24979367852211,3.24979367852211,test,scaffold,Small GNN
CCCN(CCOc1c(Cl)cc(Cl)cc1Cl)C(=O)n1ccnc1,O=C(NCCOc1ccccc1)n1ccnc1,-4.04449987411499,-4.589673042297363,-0.545173168182373,0.545173168182373,test,scaffold,Small GNN
CCCN1CC(C)n2c(nc3ccccc3c2=O)C1C,O=c1c2ccccc2nc2n1CCNC2,-2.240000009536743,-2.36727237701416,-0.127272367477417,0.127272367477417,test,scaffold,Small GNN
CCCN1CCn2c(nc3ccccc3c2=O)C1C,O=c1c2ccccc2nc2n1CCNC2,-2.309999942779541,-2.3416991233825684,-0.031699180603027344,0.031699180603027344,test,scaffold,Small GNN
CCCOC(=O)Cn1cc(I)c(=O)c(I)c1,O=c1cc[nH]cc1,-3.503999948501587,-3.6895086765289307,-0.18550872802734375,0.18550872802734375,test,scaffold,Small GNN
CCCSP(=O)(OCC)Oc1cnn(-c2ccc(Cl)cc2)c1,c1ccc(-n2cccn2)cc1,-4.03879976272583,-5.245528221130371,-1.206728458404541,1.206728458404541,test,scaffold,Small GNN
CCCc1c2c(c(O)c3c(=O)cc(C(=O)O)oc13)CCCC2,O=c1ccoc2cc3c(cc12)CCCC3,-2.680000066757202,-4.231385231018066,-1.5513851642608643,1.5513851642608643,test,scaffold,Small GNN
CCCc1c2c(cc3c(=O)cc(C(=O)O)oc13)CCCC2,O=c1ccoc2cc3c(cc12)CCCC3,-1.899999976158142,-4.587765693664551,-2.6877657175064087,2.6877657175064087,test,scaffold,Small GNN
CCCc1cc(=O)[nH]c(=S)[nH]1,O=c1cc[nH]c(=S)[nH]1,-2.150399923324585,-2.287687301635742,-0.13728737831115723,0.13728737831115723,test,scaffold,Small GNN
CCCc1ncnc2c(O)cccc12,c1ccc2ncncc2c1,-2.920599937438965,-2.587444305419922,0.33315563201904297,0.33315563201904297,test,scaffold,Small GNN
CCCn1c(=O)c2[nH]c(C34CC5CC(CC3C5)C4)nc2n(CCC)c1=O,O=c1[nH]c(=O)c2[nH]c(C34CC5CC(CC3C5)C4)nc2[nH]1,-5.849999904632568,-4.065385818481445,1.784614086151123,1.784614086151123,test,scaffold,Small GNN
CCCn1c(=O)c2[nH]c(C3CCC(=O)C3)nc2n(CCC)c1=O,O=C1CCC(c2nc3[nH]c(=O)[nH]c(=O)c3[nH]2)C1,-3.1600000858306885,-3.00412654876709,0.15587353706359863,0.15587353706359863,test,scaffold,Small GNN
CCCn1c(=O)c2[nH]c(C3CCCC3)nc2n(CCC)c1=O,O=c1[nH]c(=O)c2[nH]c(C3CCCC3)nc2[nH]1,-4.960000038146973,-4.054423809051514,0.905576229095459,0.905576229095459,test,scaffold,Small GNN
CCN(CC)C(=O)COC(=O)c1cn(CC)c2nc(C)ccc2c1=O,O=c1cc[nH]c2ncccc12,-1.4299999475479126,-3.3255012035369873,-1.8955012559890747,1.8955012559890747,test,scaffold,Small GNN
CCN(CC)C(=O)Cn1cc(Br)c(=O)c(Br)c1,O=c1cc[nH]cc1,-2.309999942779541,-2.7765121459960938,-0.46651220321655273,0.46651220321655273,test,scaffold,Small GNN
CCN(CC)C(=O)Cn1cc(I)c(=O)c(I)c1,O=c1cc[nH]cc1,-3.180000066757202,-3.068009853363037,0.11199021339416504,0.11199021339416504,test,scaffold,Small GNN
CCN(CC)C(=O)n1cnc(S(=O)(=O)c2c(C)cc(C)cc2C)n1,O=S(=O)(c1ccccc1)c1nc[nH]n1,-5.146699905395508,-3.9811148643493652,1.1655850410461426,1.1655850410461426,test,scaffold,Small GNN
CCN(CC)CCCNc1nc(Nc2ccc(N=Nc3c(S(=O)(=O)O)cc4cc(S(=O)(=O)O)cc(Nc5nc(NCC(C)N)nc(NCC(C)N)n5)c4c3O)cc2)nc(Nc2ccc(N=Nc3c(S(=O)(=O)O)cc4cc(S(=O)(=O)O)cc(Nc5nc(NCC(C)N)nc(NCC(C)N)n5)c4c3O)cc2)n1,c1cc(Nc2ncncn2)c2cc(N=Nc3ccc(Nc4ncnc(Nc5ccc(N=Nc6ccc7cccc(Nc8ncncn8)c7c6)cc5)n4)cc3)ccc2c1,-0.7942190170288086,-1.6202889680862427,-0.8260699510574341,0.8260699510574341,test,scaffold,Small GNN
CCN(CC)c1ccc([C+](c2ccc(N(CC)CC)cc2)c2ccc(N(CC)CC)cc2)cc1,c1ccc([C+](c2ccccc2)c2ccccc2)cc1,-0.13956089317798615,-5.317718982696533,-5.178158089518547,5.178158089518547,test,scaffold,Small GNN
CCN(CC)c1ccc([C+](c2ccc(N(CC)CC)cc2)c2ccc(S(=O)(=O)O)cc2S(=O)(=O)[O-])cc1,c1ccc([C+](c2ccccc2)c2ccccc2)cc1,-0.40668925642967224,-1.2506303787231445,-0.8439411222934723,0.8439411222934723,test,scaffold,Small GNN
CCN(CCC(=O)OC)c1ccc(N=Nc2snc3ccc([N+](=O)[O-])cc23)cc1,c1ccc(N=Nc2snc3ccccc23)cc1,-7.315402507781982,-6.128777027130127,1.1866254806518555,1.1866254806518555,test,scaffold,Small GNN
CCN(c1cccc(S(=O)(=O)CCOS(=O)(=O)O)c1)c1nc(Cl)nc(Nc2ccc3c(c2)C=C(S(=O)(=O)O)/C(=N/Nc2ccc(OC)cc2S(=O)(=O)O)C3=O)n1,O=C1C(=NNc2ccccc2)C=Cc2cc(Nc3ncnc(Nc4ccccc4)n3)ccc21,-1.1616711616516113,-0.940363883972168,0.22130727767944336,0.22130727767944336,test,scaffold,Small GNN
CCN(c1ccccc1)c1nc(Cl)nc(Nc2cc(S(=O)(=O)O)cc3cc(S(=O)(=O)O)c(N=Nc4ccc5c(S(=O)(=O)O)cccc5c4S(=O)(=O)O)c(O)c23)n1,c1ccc(Nc2ncnc(Nc3cccc4ccc(N=Nc5ccc6ccccc6c5)cc34)n2)cc1,-0.5025263428688049,-0.8870114088058472,-0.38448506593704224,0.38448506593704224,test,scaffold,Small GNN
CCN1C(=O)c2cccnc2N(CC)c2ncccc21,O=C1Nc2cccnc2Nc2ncccc21,-2.859999895095825,-3.8674654960632324,-1.0074656009674072,1.0074656009674072,test,scaffold,Small GNN
CCN1C=CC(=CC=Cc2cc[n+](CC)c3ccccc23)c2ccccc21,C(=Cc1cc[nH+]c2ccccc12)C=C1C=CNc2ccccc21,-2.6816000938415527,-3.4496946334838867,-0.768094539642334,0.768094539642334,test,scaffold,Small GNN
CCN1CC(C)n2c(nc3ccccc3c2=O)C1C,O=c1c2ccccc2nc2n1CCNC2,-2.4600000381469727,-2.218123435974121,0.24187660217285156,0.24187660217285156,test,scaffold,Small GNN
CCN1CCCC1CNC(=O)c1cc(S(N)(=O)=O)ccc1OC,O=C(NCC1CCCN1)c1ccccc1,-2.880000114440918,-1.7946279048919678,1.0853722095489502,1.0853722095489502,test,scaffold,Small GNN
CCN1CCn2c(nc3ccccc3c2=O)C1C,O=c1c2ccccc2nc2n1CCNC2,-2.5,-2.2058839797973633,0.2941160202026367,0.2941160202026367,test,scaffold,Small GNN
CCN1c2ccccc2N(C)C(=S)c2cccnc21,S=C1Nc2ccccc2Nc2ncccc21,-4.705999851226807,-4.970119953155518,-0.26412010192871094,0.26412010192871094,test,scaffold,Small GNN
CCN1c2nc(N(C)CCO)ccc2NC(=O)c2cccnc21,O=C1Nc2cccnc2Nc2ncccc21,-3.359999895095825,-3.31280517578125,0.047194719314575195,0.047194719314575195,test,scaffold,Small GNN
CCN1c2ncccc2C(=O)N(C)c2ccc(Cl)nc21,O=C1Nc2cccnc2Nc2ncccc21,-4.113999843597412,-4.408032417297363,-0.29403257369995117,0.29403257369995117,test,scaffold,Small GNN
CCN1c2ncccc2C(=O)N(C)c2cccnc21,O=C1Nc2cccnc2Nc2ncccc21,-2.619999885559082,-3.756711483001709,-1.136711597442627,1.136711597442627,test,scaffold,Small GNN
CCN1c2ncccc2C(=O)Nc2c(C(F)(F)F)cc(C)nc21,O=C1Nc2cccnc2Nc2ncccc21,-4.206999778747559,-4.560659885406494,-0.35366010665893555,0.35366010665893555,test,scaffold,Small GNN
CCN1c2ncccc2C(=O)Nc2c(C)cc(C)nc21,O=C1Nc2cccnc2Nc2ncccc21,-4.553999900817871,-3.966031312942505,0.5879685878753662,0.5879685878753662,test,scaffold,Small GNN
CCN=C1C=CC(=C(c2ccc(NCC)c(C)c2)c2ccc(NCC)c(C)c2)C=C1C,N=C1C=CC(=C(c2ccccc2)c2ccccc2)C=C1,-1.0232212543487549,-5.417672157287598,-4.394450902938843,4.394450902938843,test,scaffold,Small GNN
CCOC(=O)C(C#N)=C(c1ccccc1)c1ccccc1,C=C(c1ccccc1)c1ccccc1,-7.744015693664551,-4.203434944152832,3.5405807495117188,3.5405807495117188,test,scaffold,Small GNN
CCOC(=O)C(C)Oc1ccc(Oc2nc3ccc(Cl)cc3s2)cc1,c1ccc(Oc2nc3ccccc3s2)cc1,-5.670000076293945,-5.769688129425049,-0.09968805313110352,0.09968805313110352,test,scaffold,Small GNN
CCOC(=O)C(C)Oc1cccc(Oc2nc3ccc(Cl)cc3s2)c1,c1ccc(Oc2nc3ccccc3s2)cc1,-5.673999786376953,-5.755866050720215,-0.08186626434326172,0.08186626434326172,test,scaffold,Small GNN
CCOC(=O)C(CC(=O)O)=C(c1ccccc1)c1ccccc1,C=C(c1ccccc1)c1ccccc1,-2.1907999515533447,-3.053591728210449,-0.8627917766571045,0.8627917766571045,test,scaffold,Small GNN
CCOC(=O)C(Cl)Cc1cc(-n2nc(C)n(C(F)F)c2=O)c(F)cc1Cl,O=c1[nH]cnn1-c1ccccc1,-4.27269983291626,-4.73653507232666,-0.4638352394104004,0.4638352394104004,test,scaffold,Small GNN
CCOC(=O)C(c1c(O)c2ccccc2oc1=O)c1c(O)c2ccccc2oc1=O,O=c1oc2ccccc2cc1Cc1cc2ccccc2oc1=O,-3.6600000858306885,-4.276217460632324,-0.6162173748016357,0.6162173748016357,test,scaffold,Small GNN
CCOC(=O)C1=C(C)NC(C)=C(C(=O)OC)C1c1cccc(Cl)c1Cl,C1=CC(c2ccccc2)C=CN1,-5.679999828338623,-4.8314337730407715,0.8485660552978516,0.8485660552978516,test,scaffold,Small GNN
CCOC(=O)C1=CC2(CC)CCCN3CCc4c(n1c1ccccc41)C32,C1=Cn2c3c(c4ccccc42)CCN2CCCC1C32,-4.840000152587891,-4.9314351081848145,-0.09143495559692383,0.09143495559692383,test,scaffold,Small GNN
CCOC(=O)C1=NN(c2ccc(Cl)cc2Cl)C(C)(C(=O)OCC)C1,C1=NN(c2ccccc2)CC1,-4.270999908447266,-3.751903533935547,0.5190963745117188,0.5190963745117188,test,scaffold,Small GNN
CCOC(=O)C1=NN(c2ccccc2)C(=O)C1N=Nc1ccc(-c2ccc(N=NC3C(=O)N(c4ccccc4)N=C3C(=O)OCC)c(Cl)c2)cc1Cl,O=C1C(N=Nc2ccc(-c3ccc(N=NC4C=NN(c5ccccc5)C4=O)cc3)cc2)C=NN1c1ccccc1,-8.526559829711914,-7.226899147033691,1.2996606826782227,1.2996606826782227,test,scaffold,Small GNN
CCOC(=O)C1CCn2c(C(=O)c3ccccc3)ccc21,O=C(c1ccccc1)c1ccc2n1CCC2,-4.199999809265137,-4.483177185058594,-0.28317737579345703,0.28317737579345703,test,scaffold,Small GNN
CCOC(=O)C1OC1(C)c1ccccc1,c1ccc(C2CO2)cc1,-2.3143749237060547,-4.0525102615356445,-1.7381353378295898,1.7381353378295898,test,scaffold,Small GNN
CCOC(=O)C1OC1c1ccccc1,c1ccc(C2CO2)cc1,-2.409651279449463,-3.4230098724365234,-1.0133585929870605,1.0133585929870605,test,scaffold,Small GNN
CCOC(=O)CC(NC1CCC(CC2CCC(NC(CC(=O)OCC)C(=O)OCC)C(C)C2)CC1C)C(=O)OCC,C1CCC(CC2CCCCC2)CC1,-5.066534042358398,-2.1514949798583984,2.9150390625,2.9150390625,test,scaffold,Small GNN
CCOC(=O)CC(NC1CCC(CC2CCC(NC(CC(=O)OCC)C(=O)OCC)CC2)CC1)C(=O)OCC,C1CCC(CC2CCCCC2)CC1,-3.744077682495117,-1.993865966796875,1.7502117156982422,1.7502117156982422,test,scaffold,Small GNN
CCOC(=O)CCN(SN(C)C(=O)Oc1cccc2c1OC(C)(C)C2)C(C)C,c1ccc2c(c1)CCO2,-4.710299968719482,-4.395281791687012,0.3150181770324707,0.3150181770324707,test,scaffold,Small GNN
CCOC(=O)Cc1[nH]nc2ccc(Cl)cc12,c1ccc2n[nH]cc2c1,-3.025599956512451,-2.4162702560424805,0.6093297004699707,0.6093297004699707,test,scaffold,Small GNN
CCOC(=O)c1c[nH]c(=S)[nH]c1=O,O=c1cc[nH]c(=S)[nH]1,-2.0985000133514404,-2.5152065753936768,-0.41670656204223633,0.41670656204223633,test,scaffold,Small GNN
CCOC(=O)c1ccc(N=CN(C)c2ccccc2)cc1,C(=Nc1ccccc1)Nc1ccccc1,-5.450777053833008,-4.002720832824707,1.4480562210083008,1.4480562210083008,test,scaffold,Small GNN
CCOC(=O)c1ccc2sc3ccccc3c(=O)c2c1,O=c1c2ccccc2sc2ccccc12,-6.7566022872924805,-5.041363716125488,1.7152385711669922,1.7152385711669922,test,scaffold,Small GNN
CCOC(=O)c1nc(C(Cl)(Cl)Cl)n(-c2ccc(Cl)cc2Cl)n1,c1ccc(-n2cncn2)cc1,-5.651599884033203,-5.847314834594727,-0.19571495056152344,0.19571495056152344,test,scaffold,Small GNN
CCOC(=O)c1nn(-c2ccc(OC)cc2)c2c1CCN(c1ccc(N3CCCCC3=O)cc1)C2=O,O=C1CCCCN1c1ccc(N2CCc3cnn(-c4ccccc4)c3C2=O)cc1,-4.6282057762146,-5.140466690063477,-0.512260913848877,0.512260913848877,test,scaffold,Small GNN
CCOC1Oc2ccc(OS(C)(=O)=O)cc2C1(C)C,c1ccc2c(c1)CCO2,-3.4200000762939453,-3.432762622833252,-0.01276254653930664,0.01276254653930664,test,scaffold,Small GNN
CCOP(=O)(Cc1ccc(-c2nc3ccccc3s2)cc1)N1CCCC1=O,O=C1CCCN1[PH](=O)Cc1ccc(-c2nc3ccccc3s2)cc1,-3.7300000190734863,-4.004340171813965,-0.2743401527404785,0.2743401527404785,test,scaffold,Small GNN
CCOP(=O)(Sc1ccccc1)Sc1ccccc1,O=[PH](Sc1ccccc1)Sc1ccccc1,-3.3304998874664307,-4.161035060882568,-0.8305351734161377,0.8305351734161377,test,scaffold,Small GNN
CCOP(=S)(OCC)Oc1cnc2ccccc2n1,c1ccc2nccnc2c1,-4.132199764251709,-4.149420738220215,-0.01722097396850586,0.01722097396850586,test,scaffold,Small GNN
CCOP(=S)(OCC)Oc1ncn(-c2ccccc2)n1,c1ccc(-n2cncn2)cc1,-3.904900074005127,-4.848766326904297,-0.9438662528991699,0.9438662528991699,test,scaffold,Small GNN
CCOc1ccc(C(=O)OCCNC(C)c2ccccc2)cc1,O=C(OCCNCc1ccccc1)c1ccccc1,-1.4900000095367432,-3.4495255947113037,-1.9595255851745605,1.9595255851745605,test,scaffold,Small GNN
CCOc1ccc(C2(C(=O)OC(C#N)c3cccc(Oc4ccccc4)c3)CC2(Cl)Cl)cc1,O=C(OCc1cccc(Oc2ccccc2)c1)C1(c2ccccc2)CC1,-6.724299907684326,-6.30649471282959,0.41780519485473633,0.41780519485473633,test,scaffold,Small GNN
CCOc1ccc(NS(=O)(=O)c2ccc(N)cc2)nn1,O=S(=O)(Nc1cccnn1)c1ccccc1,-2.427000045776367,-2.863145589828491,-0.436145544052124,0.436145544052124,test,scaffold,Small GNN
CCOc1ccc([Si](C)(C)CCCc2ccc(F)c(Oc3ccccc3)c2)cc1,c1ccc(Oc2cccc(CCC[SiH2]c3ccccc3)c2)cc1,-8.611300468444824,-6.49607515335083,2.115225315093994,2.115225315093994,test,scaffold,Small GNN
CCOc1ccc2c(c1)C(C)=CC(C)(C)N2,C1=Cc2ccccc2NC1,-3.3327622413635254,-4.565888404846191,-1.233126163482666,1.233126163482666,test,scaffold,Small GNN
CCOc1nc2cccc(C(=O)O)c2n1Cc1ccc(-c2ccccc2-c2nn[nH]n2)cc1,c1ccc(-c2nn[nH]n2)c(-c2ccc(Cn3cnc4ccccc43)cc2)c1,-6.497781276702881,-3.6462554931640625,2.8515257835388184,2.8515257835388184,test,scaffold,Small GNN
CCOc1no[n+]([O-])c1S(=O)(=O)c1ccccc1,O=S(=O)(c1ccccc1)c1cno[nH+]1,-4.239999771118164,-2.6928939819335938,1.5471057891845703,1.5471057891845703,test,scaffold,Small GNN
CCS(=O)(=O)Oc1ccc2c(c1)C(C)(C)CO2,c1ccc2c(c1)CCO2,-2.9921000003814697,-3.5753207206726074,-0.5832207202911377,0.5832207202911377,test,scaffold,Small GNN
CCS(=O)(=O)c1nc2ccccn2c1S(=O)(=O)NC(=O)Nc1nc(OC)cc(OC)n1,O=C(Nc1ncccn1)NS(=O)(=O)c1cnc2ccccn12,-4.419099807739258,-3.6449780464172363,0.7741217613220215,0.7741217613220215,test,scaffold,Small GNN
CC[C@@]12CCCN3CC[C@]4(c5cccc(OC)c5N(C(C)=O)[C@@H]4CC1)[C@H]32,c1ccc2c(c1)NC1CCC3CCCN4CCC21C34,-1.3269000053405762,-3.825782299041748,-2.498882293701172,2.498882293701172,test,scaffold,Small GNN
CC[N+](CC)(CC(=O)Nc1c(C)cccc1C)Cc1ccccc1,O=C(C[NH2+]Cc1ccccc1)Nc1ccccc1,-1.020958662033081,-1.2847917079925537,-0.26383304595947266,0.26383304595947266,test,scaffold,Small GNN
CC[n+]1c(-c2ccccc2)c2cc(N)ccc2c2ccc(N)cc21,c1ccc(-c2[nH+]c3ccccc3c3ccccc23)cc1,-1.294800043106079,-2.5599098205566406,-1.2651097774505615,1.2651097774505615,test,scaffold,Small GNN
CCc1c(C(=O)O)c(=O)cnn1-c1ccc(Cl)cc1,O=c1ccn(-c2ccccc2)nc1,0.4000000059604645,-3.2298927307128906,-3.629892736673355,3.629892736673355,test,scaffold,Small GNN
CCc1ccc(C(=O)NN(C(=O)c2cc(C)cc(C)c2)C(C)(C)C)cc1,O=C(NNC(=O)c1ccccc1)c1ccccc1,-5.6280999183654785,-5.56118106842041,0.06691884994506836,0.06691884994506836,test,scaffold,Small GNN
CCc1cccc2c3c([nH]c12)C(CC)(CC(=O)O)OCC3,c1ccc2c3c([nH]c2c1)COCC3,-3.309999942779541,-3.4787817001342773,-0.16878175735473633,0.16878175735473633,test,scaffold,Small GNN
CCn1c(O)c(N=Nc2ccc(Cl)cc2[N+](=O)[O-])c(C)c(C#N)c1=O,O=c1ccc(N=Nc2ccccc2)c[nH]1,-6.690000057220459,-5.6406049728393555,1.0493950843811035,1.0493950843811035,test,scaffold,Small GNN
CCn1c(O)c(N=Nc2ccc(S(=O)(=O)c3ccc(N=Nc4c(C)c(CS(=O)(=O)O)c(=O)n(CC)c4O)cc3)cc2)c(C)c(CS(=O)(=O)O)c1=O,O=c1ccc(N=Nc2ccc(S(=O)(=O)c3ccc(N=Nc4ccc(=O)[nH]c4)cc3)cc2)c[nH]1,-2.102187395095825,-1.9663076400756836,0.1358797550201416,0.1358797550201416,test,scaffold,Small GNN
CCn1c2ccccc2c2ccccc21,c1ccc2c(c1)[nH]c1ccccc12,-6.813503265380859,-4.351202964782715,2.4623003005981445,2.4623003005981445,test,scaffold,Small GNN
CCn1cc(C(=O)O)c(=O)c2cc3c(cc21)OCO3,O=c1cc[nH]c2cc3c(cc12)OCO3,-4.380000114440918,-3.5644257068634033,0.8155744075775146,0.8155744075775146,test,scaffold,Small GNN
CCn1cc(C(=O)O)c(=O)c2ccc(C)nc21,O=c1cc[nH]c2ncccc12,-3.609999895095825,-2.7731189727783203,0.8368809223175049,0.8368809223175049,test,scaffold,Small GNN
CCn1cc(C(=O)OC)c(=O)c2ccc(C)nc21,O=c1cc[nH]c2ncccc12,-2.700000047683716,-3.4271011352539062,-0.7271010875701904,0.7271010875701904,test,scaffold,Small GNN
CCn1cc(C(=O)OCOC(=O)C(C)C)c(=O)c2ccc(C)nc21,O=c1cc[nH]c2ncccc12,-3.0199999809265137,-3.733499526977539,-0.7134995460510254,0.7134995460510254,test,scaffold,Small GNN
CCn1cc(C(=O)OCOC(C)=O)c(=O)c2ccc(C)nc21,O=c1cc[nH]c2ncccc12,-2.490000009536743,-3.4479002952575684,-0.9579002857208252,0.9579002857208252,test,scaffold,Small GNN
CCn1nc2cc(-c3cc4c5c(n(CC)nc5c3)-c3ccccc3C4=O)cc3c2c1-c1ccccc1C3=O,O=C1c2ccccc2-c2[nH]nc3cc(-c4cc5c6c([nH]nc6c4)-c4ccccc4C5=O)cc1c23,-4.393183708190918,-7.530786514282227,-3.1376028060913086,3.1376028060913086,test,scaffold,Small GNN
CN(C(=O)COC(=O)c1ccccc1)C1CCCCC1,O=C(COC(=O)c1ccccc1)NC1CCCCC1,-3.2899999618530273,-2.9424638748168945,0.3475360870361328,0.3475360870361328,test,scaffold,Small GNN
CN(C(=S)SSC(=S)N(C)c1ccccc1)c1ccccc1,S=C(Nc1ccccc1)SSC(=S)Nc1ccccc1,-6.260769844055176,-5.395805358886719,0.864964485168457,0.864964485168457,test,scaffold,Small GNN
CN(C)C(=O)COC(=O)C1CCn2c(C(=O)c3ccccc3)ccc21,O=C(c1ccccc1)c1ccc2n1CCC2,-3.0299999713897705,-3.631103754043579,-0.6011037826538086,0.6011037826538086,test,scaffold,Small GNN
CN(C)C(=O)NC1CC2CC1C1CCCC21,C1CC2C3CCC(C3)C2C1,-3.009999990463257,-3.1290550231933594,-0.11905503273010254,0.11905503273010254,test,scaffold,Small GNN
CN(C)C(=O)NC1CCCCCCC1,C1CCCCCCC1,-2.259999990463257,-1.6068918704986572,0.6531081199645996,0.6531081199645996,test,scaffold,Small GNN
CN(C)CC/C=C1/c2ccccc2Sc2ccc(Cl)cc21,C=C1c2ccccc2Sc2ccccc21,-5.869999885559082,-5.154259204864502,0.7157406806945801,0.7157406806945801,test,scaffold,Small GNN
CN(C)CC/C=C1\c2ccccc2COc2ccccc21,C=C1c2ccccc2COc2ccccc21,-3.946899890899658,-3.6416611671447754,0.3052387237548828,0.3052387237548828,test,scaffold,Small GNN
CN(C)CCC=C1c2ccccc2COc2ccccc21,C=C1c2ccccc2COc2ccccc21,-3.4000000953674316,-3.6416611671447754,-0.24166107177734375,0.24166107177734375,test,scaffold,Small GNN
CN(C)CCCN1c2ccccc2CCc2ccccc21,c1ccc2c(c1)CCc1ccccc1N2,-4.186999797821045,-4.214101791381836,-0.027101993560791016,0.027101993560791016,test,scaffold,Small GNN
CN(C)CCCOC1(Cc2ccccc2)CCCCCC1,c1ccc(CC2CCCCCC2)cc1,-1.6200000047683716,-3.4679627418518066,-1.847962737083435,1.847962737083435,test,scaffold,Small GNN
CN(C)CCN(Cc1cccs1)c1ccccn1,c1ccc(NCc2cccs2)nc1,-2.6382999420166016,-2.9072866439819336,-0.26898670196533203,0.26898670196533203,test,scaffold,Small GNN
CN(C)Cc1ccc(C(=O)OCCOCn2cnc3c(=O)[nH]c(N)nc32)cc1,O=C(OCCOCn1cnc2c(=O)[nH]cnc21)c1ccccc1,-2.4700000286102295,-2.9452154636383057,-0.47521543502807617,0.47521543502807617,test,scaffold,Small GNN
CN(C)[C@@H]1C(O)=C(C(N)=O)C(=O)[C@@]2(O)C(=O)C3=C(O)c4c(O)cccc4[C@@](C)(O)[C@H]3[C@H](O)[C@@H]12,O=C1C=CCC2CC3Cc4ccccc4C=C3C(=O)C12,-3.0899999141693115,-2.36848521232605,0.7215147018432617,0.7215147018432617,test,scaffold,Small GNN
CN(C)c1ccc(C(c2ccc(N(C)C)cc2)c2ccc(N(C)C)cc2)cc1,c1ccc(C(c2ccccc2)c2ccccc2)cc1,-5.458398342132568,-5.1292724609375,0.32912588119506836,0.32912588119506836,test,scaffold,Small GNN
CN(C)c1ccc([C+](c2ccc(N(C)C)cc2)c2ccc(N(C)C)cc2)cc1,c1ccc([C+](c2ccccc2)c2ccccc2)cc1,-2.0085885524749756,-4.620717525482178,-2.612128973007202,2.612128973007202,test,scaffold,Small GNN
CN(O)C(=O)C1CCCCCC1,C1CCCCCC1,-1.4500000476837158,-1.404712438583374,0.0452876091003418,0.0452876091003418,test,scaffold,Small GNN
CN(c1ccc2c(c1)C=C(S(=O)(=O)O)/C(=N/Nc1ccccc1S(=O)(=O)O)C2=O)c1nc(Cl)nc(Nc2cccc(S(=O)(=O)O)c2)n1,O=C1C(=NNc2ccccc2)C=Cc2cc(Nc3ncnc(Nc4ccccc4)n3)ccc21,-0.7520300149917603,-0.7124049663543701,0.03962504863739014,0.03962504863739014,test,scaffold,Small GNN
CN(c1ccccc1)S(=O)(=O)C1=CC(=O)C2=C(NNc3ccc(NC(=O)CCl)cc3S(=O)(=O)O)C(=N)C=CC2=C1,N=C1C=CC2=CC(S(=O)(=O)Nc3ccccc3)=CC(=O)C2=C1NNc1ccccc1,-4.358857154846191,-2.778684616088867,1.5801725387573242,1.5801725387573242,test,scaffold,Small GNN
CN1/C(=C(/O)Nc2ccccn2)C(=O)c2ccccc2S1(=O)=O,O=C1C(=CNc2ccccn2)NS(=O)(=O)c2ccccc21,-4.158599853515625,-3.4068799018859863,0.7517199516296387,0.7517199516296387,test,scaffold,Small GNN
CN1C(=O)C(Cc2ccc(O)cc2)N(CC(=O)O)C1=O,O=C1NC(=O)C(Cc2ccccc2)N1,-0.05000000074505806,-2.0219571590423584,-1.9719571582973003,1.9719571582973003,test,scaffold,Small GNN
CN1C(=O)c2ccc3c4ccc5c6c(ccc(c7ccc(c2c37)C1=O)c64)C(=O)N(C)C5=O,O=C1NC(=O)c2ccc3c4ccc5c6c(ccc(c7ccc1c2c73)c64)C(=O)NC5=O,-7.718510150909424,-6.382327079772949,1.3361830711364746,1.3361830711364746,test,scaffold,Small GNN
CN1C(=O)c2cccnc2Oc2ccccc21,O=C1Nc2ccccc2Oc2ncccc21,-3.671999931335449,-4.0465312004089355,-0.37453126907348633,0.37453126907348633,test,scaffold,Small GNN
CN1C(C(=O)Nc2ccccn2)=C(O)c2ccccc2S1(=O)=O,O=C(Nc1ccccn1)C1=Cc2ccccc2S(=O)(=O)N1,-4.5,-3.2076010704040527,1.2923989295959473,1.2923989295959473,test,scaffold,Small GNN
CN1C(C)(C)CC(OC(=O)CC(C(=O)OC2CC(C)(C)N(C)C(C)(C)C2)C(CC(=O)OC2CC(C)(C)N(C)C(C)(C)C2)C(=O)OC2CC(C)(C)N(C)C(C)(C)C2)CC1(C)C,O=C(CC(C(=O)OC1CCNCC1)C(CC(=O)OC1CCNCC1)C(=O)OC1CCNCC1)OC1CCNCC1,-4.672731876373291,-3.332306146621704,1.340425729751587,1.340425729751587,test,scaffold,Small GNN
CN1C2CC(OC(=O)C(CO)c3ccccc3)CC1C1OC12,O=C(Cc1ccccc1)OC1CC2NC(C1)C1OC21,-1.2400000095367432,-1.4573643207550049,-0.21736431121826172,0.21736431121826172,test,scaffold,Small GNN
CN1C2CCC1C(C(=O)O)C(O)C2,C1CC2CCC(C1)N2,-0.019999999552965164,-0.11224842071533203,-0.09224842116236687,0.09224842116236687,test,scaffold,Small GNN
CN1C2CCC1CC(OC(=O)c1ccccc1)C2,O=C(OC1CC2CCC(C1)N2)c1ccccc1,-2.36899995803833,-1.5147894620895386,0.8542104959487915,0.8542104959487915,test,scaffold,Small GNN
CN1C2CCC1[C@@H](C(=O)O)[C@@H](O)C2,C1CC2CCC(C1)N2,-0.01730000041425228,-0.11224842071533203,-0.09494842030107975,0.09494842030107975,test,scaffold,Small GNN
CN1C2CCCC1CC(=O)C2,O=C1CC2CCCC(C1)N2,0.41670000553131104,0.23372459411621094,-0.1829754114151001,0.1829754114151001,test,scaffold,Small GNN
CN1C=CC=C/C1=C\N=O,C=C1C=CC=CN1,-0.7404999732971191,-2.3865318298339844,-1.6460318565368652,1.6460318565368652,test,scaffold,Small GNN
CN1CC(O)C2=CC(=NNC(N)=O)C(=O)C=C21,N=C1C=C2CCNC2=CC1=O,-2.7200000286102295,-2.8395183086395264,-0.11951828002929688,0.11951828002929688,test,scaffold,Small GNN
CN1CCC(c2c(O)cc(O)c3c(=O)cc(-c4ccccc4Cl)oc23)C(O)C1,O=c1cc(-c2ccccc2)oc2c(C3CCNCC3)cccc12,-4.260000228881836,-3.198624610900879,1.061375617980957,1.061375617980957,test,scaffold,Small GNN
CN1CCC23CCCCC2C1Cc1ccc(O)cc13,c1ccc2c(c1)CC1NCCC23CCCCC13,-2.7200000286102295,-2.320164680480957,0.39983534812927246,0.39983534812927246,test,scaffold,Small GNN
CN1CCCN(C)C1=O,O=C1NCCCN1,0.8921966552734375,0.7516942024230957,-0.1405024528503418,0.1405024528503418,test,scaffold,Small GNN
CN1CCN(C(c2ccccc2)c2ccccc2)CC1,c1ccc(C(c2ccccc2)N2CCNCC2)cc1,-2.42549991607666,-2.1713650226593018,0.2541348934173584,0.2541348934173584,test,scaffold,Small GNN
CN1CCN(Cc2ccc(Cl)nc2)C1=NC#N,N=C1NCCN1Cc1cccnc1,-2.130000114440918,-2.527099370956421,-0.39709925651550293,0.39709925651550293,test,scaffold,Small GNN
CN1COCN=C1N[N+](=O)[O-],C1=NCOCN1,-1.002292275428772,-1.140397310256958,-0.13810503482818604,0.13810503482818604,test,scaffold,Small GNN
CN1CSC(=S)N(C)C1,S=C1NCNCS1,-1.7331000566482544,-0.5918543338775635,1.141245722770691,1.141245722770691,test,scaffold,Small GNN
CN1[C@@H]2CC(OC(=O)[C@H](CO)c3ccccc3)C[C@H]1C1OC12,O=C(Cc1ccccc1)OC1CC2NC(C1)C1OC21,-0.5040000081062317,-1.4573643207550049,-0.9533643126487732,0.9533643126487732,test,scaffold,Small GNN
CNC(=O)/C(C#N)=c1\[nH]c(=C2C(=O)NC(=O)NC2=O)c2ccccc12,C=c1[nH]c(=C2C(=O)NC(=O)NC2=O)c2ccccc12,-7.52800989151001,-4.102472305297852,3.425537586212158,3.425537586212158,test,scaffold,Small GNN
CNC(=O)Oc1cccc2c1OC(C)(C)C2,c1ccc2c(c1)CCO2,-2.4200000762939453,-3.107297420501709,-0.6872973442077637,0.6872973442077637,test,scaffold,Small GNN
CNC(=O)c1cccc(NCC(=O)NCCc2ccc(OC)c(OC)c2)c1,O=C(CNc1ccccc1)NCCc1ccccc1,-1.850000023841858,-3.378207206726074,-1.5282071828842163,1.5282071828842163,test,scaffold,Small GNN
CNC1(c2ccccc2Cl)CCCCC1=O,O=C1CCCCC1c1ccccc1,-0.13699999451637268,-2.407501459121704,-2.2705014646053314,2.2705014646053314,test,scaffold,Small GNN
CNC1=C(c2cccc(C(F)(F)F)c2)C(=O)C(c2ccccc2)O1,O=C1C(c2ccccc2)=COC1c1ccccc1,-3.978800058364868,-5.723979949951172,-1.7451798915863037,1.7451798915863037,test,scaffold,Small GNN
CNCCCN1c2ccccc2CCc2ccccc21,c1ccc2c(c1)CCc1ccccc1N2,-3.6576170921325684,-4.186223030090332,-0.5286059379577637,0.5286059379577637,test,scaffold,Small GNN
CNS(=O)(=O)c1cc(OC)c(N/N=C2\C(=O)C(C(=O)Nc3ccc4[nH]c(=O)[nH]c4c3)=Cc3ccccc32)cc1C,O=C(Nc1ccc2[nH]c(=O)[nH]c2c1)C1=Cc2ccccc2C(=NNc2ccccc2)C1=O,-8.217167854309082,-6.220554828643799,1.9966130256652832,1.9966130256652832,test,scaffold,Small GNN
CNS(=O)(=O)c1cc(OC)c(N/N=C2\C(=O)C(C(=O)Nc3ccc4[nH]c(=O)[nH]c4c3)=Cc3ccccc32)cc1OC,O=C(Nc1ccc2[nH]c(=O)[nH]c2c1)C1=Cc2ccccc2C(=NNc2ccccc2)C1=O,-7.891636371612549,-6.113379001617432,1.7782573699951172,1.7782573699951172,test,scaffold,Small GNN
CNc1cc(NS(C)(=O)=O)ccc1Nc1c2ccccc2nc2ccccc12,c1ccc(Nc2c3ccccc3nc3ccccc23)cc1,-2.940000057220459,-4.049428939819336,-1.109428882598877,1.109428882598877,test,scaffold,Small GNN
CNc1ccc(/C=C/c2ccc(Nc3nc(Nc4ccc(S(=O)(=O)O)cc4)nc(N4CCOCC4)n3)cc2S(=O)(=O)O)c(S(=O)(=O)O)c1,C(=Cc1ccc(Nc2nc(Nc3ccccc3)nc(N3CCOCC3)n2)cc1)c1ccccc1,-0.4843358099460602,-0.8881275653839111,-0.40379175543785095,0.40379175543785095,test,scaffold,Small GNN
COC(=O)/C(=C/c1ccccc1)S(=O)(=O)c1ccc([N+](=O)[O-])cc1,O=S(=O)(C=Cc1ccccc1)c1ccccc1,-4.570000171661377,-4.112706184387207,0.4572939872741699,0.4572939872741699,test,scaffold,Small GNN
COC(=O)C(C)N(C(=O)Cc1ccccc1)c1c(C)cccc1C,O=C(Cc1ccccc1)Nc1ccccc1,-3.944200038909912,-3.5817954540252686,0.36240458488464355,0.36240458488464355,test,scaffold,Small GNN
COC(=O)C1=C(C)NC(C)=C(C(=O)OC)C1c1ccccc1[N+](=O)[O-],C1=CC(c2ccccc2)C=CN1,-4.760000228881836,-3.6924209594726562,1.0675792694091797,1.0675792694091797,test,scaffold,Small GNN
COC(=O)C1=CO[C@@H](O[C@@H]2O[C@H](CO)[C@@H](O)[C@H](O)[C@H]2O)[C@H]2[C@@H]1C(=O)C[C@@H]2C,O=C1CCC2C(OC3CCCCO3)OC=CC12,-0.26499998569488525,-1.7313286066055298,-1.4663286209106445,1.4663286209106445,test,scaffold,Small GNN
COC(=O)C1C(OC(=O)c2ccccc2)CC2CCC1N2C,O=C(OC1CC2CCC(C1)N2)c1ccccc1,-2.2300000190734863,-1.339951753616333,0.8900482654571533,0.8900482654571533,test,scaffold,Small GNN
COC(=O)C1CC(=O)C(C(=O)OC)CC1=O,O=C1CCC(=O)CC1,-4.154195785522461,-0.20684218406677246,3.9473536014556885,3.9473536014556885,test,scaffold,Small GNN
COC(=O)[C@@H]1C2CCC(C[C@@H]1OC(=O)c1ccccc1)N2C,O=C(OC1CC2CCC(C1)N2)c1ccccc1,-2.2267000675201416,-1.339951992034912,0.8867480754852295,0.8867480754852295,test,scaffold,Small GNN
COC(=O)c1cc(N=NC(C(C)=O)C(=O)Nc2ccc3[nH]c(=O)[nH]c3c2)cc(C(=O)OC)c1,O=C(CN=Nc1ccccc1)Nc1ccc2[nH]c(=O)[nH]c2c1,-6.3777384757995605,-6.100749969482422,0.27698850631713867,0.27698850631713867,test,scaffold,Small GNN
COC(=O)c1ccc(C(=O)Nc2cc(Cl)ccc2Cl)cc1N/N=C1\C(=O)C(C(=O)Nc2ccccc2OC)=Cc2ccccc21,O=C(Nc1ccccc1)C1=Cc2ccccc2C(=NNc2cccc(C(=O)Nc3ccccc3)c2)C1=O,-8.175068855285645,-8.137886047363281,0.03718280792236328,0.03718280792236328,test,scaffold,Small GNN
COC(=O)c1ccc(C(=O)OC)c(N=NC(C(C)=O)C(=O)Nc2ccc3[nH]c(=O)[nH]c3c2)c1,O=C(CN=Nc1ccccc1)Nc1ccc2[nH]c(=O)[nH]c2c1,-6.3140692710876465,-6.016250133514404,0.2978191375732422,0.2978191375732422,test,scaffold,Small GNN
COC(=O)c1sccc1S(=O)(=O)NC(=O)Nc1nc(C)nc(OC)n1,O=C(Nc1ncncn1)NS(=O)(=O)c1ccsc1,-2.2379000186920166,-3.5146501064300537,-1.276750087738037,1.276750087738037,test,scaffold,Small GNN
COC(=O)c1sccc1S(=O)(=O)NC(=O)Nc1nc(OC)nc(OC)n1,O=C(Nc1ncncn1)NS(=O)(=O)c1ccsc1,-3.190000057220459,-3.721677303314209,-0.53167724609375,0.53167724609375,test,scaffold,Small GNN
COC1=C(C(=O)O)N2C(=O)C(NC(=O)C(N)C3=CCC=CC3)C2SC1,O=C(CC1=CCC=CC1)NC1C(=O)N2C=CCSC12,-1.8899999856948853,-1.9756581783294678,-0.08565819263458252,0.08565819263458252,test,scaffold,Small GNN
COC1=C(OC)C2C(=O)OCC2C=C1,O=C1OCC2C=CC=CC12,-1.8990000486373901,-1.5576860904693604,0.3413139581680298,0.3413139581680298,test,scaffold,Small GNN
COC1=CC2OC3C=CC(O)=CC3C(=O)C2C(O)=C1,O=C1C2C=CC=CC2OC2C=CC=CC12,-2.943000078201294,-1.5386900901794434,1.4043099880218506,1.4043099880218506,test,scaffold,Small GNN
COC1CCC=CO1,C1=COCCC1,-0.8533331155776978,-0.4364018440246582,0.41693127155303955,0.41693127155303955,test,scaffold,Small GNN
COCCCn1c(=O)c2c(N)c3c(=O)c4ccccc4c(=O)c3c(N)c2c1=O,O=c1[nH]c(=O)c2cc3c(=O)c4ccccc4c(=O)c3cc12,-7.323792934417725,-3.753124237060547,3.5706686973571777,3.5706686973571777,test,scaffold,Small GNN
COCCOCCCn1c(=O)c2c(N)c3c(=O)c4ccccc4c(=O)c3c(N)c2c1=O,O=c1[nH]c(=O)c2cc3c(=O)c4ccccc4c(=O)c3cc12,-8.26504898071289,-3.535093307495117,4.729955673217773,4.729955673217773,test,scaffold,Small GNN
CON(C(=O)c1cc(C)oc1C)C1CCCCC1,O=C(NC1CCCCC1)c1ccoc1,-2.9200000762939453,-3.1312124729156494,-0.2112123966217041,0.2112123966217041,test,scaffold,Small GNN
CO[C@]1(C)CCC23C[C@@H]1C(C)(C)[C@@H]2CC[C@H]3C,C1CC2CC3CCCC3(C1)C2,-4.740177154541016,-4.832039833068848,-0.09186267852783203,0.09186267852783203,test,scaffold,Small GNN
COc1c(C(=O)O)oc2ccccc12,c1ccc2occc2c1,-2.885699987411499,-2.8065428733825684,0.07915711402893066,0.07915711402893066,test,scaffold,Small GNN
COc1cc(C2c3cc4c(cc3C(OC3OC5COC(C)OC5C(O)C3O)C3COC(=O)C23)OCO4)cc(OC)c1O,O=C1OCC2C(OC3CCC4OCOCC4O3)c3cc4c(cc3C(c3ccccc3)C12)OCO4,-3.4700000286102295,-3.8969922065734863,-0.42699217796325684,0.42699217796325684,test,scaffold,Small GNN
COc1cc(N=Nc2ccc(S(=O)(=O)O)cc2)c(C)cc1N/N=C1/C(=O)c2ccc(Nc3ccccc3)cc2C=C1S(=O)(=O)O,O=C1C(=NNc2ccc(N=Nc3ccccc3)cc2)C=Cc2cc(Nc3ccccc3)ccc21,-2.0454015731811523,-2.03294038772583,0.012461185455322266,0.012461185455322266,test,scaffold,Small GNN
COc1cc(NC(=O)C2=Cc3ccccc3/C(=N/Nc3cc(C(=O)Nc4ccccc4)ccc3OC)C2=O)c(OC)cc1Cl,O=C(Nc1ccccc1)C1=Cc2ccccc2C(=NNc2cccc(C(=O)Nc3ccccc3)c2)C1=O,-7.846560478210449,-7.97913122177124,-0.13257074356079102,0.13257074356079102,test,scaffold,Small GNN
COc1cc(NS(=O)(=O)c2ccc(C)cc2)c2c(c1N)C(=O)c1ccccc1C2=O,O=C1c2ccccc2C(=O)c2c(NS(=O)(=O)c3ccccc3)cccc21,-5.112570285797119,-5.967730522155762,-0.8551602363586426,0.8551602363586426,test,scaffold,Small GNN
COc1cc(NS(=O)(=O)c2ccc(N)cc2)nc(C)n1,O=S(=O)(Nc1ccncn1)c1ccccc1,-2.5429999828338623,-3.0936098098754883,-0.550609827041626,0.550609827041626,test,scaffold,Small GNN
COc1cc(NS(=O)(=O)c2ccc(N)cc2)nc(OC)n1,O=S(=O)(Nc1ccncn1)c1ccccc1,-2.9565000534057617,-3.4072370529174805,-0.45073699951171875,0.45073699951171875,test,scaffold,Small GNN
COc1cc(NS(=O)(=O)c2ccccc2)c2c(c1N)C(=O)c1ccccc1C2=O,O=C1c2ccccc2C(=O)c2c(NS(=O)(=O)c3ccccc3)cccc21,-2.3558504581451416,-5.784981727600098,-3.429131269454956,3.429131269454956,test,scaffold,Small GNN
COc1cc(OC)c(NC(=O)C2=Cc3ccccc3/C(=N\Nc3cc(C(=O)Nc4ccc(C(N)=O)cc4)ccc3OC)C2=O)cc1Cl,O=C(Nc1ccccc1)C1=Cc2ccccc2C(=NNc2cccc(C(=O)Nc3ccccc3)c2)C1=O,-7.86624002456665,-7.302765846252441,0.563474178314209,0.563474178314209,test,scaffold,Small GNN
COc1cc(OC)c2c(c1Cl)O[C@]1(C2=O)C(OC)CC(=O)C[C@H]1C,O=C1CCC2(CC1)Oc1ccccc1C2=O,-4.611000061035156,-3.2690415382385254,1.3419585227966309,1.3419585227966309,test,scaffold,Small GNN
COc1cc(OC)nc(NC(=O)NS(=O)(=O)c2c(Cl)nc3ccccn23)n1,O=C(Nc1ncccn1)NS(=O)(=O)c1cnc2ccccn12,-4.788599967956543,-4.461816787719727,0.3267831802368164,0.3267831802368164,test,scaffold,Small GNN
COc1cc([C@@H]2c3cc4c(c(O)c3C[C@H]3COC(=O)[C@@H]32)OCO4)cc(OC)c1O,O=C1OCC2Cc3cc4c(cc3C(c3ccccc3)C12)OCO4,-4.125400066375732,-3.3922502994537354,0.7331497669219971,0.7331497669219971,test,scaffold,Small GNN
COc1cc([C@@H]2c3cc4c(c(O)c3C[C@H]3COC(=O)[C@@H]32)OCO4)cc(OC)c1OC,O=C1OCC2Cc3cc4c(cc3C(c3ccccc3)C12)OCO4,-4.503499984741211,-3.5169003009796143,0.9865996837615967,0.9865996837615967,test,scaffold,Small GNN
COc1cc([C@@H]2c3cc4c(cc3[C@H](O)[C@H]3COC(=O)[C@@H]23)OCO4)cc(OC)c1OC,O=C1OCC2Cc3cc4c(cc3C(c3ccccc3)C12)OCO4,-3.6173999309539795,-3.679157257080078,-0.06175732612609863,0.06175732612609863,test,scaffold,Small GNN
COc1cc2c(c(OC)c1OC)-c1ccc(OC)c(=O)cc1C(NC(C)=O)CC2,O=c1cccc2c(c1)CCCc1ccccc1-2,-0.9399999976158142,-3.668684959411621,-2.728684961795807,2.728684961795807,test,scaffold,Small GNN
COc1cc2c(c(OC)c1OC)-c1ccc(OC)c(=O)cc1[C@@H](NC(C)=O)CC2,O=c1cccc2c(c1)CCCc1ccccc1-2,-0.948199987411499,-3.668684959411621,-2.720484972000122,2.720484972000122,test,scaffold,Small GNN
COc1cc2c(c3c1c(=O)c1cccnc1n3C)C=CC(C)(C)O2,O=c1c2cccnc2[nH]c2c3c(ccc12)OCC=C3,-3.9600000381469727,-4.832955360412598,-0.872955322265625,0.872955322265625,test,scaffold,Small GNN
COc1cc2nccnc2c(N)c1OC,c1ccc2nccnc2c1,-1.7101999521255493,-2.3314876556396484,-0.6212877035140991,0.6212877035140991,test,scaffold,Small GNN
COc1ccc(-c2cc(=O)c3c(O)cc(O)cc3o2)cc1O,O=c1cc(-c2ccccc2)oc2ccccc12,-6.198752403259277,-3.4005017280578613,2.798250675201416,2.798250675201416,test,scaffold,Small GNN
COc1ccc(/C=C2/N=C(c3ccc(C4=N/C(=C/c5ccc(OC)cc5)C(=O)O4)cc3)OC2=O)cc1,O=C1OC(c2ccc(C3=NC(=Cc4ccccc4)C(=O)O3)cc2)=NC1=Cc1ccccc1,-6.9835710525512695,-6.305148124694824,0.6784229278564453,0.6784229278564453,test,scaffold,Small GNN
COc1ccc(C(=O)CC(=O)c2ccc(C(C)(C)C)cc2)cc1,O=C(CC(=O)c1ccccc1)c1ccccc1,-7.060548305511475,-5.420968055725098,1.639580249786377,1.639580249786377,test,scaffold,Small GNN
COc1ccc(C(=O)Cc2c(CCN(C)C)cc3c(c2OC)OCO3)c(C(=O)O)c1OC,O=C(Cc1ccc2c(c1)OCO2)c1ccccc1,-2.5350000858306885,-3.3070545196533203,-0.7720544338226318,0.7720544338226318,test,scaffold,Small GNN
COc1ccc(C(=O)Nc2ccccc2)cc1N/N=C1\C(=O)C(C(=O)Nc2cc(Cl)ccc2C)=Cc2ccccc21,O=C(Nc1ccccc1)C1=Cc2ccccc2C(=NNc2cccc(C(=O)Nc3ccccc3)c2)C1=O,-7.752070903778076,-8.232847213745117,-0.480776309967041,0.480776309967041,test,scaffold,Small GNN
COc1ccc(C(=O)Nc2ccccc2)cc1N/N=C1\C(=O)C(C(=O)Nc2cc(Cl)ccc2OC)=Cc2ccccc21,O=C(Nc1ccccc1)C1=Cc2ccccc2C(=NNc2cccc(C(=O)Nc3ccccc3)c2)C1=O,-8.18441390991211,-8.088109970092773,0.09630393981933594,0.09630393981933594,test,scaffold,Small GNN
COc1ccc(C(O)(c2cncnc2)C2CC2)cc1,c1ccc(C(c2cncnc2)C2CC2)cc1,-2.595900058746338,-3.447269916534424,-0.8513698577880859,0.8513698577880859,test,scaffold,Small GNN
COc1ccc(CC2NC(=O)N(C(C)C(=O)O)C2=O)cc1,O=C1NC(=O)C(Cc2ccccc2)N1,-0.8600000143051147,-2.5767571926116943,-1.7167571783065796,1.7167571783065796,test,scaffold,Small GNN
COc1ccc(CC2NC(=O)N(C)C2=O)cc1,O=C1NC(=O)C(Cc2ccccc2)N1,-0.8899999856948853,-3.248999834060669,-2.3589998483657837,2.3589998483657837,test,scaffold,Small GNN
COc1ccc(CCC(=O)c2c(O)cc(O[C@@H]3O[C@H](CO)[C@@H](O)[C@H](O)[C@H]3O[C@@H]3O[C@@H](C)[C@H](O)[C@@H](O)[C@H]3O)cc2O)cc1O,O=C(CCc1ccccc1)c1ccc(OC2OCCCC2OC2CCCCO2)cc1,-3.185103416442871,-3.046478271484375,0.1386251449584961,0.1386251449584961,test,scaffold,Small GNN
COc1ccc(CCNC(=O)CNc2cccc(C(N)=O)c2)cc1OC,O=C(CNc1ccccc1)NCCc1ccccc1,-2.690000057220459,-3.1897048950195312,-0.49970483779907227,0.49970483779907227,test,scaffold,Small GNN
COc1ccc(Cc2nccc3cc(OC)c(OC)cc23)cc1OC,c1ccc(Cc2nccc3ccccc23)cc1,-3.869999885559082,-4.8785295486450195,-1.0085296630859375,1.0085296630859375,test,scaffold,Small GNN
COc1ccc(N2CCN(c3ccc(-n4cn[nH]c4=O)cc3)CC2)cc1,O=c1[nH]ncn1-c1ccc(N2CCN(c3ccccc3)CC2)cc1,-6.4889092445373535,-3.009568929672241,3.4793403148651123,3.4793403148651123,test,scaffold,Small GNN
COc1ccc(N2CCN(c3ccc([N+](=O)[O-])cc3)CC2)cc1,c1ccc(N2CCN(c3ccccc3)CC2)cc1,-6.929013252258301,-3.7943594455718994,3.1346538066864014,3.1346538066864014,test,scaffold,Small GNN
COc1ccc(N=NC(C(C)=O)C(=O)Nc2ccccc2OC)c([N+](=O)[O-])c1,O=C(CN=Nc1ccccc1)Nc1ccccc1,-8.308242797851562,-6.1763224601745605,2.131920337677002,2.131920337677002,test,scaffold,Small GNN
COc1ccc(N=Nc2ccc(N=Nc3cccc(S(=O)(=O)O)c3)cc2OC)cc1,c1ccc(N=Nc2ccc(N=Nc3ccccc3)cc2)cc1,-0.8354591727256775,-2.4227094650268555,-1.587250292301178,1.587250292301178,test,scaffold,Small GNN
COc1ccc(NC(=O)C2=Cc3ccccc3/C(=N/Nc3cc(C(=O)Nc4cccc(S(=O)(=O)O)c4)ccc3C)C2=O)cc1,O=C(Nc1ccccc1)C1=Cc2ccccc2C(=NNc2cccc(C(=O)Nc3ccccc3)c2)C1=O,-7.050930976867676,-4.456170082092285,2.5947608947753906,2.5947608947753906,test,scaffold,Small GNN
COc1ccc(NS(=O)(=O)c2ccc(N)cc2)nn1,O=S(=O)(Nc1cccnn1)c1ccccc1,-2.680000066757202,-2.6964337825775146,-0.0164337158203125,0.0164337158203125,test,scaffold,Small GNN
COc1ccc(S(=O)(=O)CCOS(=O)(=O)O)cc1N/N=C1/C(=O)c2c(cc(S(=O)(=O)O)c(N=Nc3ccc(S(=O)(=O)CCOS(=O)(=O)O)cc3)c2N)C=C1S(=O)(=O)O,O=C1C(=NNc2ccccc2)C=Cc2ccc(N=Nc3ccccc3)cc21,-0.4161044955253601,-0.580437421798706,-0.16433292627334595,0.16433292627334595,test,scaffold,Small GNN
COc1ccc([C@@H]2CC(=O)c3c(O)cc(O[C@@H]4O[C@H](CO)[C@@H](O)[C@H](O)[C@H]4O[C@@H]4O[C@@H](C)[C@H](O)[C@@H](O)[C@H]4O)cc3O2)cc1O,O=C1CC(c2ccccc2)Oc2cc(OC3OCCCC3OC3CCCCO3)ccc21,-5.185848712921143,-2.9750351905822754,2.210813522338867,2.210813522338867,test,scaffold,Small GNN
COc1ccc2c(c1)C13CCCCC1C(C2)N(C)CC3,c1ccc2c(c1)CC1NCCC23CCCCC13,-3.4800000190734863,-2.691270589828491,0.7887294292449951,0.7887294292449951,test,scaffold,Small GNN
COc1ccc2c(c1)CCCC2,c1ccc2c(c1)CCCC2,-2.7477385997772217,-4.977404594421387,-2.229665994644165,2.229665994644165,test,scaffold,Small GNN
COc1ccc2c(c1)[nH]c1c(C)nccc12,c1ccc2c(c1)[nH]c1cnccc12,-4.480000019073486,-3.3612568378448486,1.1187431812286377,1.1187431812286377,test,scaffold,Small GNN
COc1ccc2c(c1O)C13CCN(C)C(C2)C1C=CC(=O)C3,O=C1C=CC2C3Cc4ccccc4C2(CCN3)C1,-1.8700000047683716,-2.302158832550049,-0.43215882778167725,0.43215882778167725,test,scaffold,Small GNN
COc1ccc2c(c1OC)C(=O)OC2C1c2c(cc3c(c2OC)OCO3)CCN1C,O=C1OC(C2NCCc3cc4c(cc32)OCO4)c2ccccc21,-3.140000104904175,-2.0647552013397217,1.0752449035644531,1.0752449035644531,test,scaffold,Small GNN
COc1ccc2c(c1OC)C(=O)OC2C1c2cc3c(cc2CCN1C)OCO3,O=C1OC(C2NCCc3cc4c(cc32)OCO4)c2ccccc21,-4.106500148773193,-1.9803807735443115,2.126119375228882,2.126119375228882,test,scaffold,Small GNN
COc1ccc2c(c1OC)C(=O)O[C@@H]2[C@H]1c2c(cc3c(c2OC)OCO3)CCN1C,O=C1OC(C2NCCc3cc4c(cc32)OCO4)c2ccccc21,-3.1393001079559326,-2.0647552013397217,1.074544906616211,1.074544906616211,test,scaffold,Small GNN
COc1ccc2c3c1CCCC3CN(C(=N)N)C2,c1cc2c3c(c1)CNCC3CCC2,-1.2200000286102295,-2.538811206817627,-1.3188111782073975,1.3188111782073975,test,scaffold,Small GNN
COc1ccc2c3c1CCCC3CN(C(N)=NO)C2,c1cc2c3c(c1)CNCC3CCC2,-1.7799999713897705,-2.8777952194213867,-1.0977952480316162,1.0977952480316162,test,scaffold,Small GNN
COc1ccc2cc(C(C)C(=O)OC3CCCCC3=O)ccc2c1,O=C(Cc1ccc2ccccc2c1)OC1CCCCC1=O,-5.590000152587891,-4.8683552742004395,0.7216448783874512,0.7216448783874512,test,scaffold,Small GNN
COc1ccc2cc(C(C)C(=O)OCCCCN3CCN(C)CC3)ccc2c1,O=C(Cc1ccc2ccccc2c1)OCCCCN1CCNCC1,-1.2899999618530273,-3.6744461059570312,-2.384446144104004,2.384446144104004,test,scaffold,Small GNN
COc1ccc2cc(C(C)C(=O)OCCCCN3CCOCC3)ccc2c1,O=C(Cc1ccc2ccccc2c1)OCCCCN1CCOCC1,-3.700000047683716,-4.29105806350708,-0.5910580158233643,0.5910580158233643,test,scaffold,Small GNN
COc1ccc2cc(C(C)C(=O)OCCN3CCN(C)CC3)ccc2c1,O=C(Cc1ccc2ccccc2c1)OCCN1CCNCC1,-1.4900000095367432,-3.5604753494262695,-2.0704753398895264,2.0704753398895264,test,scaffold,Small GNN
COc1ccc2cc(C(C)C(=O)OCCN3CCNCC3)ccc2c1,O=C(Cc1ccc2ccccc2c1)OCCN1CCNCC1,-1.5199999809265137,-3.9161500930786133,-2.3961501121520996,2.3961501121520996,test,scaffold,Small GNN
COc1ccc2cc(C(C)C(=O)OCCOC(=O)C(N)Cc3ccccc3)ccc2c1,O=C(CCc1ccccc1)OCCOC(=O)Cc1ccc2ccccc2c1,-3.75,-3.9455153942108154,-0.19551539421081543,0.19551539421081543,test,scaffold,Small GNN
COc1ccc2cc(C(C)C(=O)OCCOC(=O)CN3CCOCC3)ccc2c1,O=C(Cc1ccc2ccccc2c1)OCCOC(=O)CN1CCOCC1,-4.300000190734863,-3.9392004013061523,0.36079978942871094,0.36079978942871094,test,scaffold,Small GNN
COc1cccc(C(=O)NN(C(=O)c2cc(C)cc(C)c2)C(C)(C)C)c1C,O=C(NNC(=O)c1ccccc1)c1ccccc1,-5.566400051116943,-5.177868843078613,0.3885312080383301,0.3885312080383301,test,scaffold,Small GNN
COc1ccccc1N=NC(C(C)=O)C(=O)Nc1ccc2[nH]c(=O)[nH]c2c1,O=C(CN=Nc1ccccc1)Nc1ccc2[nH]c(=O)[nH]c2c1,-7.630599498748779,-5.939373016357422,1.6912264823913574,1.6912264823913574,test,scaffold,Small GNN
COc1ccccc1NC(=O)C(N=Nc1ccc(Cl)cc1[N+](=O)[O-])C(C)=O,O=C(CN=Nc1ccccc1)Nc1ccccc1,-7.306378364562988,-6.459368705749512,0.8470096588134766,0.8470096588134766,test,scaffold,Small GNN
COc1ccccc1OCCNCC(O)COc1cccc2[nH]c3ccccc3c12,c1ccc(OCCNCCCOc2cccc3[nH]c4ccccc4c23)cc1,-4.260000228881836,-3.94675874710083,0.31324148178100586,0.31324148178100586,test,scaffold,Small GNN
COc1ccsc1CN(C(=O)CCl)c1c(C)cccc1C,c1ccc(NCc2cccs2)cc1,-4.468900203704834,-4.49734354019165,-0.028443336486816406,0.028443336486816406,test,scaffold,Small GNN
COc1cnc(NS(=O)(=O)c2ccc(N)cc2)nc1,O=S(=O)(Nc1ncccn1)c1ccccc1,-2.5843000411987305,-2.828155994415283,-0.24385595321655273,0.24385595321655273,test,scaffold,Small GNN
CS(=O)(=O)c1ccc(C2=C(c3ccccc3)C(=O)OC2)cc1,O=C1OCC(c2ccccc2)=C1c1ccccc1,-4.519999980926514,-4.217825889587402,0.30217409133911133,0.30217409133911133,test,scaffold,Small GNN
CSC(=O)c1cccc2nnsc12,c1ccc2snnc2c1,-4.436299800872803,-2.9739410877227783,1.4623587131500244,1.4623587131500244,test,scaffold,Small GNN
C[C@@H]1O[C@@H](O[C@H]2[C@H](Oc3cc(O)c4c(c3)O[C@H](c3ccc(O)cc3)CC4=O)O[C@H](CO)[C@@H](O)[C@@H]2O)[C@H](O)[C@H](O)[C@H]1O,O=C1CC(c2ccccc2)Oc2cc(OC3OCCCC3OC3CCCCO3)ccc21,-2.7224388122558594,-2.7194197177886963,0.003019094467163086,0.003019094467163086,test,scaffold,Small GNN
C[C@@H]1[C@@H](CN)C[C@H]2C[C@@H]1C2(C)C,C1CC2CC(C1)C2,-2.5159153938293457,-1.498598575592041,1.0173168182373047,1.0173168182373047,test,scaffold,Small GNN
C[C@H]1C(c2ccc(Cl)cc2)SC(=O)N1C(=O)NC1CCCCC1,O=C(NC1CCCCC1)N1CC(c2ccccc2)SC1=O,-5.848700046539307,-4.254212379455566,1.5944876670837402,1.5944876670837402,test,scaffold,Small GNN
C[C@H]1CCC2(O)C(C)(C)C3CC[C@@]2(C)C1C3,C1CC2CC3CCC2C(C1)C3,-3.7259037494659424,-4.148402214050293,-0.4224984645843506,0.4224984645843506,test,scaffold,Small GNN
C[C@]1(Cn2ccnn2)[C@H](C(=O)O)N2C(=O)C[C@H]2S1(=O)=O,O=C1CC2N1CC(Cn1ccnn1)S2(=O)=O,-1.8384616374969482,-2.1069719791412354,-0.2685103416442871,0.2685103416442871,test,scaffold,Small GNN
C[C@]12CC[C@@H](O)C[C@@H]1CC[C@@H]1[C@@H]2CC[C@]2(C)C(=O)CC[C@@H]12,O=C1CCC2C1CCC1C3CCCCC3CCC21,-4.4019999504089355,-4.26542854309082,0.13657140731811523,0.13657140731811523,test,scaffold,Small GNN
C[C@]12CC[C@@H]3C4=C(CC[C@H]3[C@@H]1CC[C@@H]2O)CC(=O)CC4,O=C1CCC2=C(CCC3C2CCC2CCCC23)C1,-4.947028636932373,-4.073784351348877,0.8732442855834961,0.8732442855834961,test,scaffold,Small GNN
C[C@]12CC[C@H](O)C[C@@H]1CC[C@@H]1[C@@H]2CC[C@]2(C)C(=O)CC[C@@H]12,O=C1CCC2C1CCC1C3CCCCC3CCC21,-4.157700061798096,-4.26542854309082,-0.10772848129272461,0.10772848129272461,test,scaffold,Small GNN
C[Si](Cn1cncn1)(c1ccc(F)cc1)c1ccc(F)cc1,c1ccc([SiH](Cn2cncn2)c2ccccc2)cc1,-3.7664999961853027,-4.438135147094727,-0.6716351509094238,0.6716351509094238,test,scaffold,Small GNN
C[Si]1(C)O[Si](C)(C)O[Si](C)(C)O[Si](C)(C)O1,O1[SiH2]O[SiH2]O[SiH2]O[SiH2]1,-6.953686714172363,-0.012627840042114258,6.941058874130249,6.941058874130249,test,scaffold,Small GNN
Cc1[nH]c(C)c(Cl)c(=O)c1Cl,O=c1cc[nH]cc1,-4.283400058746338,-1.6391185522079468,2.644281506538391,2.644281506538391,test,scaffold,Small GNN
Cc1c(C)c2c(c(C)c1O)CC[C@@](C)(CCC[C@H](C)CCC[C@H](C)CCCC(C)C)O2,c1ccc2c(c1)CCCO2,-8.520248413085938,-6.044959545135498,2.4752888679504395,2.4752888679504395,test,scaffold,Small GNN
Cc1c(COC(=O)C2C(/C=C(\Cl)C(F)(F)F)C2(C)C)cccc1-c1ccccc1,O=C(OCc1cccc(-c2ccccc2)c1)C1CC1,-6.626200199127197,-6.440478801727295,0.18572139739990234,0.18572139739990234,test,scaffold,Small GNN
Cc1c(Nc2nc(Cl)nc(Nc3cccc(S(=O)(=O)O)c3)n2)c(C)c(S(=O)(=O)O)c(C)c1Nc1cc(S(=O)(=O)O)c(N)c2c1C(=O)c1ccccc1C2=O,O=C1c2ccccc2C(=O)c2c(Nc3cccc(Nc4ncnc(Nc5ccccc5)n4)c3)cccc21,-0.42442798614501953,-0.7665412425994873,-0.3421132564544678,0.3421132564544678,test,scaffold,Small GNN
Cc1c(Nc2nc(Cl)nc(Nc3ccccc3S(=O)(=O)O)n2)c(C)c(S(=O)(=O)O)c(C)c1Nc1cc(S(=O)(=O)O)c(N)c2c1C(=O)c1ccccc1C2=O,O=C1c2ccccc2C(=O)c2c(Nc3cccc(Nc4ncnc(Nc5ccccc5)n4)c3)cccc21,-0.42442798614501953,-0.7899584770202637,-0.36553049087524414,0.36553049087524414,test,scaffold,Small GNN
Cc1c(O)cc2c(c1C)OC(C)(CCCC(C)CCCC(C)CCCC(C)C)CC2,c1ccc2c(c1)CCCO2,-8.50586986541748,-6.01233434677124,2.4935355186462402,2.4935355186462402,test,scaffold,Small GNN
Cc1c(OCc2ccccc2)ccc2c(=O)cc(N3CCOCC3)oc12,O=c1cc(N2CCOCC2)oc2cc(OCc3ccccc3)ccc12,-5.159999847412109,-4.860865592956543,0.2991342544555664,0.2991342544555664,test,scaffold,Small GNN
Cc1c(OCc2ccccn2)ccc2c(=O)cc(N3CCOCC3)oc12,O=c1cc(N2CCOCC2)oc2cc(OCc3ccccn3)ccc12,-4.449999809265137,-4.169612884521484,0.28038692474365234,0.28038692474365234,test,scaffold,Small GNN
Cc1c2ccccc2c(CN2CCOCC2)c2ccccc12,c1ccc2c(CN3CCOCC3)c3ccccc3cc2c1,-4.400000095367432,-4.31557559967041,0.08442449569702148,0.08442449569702148,test,scaffold,Small GNN
Cc1c[nH]c(=S)[nH]c1=O,O=c1cc[nH]c(=S)[nH]1,-2.4460999965667725,-1.5046316385269165,0.941468358039856,0.941468358039856,test,scaffold,Small GNN
Cc1cc(=O)[nH]c(=S)[nH]1,O=c1cc[nH]c(=S)[nH]1,-2.4258999824523926,-1.7791615724563599,0.6467384099960327,0.6467384099960327,test,scaffold,Small GNN
Cc1cc(=O)[nH]o1,O=c1cco[nH]1,-0.066600002348423,-0.5722453594207764,-0.5056453570723534,0.5056453570723534,test,scaffold,Small GNN
Cc1cc(=O)n(O)c2ccc3ccccc3c12,O=c1ccc2c(ccc3ccccc32)[nH]1,-4.0,-3.855215072631836,0.14478492736816406,0.14478492736816406,test,scaffold,Small GNN
Cc1cc(=O)oc2c3c4c(cc12)CCCN4CCC3,O=c1ccc2cc3c4c(c2o1)CCCN4CCC3,-3.890000104904175,-4.888215065002441,-0.9982149600982666,0.9982149600982666,test,scaffold,Small GNN
Cc1cc(C(C)(C)C)c(O)c(C)c1Cn1c(=O)n(Cc2c(C)cc(C(C)(C)C)c(O)c2C)c(=O)n(Cc2c(C)cc(C(C)(C)C)c(O)c2C)c1=O,O=c1n(Cc2ccccc2)c(=O)n(Cc2ccccc2)c(=O)n1Cc1ccccc1,-7.5440263748168945,-6.039664268493652,1.5043621063232422,1.5043621063232422,test,scaffold,Small GNN
Cc1cc(C(O)(c2ccc(N)cc2)c2ccc(N)cc2)ccc1N,c1ccc(C(c2ccccc2)c2ccccc2)cc1,-3.0271999835968018,-3.542271614074707,-0.5150716304779053,0.5150716304779053,test,scaffold,Small GNN
Cc1cc(C)nc(NS(=O)(=O)c2ccc(N)cc2)n1,O=S(=O)(Nc1ncccn1)c1ccccc1,-2.7300000190734863,-2.8066153526306152,-0.0766153335571289,0.0766153335571289,test,scaffold,Small GNN
Cc1cc(C2CC2)nc(Nc2ccccc2)n1,c1ccc(Nc2nccc(C3CC3)n2)cc1,-4.050000190734863,-4.646554470062256,-0.5965542793273926,0.5965542793273926,test,scaffold,Small GNN
Cc1cc(N)n(-c2ccccc2)n1,c1ccc(-n2cccn2)cc1,-0.9376000165939331,-2.767238140106201,-1.829638123512268,1.829638123512268,test,scaffold,Small GNN
Cc1cc(NS(=O)(=O)c2ccc(N)cc2)nc(C)n1,O=S(=O)(Nc1ccncn1)c1ccccc1,-2.299999952316284,-2.8322935104370117,-0.5322935581207275,0.5322935581207275,test,scaffold,Small GNN
Cc1cc(Nc2nc(NCCO)nc(Nc3ccc(N=Nc4cc(S(=O)(=O)O)c5cccc(S(=O)(=O)O)c5c4)c(C)c3)n2)ccc1N=Nc1cc(S(=O)(=O)O)c2cccc(S(=O)(=O)O)c2c1,c1ccc2cc(N=Nc3ccc(Nc4ncnc(Nc5ccc(N=Nc6ccc7ccccc7c6)cc5)n4)cc3)ccc2c1,-1.1748734712600708,-1.1095582246780396,0.06531524658203125,0.06531524658203125,test,scaffold,Small GNN
Cc1cc(OC(=O)N(C)C)n(-c2ccccc2)n1,c1ccc(-n2cccn2)cc1,-2.088599920272827,-2.725956916809082,-0.6373569965362549,0.6373569965362549,test,scaffold,Small GNN
Cc1cc2ccccc2cn1,c1ccc2cnccc2c1,-2.190000057220459,-2.5375335216522217,-0.3475334644317627,0.3475334644317627,test,scaffold,Small GNN
Cc1cc2nc3c(C)c(N)ccc3[n+](-c3ccccc3)c2cc1N,c1ccc(-[n+]2c3ccccc3nc3ccccc32)cc1,-0.8461999893188477,-2.45219087600708,-1.6059908866882324,1.6059908866882324,test,scaffold,Small GNN
Cc1ccc(C(=O)COc2c(C(=O)c3ccc(Cl)c(C)c3Cl)c(C)nn2C)cc1,O=C(COc1[nH]ncc1C(=O)c1ccccc1)c1ccccc1,-6.520899772644043,-6.182822227478027,0.3380775451660156,0.3380775451660156,test,scaffold,Small GNN
Cc1ccc(C(=O)OC(C)C)cc1N=Nc1c(O)c(C(=O)Nc2cc(Cl)c(NC(=O)c3cc4ccccc4c(N=Nc4cc(C(=O)OC(C)C)ccc4C)c3O)cc2Cl)cc2ccccc12,O=C(Nc1ccc(NC(=O)c2cc(N=Nc3ccccc3)c3ccccc3c2)cc1)c1cc(N=Nc2ccccc2)c2ccccc2c1,-7.007487773895264,-7.564239025115967,-0.5567512512207031,0.5567512512207031,test,scaffold,Small GNN
Cc1ccc(C(=O)OCCCl)cc1N/N=C1/C(=O)C(C(=O)Nc2cc(C)c(NC(=O)C3=Cc4ccccc4/C(=N/Nc4c(C)cccc4C(=O)OCCCl)C3=O)cc2C)=Cc2ccccc21,O=C(Nc1ccc(NC(=O)C2=Cc3ccccc3C(=NNc3ccccc3)C2=O)cc1)C1=Cc2ccccc2C(=NNc2ccccc2)C1=O,-7.8142409324646,-8.630627632141113,-0.8163866996765137,0.8163866996765137,test,scaffold,Small GNN
Cc1ccc(Cl)cc1N/N=C1\C(=O)C(C(=O)Nc2cc(C)c(NC(=O)C3=Cc4ccccc4/C(=N\Nc4cc(Cl)ccc4C)C3=O)cc2C)=Cc2ccccc21,O=C(Nc1ccc(NC(=O)C2=Cc3ccccc3C(=NNc3ccccc3)C2=O)cc1)C1=Cc2ccccc2C(=NNc2ccccc2)C1=O,-7.678196430206299,-9.275700569152832,-1.5975041389465332,1.5975041389465332,test,scaffold,Small GNN
Cc1ccc(N2C(=O)N(c3ccc(C)c(N=C=O)c3)C2=O)cc1N=C=O,O=C1N(c2ccccc2)C(=O)N1c1ccccc1,-5.036826133728027,-4.358734130859375,0.6780920028686523,0.6780920028686523,test,scaffold,Small GNN
Cc1ccc(N=c2sccn2C)c(C)c1,c1ccc(N=c2[nH]ccs2)cc1,-3.1630001068115234,-4.258495330810547,-1.0954952239990234,1.0954952239990234,test,scaffold,Small GNN
Cc1ccc(NC(=O)C(O)(O)C(=O)Nc2ccc(C)cc2)cc1,O=C(CC(=O)Nc1ccccc1)Nc1ccccc1,-3.0999999046325684,-3.06303334236145,0.036966562271118164,0.036966562271118164,test,scaffold,Small GNN
Cc1ccc(Nc2cc(C(=O)O)c(Nc3ccc(C)cc3)cc2C(=O)O)cc1,c1ccc(Nc2ccc(Nc3ccccc3)cc2)cc1,-5.0705132484436035,-5.043506622314453,0.02700662612915039,0.02700662612915039,test,scaffold,Small GNN
Cc1ccc(S(=O)(=O)NC(=O)NC2CCCCC2)cc1,O=C(NC1CCCCC1)NS(=O)(=O)c1ccccc1,-4.206999778747559,-3.7308859825134277,0.47611379623413086,0.47611379623413086,test,scaffold,Small GNN
Cc1ccc(S(=O)(=O)Nc2cc(S(=O)(=O)O)cc3c2C(=O)/C(=N/Nc2ccc(Oc4ccccc4C)cc2Oc2ccccc2C)C(S(=O)(=O)O)=C3)cc1,O=C1C(=NNc2ccc(Oc3ccccc3)cc2Oc2ccccc2)C=Cc2cccc(NS(=O)(=O)c3ccccc3)c21,-2.566969156265259,-2.2510571479797363,0.31591200828552246,0.31591200828552246,test,scaffold,Small GNN
Cc1ccc2[nH]c3cc4c(=O)c5cc(C)ccc5[nH]c4cc3c(=O)c2c1,O=c1c2ccccc2[nH]c2cc3c(=O)c4ccccc4[nH]c3cc12,-7.783778667449951,-5.208731651306152,2.575047016143799,2.575047016143799,test,scaffold,Small GNN
Cc1ccc2c(c1)Oc1ncc(N)cc1C(=O)N2C,O=C1Nc2ccccc2Oc2ncccc21,-3.0429999828338623,-4.648073196411133,-1.6050732135772705,1.6050732135772705,test,scaffold,Small GNN
Cc1ccc2c3c1CCCC3CN(C(N)=NO)C2,c1cc2c3c(c1)CNCC3CCC2,-1.2000000476837158,-2.984133005142212,-1.784132957458496,1.784132957458496,test,scaffold,Small GNN
Cc1ccc2ccccc2c1NS(=O)(=O)c1ccc(N)cc1,O=S(=O)(Nc1cccc2ccccc12)c1ccccc1,-4.5,-4.593435287475586,-0.09343528747558594,0.09343528747558594,test,scaffold,Small GNN
Cc1ccc2nc(-c3ccc(N=Nc4ccc(-c5nc6ccc(C)c(S(=O)(=O)O)c6s5)cc4)cc3)sc2c1S(=O)(=O)O,c1ccc2sc(-c3ccc(N=Nc4ccc(-c5nc6ccccc6s5)cc4)cc3)nc2c1,-1.2223095893859863,-1.639041543006897,-0.41673195362091064,0.41673195362091064,test,scaffold,Small GNN
Cc1ccc2nc(-c3ccc(NC(=O)/C(C#N)=C/c4ccc(N(C)CCS(=O)(=O)O)cc4)cc3)sc2c1S(=O)(=O)O,O=C(C=Cc1ccccc1)Nc1ccc(-c2nc3ccccc3s2)cc1,-0.4159499406814575,-1.5017155408859253,-1.0857656002044678,1.0857656002044678,test,scaffold,Small GNN
Cc1cccc(C)c1N(C(=O)CCl)C1CCOC1=O,O=C1OCCC1Nc1ccccc1,-3.2855000495910645,-2.4339497089385986,0.8515503406524658,0.8515503406524658,test,scaffold,Small GNN
Cc1cccc(C)c1N(Cn1cccn1)C(=O)CCl,c1ccc(NCn2cccn2)cc1,-2.8101999759674072,-3.0460872650146484,-0.2358872890472412,0.2358872890472412,test,scaffold,Small GNN
Cc1cccc(CN2CCN(C(c3ccccc3)c3ccc(Cl)cc3)CC2)c1,c1ccc(CN2CCN(C(c3ccccc3)c3ccccc3)CC2)cc1,-4.630000114440918,-4.15892219543457,0.47107791900634766,0.47107791900634766,test,scaffold,Small GNN
Cc1cccc(N(O)C(=O)CCc2ccccc2)c1,O=C(CCc1ccccc1)Nc1ccccc1,-3.4100000858306885,-3.6621336936950684,-0.2521336078643799,0.2521336078643799,test,scaffold,Small GNN
Cc1cccc(N(c2ccccc2)c2ccc(-c3ccc(N(c4ccccc4)c4cccc(C)c4)cc3)cc2)c1,c1ccc(N(c2ccccc2)c2ccc(-c3ccc(N(c4ccccc4)c4ccccc4)cc3)cc2)cc1,-6.412198543548584,-6.202048301696777,0.21015024185180664,0.21015024185180664,test,scaffold,Small GNN
Cc1cccc2sc3nncn3c12,c1ccc2c(c1)sc1nncn12,-2.0729000568389893,-4.201404571533203,-2.128504514694214,2.128504514694214,test,scaffold,Small GNN
Cc1ccccc1COC1CC2(C(C)C)CCC1(C)O2,c1ccc(COC2CC3CCC2O3)cc1,-3.6391000747680664,-5.245558738708496,-1.6064586639404297,1.6064586639404297,test,scaffold,Small GNN
Cc1ccccc1N(O)C(=O)CCc1ccccc1,O=C(CCc1ccccc1)Nc1ccccc1,-2.7899999618530273,-3.438335418701172,-0.6483354568481445,0.6483354568481445,test,scaffold,Small GNN
Cc1ccccc1N=C(N)Nc1ccccc1C,C(=Nc1ccccc1)Nc1ccccc1,-3.5338845252990723,-3.660621404647827,-0.12673687934875488,0.12673687934875488,test,scaffold,Small GNN
Cc1ccccc1NC(=O)C(=O)C(=O)Nc1ccccc1C,O=C(Nc1ccccc1)C(=O)C(=O)Nc1ccccc1,-2.200000047683716,-4.077205657958984,-1.8772056102752686,1.8772056102752686,test,scaffold,Small GNN
Cc1ccccc1NC(=O)CC(=O)CN=Nc1ccc(S(=O)(=O)O)cc1[N+](=O)[O-],O=C(CN=Nc1ccccc1)CC(=O)Nc1ccccc1,-7.739803791046143,-2.027609348297119,5.712194442749023,5.712194442749023,test,scaffold,Small GNN
Cc1ccccc1OCC1CO1,c1ccc(OCC2CO2)cc1,-2.291104555130005,-2.770183801651001,-0.4790792465209961,0.4790792465209961,test,scaffold,Small GNN
Cc1ccccc1Oc1ccccc1N/N=C1/C(=O)c2c(cc(S(=O)(=O)O)cc2NC(=O)c2ccccc2)C=C1S(=O)(=O)O,O=C(Nc1cccc2c1C(=O)C(=NNc1ccccc1Oc1ccccc1)C=C2)c1ccccc1,-2.0506715774536133,-1.7481507062911987,0.30252087116241455,0.30252087116241455,test,scaffold,Small GNN
Cc1ccnc(NC(=O)c2cnccn2)n1,O=C(Nc1ncccn1)c1cnccn1,-0.7307999730110168,-1.5885534286499023,-0.8577534556388855,0.8577534556388855,test,scaffold,Small GNN
Cc1ccnc(NS(=O)(=O)c2ccc(N)cc2)n1,O=S(=O)(Nc1ncccn1)c1ccccc1,-2.630000114440918,-2.6582767963409424,-0.028276681900024414,0.028276681900024414,test,scaffold,Small GNN
Cc1cnc(C(=O)NCCc2ccc(S(=O)(=O)NC(=O)NC3CCCCC3)cc2)cn1,O=C(NC1CCCCC1)NS(=O)(=O)c1ccc(CCNC(=O)c2cnccn2)cc1,-5.489999771118164,-3.3800928592681885,2.1099069118499756,2.1099069118499756,test,scaffold,Small GNN
Cc1cnc(NC(=O)C2=C(O)c3ccccc3S(=O)(=O)N2C)s1,O=C(Nc1nccs1)C1=Cc2ccccc2S(=O)(=O)N1,-1.9199999570846558,-3.4847288131713867,-1.564728856086731,1.564728856086731,test,scaffold,Small GNN
Cc1cnc(NS(=O)(=O)c2ccc(N)cc2)nc1,O=S(=O)(Nc1ncccn1)c1ccccc1,-2.819999933242798,-2.727263927459717,0.09273600578308105,0.09273600578308105,test,scaffold,Small GNN
Cc1cnc(NS(=O)(=O)c2ccc(N)cc2)nc1C,O=S(=O)(Nc1ncccn1)c1ccccc1,-3.1435000896453857,-2.7473976612091064,0.3961024284362793,0.3961024284362793,test,scaffold,Small GNN
Cc1nc(=O)c2cc([N+](=O)[O-])ccc2[nH]1,O=c1nc[nH]c2ccccc12,-2.2200000286102295,-2.951282501220703,-0.7312824726104736,0.7312824726104736,test,scaffold,Small GNN
Cc1nc2n(c(=O)c1CCCl)CCCC2,O=c1ccnc2n1CCCC2,0.5797669291496277,-2.715261220932007,-3.2950281500816345,3.2950281500816345,test,scaffold,Small GNN
Cc1nccc2c1[nH]c1ccccc12,c1ccc2c(c1)[nH]c1cnccc12,-3.7899999618530273,-2.976750373840332,0.8132495880126953,0.8132495880126953,test,scaffold,Small GNN
Cc1ncnc2c(O)cccc12,c1ccc2ncncc2c1,-2.6024999618530273,-2.2111423015594482,0.3913576602935791,0.3913576602935791,test,scaffold,Small GNN
Cc1nn(-c2ccccc2)c(C)c1N=O,c1ccc(-n2cccn2)cc1,-3.7355000972747803,-3.6621947288513184,0.07330536842346191,0.07330536842346191,test,scaffold,Small GNN
Cc1nn(-c2ccccc2)c(N)c1C,c1ccc(-n2cccn2)cc1,-1.6704000234603882,-2.782766580581665,-1.1123665571212769,1.1123665571212769,test,scaffold,Small GNN
Cc1nn(-c2ccccc2)c(O)c1N=Nc1c(O)cc(S(=O)(=O)O)c2ccccc12,c1ccc(-n2cc(N=Nc3cccc4ccccc34)cn2)cc1,-1.2121028900146484,-2.4864258766174316,-1.2743229866027832,1.2743229866027832,test,scaffold,Small GNN
Cc1nn(C)c(OCC(=O)c2ccccc2)c1C(=O)c1ccc(Cl)cc1Cl,O=C(COc1[nH]ncc1C(=O)c1ccccc1)c1ccccc1,-2.651400089263916,-5.839961051940918,-3.188560962677002,3.188560962677002,test,scaffold,Small GNN
Cc1nn(C)c(Oc2ccccc2)c1/C=N/OCc1ccc(C(=O)OC(C)(C)C)cc1,C(=NOCc1ccccc1)c1cn[nH]c1Oc1ccccc1,-7.460400104522705,-6.127285003662109,1.3331151008605957,1.3331151008605957,test,scaffold,Small GNN
Cc1nnc(-c2ccccc2)c(=O)n1N,O=c1[nH]cnnc1-c1ccccc1,-2.050600051879883,-2.4968199729919434,-0.44621992111206055,0.44621992111206055,test,scaffold,Small GNN
Cc1nnc(N)nc1C,c1cnncn1,-1.0938999652862549,-0.9021333456039429,0.191766619682312,0.191766619682312,test,scaffold,Small GNN
Cc1nnc(SCC2=C(C(=O)O)N3C(=O)C(NC(=O)Cn4cnnn4)C3SC2)s1,O=C(Cn1cnnn1)NC1C(=O)N2C=C(CSc3nncs3)CSC12,-2.619999885559082,-2.3500263690948486,0.2699735164642334,0.2699735164642334,test,scaffold,Small GNN
Cc1noc(NS(=O)(=O)c2ccc(N)cc2)c1C,O=S(=O)(Nc1ccno1)c1ccccc1,-2.9100000858306885,-3.19716215133667,-0.28716206550598145,0.28716206550598145,test,scaffold,Small GNN
Cc1onc(-c2ccccc2)c1-c1ccc(S(N)(=O)=O)cc1,c1ccc(-c2conc2-c2ccccc2)cc1,-4.519999980926514,-2.544241189956665,1.9757587909698486,1.9757587909698486,test,scaffold,Small GNN
ClC(Cl)=C(c1ccc(Cl)cc1)c1ccc(Cl)cc1,C=C(c1ccccc1)c1ccccc1,-6.900400161743164,-6.355238914489746,0.545161247253418,0.545161247253418,test,scaffold,Small GNN
ClC(Cl)=C(c1ccc(Cl)cc1)c1ccccc1Cl,C=C(c1ccccc1)c1ccccc1,-6.356299877166748,-6.1546173095703125,0.20168256759643555,0.20168256759643555,test,scaffold,Small GNN
ClC1=C(Cl)C(Cl)(C2(Cl)C(Cl)=C(Cl)C(Cl)=C2Cl)C(Cl)=C1Cl,C1=CC(C2C=CC=C2)C=C1,-7.27839994430542,-6.8410539627075195,0.4373459815979004,0.4373459815979004,test,scaffold,Small GNN
ClC1=C(Cl)C2(Cl)C3C(Cl)C=CC3C1(Cl)C2(Cl)Cl,C1=CC2C3C=CC(C3)C2C1,-6.316800117492676,-6.077817916870117,0.2389822006225586,0.2389822006225586,test,scaffold,Small GNN
ClC1=C(Cl)C2(Cl)C3C4C=CC(C4)C3C1(Cl)C2(Cl)Cl,C1=CC2CC1C1C3C=CC(C3)C21,-6.309999942779541,-5.226851940155029,1.0831480026245117,1.0831480026245117,test,scaffold,Small GNN
ClC1=C(Cl)C2(Cl)C3C4CC(C5OC45)C3C1(Cl)C2(Cl)Cl,C1=CC2CC1C1C3CC(C4OC34)C21,-6.290800094604492,-6.529232978820801,-0.2384328842163086,0.2384328842163086,test,scaffold,Small GNN
ClC1=C(Cl)C2(Cl)C3CC=CC3C1(Cl)C2(Cl)Cl,C1=CC2C3C=CC(C3)C2C1,-5.639999866485596,-6.2805562019348145,-0.6405563354492188,0.6405563354492188,test,scaffold,Small GNN
Clc1c(Cl)c(Cl)c2nccnc2c1Cl,c1ccc2nccnc2c1,-5.427999973297119,-5.1449174880981445,0.2830824851989746,0.2830824851989746,test,scaffold,Small GNN
Clc1cc(Cl)cc(C2(CC(Cl)(Cl)Cl)CO2)c1,c1ccc(C2CO2)cc1,-5.25,-6.813490390777588,-1.563490390777588,1.563490390777588,test,scaffold,Small GNN
Clc1cc(Cl)nc(-c2ccccc2)n1,c1ccc(-c2ncccn2)cc1,-4.954400062561035,-3.8707528114318848,1.0836472511291504,1.0836472511291504,test,scaffold,Small GNN
Clc1ccc(C2(Cn3cncn3)CC(Br)CO2)c(Cl)c1,c1ccc(C2(Cn3cncn3)CCCO2)cc1,-3.877500057220459,-4.0159478187561035,-0.13844776153564453,0.13844776153564453,test,scaffold,Small GNN
Clc1nc(Cl)nc(Nc2ccccc2Cl)n1,c1ccc(Nc2ncncn2)cc1,-4.537099838256836,-5.769091606140137,-1.2319917678833008,1.2319917678833008,test,scaffold,Small GNN
Cn1c(=O)c2n[se]nc2n(C)c1=O,O=c1[nH]c(=O)c2n[se]nc2[nH]1,-2.2994000911712646,-2.638164520263672,-0.3387644290924072,0.3387644290924072,test,scaffold,Small GNN
Cn1c(=O)ncc2[nH]c(=O)[nH]c21,O=c1ncc2[nH]c(=O)[nH]c2[nH]1,-0.7940000295639038,-2.8846817016601562,-2.0906816720962524,2.0906816720962524,test,scaffold,Small GNN
Cn1c(=O)on(-c2ccc(Cl)c(Cl)c2)c1=O,O=c1[nH]c(=O)n(-c2ccccc2)o1,-2.819999933242798,-3.1069061756134033,-0.28690624237060547,0.28690624237060547,test,scaffold,Small GNN
Cn1cc2nccnc2nc1=O,O=c1nc2nccnc2c[nH]1,-0.9089000225067139,-1.833142638206482,-0.9242426156997681,0.9242426156997681,test,scaffold,Small GNN
Cn1ccc2cc3c(Nc4cccc(Br)c4)ncnc3cc21,c1ccc(Nc2ncnc3cc4[nH]ccc4cc23)cc1,-3.309999942779541,-5.580673694610596,-2.2706737518310547,2.2706737518310547,test,scaffold,Small GNN
Cn1cnc2c(=O)n(C)c(=O)n(C)c2c1=O,O=c1[nH]c(=O)c2nc[nH]c(=O)c2[nH]1,-1.9850000143051147,-1.415602445602417,0.5693975687026978,0.5693975687026978,test,scaffold,Small GNN
Cn1ncc2cc3c(Nc4cccc(Br)c4)ncnc3cc21,c1ccc(Nc2ncnc3cc4[nH]ncc4cc23)cc1,-3.4800000190734863,-5.194347381591797,-1.7143473625183105,1.7143473625183105,test,scaffold,Small GNN
FC(F)(F)N=C1SC(=Nc2ccccc2)N(c2ccccc2)C1=NC(F)(F)F,N=C1SC(=Nc2ccccc2)N(c2ccccc2)C1=N,-5.420000076293945,-5.404670238494873,0.015329837799072266,0.015329837799072266,test,scaffold,Small GNN
FC1(F)C(F)(F)C(F)(F)C2(F)C(F)(F)C(F)(F)C(F)(F)C(F)(F)C2(F)C1(F)F,C1CCC2CCCCC2C1,-7.6647114753723145,-4.267328262329102,3.397383213043213,3.397383213043213,test,scaffold,Small GNN
Fc1ccc(C(c2ccc(F)cc2)N2CCNCC2)cc1,c1ccc(C(c2ccccc2)N2CCNCC2)cc1,-2.87860107421875,-3.29191255569458,-0.4133114814758301,0.4133114814758301,test,scaffold,Small GNN
Fc1ccc(Oc2ccnc3cc(Cl)cc(Cl)c23)cc1,c1ccc(Oc2ccnc3ccccc23)cc1,-6.424300193786621,-5.374146461486816,1.0501537322998047,1.0501537322998047,test,scaffold,Small GNN
Fc1ccc2c(c1)CC[C@@H]([C@@H]1CO1)O2,c1ccc2c(c1)CCC(C1CO1)O2,-3.0521011352539062,-2.873180866241455,0.17892026901245117,0.17892026901245117,test,scaffold,Small GNN
Fc1cccc(F)c1C1SCc2nc3ccccc3n21,c1ccc(C2SCc3nc4ccccc4n32)cc1,-3.759999990463257,-5.304415702819824,-1.5444157123565674,1.5444157123565674,test,scaffold,Small GNN
N#CC(=C1CCCCC1)c1ccccc1,C(=C1CCCCC1)c1ccccc1,-4.4200239181518555,-5.006077766418457,-0.5860538482666016,0.5860538482666016,test,scaffold,Small GNN
N#CC(CCc1ccc(Cl)cc1)(Cn1cncn1)c1ccccc1,c1ccc(CCC(Cn2cncn2)c2ccccc2)cc1,-6.226399898529053,-4.369497299194336,1.8569025993347168,1.8569025993347168,test,scaffold,Small GNN
N#CC1(N2CCCCC2)CCN(Cc2ccccc2)CC1,c1ccc(CN2CCC(N3CCCCC3)CC2)cc1,-2.2459921836853027,-1.8833050727844238,0.3626871109008789,0.3626871109008789,test,scaffold,Small GNN
N#CCCN(CCOC(=O)c1ccccc1)c1ccc(N=Nc2ccc([N+](=O)[O-])cc2)cc1,O=C(OCCNc1ccc(N=Nc2ccccc2)cc1)c1ccccc1,-7.169735908508301,-6.0890069007873535,1.0807290077209473,1.0807290077209473,test,scaffold,Small GNN
N#CN=C1NCCN1Cc1ccc(Cl)nc1,N=C1NCCN1Cc1cccnc1,-2.630000114440918,-2.912020206451416,-0.28202009201049805,0.28202009201049805,test,scaffold,Small GNN
N#Cc1c(O)[nH]c(Cl)cc1=O,O=c1cc[nH]cc1,-1.2318999767303467,-2.742184638977051,-1.510284662246704,1.510284662246704,test,scaffold,Small GNN
N#Cc1nn(-c2c(Cl)cc(C(F)(F)F)cc2Cl)c(N)c1[S+]([O-])C(F)(F)F,c1ccc(-n2cccn2)cc1,-5.3618998527526855,-5.485750675201416,-0.12385082244873047,0.12385082244873047,test,scaffold,Small GNN
N12[Si]34N5[Si]16N3[Si]25N46,N12[Si]34N5[Si]16N3[Si]25N46,-5.669893264770508,-5.45638370513916,0.21350955963134766,0.21350955963134766,test,scaffold,Small GNN
N=C(N)c1ccc(CCc2ccc(C(=N)N)o2)o1,c1coc(CCc2ccco2)c1,-1.0199999809265137,-1.9797098636627197,-0.959709882736206,0.959709882736206,test,scaffold,Small GNN
N=C1C=CC2=CC(S(=O)(=O)O)=CC(=O)C2=C1NNc1ccccc1S(=O)(=O)c1ccccc1,N=C1C=CC2=CC=CC(=O)C2=C1NNc1ccccc1S(=O)(=O)c1ccccc1,-2.088831663131714,-2.369636297225952,-0.2808046340942383,0.2808046340942383,test,scaffold,Small GNN
NC(=NO)N1Cc2cccc3c2C(CCC3)C1,c1cc2c3c(c1)CNCC3CCC2,-1.350000023841858,-2.7896406650543213,-1.4396406412124634,1.4396406412124634,test,scaffold,Small GNN
NC(=Nc1ccccc1)Nc1ccccc1,C(=Nc1ccccc1)Nc1ccccc1,-2.1575164794921875,-3.208852767944336,-1.0513362884521484,1.0513362884521484,test,scaffold,Small GNN
NC(=O)N1c2ccccc2C(O)C(O)c2ccccc21,c1ccc2c(c1)CCc1ccccc1N2,-2.0299999713897705,-2.974233865737915,-0.9442338943481445,0.9442338943481445,test,scaffold,Small GNN
NC(=O)Nc1cc(Nc2nc(N)nc(Cl)n2)ccc1N=Nc1cc2c(S(=O)(=O)O)cc(S(=O)(=O)O)cc2cc1S(=O)(=O)O,c1ccc2cc(N=Nc3ccc(Nc4ncncn4)cc3)ccc2c1,-1.0000005960464478,-1.09276282787323,-0.09276223182678223,0.09276223182678223,test,scaffold,Small GNN
NC(Cc1[nH]nc2ccccc12)C(=O)O,c1ccc2n[nH]cc2c1,-1.40910005569458,-1.6930774450302124,-0.2839773893356323,0.2839773893356323,test,scaffold,Small GNN
NC1=CC(=O)C(=O)c2ccccc21,O=C1C=Cc2ccccc2C1=O,-3.8399999141693115,-2.979001045227051,0.8609988689422607,0.8609988689422607,test,scaffold,Small GNN
NC1=NC(N)C(=O)C(=O)N1,O=C1CN=CNC1=O,-1.6978000402450562,-1.2626363039016724,0.4351637363433838,0.4351637363433838,test,scaffold,Small GNN
NC1CCC(CC2CCC(N)CC2)CC1,C1CCC(CC2CCCCC2)CC1,-1.624003529548645,-1.0543243885040283,0.5696791410446167,0.5696791410446167,test,scaffold,Small GNN
NNc1nncc2ccccc12,c1ccc2cnncc2c1,-2.5999999046325684,-2.187835693359375,0.41216421127319336,0.41216421127319336,test,scaffold,Small GNN
NS(=O)(=O)c1cc2c(s1)C(=O)CCS2,O=C1CCSc2ccsc21,-3.490000009536743,-2.6429357528686523,0.8470642566680908,0.8470642566680908,test,scaffold,Small GNN
NS(=O)(=O)c1cc2c(s1)C(O)CCS2(=O)=O,O=S1(=O)CCCc2sccc21,-1.2799999713897705,-3.018411874771118,-1.7384119033813477,1.7384119033813477,test,scaffold,Small GNN
NS(=O)(=O)c1cc2c(s1)CC(O)CS2(=O)=O,O=S1(=O)CCCc2sccc21,-1.590000033378601,-3.1048407554626465,-1.5148407220840454,1.5148407220840454,test,scaffold,Small GNN
NS(=O)(=O)c1cc2c(s1)S(=O)(=O)CCC2=O,O=C1CCS(=O)(=O)c2sccc21,-3.0199999809265137,-2.919273853302002,0.10072612762451172,0.10072612762451172,test,scaffold,Small GNN
NS(=O)(=O)c1cc2cc(CNCc3ccccn3)sc2o1,c1ccc(CNCc2cc3ccoc3s2)nc1,-1.3300000429153442,-2.4088377952575684,-1.0788377523422241,1.0788377523422241,test,scaffold,Small GNN
NS(=O)(=O)c1ccc(NC2O[C@H](CO)[C@@H](O)[C@H](O)[C@@H]2O)cc1,c1ccc(NC2CCCCO2)cc1,-0.9800999760627747,-1.4854927062988281,-0.5053927302360535,0.5053927302360535,test,scaffold,Small GNN
NS(=O)(=O)c1ccc(Nc2ccnc(NS(=O)(=O)Cc3ccccc3)n2)cc1,O=S(=O)(Cc1ccccc1)Nc1nccc(Nc2ccccc2)n1,-2.700000047683716,-2.9504141807556152,-0.2504141330718994,0.2504141330718994,test,scaffold,Small GNN
NS(=O)(=O)c1ccc(Nc2ccnc(NS(=O)(=O)c3c(F)c(F)c(F)c(F)c3F)n2)cc1,O=S(=O)(Nc1nccc(Nc2ccccc2)n1)c1ccccc1,-1.5700000524520874,-3.7170207500457764,-2.147020697593689,2.147020697593689,test,scaffold,Small GNN
NS(=O)(=O)c1ccc(Nc2ccnc(NS(=O)(=O)c3ccc(Br)cc3)n2)cc1,O=S(=O)(Nc1nccc(Nc2ccccc2)n1)c1ccccc1,-2.619999885559082,-3.2212891578674316,-0.6012892723083496,0.6012892723083496,test,scaffold,Small GNN
NS(=O)(=O)c1ccc(Nc2ccnc(NS(=O)(=O)c3cccc(C(F)(F)F)c3)n2)cc1,O=S(=O)(Nc1nccc(Nc2ccccc2)n1)c1ccccc1,-1.8200000524520874,-3.453843116760254,-1.6338430643081665,1.6338430643081665,test,scaffold,Small GNN
NS(=O)(=O)c1ccc(Nc2ccnc(NS(=O)(=O)c3ccccc3)n2)cc1,O=S(=O)(Nc1nccc(Nc2ccccc2)n1)c1ccccc1,-2.549999952316284,-2.9895172119140625,-0.4395172595977783,0.4395172595977783,test,scaffold,Small GNN
NS(=O)(=O)c1nnc(NC(=O)c2c(F)c(F)c(F)c(F)c2F)s1,O=C(Nc1nncs1)c1ccccc1,-1.3700000047683716,-3.107042074203491,-1.7370420694351196,1.7370420694351196,test,scaffold,Small GNN
NS(=O)(=O)c1nnc(NS(=O)(=O)Cc2ccccc2)s1,O=S(=O)(Cc1ccccc1)Nc1nncs1,-2.700000047683716,-2.1111598014831543,0.5888402462005615,0.5888402462005615,test,scaffold,Small GNN
Nc1[nH]c(=O)[nH]c2nc(=O)[nH]c1-2,O=c1nc2[nH]c(=O)[nH]cc-2[nH]1,-3.4600000381469727,-3.693976879119873,-0.2339768409729004,0.2339768409729004,test,scaffold,Small GNN
Nc1c(N=Nc2cc(Nc3nc(Cl)nc(Nc4cccc(S(=O)(=O)O)c4)n3)ccc2S(=O)(=O)O)c(S(=O)(=O)O)cc2c1C(=O)/C(=N\Nc1cc(Nc3nc(Cl)nc(Nc4cccc(S(=O)(=O)O)c4)n3)ccc1S(=O)(=O)O)C(S(=O)(=O)O)=C2,O=C1C(=NNc2cccc(Nc3ncnc(Nc4ccccc4)n3)c2)C=Cc2ccc(N=Nc3cccc(Nc4ncnc(Nc5ccccc5)n4)c3)cc21,-0.9572055339813232,-0.5161306858062744,0.44107484817504883,0.44107484817504883,test,scaffold,Small GNN
Nc1c(N=Nc2ccc(S(=O)(=O)CCOS(=O)(=O)O)cc2)c(S(=O)(=O)O)cc2c1C(=O)/C(=N/Nc1cc(Nc3nc(F)nc(F)c3Cl)ccc1S(=O)(=O)O)C(S(=O)(=O)O)=C2,O=C1C(=NNc2cccc(Nc3ccncn3)c2)C=Cc2ccc(N=Nc3ccccc3)cc21,-0.9138010144233704,-0.6549532413482666,0.25884777307510376,0.25884777307510376,test,scaffold,Small GNN
Nc1c(N=Nc2ccc(S(=O)(=O)CCOS(=O)(=O)O)cc2)c(S(=O)(=O)O)cc2c1C(=O)/C(=N\Nc1ccc(S(=O)(=O)CCOS(=O)(=O)O)cc1)C(S(=O)(=O)O)=C2,O=C1C(=NNc2ccccc2)C=Cc2ccc(N=Nc3ccccc3)cc21,-0.2552865147590637,-0.6087238788604736,-0.3534373641014099,0.3534373641014099,test,scaffold,Small GNN
Nc1c(N=Nc2ccc([N+](=O)[O-])cc2)c(S(=O)(=O)O)cc2c1C(=O)/C(=N/Nc1ccccc1)C(S(=O)(=O)O)=C2,O=C1C(=NNc2ccccc2)C=Cc2ccc(N=Nc3ccccc3)cc21,-1.2800594568252563,-1.648158311843872,-0.3680988550186157,0.3680988550186157,test,scaffold,Small GNN
Nc1c(OCCOC(=O)Oc2ccccc2)cc(O)c2c1C(=O)c1ccccc1C2=O,O=C(OCCOc1ccc2c(c1)C(=O)c1ccccc1C2=O)Oc1ccccc1,-8.054415702819824,-6.216724395751953,1.837691307067871,1.837691307067871,test,scaffold,Small GNN
Nc1c(S(=O)(=O)O)cc(Nc2ccc(S(=O)(=O)O)c(Nc3nc(Cl)nc(Cl)n3)c2)c2c1C(=O)c1ccccc1C2=O,O=C1c2ccccc2C(=O)c2c(Nc3cccc(Nc4ncncn4)c3)cccc21,0.1956000030040741,-1.2489529848098755,-1.4445529878139496,1.4445529878139496,test,scaffold,Small GNN
Nc1cc(=O)nc(N)[nH]1,O=c1cc[nH]cn1,-1.3781466484069824,-2.976322650909424,-1.5981760025024414,1.5981760025024414,test,scaffold,Small GNN
Nc1ccc(/N=N/c2ccccc2)c(N)n1,c1ccc(N=Nc2cccnc2)cc1,-4.190000057220459,-3.7467079162597656,0.44329214096069336,0.44329214096069336,test,scaffold,Small GNN
Nc1ccc(C#Cc2ccc(N)cc2)cc1,C(#Cc1ccccc1)c1ccccc1,-2.4326000213623047,-3.7569937705993652,-1.3243937492370605,1.3243937492370605,test,scaffold,Small GNN
Nc1ccc(N=Nc2ccc(N=Nc3c(S(=O)(=O)O)cc4c(c3N)C(=O)/C(=N/Nc3ccccc3)C(S(=O)(=O)O)=C4)cc2)c(N)c1,O=C1C(=NNc2ccccc2)C=Cc2ccc(N=Nc3ccc(N=Nc4ccccc4)cc3)cc21,-0.8273975849151611,-2.104642868041992,-1.277245283126831,1.277245283126831,test,scaffold,Small GNN
Nc1ccc(N=Nc2ccc(N=Nc3c(S(=O)(=O)O)cc4c(c3N)C(=O)/C(=N\Nc3ccc(N=Nc5ccc(N)cc5N)cc3)C(S(=O)(=O)O)=C4)cc2)c(N)c1,O=C1C(=NNc2ccc(N=Nc3ccccc3)cc2)C=Cc2ccc(N=Nc3ccc(N=Nc4ccccc4)cc3)cc21,-1.5687181949615479,-2.492093563079834,-0.9233753681182861,0.9233753681182861,test,scaffold,Small GNN
Nc1ccc(N=Nc2ccccc2)c(N)n1,c1ccc(N=Nc2cccnc2)cc1,-4.239999771118164,-3.7467079162597656,0.49329185485839844,0.49329185485839844,test,scaffold,Small GNN
Nc1ccc(OP(=S)(Oc2ccc(N)cc2)Oc2ccc(N)cc2)cc1,S=P(Oc1ccccc1)(Oc1ccccc1)Oc1ccccc1,-5.3094072341918945,-5.049480438232422,0.25992679595947266,0.25992679595947266,test,scaffold,Small GNN
Nc1ccc(S(=O)(=O)NC(=O)c2ccccc2)cc1,O=C(NS(=O)(=O)c1ccccc1)c1ccccc1,-2.9500999450683594,-3.5703184604644775,-0.6202185153961182,0.6202185153961182,test,scaffold,Small GNN
Nc1ccc(S(=O)(=O)Nc2ccc(I)nc2)cc1,O=S(=O)(Nc1cccnc1)c1ccccc1,-1.809999942779541,-3.4622280597686768,-1.6522281169891357,1.6522281169891357,test,scaffold,Small GNN
Nc1ccc(S(=O)(=O)Nc2cnc3ccccc3n2)cc1,O=S(=O)(Nc1cnc2ccccc2n1)c1ccccc1,-4.60260009765625,-3.463205099105835,1.139394998550415,1.139394998550415,test,scaffold,Small GNN
Nc1ccc(S(=O)(=O)Nc2ncccn2)cc1,O=S(=O)(Nc1ncccn1)c1ccccc1,-2.1600000858306885,-2.5356006622314453,-0.37560057640075684,0.37560057640075684,test,scaffold,Small GNN
Nc1ccc2c(O)c(N=Nc3ccc(N=Nc4ccc(S(=O)(=O)O)cc4)cc3)c(S(=O)(=O)O)cc2c1,c1ccc(N=Nc2ccc(N=Nc3ccc4ccccc4c3)cc2)cc1,-0.4603540897369385,-1.711930274963379,-1.2515761852264404,1.2515761852264404,test,scaffold,Small GNN
Nc1ccc2snnc2c1,c1ccc2snnc2c1,-1.3044999837875366,-2.6468212604522705,-1.3423212766647339,1.3423212766647339,test,scaffold,Small GNN
Nc1nc(-c2ccc3ccccc3c2)cs1,c1ccc2cc(-c3cscn3)ccc2c1,-4.849542140960693,-4.25881814956665,0.590723991394043,0.590723991394043,test,scaffold,Small GNN
Nc1nc(=O)c(O[C@@H]2O[C@H](CO)[C@@H](O)[C@H](O)[C@H]2O)c(N)[nH]1,O=c1nc[nH]cc1OC1CCCCO1,-1.483199954032898,-2.0946269035339355,-0.6114269495010376,0.6114269495010376,test,scaffold,Small GNN
Nc1nc(=O)n(-c2ccccc2)[nH]1,O=c1nc[nH]n1-c1ccccc1,-2.4700000286102295,-2.630502939224243,-0.16050291061401367,0.16050291061401367,test,scaffold,Small GNN
Nc1nc(O)c2ncn(C3C=CC(CO)C3)c2n1,C1=CC(n2cnc3cncnc32)CC1,-2.299999952316284,-2.3637938499450684,-0.06379389762878418,0.06379389762878418,test,scaffold,Small GNN
Nc1nc2[nH]cc(CCc3ccc(C(=O)O)cc3)c2c(=O)[nH]1,O=c1[nH]cnc2[nH]cc(CCc3ccccc3)c12,-3.574289083480835,-3.311493396759033,0.26279568672180176,0.26279568672180176,test,scaffold,Small GNN
Nc1nc2[nH]cnc2c(=S)[nH]1,S=c1[nH]cnc2[nH]cnc12,-3.309999942779541,-2.8479700088500977,0.46202993392944336,0.46202993392944336,test,scaffold,Small GNN
Nc1nc2c(ncn2COCCOC(=O)c2ccc(CN3CCOCC3)cc2)c(=O)[nH]1,O=C(OCCOCn1cnc2c(=O)[nH]cnc21)c1ccc(CN2CCOCC2)cc1,-2.75,-3.1934871673583984,-0.44348716735839844,0.44348716735839844,test,scaffold,Small GNN
Nc1nnc(-c2ccc(O)cc2)o1,c1ccc(-c2nnco2)cc1,-0.7699999809265137,-2.4476237297058105,-1.6776237487792969,1.6776237487792969,test,scaffold,Small GNN
O=C(/C=C/c1ccc(O)c(O)c1)O[C@@H]1C[C@](O)(C(=O)O)C[C@@H](O)[C@H]1O,O=C(C=Cc1ccccc1)OC1CCCCC1,-0.9473000168800354,-1.81679368019104,-0.8694936633110046,0.8694936633110046,test,scaffold,Small GNN
O=C(/C=C/c1ccccc1)OCCc1ccccc1,O=C(C=Cc1ccccc1)OCCc1ccccc1,-5.401939392089844,-4.705541133880615,0.6963982582092285,0.6963982582092285,test,scaffold,Small GNN
O=C(C1CCCC1)N(O)C1CCCCC1,O=C(NC1CCCCC1)C1CCCC1,-3.1600000858306885,-2.5380747318267822,0.6219253540039062,0.6219253540039062,test,scaffold,Small GNN
O=C(C1CCCCC1)N1CC(=O)N2CCc3ccccc3C2C1,O=C(C1CCCCC1)N1CC(=O)N2CCc3ccccc3C2C1,-2.892699956893921,-3.1977379322052,-0.3050379753112793,0.3050379753112793,test,scaffold,Small GNN
O=C(CC(=O)c1ccccc1)c1ccccc1,O=C(CC(=O)c1ccccc1)c1ccccc1,-5.65790319442749,-3.732269287109375,1.9256339073181152,1.9256339073181152,test,scaffold,Small GNN
O=C(COC(=O)c1ccccc1)NC1CCCCC1,O=C(COC(=O)c1ccccc1)NC1CCCCC1,-3.9000000953674316,-3.1812522411346436,0.7187478542327881,0.7187478542327881,test,scaffold,Small GNN
O=C(Cn1ccnc1[N+](=O)[O-])NCc1ccccc1,O=C(Cn1ccnc1)NCc1ccccc1,-2.812999963760376,-2.251040458679199,0.5619595050811768,0.5619595050811768,test,scaffold,Small GNN
O=C(NC(=O)c1c(F)cccc1F)Nc1cc(Cl)c(Oc2ncc(C(F)(F)F)cc2Cl)c(Cl)c1,O=C(NC(=O)c1ccccc1)Nc1ccc(Oc2ccccn2)cc1,-8.649999618530273,-6.70577335357666,1.9442262649536133,1.9442262649536133,test,scaffold,Small GNN
O=C(NC(=O)c1cccnc1)Nc1ccccc1,O=C(NC(=O)c1cccnc1)Nc1ccccc1,-3.382499933242798,-2.8612287044525146,0.5212712287902832,0.5212712287902832,test,scaffold,Small GNN
O=C(NNC(=O)c1ccccc1)c1ccccc1,O=C(NNC(=O)c1ccccc1)c1ccccc1,-1.5882999897003174,-3.697887897491455,-2.1095879077911377,2.1095879077911377,test,scaffold,Small GNN
O=C(Nc1cc(Cl)c(NC(=O)C2=Cc3ccccc3/C(=N\Nc3cc(C(F)(F)F)ccc3Cl)C2=O)cc1Cl)C1=Cc2ccccc2/C(=N/Nc2cc(C(F)(F)F)ccc2Cl)C1=O,O=C(Nc1ccc(NC(=O)C2=Cc3ccccc3C(=NNc3ccccc3)C2=O)cc1)C1=Cc2ccccc2C(=NNc2ccccc2)C1=O,-7.692243576049805,-9.600431442260742,-1.9081878662109375,1.9081878662109375,test,scaffold,Small GNN
O=C(Nc1cc(Cl)c(NC(=O)C2=Cc3ccccc3/C(=N\Nc3cc(Cl)ccc3Cl)C2=O)cc1Cl)C1=Cc2ccccc2/C(=N/Nc2cc(Cl)ccc2Cl)C1=O,O=C(Nc1ccc(NC(=O)C2=Cc3ccccc3C(=NNc3ccccc3)C2=O)cc1)C1=Cc2ccccc2C(=NNc2ccccc2)C1=O,-8.15086841583252,-9.871654510498047,-1.7207860946655273,1.7207860946655273,test,scaffold,Small GNN
O=C(Nc1ccc(Cc2ccc(NC(=O)NC3CCCCC3)cc2)cc1)NC1CCCCC1,O=C(Nc1ccc(Cc2ccc(NC(=O)NC3CCCCC3)cc2)cc1)NC1CCCCC1,-5.142667293548584,-4.962682723999023,0.17998456954956055,0.17998456954956055,test,scaffold,Small GNN
O=C(Nc1ccc(Cl)cc1C(O)c1ccccc1)c1ccncc1,O=C(Nc1ccccc1Cc1ccccc1)c1ccncc1,-5.529900074005127,-4.021062850952148,1.5088372230529785,1.5088372230529785,test,scaffold,Small GNN
O=C(Nc1ccc(NC(=O)C2=Cc3ccccc3/C(=N\Nc3cc(Cl)ccc3Cl)C2=O)c(Cl)c1)C1=Cc2ccccc2/C(=N\Nc2cc(Cl)ccc2Cl)C1=O,O=C(Nc1ccc(NC(=O)C2=Cc3ccccc3C(=NNc3ccccc3)C2=O)cc1)C1=Cc2ccccc2C(=NNc2ccccc2)C1=O,-7.869298458099365,-9.63175106048584,-1.7624526023864746,1.7624526023864746,test,scaffold,Small GNN
O=C(Nc1ccc2[nH]c(=O)[nH]c2c1)C1=Cc2ccccc2/C(=N/Nc2cc(Cl)ccc2Cl)C1=O,O=C(Nc1ccc2[nH]c(=O)[nH]c2c1)C1=Cc2ccccc2C(=NNc2ccccc2)C1=O,-7.4618000984191895,-7.999911785125732,-0.538111686706543,0.538111686706543,test,scaffold,Small GNN
O=C(Nc1ccc2c(c1)C=C(S(=O)(=O)O)/C(=N/Nc1ccc(N=Nc3ccc(S(=O)(=O)O)cc3)cc1)C2=O)c1ccccc1,O=C(Nc1ccc2c(c1)C=CC(=NNc1ccc(N=Nc3ccccc3)cc1)C2=O)c1ccccc1,-2.1566765308380127,-1.9214478731155396,0.23522865772247314,0.23522865772247314,test,scaffold,Small GNN
O=C(Nc1cccc2c(NC(=O)C3=Cc4ccccc4/C(=N\Nc4cccc(Cl)c4Cl)C3=O)cccc12)C1=Cc2ccccc2/C(=N/Nc2cccc(Cl)c2Cl)C1=O,O=C(Nc1cccc2c(NC(=O)C3=Cc4ccccc4C(=NNc4ccccc4)C3=O)cccc12)C1=Cc2ccccc2C(=NNc2ccccc2)C1=O,-9.227651596069336,-9.339254379272461,-0.111602783203125,0.111602783203125,test,scaffold,Small GNN
O=C(Nc1ccccc1)C(O)(O)C(=O)Nc1ccccc1,O=C(CC(=O)Nc1ccccc1)Nc1ccccc1,-2.4567999839782715,-2.291691780090332,0.16510820388793945,0.16510820388793945,test,scaffold,Small GNN
O=C(Nc1ccccc1)N(Cc1ccc(Cl)cc1)C1CCCC1,O=C(Nc1ccccc1)N(Cc1ccccc1)C1CCCC1,-5.914999961853027,-5.771347522735596,0.14365243911743164,0.14365243911743164,test,scaffold,Small GNN
O=C(Nc1ccccc1)Nc1ccccc1NS(=O)(=O)c1ccccc1,O=C(Nc1ccccc1)Nc1ccccc1NS(=O)(=O)c1ccccc1,-4.578402996063232,-4.993180274963379,-0.4147772789001465,0.4147772789001465,test,scaffold,Small GNN
O=C(Nc1ncccn1)c1cnccn1,O=C(Nc1ncccn1)c1cnccn1,-0.303600013256073,-1.4640947580337524,-1.1604947447776794,1.1604947447776794,test,scaffold,Small GNN
O=C(O)C(NCCCCCNC(C(=O)O)c1ccccc1)c1ccccc1,c1ccc(CNCCCCCNCc2ccccc2)cc1,-2.0199999809265137,-2.0169966220855713,0.003003358840942383,0.003003358840942383,test,scaffold,Small GNN
O=C(O)C(Oc1ccccc1Cl)Oc1ccccc1Cl,c1ccc(OCOc2ccccc2)cc1,-2.8299999237060547,-4.558437347412109,-1.7284374237060547,1.7284374237060547,test,scaffold,Small GNN
O=C(O)C(SCCSC(C(=O)O)c1ccccc1)c1ccccc1,c1ccc(CSCCSCc2ccccc2)cc1,-3.4100000858306885,-3.1743457317352295,0.23565435409545898,0.23565435409545898,test,scaffold,Small GNN
O=C(O)C1=CCCc2ccccc21,C1=Cc2ccccc2CC1,-2.7939000129699707,-3.4243178367614746,-0.6304178237915039,0.6304178237915039,test,scaffold,Small GNN
O=C(O)C1CCC(=O)N1CN1C(=O)CCC1C(=O)O,O=C1CCCN1CN1CCCC1=O,-1.309999942779541,-0.8671340942382812,0.44286584854125977,0.44286584854125977,test,scaffold,Small GNN
O=C(O)C1CCC(C(=O)O)SS1,C1CCSSC1,-1.9299999475479126,-0.532036304473877,1.3979636430740356,1.3979636430740356,test,scaffold,Small GNN
O=C(O)C1CCC(C(=O)O)[Se]1,C1CC[Se]C1,-0.5450000166893005,-0.4160153865814209,0.12898463010787964,0.12898463010787964,test,scaffold,Small GNN
O=C(O)CN1C(=O)NC(=O)C1Cc1ccccc1,O=C1NC(=O)C(Cc2ccccc2)N1,-1.7899999618530273,-2.053154945373535,-0.2631549835205078,0.2631549835205078,test,scaffold,Small GNN
O=C(O)Cn1ccc2cc3c(Nc4cccc(Br)c4)ncnc3cc21,c1ccc(Nc2ncnc3cc4[nH]ccc4cc23)cc1,-1.9600000381469727,-4.706535339355469,-2.746535301208496,2.746535301208496,test,scaffold,Small GNN
O=C(O)[C@@H]1CC[C@H](C(=O)O)SS1,C1CCSSC1,-1.1708999872207642,-0.532036304473877,0.6388636827468872,0.6388636827468872,test,scaffold,Small GNN
O=C(O)[C@H]1CC[C@H](C(=O)O)SS1,C1CCSSC1,-1.5240999460220337,-0.532036304473877,0.9920636415481567,0.9920636415481567,test,scaffold,Small GNN
O=C(O)[C@H]1CC[C@H](C(=O)O)[Se][Se]1,C1CC[Se][Se]C1,-2.105299949645996,-1.1937620639801025,0.9115378856658936,0.9115378856658936,test,scaffold,Small GNN
O=C(O)c1cc(=O)c2cc3c(cc2o1)CCCC3,O=c1ccoc2cc3c(cc12)CCCC3,-1.0499999523162842,-4.307775497436523,-3.2577755451202393,3.2577755451202393,test,scaffold,Small GNN
O=C(O)c1cc(Nc2ccccc2)c(C(=O)O)cc1Nc1ccccc1,c1ccc(Nc2ccc(Nc3ccccc3)cc2)cc1,-4.985723495483398,-4.511084079742432,0.4746394157409668,0.4746394157409668,test,scaffold,Small GNN
O=C(O)c1cc(S(=O)(=O)O)ccc1NN/C(=N\Nc1cc(S(=O)(=O)O)cc(Nc2nc(Cl)nc(N=C3C=C(S(=O)(=O)O)C(=Nc4nc(Cl)nc(Nc5cccc(S(=O)(=O)O)c5)n4)C=C3S(=O)(=O)O)n2)c1O)c1ccccc1,C1=CC(=Nc2ncnc(Nc3cccc(NN=C(NNc4ccccc4)c4ccccc4)c3)n2)C=CC1=Nc1ncnc(Nc2ccccc2)n1,-0.8254112601280212,-0.9418556690216064,-0.1164444088935852,0.1164444088935852,test,scaffold,Small GNN
O=C(O)c1ccc(P(=O)(O)c2ccccc2)cc1,O=[PH](c1ccccc1)c1ccccc1,-4.070000171661377,-1.9980634450912476,2.0719367265701294,2.0719367265701294,test,scaffold,Small GNN
O=C(O)c1ccc(P(=O)(c2ccccc2)c2ccc(C(=O)O)cc2)cc1,O=P(c1ccccc1)(c1ccccc1)c1ccccc1,-6.010000228881836,-3.362076759338379,2.647923469543457,2.647923469543457,test,scaffold,Small GNN
O=C(O)c1ccc[n+](-c2nc(NCCNc3ccc4c(c3S(=O)(=O)[O-])Oc3c(Cl)c5c(c(Cl)c3=N4)Oc3c(ccc(NCCNc4nc(Nc6cc(S(=O)(=O)O)ccc6S(=O)(=O)O)nc(-[n+]6cccc(C(=O)O)c6)n4)c3S(=O)(=O)[O-])N=5)nc(Nc3cc(S(=O)(=O)O)ccc3S(=O)(=O)O)n2)c1,c1ccc(Nc2nc(NCCNc3ccc4c(c3)Oc3cc5c(cc3=N4)Oc3cc(NCCNc4nc(Nc6ccccc6)nc(-[n+]6ccccc6)n4)ccc3N=5)nc(-[n+]3ccccc3)n2)cc1,-0.9522048234939575,-0.8362700939178467,0.11593472957611084,0.11593472957611084,test,scaffold,Small GNN
O=C(O)c1ccccc1C(=O)c1ccc(-c2ccccc2)cc1,O=C(c1ccccc1)c1ccc(-c2ccccc2)cc1,-4.828233242034912,-4.005943298339844,0.8222899436950684,0.8222899436950684,test,scaffold,Small GNN
O=C(O)c1ccccc1C(c1ccc(O)cc1)c1ccc(O)cc1,c1ccc(C(c2ccccc2)c2ccccc2)cc1,-3.2625999450683594,-3.24861741065979,0.013982534408569336,0.013982534408569336,test,scaffold,Small GNN
O=C(OC(=O)c1ccccc1)c1ccccc1,O=C(OC(=O)c1ccccc1)c1ccccc1,-4.354599952697754,-3.811873197555542,0.5427267551422119,0.5427267551422119,test,scaffold,Small GNN
O=C(OC1CCCCC1)c1ccccc1O,O=C(OC1CCCCC1)c1ccccc1,-4.554076194763184,-4.207418441772461,0.34665775299072266,0.34665775299072266,test,scaffold,Small GNN
O=C(OCC(=O)N(C1CCCCC1)C1CCCCC1)c1ccccc1,O=C(OCC(=O)N(C1CCCCC1)C1CCCCC1)c1ccccc1,-5.059999942779541,-4.187232494354248,0.872767448425293,0.872767448425293,test,scaffold,Small GNN
O=C(OCC(=O)N1CCC(O)CC1)c1ccccc1,O=C(OCC(=O)N1CCCCC1)c1ccccc1,-1.3486000299453735,-1.7516090869903564,-0.4030090570449829,0.4030090570449829,test,scaffold,Small GNN
O=C(OCC(=O)N1CCCCC1)c1ccccc1,O=C(OCC(=O)N1CCCCC1)c1ccccc1,-2.5011000633239746,-2.5429182052612305,-0.04181814193725586,0.04181814193725586,test,scaffold,Small GNN
O=C(OCC1CCC2OC2C1)C1CCC2OC2C1,O=C(OCC1CCC2OC2C1)C1CCC2OC2C1,-1.2604846954345703,-3.183962345123291,-1.9234776496887207,1.9234776496887207,test,scaffold,Small GNN
O=C(OCC1CO1)C1CC=CCC1C(=O)OCC1CO1,O=C(OCC1CO1)C1CC=CCC1C(=O)OCC1CO1,-1.340108871459961,-2.2152607440948486,-0.8751518726348877,0.8751518726348877,test,scaffold,Small GNN
O=C(OCCOCCOC(=O)c1ccccc1)c1ccccc1,O=C(OCCOCCOC(=O)c1ccccc1)c1ccccc1,-3.9374887943267822,-3.6856279373168945,0.2518608570098877,0.2518608570098877,test,scaffold,Small GNN
O=C(OCn1ncc2c(=O)[nH]cnc21)c1ccccc1,O=C(OCn1ncc2c(=O)[nH]cnc21)c1ccccc1,-4.050000190734863,-3.8272063732147217,0.2227938175201416,0.2227938175201416,test,scaffold,Small GNN
O=C(Oc1ccccc1)c1ccccc1C(=O)Oc1ccccc1,O=C(Oc1ccccc1)c1ccccc1C(=O)Oc1ccccc1,-6.589099884033203,-4.910641670227051,1.6784582138061523,1.6784582138061523,test,scaffold,Small GNN
O=C(Oc1ccccc1)n1c(=O)[nH]cc(F)c1=O,O=C(Oc1ccccc1)n1c(=O)cc[nH]c1=O,-3.2200000286102295,-2.3900012969970703,0.8299987316131592,0.8299987316131592,test,scaffold,Small GNN
O=C(c1ccc(F)cc1)C1CCNCC1,O=C(c1ccccc1)C1CCNCC1,0.5890195965766907,-2.0973029136657715,-2.686322510242462,2.686322510242462,test,scaffold,Small GNN
O=C(c1ccc(Oc2ccccc2)cc1)c1ccc(C(=O)c2ccc(Oc3ccccc3)cc2)cc1,O=C(c1ccc(Oc2ccccc2)cc1)c1ccc(C(=O)c2ccc(Oc3ccccc3)cc2)cc1,-7.973611831665039,-6.236976623535156,1.7366352081298828,1.7366352081298828,test,scaffold,Small GNN
O=C(c1cccc2ccccc12)N(O)c1ccccc1,O=C(Nc1ccccc1)c1cccc2ccccc12,-3.9433000087738037,-4.023403167724609,-0.08010315895080566,0.08010315895080566,test,scaffold,Small GNN
O=C(c1ccccc1)c1ccc2n1CCC2C(=O)O,O=C(c1ccccc1)c1ccc2n1CCC2,-3.259999990463257,-3.396610975265503,-0.1366109848022461,0.1366109848022461,test,scaffold,Small GNN
O=C1/C(=C2/Nc3ccccc3C2=O)Nc2ccccc21,O=C1C(=C2Nc3ccccc3C2=O)Nc2ccccc21,-6.719775199890137,-7.706691265106201,-0.9869160652160645,0.9869160652160645,test,scaffold,Small GNN
O=C1C(=C2Nc3ccccc3C=C2O)C(=O)c2ccccc21,O=C1C(=C2C=Cc3ccccc3N2)C(=O)c2ccccc21,-7.046360015869141,-6.5812788009643555,0.46508121490478516,0.46508121490478516,test,scaffold,Small GNN
O=C1C(O)=C(C2CCC(c3ccc(Cl)cc3)CC2)C(=O)c2ccccc21,O=C1C=C(C2CCC(c3ccccc3)CC2)C(=O)c2ccccc21,-5.931000232696533,-4.997993469238281,0.933006763458252,0.933006763458252,test,scaffold,Small GNN
O=C1C(O)=C(O)OC1C(O)CO,O=C1C=COC1,0.2770000100135803,0.10494756698608398,-0.17205244302749634,0.17205244302749634,test,scaffold,Small GNN
O=C1C(O)=C(O)O[C@@H]1[C@H](O)CO,O=C1C=COC1,-0.13254477083683014,0.10494756698608398,0.23749233782291412,0.23749233782291412,test,scaffold,Small GNN
O=C1C(S(=O)(=O)O)=C(O)c2ccccc21,O=C1C=Cc2ccccc21,-2.2300000190734863,-0.6515579223632812,1.578442096710205,1.578442096710205,test,scaffold,Small GNN
O=C1C(S(=O)(=O)O)=Cc2cc(S(=O)(=O)O)ccc2/C1=N\Nc1ccc(S(=O)(=O)O)c2ccccc12,O=C1C=Cc2ccccc2C1=NNc1cccc2ccccc12,-1.0824140310287476,-0.24863958358764648,0.8337744474411011,0.8337744474411011,test,scaffold,Small GNN
O=C1C=C(O)C(N=Nc2ccc(N=Nc3ccc(Nc4ccc([N+](=O)[O-])cc4S(=O)(=O)O)cc3)c3c(S(=O)(=O)O)cccc23)=C/C1=N/Nc1ccc(Nc2ccc([N+](=O)[O-])cc2S(=O)(=O)O)cc1,O=C1C=CC(N=Nc2ccc(N=Nc3ccc(Nc4ccccc4)cc3)c3ccccc23)=CC1=NNc1ccc(Nc2ccccc2)cc1,-0.3225773274898529,-1.9285353422164917,-1.6059580147266388,1.6059580147266388,test,scaffold,Small GNN
O=C1C=C(S(=O)(=O)O)c2cc([N+](=O)[O-])ccc2/C1=N\Nc1c(O)ccc2ccccc12,O=C1C=Cc2ccccc2C1=NNc1cccc2ccccc12,-5.166184425354004,-2.8239877223968506,2.3421967029571533,2.3421967029571533,test,scaffold,Small GNN
O=C1C=C/C(=N\Nc2cc(S(=O)(=O)O)cc3cc(S(=O)(=O)O)cc(O)c23)C(O)=C1,O=C1C=CC(=NNc2cccc3ccccc23)C=C1,-1.3075464963912964,-1.1760843992233276,0.13146209716796875,0.13146209716796875,test,scaffold,Small GNN
O=C1C=C2CC3(O)COc4c(ccc(O)c4O)C3=C2C=C1O,O=C1C=CC2=C3c4ccccc4OCC3CC2=C1,-2.699399948120117,-3.4954142570495605,-0.7960143089294434,0.7960143089294434,test,scaffold,Small GNN
O=C1C=Cc2cc(S(=O)(=O)O)cc(S(=O)(=O)O)c2/C1=N/Nc1ccc(S(=O)(=O)O)c2ccccc12,O=C1C=Cc2ccccc2C1=NNc1cccc2ccccc12,-0.8783000111579895,-0.46336889266967773,0.41493111848831177,0.41493111848831177,test,scaffold,Small GNN
O=C1C=Cc2cc(S(=O)(=O)O)ccc2/C1=N\Nc1ccc(N=Nc2ccc(Nc3ccccc3)c(S(=O)(=O)O)c2)c2ccccc12,O=C1C=Cc2ccccc2C1=NNc1ccc(N=Nc2ccc(Nc3ccccc3)cc2)c2ccccc12,-1.0156300067901611,-1.9527437686920166,-0.9371137619018555,0.9371137619018555,test,scaffold,Small GNN
O=C1C=Cc2ccccc2/C1=N/Nc1ccc(-c2ccc(N/N=C3\C(=O)C=Cc4ccccc43)cc2S(=O)(=O)O)c(S(=O)(=O)O)c1,O=C1C=Cc2ccccc2C1=NNc1ccc(-c2ccc(NN=C3C(=O)C=Cc4ccccc43)cc2)cc1,-1.8973139524459839,-2.013173818588257,-0.11585986614227295,0.11585986614227295,test,scaffold,Small GNN
O=C1C=Cc2ccccc2/C1=N\Nc1ccc(S(=O)(=O)O)c2ccccc12,O=C1C=Cc2ccccc2C1=NNc1cccc2ccccc12,-2.4263930320739746,-2.3409197330474854,0.08547329902648926,0.08547329902648926,test,scaffold,Small GNN
O=C1CC(=O)CC(c2ccccc2)C1,O=C1CC(=O)CC(c2ccccc2)C1,-2.509999990463257,-1.5251377820968628,0.984862208366394,0.984862208366394,test,scaffold,Small GNN
O=C1CC(c2ccccc2)CC(=O)C1[N+](=O)[O-],O=C1CC(=O)CC(c2ccccc2)C1,-1.6687999963760376,-1.9191431999206543,-0.2503432035446167,0.2503432035446167,test,scaffold,Small GNN
O=C1CC2OCC=C3C[N+]4(O)CCC56c7ccccc7N1C5C2C3CC64,O=C1CC2OCC=C3C[NH+]4CCC56c7ccccc7N1C5C2C3CC46,-1.2799999713897705,-2.326580047607422,-1.0465800762176514,1.0465800762176514,test,scaffold,Small GNN
O=C1CCC(=O)O1,O=C1CCC(=O)O1,-0.20166628062725067,0.20034337043762207,0.40200965106487274,0.40200965106487274,test,scaffold,Small GNN
O=C1CCCCC1C1=CCCCC1,O=C1CCCCC1C1=CCCCC1,-2.7739999294281006,-3.4938220977783203,-0.7198221683502197,0.7198221683502197,test,scaffold,Small GNN
O=C1CCCCCCC/C=C\CCCCCCO1,O=C1CCCCCCCC=CCCCCCCO1,-5.629397392272949,-2.4787793159484863,3.150618076324463,3.150618076324463,test,scaffold,Small GNN
O=C1CCCCCCCCCCC(=O)OCCO1,O=C1CCCCCCCCCCC(=O)OCCO1,-3.5337584018707275,-1.056260108947754,2.4774982929229736,2.4774982929229736,test,scaffold,Small GNN
O=C1CCCCCCCCCCC1,O=C1CCCCCCCCCCC1,-3.845829963684082,-2.758934736251831,1.086895227432251,1.086895227432251,test,scaffold,Small GNN
O=C1CCCCCCCCCCCCCCCCCN1,O=C1CCCCCCCCCCCCCCCCCN1,-2.847399950027466,-2.976991653442383,-0.129591703414917,0.129591703414917,test,scaffold,Small GNN
O=C1CCCCCCCCCCCN1,O=C1CCCCCCCCCCCN1,-2.8195042610168457,-2.1541664600372314,0.6653378009796143,0.6653378009796143,test,scaffold,Small GNN
O=C1CCCCCCCN1,O=C1CCCCCCCN1,0.6328999996185303,-1.116814136505127,-1.7497141361236572,1.7497141361236572,test,scaffold,Small GNN
O=C1CCCCCN1C(=O)NCCCCCCNC(=O)N1CCCCCC1=O,O=C1CCCCCN1C(=O)NCCCCCCNC(=O)N1CCCCCC1=O,-3.906400680541992,-2.9226534366607666,0.9837472438812256,0.9837472438812256,test,scaffold,Small GNN
O=C1CCCCCNC(=O)CCCCCNC(=O)CCCCCNC(=O)CCCCCN1,O=C1CCCCCNC(=O)CCCCCNC(=O)CCCCCNC(=O)CCCCCN1,-2.8125998973846436,-0.5522177219390869,2.2603821754455566,2.2603821754455566,test,scaffold,Small GNN
O=C1CCN(Cc2ccccc2)CC1,O=C1CCN(Cc2ccccc2)CC1,-1.016982913017273,-1.3329973220825195,-0.3160144090652466,0.3160144090652466,test,scaffold,Small GNN
O=C1Cc2c(ccc3ccccc23)O1,O=C1Cc2c(ccc3ccccc23)O1,-2.7077999114990234,-4.056547164916992,-1.3487472534179688,1.3487472534179688,test,scaffold,Small GNN
O=C1Cc2cc(CCCl)c(Cl)cc2N1,O=C1Cc2ccccc2N1,-4.777574062347412,-4.818302631378174,-0.04072856903076172,0.04072856903076172,test,scaffold,Small GNN
O=C1Cc2ccc(Cl)cc2N1,O=C1Cc2ccccc2N1,-2.9689886569976807,-3.5970890522003174,-0.6281003952026367,0.6281003952026367,test,scaffold,Small GNN
O=C1Cc2cccc(F)c2N1,O=C1Cc2ccccc2N1,-2.2251369953155518,-3.0630180835723877,-0.8378810882568359,0.8378810882568359,test,scaffold,Small GNN
O=C1NC(=O)C(=O)C(=O)N1,O=C1NC(=O)C(=O)C(=O)N1,-1.25,-1.3966710567474365,-0.14667105674743652,0.14667105674743652,test,scaffold,Small GNN
O=C1NC(=O)C(O)(C2(O)C(=O)NC(=O)NC2=O)C(=O)N1,O=C1NC(=O)C(C2C(=O)NC(=O)NC2=O)C(=O)N1,-1.9941999912261963,-1.6446053981781006,0.3495945930480957,0.3495945930480957,test,scaffold,Small GNN
O=C1NC(=O)C(c2ccccc2)(c2ccccc2)C(=O)N1,O=C1NC(=O)C(c2ccccc2)(c2ccccc2)C(=O)N1,-4.199999809265137,-3.2661900520324707,0.933809757232666,0.933809757232666,test,scaffold,Small GNN
O=C1NC(=O)C2(CCC2)C(=O)N1,O=C1NC(=O)C2(CCC2)C(=O)N1,-1.659999966621399,-2.141676664352417,-0.48167669773101807,0.48167669773101807,test,scaffold,Small GNN
O=C1NC(=O)C2(CCCCCCC2)C(=O)N1,O=C1NC(=O)C2(CCCCCCC2)C(=O)N1,-2.9800000190734863,-2.667060375213623,0.3129396438598633,0.3129396438598633,test,scaffold,Small GNN
O=C1NC(=O)C2=C1CCCC2,O=C1NC(=O)C2=C1CCCC2,-1.9745177030563354,-4.04801607131958,-2.0734983682632446,2.0734983682632446,test,scaffold,Small GNN
O=C1NC(=O)c2ccc3c4ccc5c6c(ccc(c7ccc1c2c73)c64)C(=O)NC5=O,O=C1NC(=O)c2ccc3c4ccc5c6c(ccc(c7ccc1c2c73)c64)C(=O)NC5=O,-7.591458797454834,-6.043373107910156,1.5480856895446777,1.5480856895446777,test,scaffold,Small GNN
O=C1NC2C=CC1C2,O=C1NC2C=CC1C2,0.9361608028411865,-1.3452436923980713,-2.281404495239258,2.281404495239258,test,scaffold,Small GNN
O=C1NCN(c2ccccc2)C12CCN(CCCC(c1ccc(F)cc1)c1ccc(F)cc1)CC2,O=C1NCN(c2ccccc2)C12CCN(CCCC(c1ccccc1)c1ccccc1)CC2,-4.677199840545654,-4.559591770172119,0.11760807037353516,0.11760807037353516,test,scaffold,Small GNN
O=C1Nc2ccc(Cl)cc2C(=O)N2CCCC12,O=C1Nc2ccccc2C(=O)N2CCCC12,-4.699999809265137,-3.4676806926727295,1.2323191165924072,1.2323191165924072,test,scaffold,Small GNN
O=C1Nc2ccccc2C(=O)N2CC(O)CC12,O=C1Nc2ccccc2C(=O)N2CCCC12,-2.369999885559082,-2.501107692718506,-0.13110780715942383,0.13110780715942383,test,scaffold,Small GNN
O=C1Nc2ccccc2C(=O)N2CCCC12,O=C1Nc2ccccc2C(=O)N2CCCC12,-3.75,-2.718520164489746,1.031479835510254,1.031479835510254,test,scaffold,Small GNN
O=C1OC(=O)C2C1C1(Cl)C(Cl)=C(Cl)C2(Cl)C1(Cl)Cl,O=C1OC(=O)C2C3C=CC(C3)C12,-5.171235084533691,-3.718186378479004,1.4530487060546875,1.4530487060546875,test,scaffold,Small GNN
O=C1OC(=O)c2ccc3c4ccc5c6c(ccc(c7ccc1c2c73)c64)C(=O)OC5=O,O=C1OC(=O)c2ccc3c4ccc5c6c(ccc(c7ccc1c2c73)c64)C(=O)OC5=O,-5.593642711639404,-5.356349945068359,0.23729276657104492,0.23729276657104492,test,scaffold,Small GNN
O=C1OC(c2ccc(Br)cc2)C(Br)C1=O,O=C1CC(c2ccccc2)OC1=O,-3.049999952316284,-2.5392751693725586,0.5107247829437256,0.5107247829437256,test,scaffold,Small GNN
O=C1OC(c2ccc(O)cc2)(c2ccc(O)cc2)c2ccccc21,O=C1OC(c2ccccc2)(c2ccccc2)c2ccccc21,-2.9007999897003174,-3.4527580738067627,-0.5519580841064453,0.5519580841064453,test,scaffold,Small GNN
O=C1OC(c2ccccc2)(c2ccccc2)c2ccccc21,O=C1OC(c2ccccc2)(c2ccccc2)c2ccccc21,-3.8499999046325684,-4.120564937591553,-0.2705650329589844,0.2705650329589844,test,scaffold,Small GNN
O=C1OCC(CO)O1,O=C1OCCO1,0.9277942180633545,0.8704969882965088,-0.0572972297668457,0.0572972297668457,test,scaffold,Small GNN
O=C1OCCO1,O=C1OCCO1,0.9461910724639893,0.6450767517089844,-0.3011143207550049,0.3011143207550049,test,scaffold,Small GNN
O=C1OCc2ccc3ccccc3c21,O=C1OCc2ccc3ccccc3c21,-3.3062000274658203,-3.78743052482605,-0.4812304973602295,0.4812304973602295,test,scaffold,Small GNN
O=C1c2c(Cl)c(Cl)c(Cl)c(Cl)c2C2=Nc3cccc4cccc(c34)N12,O=C1c2ccccc2C2=Nc3cccc4cccc(c34)N12,-7.133614540100098,-8.535774230957031,-1.4021596908569336,1.4021596908569336,test,scaffold,Small GNN
O=C1c2c(O)cccc2[C@@H]([C@@H]2O[C@H](CO)[C@@H](O)[C@H](O)[C@H]2O)c2cc(CO)cc(O)c21,O=C1c2ccccc2C(C2CCCCO2)c2ccccc21,-1.7024999856948853,-2.8466060161590576,-1.1441060304641724,1.1441060304641724,test,scaffold,Small GNN
O=C1c2ccc3c4ccc5c6c(ccc(c7ccc(c2c37)C(=O)N1CCc1ccccc1)c64)C(=O)N(CCc1ccccc1)C5=O,O=C1c2ccc3c4ccc5c6c(ccc(c7ccc(c2c37)C(=O)N1CCc1ccccc1)c64)C(=O)N(CCc1ccccc1)C5=O,-8.47614860534668,-6.934306621551514,1.541841983795166,1.541841983795166,test,scaffold,Small GNN
O=C1c2ccccc2/C(=N/O)C1[N+](=O)[O-],N=C1CC(=O)c2ccccc21,-2.680000066757202,-3.027543306350708,-0.34754323959350586,0.34754323959350586,test,scaffold,Small GNN
O=C1c2ccccc2C(=O)C1c1ccc2cc(S(=O)(=O)O)cc(S(=O)(=O)O)c2n1,O=C1c2ccccc2C(=O)C1c1ccc2ccccc2n1,-0.3778369426727295,-0.6348397731781006,-0.2570028305053711,0.2570028305053711,test,scaffold,Small GNN
O=C1c2ccccc2C(=O)C1c1ccc2ccccc2n1,O=C1c2ccccc2C(=O)C1c1ccc2ccccc2n1,-4.701186180114746,-3.948613405227661,0.752572774887085,0.752572774887085,test,scaffold,Small GNN
O=C1c2ccccc2C(=O)C1c1nc2ccccc2c(Br)c1O,O=C1c2ccccc2C(=O)C1c1ccc2ccccc2n1,-4.8670973777771,-4.149242877960205,0.7178544998168945,0.7178544998168945,test,scaffold,Small GNN
O=C1c2ccccc2C(=O)c2c1ccc1[nH]c(-c3cc(Cl)c(-c4nc5c6c(ccc5[nH]4)C(=O)c4ccccc4C6=O)cc3Cl)nc21,O=C1c2ccccc2C(=O)c2c1ccc1[nH]c(-c3ccc(-c4nc5c6c(ccc5[nH]4)C(=O)c4ccccc4C6=O)cc3)nc21,-4.524775981903076,-7.596068859100342,-3.0712928771972656,3.0712928771972656,test,scaffold,Small GNN
O=C1c2ccccc2C(=O)c2c1ccc1c2[nH]c2ccc3c4ccccc4c(=O)c4ccc1c2c43,O=C1c2ccccc2C(=O)c2c1ccc1c2[nH]c2ccc3c4ccccc4c(=O)c4ccc1c2c43,-5.50656795501709,-6.831360816955566,-1.3247928619384766,1.3247928619384766,test,scaffold,Small GNN
O=C1c2ccccc2C2=Nc3cccc4cccc(c34)N12,O=C1c2ccccc2C2=Nc3cccc4cccc(c34)N12,-7.255740165710449,-6.676196575164795,0.5795435905456543,0.5795435905456543,test,scaffold,Small GNN
O=C=Nc1ccc(C(c2ccc(N=C=O)cc2)c2ccc(N=C=O)cc2)cc1,c1ccc(C(c2ccccc2)c2ccccc2)cc1,-6.565096378326416,-4.259151935577393,2.3059444427490234,2.3059444427490234,test,scaffold,Small GNN
O=C=Nc1ccc(OP(=S)(Oc2ccc(N=C=O)cc2)Oc2ccc(N=C=O)cc2)cc1,S=P(Oc1ccccc1)(Oc1ccccc1)Oc1ccccc1,-6.4917192459106445,-4.92772102355957,1.5639982223510742,1.5639982223510742,test,scaffold,Small GNN
O=CC1CC2C3C1C1(Cl)C(Cl)(Cl)C3(Cl)C3(Cl)C2C13Cl,C1CC2C3C1C1CC3C3C1C23,-7.2006001472473145,-4.38027286529541,2.8203272819519043,2.8203272819519043,test,scaffold,Small GNN
O=CC1CCC2C3CCC(C3)C12,C1CC2C3CCC(C3)C2C1,-2.4199676513671875,-3.1017723083496094,-0.6818046569824219,0.6818046569824219,test,scaffold,Small GNN
O=N/C=C1\C=CC=CN1,C=C1C=CC=CN1,-1.0004518032073975,-1.9967529773712158,-0.9963011741638184,0.9963011741638184,test,scaffold,Small GNN
O=P(Oc1ccccc1)(N1CCOCC1)N1CCOCC1,O=P(Oc1ccccc1)(N1CCOCC1)N1CCOCC1,0.39250001311302185,-1.1436132192611694,-1.5361132323741913,1.5361132323741913,test,scaffold,Small GNN
O=P(c1ccccc1)(c1ccccc1)c1ccccc1,O=P(c1ccccc1)(c1ccccc1)c1ccccc1,-2.8774728775024414,-4.0285725593566895,-1.151099681854248,1.151099681854248,test,scaffold,Small GNN
O=P1(O)OP(=O)(O)OP(=O)(O)O1,O=[PH]1O[PH](=O)O[PH](=O)O1,-0.06230946630239487,-1.2172155380249023,-1.1549060717225075,1.1549060717225075,test,scaffold,Small GNN
O=P12OB(O1)O2,O=P12OB(O1)O2,-2.8690757751464844,-5.314971923828125,-2.4458961486816406,2.4458961486816406,test,scaffold,Small GNN
O=S(=O)(Nc1cccnc1Cl)c1ccccc1,O=S(=O)(Nc1cccnc1)c1ccccc1,-3.759999990463257,-3.768653392791748,-0.008653402328491211,0.008653402328491211,test,scaffold,Small GNN
O=S(=O)(O)c1cc(Nc2nc(Nc3ccccc3)nc(Nc3ccccc3)n2)ccc1/C=C/c1ccc(Nc2nc(Nc3ccccc3)nc(Nc3ccccc3)n2)cc1S(=O)(=O)O,C(=Cc1ccc(Nc2nc(Nc3ccccc3)nc(Nc3ccccc3)n2)cc1)c1ccc(Nc2nc(Nc3ccccc3)nc(Nc3ccccc3)n2)cc1,-3.825587511062622,-2.971367597579956,0.854219913482666,0.854219913482666,test,scaffold,Small GNN
O=S(=O)(O)c1cc(O)c2cc(Nc3ccccc3)ccc2c1,c1ccc(Nc2ccc3ccccc3c2)cc1,-1.9763000011444092,-1.915091633796692,0.061208367347717285,0.061208367347717285,test,scaffold,Small GNN
O=S(=O)(O)c1ccc(Nc2nc(Cl)nc(Cl)n2)cc1,c1ccc(Nc2ncncn2)cc1,-1.3810309171676636,-1.5343303680419922,-0.1532994508743286,0.1532994508743286,test,scaffold,Small GNN
O=S(=O)(O)c1ccc2nc(-c3ccccc3)[nH]c2c1,c1ccc(-c2nc3ccccc3[nH]2)cc1,-2.961106061935425,-2.1003684997558594,0.8607375621795654,0.8607375621795654,test,scaffold,Small GNN
O=S(=O)(O)c1cccc2cc(Nc3ccccc3)cc(Nc3ccccc3)c12,c1ccc(Nc2cc(Nc3ccccc3)c3ccccc3c2)cc1,-4.6725029945373535,-2.3906891345977783,2.281813859939575,2.281813859939575,test,scaffold,Small GNN
O=S1(=O)CCCO1,O=S1(=O)CCCO1,-0.08687569200992584,-0.9301656484603882,-0.8432899564504623,0.8432899564504623,test,scaffold,Small GNN
O=S1(=O)OCC2C(CO1)C1(Cl)C(Cl)=C(Cl)C2(Cl)C1(Cl)Cl,O=S1(=O)OCC2C3C=CC(C3)C2CO1,-5.945000171661377,-4.210005760192871,1.7349944114685059,1.7349944114685059,test,scaffold,Small GNN
O=S1(=O)c2ccccc2-c2ccccc21,O=S1(=O)c2ccccc2-c2ccccc21,-4.570000171661377,-3.4179725646972656,1.1520276069641113,1.1520276069641113,test,scaffold,Small GNN
O=[N+]([O-])C12COP(=O)(OC1)OC2,O=P12OCC(CO1)CO2,-0.8100000023841858,-3.8037590980529785,-2.9937590956687927,2.9937590956687927,test,scaffold,Small GNN
O=[N+]([O-])N1CN([N+](=O)[O-])CN([N+](=O)[O-])CN([N+](=O)[O-])C1,C1NCNCNCN1,-4.8251166343688965,-2.0187666416168213,2.806349992752075,2.806349992752075,test,scaffold,Small GNN
O=[N+]([O-])NC1=NCCN1Cc1ccc(Cl)nc1,C1=NCCN1Cc1cccnc1,-2.622299909591675,-2.9587488174438477,-0.33644890785217285,0.33644890785217285,test,scaffold,Small GNN
O=[N+]([O-])OC1CCCCCC1O[N+](=O)[O-],C1CCCCCC1,-3.0199999809265137,-2.8446884155273438,0.17531156539916992,0.17531156539916992,test,scaffold,Small GNN
O=[N+]([O-])c1cc(C2CCCCC2)c(O)c([N+](=O)[O-])c1,c1ccc(C2CCCCC2)cc1,-4.249199867248535,-4.087467193603516,0.16173267364501953,0.16173267364501953,test,scaffold,Small GNN
O=[N+]([O-])c1cc(S(=O)(=O)Nc2ccccc2)ccc1Nc1ccccc1,O=S(=O)(Nc1ccccc1)c1ccc(Nc2ccccc2)cc1,-6.269000053405762,-5.217238903045654,1.0517611503601074,1.0517611503601074,test,scaffold,Small GNN
O=[N+]([O-])c1ccc(Nc2ccc(Nc3ccccc3)c(S(=O)(=O)O)c2)c([N+](=O)[O-])c1,c1ccc(Nc2ccc(Nc3ccccc3)cc2)cc1,-2.1991374492645264,-2.5590364933013916,-0.35989904403686523,0.35989904403686523,test,scaffold,Small GNN
O=[N+]([O-])c1ccc(OP(=S)(Oc2ccc([N+](=O)[O-])cc2)Oc2ccc([N+](=O)[O-])cc2)cc1,S=P(Oc1ccccc1)(Oc1ccccc1)Oc1ccccc1,-5.678833961486816,-6.069896697998047,-0.39106273651123047,0.39106273651123047,test,scaffold,Small GNN
O=c1[nH]c(=O)[nH]c(=O)[nH]1,O=c1[nH]c(=O)[nH]c(=O)[nH]1,-1.8076460361480713,-3.2789506912231445,-1.4713046550750732,1.4713046550750732,test,scaffold,Small GNN
O=c1[nH]c(=O)c2nc[nH]c2[nH]1,O=c1[nH]c(=O)c2nc[nH]c2[nH]1,-3.869999885559082,-3.270075559616089,0.5999243259429932,0.5999243259429932,test,scaffold,Small GNN
O=c1[nH]c(=O)n(Cl)c(=O)n1Cl,O=c1[nH]c(=O)[nH]c(=O)[nH]1,-0.8951600193977356,-2.1195669174194336,-1.224406898021698,1.224406898021698,test,scaffold,Small GNN
O=c1[nH]c2cc(Cl)ccc2n1C1CCNCC1,O=c1[nH]c2ccccc2n1C1CCNCC1,-2.6630759239196777,-2.563534736633301,0.09954118728637695,0.09954118728637695,test,scaffold,Small GNN
O=c1[nH]c2cncnc2[nH]c1=O,O=c1[nH]c2cncnc2[nH]c1=O,-2.690000057220459,-3.0545108318328857,-0.36451077461242676,0.36451077461242676,test,scaffold,Small GNN
O=c1[nH]c2nc[nH]c(=O)c2[nH]c1=O,O=c1[nH]c2nc[nH]c(=O)c2[nH]c1=O,-3.690000057220459,-3.5350069999694824,0.15499305725097656,0.15499305725097656,test,scaffold,Small GNN
O=c1[nH]ccc2cccnc12,O=c1[nH]ccc2cccnc12,-1.142799973487854,-2.3674302101135254,-1.2246302366256714,1.2246302366256714,test,scaffold,Small GNN
O=c1[nH]cncc1Br,O=c1ccnc[nH]1,-0.4471000134944916,-0.8395211696624756,-0.392421156167984,0.392421156167984,test,scaffold,Small GNN
O=c1c(CO)c/c(=N\Nc2ccc(S(=O)(=O)O)c3ccccc23)c(=O)/c1=N/Nc1ccc(S(=O)(=O)O)c2ccccc12,O=c1ccc(=NNc2cccc3ccccc23)c(=O)c1=NNc1cccc2ccccc12,-0.8171647191047668,-1.4289462566375732,-0.6117815375328064,0.6117815375328064,test,scaffold,Small GNN
O=c1c(O)c(-c2ccc(O)c(O)c2)oc2cc(O)cc(O)c12,O=c1cc(-c2ccccc2)oc2ccccc12,-1.9900000095367432,-2.943054437637329,-0.9530544281005859,0.9530544281005859,test,scaffold,Small GNN
O=c1c(O)c(-c2ccc(O)cc2O)oc2cc(O)cc(O)c12,O=c1cc(-c2ccccc2)oc2ccccc12,-3.082409143447876,-2.952263593673706,0.13014554977416992,0.13014554977416992,test,scaffold,Small GNN
O=c1c2cc(Br)c3cccc4c(=O)c5cc(Br)c6cccc1c6c5-c2c34,O=c1c2ccc3cccc4c(=O)c5ccc6cccc1c6c5-c2c34,-7.633199214935303,-6.949425220489502,0.6837739944458008,0.6837739944458008,test,scaffold,Small GNN
O=c1c2cc(Cl)ccc2[nH]c2cc3c(=O)c4cc(Cl)ccc4[nH]c3cc12,O=c1c2ccccc2[nH]c2cc3c(=O)c4ccccc4[nH]c3cc12,-7.419805526733398,-5.519659042358398,1.900146484375,1.900146484375,test,scaffold,Small GNN
O=c1c2cc(F)ccc2nc(-n2cncn2)n1-c1ccc(Cl)cc1Cl,O=c1c2ccccc2nc(-n2cncn2)n1-c1ccccc1,-5.575399875640869,-4.714344024658203,0.861055850982666,0.861055850982666,test,scaffold,Small GNN
O=c1c2cc3[nH]c4c(Cl)cccc4c(=O)c3cc2[nH]c2c(Cl)cccc12,O=c1c2ccccc2[nH]c2cc3c(=O)c4ccccc4[nH]c3cc12,-6.457321643829346,-5.3354902267456055,1.1218314170837402,1.1218314170837402,test,scaffold,Small GNN
O=c1c2ccc3c4c(ccc(c24)c2nc4ccccc4n12)c(=O)n1c2ccccc2nc31,O=c1c2ccc3c4c(ccc(c24)c2nc4ccccc4n12)c(=O)n1c2ccccc2nc31,-7.757994651794434,-6.385064601898193,1.3729300498962402,1.3729300498962402,test,scaffold,Small GNN
O=c1c2ccccc2[nH]c2cc3c(=O)c4c(Cl)c(Cl)ccc4[nH]c3cc12,O=c1c2ccccc2[nH]c2cc3c(=O)c4ccccc4[nH]c3cc12,-7.066625595092773,-5.594171524047852,1.4724540710449219,1.4724540710449219,test,scaffold,Small GNN
O=c1c2ccccc2[nH]c2cc3c(=O)c4ccccc4[nH]c3cc12,O=c1c2ccccc2[nH]c2cc3c(=O)c4ccccc4[nH]c3cc12,-7.481773853302002,-4.6171345710754395,2.8646392822265625,2.8646392822265625,test,scaffold,Small GNN
O=c1c2ccccc2c2ccc3sc4ccccc4c4ccc1c2c34,O=c1c2ccccc2c2ccc3sc4ccccc4c4ccc1c2c34,-7.982807159423828,-6.312626838684082,1.670180320739746,1.670180320739746,test,scaffold,Small GNN
O=c1c2ccccc2nc2n1CCC2O,O=c1c2ccccc2nc2n1CCC2,-2.0999999046325684,-2.733304262161255,-0.6333043575286865,0.6333043575286865,test,scaffold,Small GNN
O=c1c2ccccc2nc2n1CC[C@@H]2O,O=c1c2ccccc2nc2n1CCC2,-2.1059999465942383,-2.733304262161255,-0.6273043155670166,0.6273043155670166,test,scaffold,Small GNN
O=c1cc(-c2ccc(O)c(O)c2)oc2cc(O)cc(O)c12,O=c1cc(-c2ccccc2)oc2ccccc12,-3.609999895095825,-3.0229389667510986,0.5870609283447266,0.5870609283447266,test,scaffold,Small GNN
O=c1cc(O)nc[nH]1,O=c1ccnc[nH]1,-1.5871610641479492,-0.8034608364105225,0.7837002277374268,0.7837002277374268,test,scaffold,Small GNN
O=c1cc/c(=N\Nc2ccc(S(=O)(=O)O)c3ccccc23)c(=O)/c1=N/Nc1ccc(S(=O)(=O)O)c2ccccc12,O=c1ccc(=NNc2cccc3ccccc23)c(=O)c1=NNc1cccc2ccccc12,-2.6038410663604736,-1.4901412725448608,1.1136997938156128,1.1136997938156128,test,scaffold,Small GNN
O=c1cc[nH]c(=S)[nH]1,O=c1cc[nH]c(=S)[nH]1,-2.2572999000549316,-1.2071208953857422,1.0501790046691895,1.0501790046691895,test,scaffold,Small GNN
O=c1cc[nH]c(O)c1,O=c1cc[nH]cc1,-1.2497999668121338,-0.5095713138580322,0.7402286529541016,0.7402286529541016,test,scaffold,Small GNN
O=c1cc[nH]cc1,O=c1cc[nH]cc1,1.0218000411987305,-0.15054106712341309,-1.1723411083221436,1.1723411083221436,test,scaffold,Small GNN
O=c1ccc(=O)[nH][nH]1,O=c1ccc(=O)[nH][nH]1,-1.271399974822998,-0.5581774711608887,0.7132225036621094,0.7132225036621094,test,scaffold,Small GNN
O=c1ccc2ccc[nH]c-2c1,O=c1ccc2ccc[nH]c-2c1,-2.5037999153137207,-2.575456142425537,-0.0716562271118164,0.0716562271118164,test,scaffold,Small GNN
O=c1ccn(CCO)c(C(O)c2ccccc2)c1O,O=c1cc[nH]c(Cc2ccccc2)c1,-2.819999933242798,-1.6148557662963867,1.2051441669464111,1.2051441669464111,test,scaffold,Small GNN
O=c1ccnc[nH]1,O=c1ccnc[nH]1,0.5860000252723694,0.0954902172088623,-0.4905098080635071,0.4905098080635071,test,scaffold,Small GNN
O=c1cnc2[nH]c(=O)[nH]c(=O)c2[nH]1,O=c1cnc2[nH]c(=O)[nH]c(=O)c2[nH]1,-3.130000114440918,-3.5556483268737793,-0.42564821243286133,0.42564821243286133,test,scaffold,Small GNN
O=c1cnc2c(=O)[nH]c(=O)[nH]c2[nH]1,O=c1cnc2c(=O)[nH]c(=O)[nH]c2[nH]1,-3.3399999141693115,-3.5601906776428223,-0.22019076347351074,0.22019076347351074,test,scaffold,Small GNN
O=c1n(CCO)c(=O)n(CCO)c(=O)n1CCO,O=c1[nH]c(=O)[nH]c(=O)[nH]1,0.34036633372306824,-0.26836657524108887,-0.6087329089641571,0.6087329089641571,test,scaffold,Small GNN
O=c1n(Cl)c(=O)n(Cl)c(=O)n1Cl,O=c1[nH]c(=O)[nH]c(=O)[nH]1,-1.2870999574661255,-1.8343825340270996,-0.5472825765609741,0.5472825765609741,test,scaffold,Small GNN
O=c1nc(-c2ccccc2)[nH]c(-c2ccccc2)n1,O=c1nc(-c2ccccc2)[nH]c(-c2ccccc2)n1,-5.493585109710693,-3.382380962371826,2.111204147338867,2.111204147338867,test,scaffold,Small GNN
O=c1nc(-c2ccccc2)[nH]cc1Br,O=c1cc[nH]c(-c2ccccc2)n1,-3.4791998863220215,-2.8450582027435303,0.6341416835784912,0.6341416835784912,test,scaffold,Small GNN
O=c1ncc2[nH]c(=O)[nH]c2[nH]1,O=c1ncc2[nH]c(=O)[nH]c2[nH]1,-3.5999999046325684,-3.3118584156036377,0.28814148902893066,0.28814148902893066,test,scaffold,Small GNN
O=c1oc2ccccc2c(O)c1C(CC(O)c1ccc(-c2ccc(Br)cc2)cc1)c1ccccc1,O=c1oc2ccccc2cc1C(CCc1ccc(-c2ccccc2)cc1)c1ccccc1,-4.449999809265137,-5.554203510284424,-1.104203701019287,1.104203701019287,test,scaffold,Small GNN
O=c1oc2ccccc2c(O)c1Cc1c(O)c2ccccc2oc1=O,O=c1oc2ccccc2cc1Cc1cc2ccccc2oc1=O,-4.269999980926514,-4.088539123535156,0.18146085739135742,0.18146085739135742,test,scaffold,Small GNN
O=c1occo1,O=c1occo1,0.7770765423774719,-0.27156972885131836,-1.0486462712287903,1.0486462712287903,test,scaffold,Small GNN
OC(Cn1ccnc1)c1ccc(Cl)cc1Cl,c1ccc(CCn2ccnc2)cc1,-3.264007806777954,-1.8430787324905396,1.4209290742874146,1.4209290742874146,test,scaffold,Small GNN
OC(Cn1cncn1)(Cn1cncn1)c1ccc(F)cc1F,c1ccc(C(Cn2cncn2)Cn2cncn2)cc1,-1.7999999523162842,-2.7710087299346924,-0.9710087776184082,0.9710087776184082,test,scaffold,Small GNN
OC(c1ccccc1)(c1ccccc1)c1ccccc1,c1ccc(C(c2ccccc2)c2ccccc2)cc1,-2.2595999240875244,-4.195549964904785,-1.9359500408172607,1.9359500408172607,test,scaffold,Small GNN
OC1(c2ccc(Cl)cc2)CCCCCC1n1cncn1,c1ccc(C2CCCCCC2n2cncn2)cc1,-3.3680999279022217,-3.074246644973755,0.2938532829284668,0.2938532829284668,test,scaffold,Small GNN
OC1C=CC2C1C1(Cl)C(Cl)=C(Cl)C2(Cl)C1(Cl)Cl,C1=CC2C3C=CC(C3)C2C1,-5.460000038146973,-4.388301372528076,1.0716986656188965,1.0716986656188965,test,scaffold,Small GNN
OC1CCCCCC1,C1CCCCCC1,-0.8799999952316284,-1.5501601696014404,-0.670160174369812,0.670160174369812,test,scaffold,Small GNN
OC1CCCCCCC1,C1CCCCCCC1,-1.2899999618530273,-1.9584064483642578,-0.6684064865112305,0.6684064865112305,test,scaffold,Small GNN
OCC(O)C(O)c1nn(-c2ccccc2)c2nc3ccccc3nc12,c1ccc(-n2ncc3nc4ccccc4nc32)cc1,-3.130000114440918,-3.6308510303497314,-0.5008509159088135,0.5008509159088135,test,scaffold,Small GNN
OCC(O)C1OC2OC(C(Cl)(Cl)Cl)OC2C1O,C1CC2OCOC2O1,-1.840000033378601,-2.1838226318359375,-0.3438225984573364,0.3438225984573364,test,scaffold,Small GNN
OCC(O)[C@H]1OC2O[C@H](C(Cl)(Cl)Cl)O[C@@H]2[C@H]1O,C1CC2OCOC2O1,-1.843000054359436,-2.1838226318359375,-0.34082257747650146,0.34082257747650146,test,scaffold,Small GNN
OCC1CC2CC1C1CCC(CO)C21,C1CC2C3CCC(C3)C2C1,-1.2515054941177368,-2.3135986328125,-1.0620931386947632,1.0620931386947632,test,scaffold,Small GNN
OCC1CN2CCN1CC2,C1CN2CCN1CC2,0.8470942974090576,-0.43875932693481445,-1.285853624343872,1.285853624343872,test,scaffold,Small GNN
OCC1OC(OC2(CO)OC(CO)C(O)C2O)C(O)C(O)C1O,C1CCC(OC2CCCO2)OC1,0.7900000214576721,-0.10209918022155762,-0.8920992016792297,0.8920992016792297,test,scaffold,Small GNN
OCC1OC(OC2C(CO)OC(O)C(O)C2O)C(O)C(O)C1O,C1CCC(OC2CCCOC2)OC1,0.357699990272522,-0.07014989852905273,-0.4278498888015747,0.4278498888015747,test,scaffold,Small GNN
OCC1OC(OCC2OC(OC3(CO)OC(CO)C(O)C3O)C(O)C(O)C2O)C(O)C(O)C1O,C1CCC(OCC2CCCC(OC3CCCO3)O2)OC1,0.30000001192092896,-0.27829647064208984,-0.5782964825630188,0.5782964825630188,test,scaffold,Small GNN
OCC1OC(n2c(-c3ccco3)nc3ccccc32)C(O)C(O)C1O,c1coc(-c2nc3ccccc3n2C2CCCCO2)c1,-2.3299999237060547,-1.9682328701019287,0.361767053604126,0.361767053604126,test,scaffold,Small GNN
OCC1OC(n2c(-c3ccco3)nc3ccccc32)C(O)C1O,c1coc(-c2nc3ccccc3n2C2CCCO2)c1,-2.9200000762939453,-2.222146511077881,0.6978535652160645,0.6978535652160645,test,scaffold,Small GNN
OCC1OC2OC(C(Cl)(Cl)Cl)OC2C1O,C1CC2OCOC2O1,-2.119999885559082,-2.039475679397583,0.08052420616149902,0.08052420616149902,test,scaffold,Small GNN
OCC1OC2OC3C(CO)OC(OC4C(CO)OC(OC5C(CO)OC(OC6C(CO)OC(OC7C(CO)OC(OC1C(O)C2O)C(O)C7O)C(O)C6O)C(O)C5O)C(O)C4O)C(O)C3O,C1CC2OCC1OC1CCC(CO1)OC1CCC(CO1)OC1CCC(CO1)OC1CCC(CO1)OC1CCC(CO1)O2,-0.9100000262260437,-0.23297882080078125,0.6770212054252625,0.6770212054252625,test,scaffold,Small GNN
OC[C@H]1O[C@@H](O[C@@H]2[C@@H](CO)O[C@](O)(CO)[C@H]2O)[C@H](O)[C@@H](O)[C@H]1O,C1CCC(OC2CCOC2)OC1,0.34869998693466187,0.060059309005737305,-0.28864067792892456,0.28864067792892456,test,scaffold,Small GNN
OC[C@H]1O[C@@H](O[C@H]2[C@H](O)[C@@H](O)[C@H](O)O[C@@H]2CO)[C@H](O)[C@@H](O)[C@H]1O,C1CCC(OC2CCCOC2)OC1,-0.8166999816894531,-0.07014989852905273,0.7465500831604004,0.7465500831604004,test,scaffold,Small GNN
OC[C@H]1O[C@@](CO)(O[C@H]2O[C@H](CO)[C@@H](O)[C@H](O)[C@H]2O)[C@@H](O)[C@@H]1O,C1CCC(OC2CCCO2)OC1,0.7878000140190125,-0.10209918022155762,-0.8898991942405701,0.8898991942405701,test,scaffold,Small GNN
OC[C@H]1O[C@H](OC[C@H]2O[C@H](O[C@]3(CO)O[C@H](CO)[C@@H](O)[C@@H]3O)[C@H](O)[C@@H](O)[C@@H]2O)[C@H](O)[C@@H](O)[C@H]1O,C1CCC(OCC2CCCC(OC3CCCO3)O2)OC1,-0.3962000012397766,-0.27829647064208984,0.11790353059768677,0.11790353059768677,test,scaffold,Small GNN
ON=C1C=CC(=NO)c2ncccc21,N=C1C=CC(=N)c2ncccc21,-3.799799919128418,-2.650669574737549,1.1491303443908691,1.1491303443908691,test,scaffold,Small GNN
ON=C1CCCCCCCCC1=NO,N=C1CCCCCCCCC1=N,-2.5813000202178955,-1.8322629928588867,0.7490370273590088,0.7490370273590088,test,scaffold,Small GNN
O[Si](O)(c1ccccc1)c1ccccc1,c1ccc([SiH2]c2ccccc2)cc1,-2.733020544052124,-2.0407114028930664,0.6923091411590576,0.6923091411590576,test,scaffold,Small GNN
Oc1c(-c2ccccc2)cccc1-c1ccccc1,c1ccc(-c2cccc(-c3ccccc3)c2)cc1,-5.683909893035889,-3.7514488697052,1.9324610233306885,1.9324610233306885,test,scaffold,Small GNN
Oc1ccc(C2CCCCC2)c(O)c1,c1ccc(C2CCCCC2)cc1,-2.5762999057769775,-3.161583423614502,-0.5852835178375244,0.5852835178375244,test,scaffold,Small GNN
Oc1ccc(C2CCCCC2)cc1,c1ccc(C2CCCCC2)cc1,-3.4679999351501465,-3.7452149391174316,-0.27721500396728516,0.27721500396728516,test,scaffold,Small GNN
Oc1ccc2c(c1)CCC2,c1ccc2c(c1)CCC2,-1.3285000324249268,-3.6204416751861572,-2.2919416427612305,2.2919416427612305,test,scaffold,Small GNN
Oc1ccc2c(c1)CCCC2,c1ccc2c(c1)CCCC2,-1.9947999715805054,-3.7461142539978027,-1.7513142824172974,1.7513142824172974,test,scaffold,Small GNN
Oc1cccc2cncnc12,c1ccc2ncncc2c1,-2.036099910736084,-2.07134747505188,-0.0352475643157959,0.0352475643157959,test,scaffold,Small GNN
Oc1cccc2nccnc12,c1ccc2nccnc2c1,-1.3467999696731567,-1.9006330966949463,-0.5538331270217896,0.5538331270217896,test,scaffold,Small GNN
Oc1cnn(-c2ccccc2)c1,c1ccc(-n2cccn2)cc1,-1.9615999460220337,-2.386796712875366,-0.4251967668533325,0.4251967668533325,test,scaffold,Small GNN
S=C(SSSSSSC(=S)N1CCCCC1)N1CCCCC1,S=C(SSSSSSC(=S)N1CCCCC1)N1CCCCC1,-7.631731986999512,-5.390124797821045,2.241607189178467,2.241607189178467,test,scaffold,Small GNN
S=P(Oc1ccccc1)(Oc1ccccc1)Oc1ccccc1,S=P(Oc1ccccc1)(Oc1ccccc1)Oc1ccccc1,-6.9546942710876465,-6.050290584564209,0.9044036865234375,0.9044036865234375,test,scaffold,Small GNN
S=c1[nH]c2ccccc2o1,S=c1[nH]c2ccccc2o1,-2.179500102996826,-2.6987106800079346,-0.5192105770111084,0.5192105770111084,test,scaffold,Small GNN
S=c1[nH]c2ccccc2s1,S=c1[nH]c2ccccc2s1,-3.1515049934387207,-3.3650126457214355,-0.21350765228271484,0.21350765228271484,test,scaffold,Small GNN
S=c1[nH]cnc2[nH]cnc12,S=c1[nH]cnc2[nH]cnc12,-2.950000047683716,-2.3206920623779297,0.6293079853057861,0.6293079853057861,test,scaffold,Small GNN
S=c1[nH]nc(SSc2n[nH]c(=S)s2)s1,S=c1[nH]nc(SSc2n[nH]c(=S)s2)s1,-3.2522132396698,-2.523505449295044,0.7287077903747559,0.7287077903747559,test,scaffold,Small GNN
S=c1nc[nH]c2nccnc12,S=c1nc[nH]c2nccnc12,-2.6470999717712402,-2.1813805103302,0.46571946144104004,0.46571946144104004,test,scaffold,Small GNN
S=c1ncc2[nH]cnc2[nH]1,S=c1ncc2[nH]cnc2[nH]1,-2.5803000926971436,-2.2012760639190674,0.37902402877807617,0.37902402877807617,test,scaffold,Small GNN
[N-]=[N+]=C1C=Cc2c(cccc2S(=O)(=O)Oc2ccc(C(=O)c3ccccc3)c(OS(=O)(=O)c3cccc4c3C=CC(=[N+]=[N-])C4=O)c2OS(=O)(=O)c2cccc3c2C=CC(=[N+]=[N-])C3=O)C1=O,[N+]=C1C=Cc2c(cccc2S(=O)(=O)Oc2ccc(C(=O)c3ccccc3)c(OS(=O)(=O)c3cccc4c3C=CC(=[N+])C4=O)c2OS(=O)(=O)c2cccc3c2C=CC(=[N+])C3=O)C1=O,-6.820895195007324,-4.640244960784912,2.180650234222412,2.180650234222412,test,scaffold,Small GNN
c1cc(N(CC2CO2)CC2CO2)ccc1Cc1ccc(N(CC2CO2)CC2CO2)cc1,c1cc(N(CC2CO2)CC2CO2)ccc1Cc1ccc(N(CC2CO2)CC2CO2)cc1,-4.662064552307129,-5.574597358703613,-0.9125328063964844,0.9125328063964844,test,scaffold,Small GNN
c1cc(N(CC2CO2)CC2CO2)ccc1OCC1CO1,c1cc(N(CC2CO2)CC2CO2)ccc1OCC1CO1,-1.9192347526550293,-4.00623083114624,-2.086996078491211,2.086996078491211,test,scaffold,Small GNN
c1cc(OCC2CO2)c2ccc(OCC3CO3)cc2c1,c1cc(OCC2CO2)c2ccc(OCC3CO3)cc2c1,-3.9191737174987793,-4.633136749267578,-0.7139630317687988,0.7139630317687988,test,scaffold,Small GNN
c1cc(OCC2CO2)cc(N(CC2CO2)CC2CO2)c1,c1cc(OCC2CO2)cc(N(CC2CO2)CC2CO2)c1,-2.192561149597168,-3.9187357425689697,-1.7261745929718018,1.7261745929718018,test,scaffold,Small GNN
c1cc2c3c(c1)ccc1cccc(c13)C2,c1cc2c3c(c1)ccc1cccc(c13)C2,-5.2378997802734375,-7.078336715698242,-1.8404369354248047,1.8404369354248047,test,scaffold,Small GNN
c1cc2c3c(ccc4c3c1CCC4)CCC2,c1cc2c3c(ccc4c3c1CCC4)CCC2,-5.960000038146973,-7.455896377563477,-1.495896339416504,1.495896339416504,test,scaffold,Small GNN
c1ccc(-c2cccc(-c3ccccc3)c2)cc1,c1ccc(-c2cccc(-c3ccccc3)c2)cc1,-5.183000087738037,-4.543455600738525,0.6395444869995117,0.6395444869995117,test,scaffold,Small GNN
c1ccc(-c2cnc(-c3ccc(CN4CCOCC4)cc3)o2)cc1,c1ccc(-c2cnc(-c3ccc(CN4CCOCC4)cc3)o2)cc1,-4.349999904632568,-3.4025542736053467,0.9474456310272217,0.9474456310272217,test,scaffold,Small GNN
c1ccc(-c2ncc[nH]2)cc1,c1ccc(-c2ncc[nH]2)cc1,-1.88938307762146,-1.854860544204712,0.03452253341674805,0.03452253341674805,test,scaffold,Small GNN
c1ccc(C(c2ccccc2)(c2ccccc2)N2CCOCC2)cc1,c1ccc(C(c2ccccc2)(c2ccccc2)N2CCOCC2)cc1,-7.216800212860107,-3.5696380138397217,3.6471621990203857,3.6471621990203857,test,scaffold,Small GNN
c1ccc(C2CCCCC2)cc1,c1ccc(C2CCCCC2)cc1,-4.3415021896362305,-4.486290454864502,-0.14478826522827148,0.14478826522827148,test,scaffold,Small GNN
c1ccc(C2CO2)cc1,c1ccc(C2CO2)cc1,-1.906541109085083,-2.6348726749420166,-0.7283315658569336,0.7283315658569336,test,scaffold,Small GNN
c1ccc(CCNCc2ccccc2)cc1,c1ccc(CCNCc2ccccc2)cc1,-2.722899913787842,-2.3888649940490723,0.33403491973876953,0.33403491973876953,test,scaffold,Small GNN
c1ccc(CCOC2CCCCC2)cc1,c1ccc(CCOC2CCCCC2)cc1,-2.4180901050567627,-4.384647846221924,-1.9665577411651611,1.9665577411651611,test,scaffold,Small GNN
c1ccc(CNC23OC4C5C6CC(C7C6C4C72)C53)cc1,c1ccc(CNC23OC4C5C6CC(C7C6C4C72)C53)cc1,-3.4000000953674316,-6.0049004554748535,-2.604900360107422,2.604900360107422,test,scaffold,Small GNN
c1ccc(CNCCNCc2ccccc2)cc1,c1ccc(CNCCNCc2ccccc2)cc1,-1.7864999771118164,-1.6884331703186035,0.09806680679321289,0.09806680679321289,test,scaffold,Small GNN
c1ccc(CNCc2ccccc2)cc1,c1ccc(CNCc2ccccc2)cc1,-2.6876301765441895,-1.9940342903137207,0.6935958862304688,0.6935958862304688,test,scaffold,Small GNN
c1ccc(CNc2ncnc3[nH]cnc23)cc1,c1ccc(CNc2ncnc3[nH]cnc23)cc1,-3.5999999046325684,-3.5628910064697266,0.0371088981628418,0.0371088981628418,test,scaffold,Small GNN
c1ccc(COc2ccc3ccccc3c2)cc1,c1ccc(COc2ccc3ccccc3c2)cc1,-6.4776740074157715,-6.145655632019043,0.3320183753967285,0.3320183753967285,test,scaffold,Small GNN
c1ccc(N=NNc2ccccc2)cc1,c1ccc(N=NNc2ccccc2)cc1,-2.5959999561309814,-5.521949768066406,-2.925949811935425,2.925949811935425,test,scaffold,Small GNN
c1ccc(Nc2ccc(Nc3ccccc3)cc2)cc1,c1ccc(Nc2ccc(Nc3ccccc3)cc2)cc1,-6.239449501037598,-6.131719589233398,0.10772991180419922,0.10772991180419922,test,scaffold,Small GNN
c1ccc(Nc2ccc3ccccc3c2)cc1,c1ccc(Nc2ccc3ccccc3c2)cc1,-5.495914936065674,-6.260003566741943,-0.7640886306762695,0.7640886306762695,test,scaffold,Small GNN
c1ccc(OCC2CO2)cc1,c1ccc(OCC2CO2)cc1,-1.7963922023773193,-2.247851610183716,-0.4514594078063965,0.4514594078063965,test,scaffold,Small GNN
c1ccc(OCCOc2ccccc2)cc1,c1ccc(OCCOc2ccccc2)cc1,-3.9885265827178955,-4.610661506652832,-0.6221349239349365,0.6221349239349365,test,scaffold,Small GNN
c1ccc2c(c1)-c1cccc3c1c-2cc1ccccc13,c1ccc2c(c1)-c1cccc3c1c-2cc1ccccc13,-8.225899696350098,-7.016206741333008,1.2096929550170898,1.2096929550170898,test,scaffold,Small GNN
c1ccc2c(c1)CCC2,c1ccc2c(c1)CCC2,-3.035099983215332,-4.659438610076904,-1.6243386268615723,1.6243386268615723,test,scaffold,Small GNN
c1ccc2c(c1)CCCC2,c1ccc2c(c1)CCCC2,-3.5673680305480957,-4.700169086456299,-1.1328010559082031,1.1328010559082031,test,scaffold,Small GNN
c1ccc2c(c1)CCN2,c1ccc2c(c1)CCN2,-1.0427000522613525,-2.6165411472320557,-1.5738410949707031,1.5738410949707031,test,scaffold,Small GNN
c1ccc2c(c1)[nH]c1ccccc12,c1ccc2c(c1)[nH]c1ccccc12,-5.210427761077881,-4.261430740356445,0.9489970207214355,0.9489970207214355,test,scaffold,Small GNN
c1ccc2c(c1)[nH]c1cnccc12,c1ccc2c(c1)[nH]c1cnccc12,-3.7300000190734863,-2.7946457862854004,0.9353542327880859,0.9353542327880859,test,scaffold,Small GNN
c1ccc2c(c1)c1ccccc1c1ccccc21,c1ccc2c(c1)c1ccccc1c1ccccc21,-6.744699954986572,-5.622096538543701,1.122603416442871,1.122603416442871,test,scaffold,Small GNN
c1ccc2c(c1)ccc1c3ccc4ccccc4c3[nH]c21,c1ccc2c(c1)ccc1c3ccc4ccccc4c3[nH]c21,-7.409999847412109,-6.362756729125977,1.0472431182861328,1.0472431182861328,test,scaffold,Small GNN
c1ccc2c(c1)ccc1ncccc12,c1ccc2c(c1)ccc1ncccc12,-3.3573999404907227,-3.6345293521881104,-0.2771294116973877,0.2771294116973877,test,scaffold,Small GNN
c1ccc2c3c(ccc2c1)Nc1ccc2ccccc2c1S3,c1ccc2c3c(ccc2c1)Nc1ccc2ccccc2c1S3,-6.878600120544434,-6.802560806274414,0.07603931427001953,0.07603931427001953,test,scaffold,Small GNN
c1ccc2c3c(ccc2c1)Sc1ccc2ccccc2c1N3,c1ccc2c3c(ccc2c1)Sc1ccc2ccccc2c1N3,-7.908100128173828,-6.722611427307129,1.1854887008666992,1.1854887008666992,test,scaffold,Small GNN
c1ccc2cnccc2c1,c1ccc2cnccc2c1,-1.4559999704360962,-2.2143261432647705,-0.7583261728286743,0.7583261728286743,test,scaffold,Small GNN
c1ccc2cnncc2c1,c1ccc2cnncc2c1,-0.4154999852180481,-1.531965732574463,-1.1164657473564148,1.1164657473564148,test,scaffold,Small GNN
c1ccc2n[nH]nc2c1,c1ccc2n[nH]nc2c1,-0.7793999910354614,-1.316078543663025,-0.5366785526275635,0.5366785526275635,test,scaffold,Small GNN
c1ccc2nc3ccccc3nc2c1,c1ccc2nc3ccccc3nc2c1,-3.700000047683716,-2.3896987438201904,1.3103013038635254,1.3103013038635254,test,scaffold,Small GNN
c1ccc2nccnc2c1,c1ccc2nccnc2c1,0.7050999999046326,-1.3627815246582031,-2.0678815245628357,2.0678815245628357,test,scaffold,Small GNN
c1ccc2sc(SN3CCOCC3)nc2c1,c1ccc2sc(SN3CCOCC3)nc2c1,-3.810962677001953,-3.9112935066223145,-0.10033082962036133,0.10033082962036133,test,scaffold,Small GNN
c1ncc2n[nH]nc2n1,c1ncc2n[nH]nc2n1,-0.23190000653266907,-1.3001092672348022,-1.0682092607021332,1.0682092607021332,test,scaffold,Small GNN
